HOW,INDEX,LABEL,X,Y,Z,NPIX,FF,OUTLINE
VOLUME,NA,VL_R,-16.770339369782107,-0.0054903030401192154,-262.23098754883,9204.0,0.2531031570869449,
VOLUME,NA,VI_R,-16.770339369782107,-0.0054903030401192154,-262.23098754883,4561.0,0.2206961047122641,
VOLUME,NA,VM_R,-16.770339369782107,-0.0054903030401192154,-262.23098754883,4337.0,0.2857527102275315,
VOLUME,NA,RF_R,-16.770339369782107,-0.0054903030401192154,-262.23098754883,2919.0,0.23837278498604048,
VOLUME,NA,SAR_R,-16.770339369782107,-0.0054903030401192154,-262.23098754883,2261.0,0.45196177164198276,
VOLUME,NA,GRA_R,-16.770339369782107,-0.0054903030401192154,-262.23098754883,1861.0,0.5815534813725544,
VOLUME,NA,SM_R,-16.770339369782107,-0.0054903030401192154,-262.23098754883,896.0,0.7443954005306589,
VOLUME,NA,ST_R,-16.770339369782107,-0.0054903030401192154,-262.23098754883,1773.0,0.6549386211875077,
VOLUME,NA,BF_R,-16.770339369782107,-0.0054903030401192154,-262.23098754883,1550.0,0.648346613355867,
VOLUME,NA,BF_SH_R,-16.770339369782107,-0.0054903030401192154,-262.23098754883,687.0,0.5088863107986956,
VOLUME,NA,AM_R,-16.770339369782107,-0.0054903030401192154,-262.23098754883,3777.0,0.6477148169168094,
VOLUME,NA,AL_R,-16.770339369782107,-0.0054903030401192154,-262.23098754883,1391.0,0.49122278960586957,
VOLUME,NA,AB_R,-16.770339369782107,-0.0054903030401192154,-262.23098754883,868.0,0.40216510046701875,
VOLUME,NA,VL_L,-16.770339369782107,-0.0054903030401192154,-262.23098754883,8614.0,0.2555984001443157,
VOLUME,NA,VI_L,-16.770339369782107,-0.0054903030401192154,-262.23098754883,4929.0,0.20093182103860358,
VOLUME,NA,VM_L,-16.770339369782107,-0.0054903030401192154,-262.23098754883,4406.0,0.2716299218795737,
VOLUME,NA,RF_L,-16.770339369782107,-0.0054903030401192154,-262.23098754883,2844.0,0.23904384123214326,
VOLUME,NA,SAR_L,-16.770339369782107,-0.0054903030401192154,-262.23098754883,2535.0,0.43012460781278095,
VOLUME,NA,GRA_L,-16.770339369782107,-0.0054903030401192154,-262.23098754883,1971.0,0.5512772072798198,
VOLUME,NA,SM_L,-16.770339369782107,-0.0054903030401192154,-262.23098754883,861.0,0.744643209183083,
VOLUME,NA,ST_L,-16.770339369782107,-0.0054903030401192154,-262.23098754883,1758.0,0.6039617686032878,
VOLUME,NA,BF_L,-16.770339369782107,-0.0054903030401192154,-262.23098754883,1300.0,0.6348953301387402,
VOLUME,NA,BF_SH_L,-16.770339369782107,-0.0054903030401192154,-262.23098754883,812.0,0.472912847781603,
VOLUME,NA,AM_L,-16.770339369782107,-0.0054903030401192154,-262.23098754883,4174.0,0.572808847171127,
VOLUME,NA,AL_L,-16.770339369782107,-0.0054903030401192154,-262.23098754883,2065.0,0.32359084645301717,
VOLUME,NA,AB_L,-16.770339369782107,-0.0054903030401192154,-262.23098754883,923.0,0.3530505451498894,
SLICE,Z0,VL_R,-16.770339369782107,-0.0054903030401192154,-382.23098754883,727.0,0.22093236919413425,"[[54.0, 56.5], [53.5, 57.0], [53.5, 58.0], [53.5, 59.0], [53.5, 60.0], [53.5, 61.0], [53.5, 62.0], [53.5, 63.0], [53.5, 64.0], [53.5, 65.0], [53.5, 66.0], [54.0, 66.5], [54.5, 67.0], [54.5, 68.0], [55.0, 68.5], [55.5, 69.0], [55.5, 70.0], [55.5, 71.0], [55.5, 72.0], [56.0, 72.5], [56.5, 73.0], [56.5, 74.0], [57.0, 74.5], [57.5, 75.0], [57.5, 76.0], [58.0, 76.5], [58.5, 77.0], [58.5, 78.0], [58.5, 79.0], [59.0, 79.5], [59.5, 80.0], [60.0, 80.5], [60.5, 81.0], [60.5, 82.0], [60.5, 83.0], [61.0, 83.5], [61.5, 84.0], [62.0, 84.5], [63.0, 84.5], [63.5, 85.0], [63.5, 86.0], [64.0, 86.5], [65.0, 86.5], [65.5, 87.0], [65.5, 88.0], [66.0, 88.5], [66.5, 89.0], [67.0, 89.5], [68.0, 89.5], [69.0, 89.5], [69.5, 90.0], [70.0, 90.5], [71.0, 90.5], [72.0, 90.5], [73.0, 90.5], [73.5, 91.0], [74.0, 91.5], [74.5, 91.0], [74.5, 90.0], [74.0, 89.5], [73.0, 89.5], [72.0, 89.5], [71.5, 89.0], [71.0, 88.5], [70.5, 88.0], [70.0, 87.5], [69.5, 87.0], [69.0, 86.5], [68.5, 86.0], [68.5, 85.0], [68.0, 84.5], [67.0, 84.5], [66.5, 84.0], [67.0, 83.5], [67.5, 83.0], [67.5, 82.0], [67.0, 81.5], [66.5, 81.0], [66.5, 80.0], [66.5, 79.0], [66.5, 78.0], [66.5, 77.0], [66.0, 76.5], [65.5, 76.0], [65.5, 75.0], [66.0, 74.5], [66.5, 74.0], [67.0, 73.5], [68.0, 73.5], [69.0, 73.5], [69.5, 73.0], [70.0, 72.5], [70.5, 72.0], [71.0, 71.5], [71.5, 71.0], [71.5, 70.0], [71.5, 69.0], [71.5, 68.0], [71.5, 67.0], [71.0, 66.5], [70.5, 66.0], [70.5, 65.0], [70.5, 64.0], [71.0, 63.5], [71.5, 63.0], [71.5, 62.0], [71.5, 61.0], [71.5, 60.0], [72.0, 59.5], [73.0, 59.5], [73.5, 59.0], [73.5, 58.0], [74.0, 57.5], [74.5, 57.0], [74.5, 56.0], [74.5, 55.0], [75.0, 54.5], [76.0, 54.5], [76.5, 54.0], [76.5, 53.0], [77.0, 52.5], [77.5, 52.0], [78.0, 51.5], [79.0, 51.5], [79.5, 51.0], [80.0, 50.5], [80.5, 50.0], [81.0, 49.5], [82.0, 49.5], [83.0, 49.5], [83.5, 49.0], [83.5, 48.0], [83.5, 47.0], [83.5, 46.0], [83.5, 45.0], [83.5, 44.0], [83.0, 43.5], [82.5, 43.0], [82.5, 42.0], [82.0, 41.5], [81.5, 41.0], [81.0, 40.5], [80.0, 40.5], [79.0, 40.5], [78.0, 40.5], [77.0, 40.5], [76.0, 40.5], [75.0, 40.5], [74.0, 40.5], [73.0, 40.5], [72.0, 40.5], [71.0, 40.5], [70.5, 41.0], [70.0, 41.5], [69.0, 41.5], [68.5, 42.0], [68.0, 42.5], [67.5, 43.0], [67.0, 43.5], [66.0, 43.5], [65.0, 43.5], [64.5, 44.0], [64.0, 44.5], [63.5, 45.0], [63.0, 45.5], [62.0, 45.5], [61.5, 46.0], [61.0, 46.5], [60.5, 47.0], [60.5, 48.0], [60.0, 48.5], [59.0, 48.5], [58.5, 49.0], [58.5, 50.0], [58.0, 50.5], [57.0, 50.5], [56.5, 51.0], [56.0, 51.5], [55.5, 52.0], [55.5, 53.0], [55.5, 54.0], [55.0, 54.5], [54.5, 55.0], [54.5, 56.0]]"
SLICE,Z0,VI_R,-16.770339369782107,-0.0054903030401192154,-382.23098754883,761.0,0.16801609961326744,"[[66.0, 74.5], [65.5, 75.0], [65.5, 76.0], [66.0, 76.5], [66.5, 77.0], [66.5, 78.0], [66.5, 79.0], [66.5, 80.0], [66.5, 81.0], [67.0, 81.5], [67.5, 82.0], [67.5, 83.0], [67.0, 83.5], [66.5, 84.0], [67.0, 84.5], [68.0, 84.5], [68.5, 85.0], [68.5, 86.0], [69.0, 86.5], [69.5, 87.0], [70.0, 87.5], [70.5, 88.0], [71.0, 88.5], [71.5, 89.0], [72.0, 89.5], [73.0, 89.5], [74.0, 89.5], [74.5, 90.0], [74.5, 91.0], [75.0, 91.5], [76.0, 91.5], [77.0, 91.5], [78.0, 91.5], [79.0, 91.5], [80.0, 91.5], [81.0, 91.5], [81.5, 91.0], [82.0, 90.5], [82.5, 90.0], [83.0, 89.5], [84.0, 89.5], [84.5, 89.0], [85.0, 88.5], [86.0, 88.5], [86.5, 88.0], [86.5, 87.0], [87.0, 86.5], [88.0, 86.5], [89.0, 86.5], [89.5, 86.0], [89.5, 85.0], [90.0, 84.5], [91.0, 84.5], [91.5, 84.0], [91.5, 83.0], [91.5, 82.0], [92.0, 81.5], [92.5, 81.0], [92.5, 80.0], [92.0, 79.5], [91.5, 79.0], [91.0, 78.5], [90.0, 78.5], [89.5, 78.0], [89.0, 77.5], [88.0, 77.5], [87.5, 77.0], [87.0, 76.5], [86.5, 76.0], [86.0, 75.5], [85.0, 75.5], [84.5, 75.0], [84.5, 74.0], [84.0, 73.5], [83.0, 73.5], [82.5, 73.0], [82.0, 72.5], [81.5, 72.0], [81.5, 71.0], [81.5, 70.0], [81.5, 69.0], [81.5, 68.0], [81.5, 67.0], [81.5, 66.0], [81.5, 65.0], [81.5, 64.0], [82.0, 63.5], [82.5, 63.0], [82.5, 62.0], [83.0, 61.5], [84.0, 61.5], [84.5, 61.0], [84.5, 60.0], [85.0, 59.5], [86.0, 59.5], [87.0, 59.5], [87.5, 59.0], [88.0, 58.5], [89.0, 58.5], [90.0, 58.5], [91.0, 58.5], [91.5, 59.0], [92.0, 59.5], [93.0, 59.5], [94.0, 59.5], [95.0, 59.5], [95.5, 60.0], [96.0, 60.5], [97.0, 60.5], [97.5, 61.0], [98.0, 61.5], [99.0, 61.5], [99.5, 61.0], [99.5, 60.0], [100.0, 59.5], [101.0, 59.5], [101.5, 59.0], [101.5, 58.0], [101.5, 57.0], [101.0, 56.5], [100.5, 56.0], [100.5, 55.0], [100.0, 54.5], [99.5, 54.0], [99.0, 53.5], [98.0, 53.5], [97.5, 53.0], [97.0, 52.5], [96.5, 52.0], [96.0, 51.5], [95.0, 51.5], [94.5, 51.0], [94.0, 50.5], [93.5, 50.0], [93.0, 49.5], [92.5, 49.0], [92.0, 48.5], [91.5, 48.0], [91.0, 47.5], [90.0, 47.5], [89.5, 47.0], [89.0, 46.5], [88.0, 46.5], [87.0, 46.5], [86.0, 46.5], [85.0, 46.5], [84.0, 46.5], [83.5, 47.0], [83.5, 48.0], [83.5, 49.0], [83.0, 49.5], [82.0, 49.5], [81.0, 49.5], [80.5, 50.0], [80.0, 50.5], [79.5, 51.0], [79.0, 51.5], [78.0, 51.5], [77.5, 52.0], [77.0, 52.5], [76.5, 53.0], [76.5, 54.0], [76.0, 54.5], [75.0, 54.5], [74.5, 55.0], [74.5, 56.0], [74.5, 57.0], [74.0, 57.5], [73.5, 58.0], [73.5, 59.0], [73.0, 59.5], [72.0, 59.5], [71.5, 60.0], [71.5, 61.0], [71.5, 62.0], [71.5, 63.0], [71.0, 63.5], [70.5, 64.0], [70.5, 65.0], [70.5, 66.0], [71.0, 66.5], [71.5, 67.0], [71.5, 68.0], [71.5, 69.0], [71.5, 70.0], [71.5, 71.0], [71.0, 71.5], [70.5, 72.0], [70.0, 72.5], [69.5, 73.0], [69.0, 73.5], [68.0, 73.5], [67.0, 73.5], [66.5, 74.0]]"
SLICE,Z0,VM_R,-16.770339369782107,-0.0054903030401192154,-382.23098754883,1224.0,0.236391284712752,"[[92.0, 43.5], [91.5, 44.0], [91.5, 45.0], [92.0, 45.5], [92.5, 46.0], [93.0, 46.5], [93.5, 47.0], [93.5, 48.0], [93.5, 49.0], [93.5, 50.0], [94.0, 50.5], [94.5, 51.0], [95.0, 51.5], [96.0, 51.5], [96.5, 52.0], [97.0, 52.5], [97.5, 53.0], [98.0, 53.5], [99.0, 53.5], [99.5, 54.0], [100.0, 54.5], [100.5, 55.0], [100.5, 56.0], [101.0, 56.5], [101.5, 57.0], [101.5, 58.0], [101.5, 59.0], [101.0, 59.5], [100.0, 59.5], [99.5, 60.0], [99.5, 61.0], [99.5, 62.0], [99.5, 63.0], [99.5, 64.0], [99.5, 65.0], [99.5, 66.0], [99.5, 67.0], [99.0, 67.5], [98.5, 68.0], [98.5, 69.0], [98.5, 70.0], [98.5, 71.0], [98.0, 71.5], [97.5, 72.0], [97.5, 73.0], [97.0, 73.5], [96.5, 74.0], [96.5, 75.0], [96.5, 76.0], [96.5, 77.0], [96.5, 78.0], [96.5, 79.0], [96.5, 80.0], [96.5, 81.0], [97.0, 81.5], [97.5, 82.0], [97.5, 83.0], [98.0, 83.5], [98.5, 84.0], [99.0, 84.5], [100.0, 84.5], [101.0, 84.5], [102.0, 84.5], [102.5, 85.0], [103.0, 85.5], [104.0, 85.5], [104.5, 86.0], [105.0, 86.5], [106.0, 86.5], [107.0, 86.5], [108.0, 86.5], [109.0, 86.5], [110.0, 86.5], [111.0, 86.5], [112.0, 86.5], [113.0, 86.5], [113.5, 86.0], [114.0, 85.5], [115.0, 85.5], [115.5, 85.0], [116.0, 84.5], [117.0, 84.5], [117.5, 84.0], [118.0, 83.5], [119.0, 83.5], [119.5, 83.0], [120.0, 82.5], [120.5, 82.0], [121.0, 81.5], [121.5, 81.0], [122.0, 80.5], [123.0, 80.5], [123.5, 80.0], [124.0, 79.5], [124.5, 79.0], [125.0, 78.5], [125.5, 78.0], [125.5, 77.0], [126.0, 76.5], [126.5, 76.0], [126.5, 75.0], [127.0, 74.5], [127.5, 74.0], [127.5, 73.0], [127.5, 72.0], [128.0, 71.5], [128.5, 71.0], [128.5, 70.0], [128.5, 69.0], [128.5, 68.0], [128.5, 67.0], [129.0, 66.5], [129.5, 66.0], [129.5, 65.0], [129.5, 64.0], [129.5, 63.0], [129.0, 62.5], [128.5, 62.0], [128.5, 61.0], [128.5, 60.0], [128.5, 59.0], [128.0, 58.5], [127.5, 58.0], [127.5, 57.0], [127.0, 56.5], [126.5, 56.0], [126.5, 55.0], [126.5, 54.0], [126.0, 53.5], [125.0, 53.5], [124.5, 53.0], [124.5, 52.0], [124.5, 51.0], [124.0, 50.5], [123.0, 50.5], [122.5, 50.0], [122.0, 49.5], [121.5, 49.0], [121.0, 48.5], [120.5, 48.0], [120.0, 47.5], [119.5, 47.0], [119.5, 46.0], [119.0, 45.5], [118.0, 45.5], [117.0, 45.5], [116.5, 45.0], [116.0, 44.5], [115.5, 44.0], [115.0, 43.5], [114.0, 43.5], [113.0, 43.5], [112.5, 43.0], [112.0, 42.5], [111.5, 42.0], [111.0, 41.5], [110.0, 41.5], [109.5, 41.0], [109.0, 40.5], [108.0, 40.5], [107.0, 40.5], [106.0, 40.5], [105.5, 40.0], [105.0, 39.5], [104.0, 39.5], [103.0, 39.5], [102.0, 39.5], [101.0, 39.5], [100.0, 39.5], [99.0, 39.5], [98.0, 39.5], [97.0, 39.5], [96.0, 39.5], [95.5, 40.0], [95.0, 40.5], [94.0, 40.5], [93.5, 41.0], [93.5, 42.0], [93.0, 42.5], [92.5, 43.0]]"
SLICE,Z0,RF_R,-16.770339369782107,-0.0054903030401192154,-382.23098754883,25.0,0.8416475619030785,"[[85.0, 43.5], [84.5, 44.0], [85.0, 44.5], [85.5, 45.0], [86.0, 45.5], [86.5, 46.0], [87.0, 46.5], [88.0, 46.5], [89.0, 46.5], [90.0, 46.5], [90.5, 47.0], [91.0, 47.5], [92.0, 47.5], [92.5, 47.0], [92.5, 46.0], [92.0, 45.5], [91.5, 45.0], [91.5, 44.0], [91.0, 43.5], [90.0, 43.5], [89.5, 43.0], [89.0, 42.5], [88.0, 42.5], [87.0, 42.5], [86.0, 42.5], [85.5, 43.0]]"
SLICE,Z0,SAR_R,-16.770339369782107,-0.0054903030401192154,-382.23098754883,263.0,0.3871741873452758,"[[117.0, 85.5], [116.5, 86.0], [116.5, 87.0], [116.5, 88.0], [116.5, 89.0], [116.5, 90.0], [116.5, 91.0], [116.5, 92.0], [117.0, 92.5], [117.5, 93.0], [117.5, 94.0], [117.5, 95.0], [118.0, 95.5], [118.5, 96.0], [119.0, 96.5], [120.0, 96.5], [121.0, 96.5], [121.5, 97.0], [122.0, 97.5], [122.5, 98.0], [123.0, 98.5], [123.5, 99.0], [124.0, 99.5], [125.0, 99.5], [125.5, 100.0], [126.0, 100.5], [126.5, 101.0], [126.5, 102.0], [127.0, 102.5], [127.5, 103.0], [127.5, 104.0], [128.0, 104.5], [129.0, 104.5], [129.5, 104.0], [130.0, 103.5], [130.5, 103.0], [130.5, 102.0], [131.0, 101.5], [131.5, 101.0], [131.5, 100.0], [131.5, 99.0], [131.5, 98.0], [131.5, 97.0], [131.5, 96.0], [131.5, 95.0], [131.5, 94.0], [131.5, 93.0], [131.5, 92.0], [131.5, 91.0], [131.5, 90.0], [131.5, 89.0], [131.5, 88.0], [131.5, 87.0], [131.5, 86.0], [131.0, 85.5], [130.5, 85.0], [130.0, 84.5], [129.5, 84.0], [129.5, 83.0], [129.0, 82.5], [128.5, 82.0], [128.5, 81.0], [128.0, 80.5], [127.5, 80.0], [127.0, 79.5], [126.5, 79.0], [126.5, 78.0], [126.0, 77.5], [125.5, 78.0], [125.0, 78.5], [124.5, 79.0], [124.0, 79.5], [123.5, 80.0], [123.0, 80.5], [122.0, 80.5], [121.5, 81.0], [121.0, 81.5], [120.5, 82.0], [120.0, 82.5], [119.5, 83.0], [119.0, 83.5], [118.5, 84.0], [118.0, 84.5], [117.5, 85.0]]"
SLICE,Z0,GRA_R,-16.770339369782107,-0.0054903030401192154,-382.23098754883,117.0,0.33117185040353875,"[[119.0, 99.5], [118.5, 100.0], [118.5, 101.0], [118.5, 102.0], [118.5, 103.0], [118.5, 104.0], [119.0, 104.5], [119.5, 105.0], [119.5, 106.0], [119.5, 107.0], [119.5, 108.0], [119.5, 109.0], [120.0, 109.5], [120.5, 110.0], [121.0, 110.5], [122.0, 110.5], [122.5, 111.0], [123.0, 111.5], [124.0, 111.5], [124.5, 111.0], [125.0, 110.5], [126.0, 110.5], [127.0, 110.5], [128.0, 110.5], [129.0, 110.5], [129.5, 110.0], [130.0, 109.5], [130.5, 109.0], [131.0, 108.5], [131.5, 108.0], [131.5, 107.0], [131.5, 106.0], [131.5, 105.0], [131.5, 104.0], [131.0, 103.5], [130.0, 103.5], [129.5, 104.0], [129.0, 104.5], [128.0, 104.5], [127.5, 104.0], [127.5, 103.0], [127.0, 102.5], [126.5, 102.0], [126.5, 101.0], [126.0, 100.5], [125.5, 100.0], [125.0, 99.5], [124.0, 99.5], [123.5, 99.0], [123.0, 98.5], [122.0, 98.5], [121.0, 98.5], [120.0, 98.5], [119.5, 99.0]]"
SLICE,Z0,SM_R,-16.770339369782107,-0.0054903030401192154,-382.23098754883,386.0,0.7867130185321133,"[[99.0, 93.5], [98.5, 94.0], [98.5, 95.0], [98.5, 96.0], [98.5, 97.0], [98.5, 98.0], [98.5, 99.0], [98.5, 100.0], [99.0, 100.5], [99.5, 101.0], [99.5, 102.0], [100.0, 102.5], [100.5, 103.0], [100.5, 104.0], [100.5, 105.0], [100.5, 106.0], [101.0, 106.5], [101.5, 107.0], [102.0, 107.5], [102.5, 108.0], [102.5, 109.0], [102.5, 110.0], [102.5, 111.0], [102.0, 111.5], [101.5, 112.0], [102.0, 112.5], [102.5, 113.0], [102.5, 114.0], [103.0, 114.5], [104.0, 114.5], [105.0, 114.5], [106.0, 114.5], [107.0, 114.5], [108.0, 114.5], [109.0, 114.5], [109.5, 115.0], [110.0, 115.5], [111.0, 115.5], [111.5, 116.0], [112.0, 116.5], [112.5, 117.0], [113.0, 117.5], [114.0, 117.5], [115.0, 117.5], [115.5, 117.0], [116.0, 116.5], [117.0, 116.5], [117.5, 116.0], [117.5, 115.0], [118.0, 114.5], [118.5, 114.0], [119.0, 113.5], [119.5, 113.0], [119.5, 112.0], [119.5, 111.0], [119.5, 110.0], [119.5, 109.0], [119.5, 108.0], [119.5, 107.0], [119.5, 106.0], [119.5, 105.0], [119.0, 104.5], [118.5, 104.0], [118.5, 103.0], [118.5, 102.0], [118.5, 101.0], [118.5, 100.0], [118.0, 99.5], [117.5, 99.0], [117.0, 98.5], [116.5, 98.0], [116.5, 97.0], [116.5, 96.0], [116.0, 95.5], [115.0, 95.5], [114.0, 95.5], [113.0, 95.5], [112.0, 95.5], [111.5, 95.0], [111.0, 94.5], [110.0, 94.5], [109.5, 94.0], [109.0, 93.5], [108.0, 93.5], [107.0, 93.5], [106.0, 93.5], [105.0, 93.5], [104.5, 93.0], [104.0, 92.5], [103.0, 92.5], [102.0, 92.5], [101.5, 93.0], [101.0, 93.5], [100.0, 93.5]]"
SLICE,Z0,ST_R,-16.770339369782107,-0.0054903030401192154,-382.23098754883,73.0,0.6133734108358612,"[[99.0, 111.5], [98.5, 112.0], [98.5, 113.0], [98.5, 114.0], [98.5, 115.0], [99.0, 115.5], [99.5, 116.0], [100.0, 116.5], [100.5, 117.0], [101.0, 117.5], [101.5, 118.0], [102.0, 118.5], [102.5, 119.0], [103.0, 119.5], [104.0, 119.5], [104.5, 120.0], [105.0, 120.5], [106.0, 120.5], [107.0, 120.5], [108.0, 120.5], [109.0, 120.5], [110.0, 120.5], [110.5, 120.0], [111.0, 119.5], [111.5, 119.0], [111.5, 118.0], [112.0, 117.5], [112.5, 117.0], [112.0, 116.5], [111.5, 116.0], [111.0, 115.5], [110.0, 115.5], [109.5, 115.0], [109.0, 114.5], [108.0, 114.5], [107.0, 114.5], [106.0, 114.5], [105.0, 114.5], [104.0, 114.5], [103.0, 114.5], [102.5, 114.0], [102.5, 113.0], [102.0, 112.5], [101.5, 112.0], [102.0, 111.5], [102.5, 111.0], [102.0, 110.5], [101.0, 110.5], [100.5, 111.0], [100.0, 111.5]]"
SLICE,Z0,BF_R,-16.770339369782107,-0.0054903030401192154,-382.23098754883,116.0,0.6552307537648643,"[[82.0, 107.5], [81.5, 108.0], [81.5, 109.0], [81.5, 110.0], [82.0, 110.5], [82.5, 111.0], [82.5, 112.0], [83.0, 112.5], [83.5, 113.0], [83.5, 114.0], [84.0, 114.5], [84.5, 115.0], [85.0, 115.5], [85.5, 116.0], [86.0, 116.5], [87.0, 116.5], [87.5, 117.0], [88.0, 117.5], [88.5, 118.0], [89.0, 118.5], [90.0, 118.5], [90.5, 119.0], [91.0, 119.5], [92.0, 119.5], [93.0, 119.5], [94.0, 119.5], [95.0, 119.5], [95.5, 119.0], [95.5, 118.0], [96.0, 117.5], [96.5, 117.0], [96.0, 116.5], [95.5, 116.0], [95.5, 115.0], [95.5, 114.0], [95.0, 113.5], [94.5, 113.0], [94.5, 112.0], [94.5, 111.0], [94.0, 110.5], [93.5, 110.0], [93.0, 109.5], [92.5, 109.0], [92.0, 108.5], [91.5, 108.0], [91.5, 107.0], [91.5, 106.0], [91.0, 105.5], [90.0, 105.5], [89.5, 106.0], [89.5, 107.0], [89.5, 108.0], [89.5, 109.0], [89.0, 109.5], [88.0, 109.5], [87.0, 109.5], [86.0, 109.5], [85.5, 109.0], [85.0, 108.5], [84.0, 108.5], [83.5, 108.0], [83.0, 107.5]]"
SLICE,Z0,BF_SH_R,-16.770339369782107,-0.0054903030401192154,-382.23098754883,307.0,0.40366926263266767,"[[76.0, 95.5], [75.5, 96.0], [75.5, 97.0], [75.5, 98.0], [75.5, 99.0], [76.0, 99.5], [76.5, 100.0], [76.5, 101.0], [77.0, 101.5], [77.5, 102.0], [78.0, 102.5], [78.5, 103.0], [78.5, 104.0], [79.0, 104.5], [80.0, 104.5], [80.5, 105.0], [80.5, 106.0], [81.0, 106.5], [82.0, 106.5], [82.5, 107.0], [83.0, 107.5], [83.5, 108.0], [84.0, 108.5], [85.0, 108.5], [85.5, 109.0], [86.0, 109.5], [87.0, 109.5], [88.0, 109.5], [89.0, 109.5], [89.5, 109.0], [89.5, 108.0], [89.5, 107.0], [89.5, 106.0], [90.0, 105.5], [90.5, 105.0], [90.5, 104.0], [90.5, 103.0], [91.0, 102.5], [91.5, 102.0], [91.5, 101.0], [91.5, 100.0], [92.0, 99.5], [92.5, 99.0], [92.5, 98.0], [92.5, 97.0], [93.0, 96.5], [93.5, 96.0], [93.5, 95.0], [93.5, 94.0], [93.5, 93.0], [93.5, 92.0], [94.0, 91.5], [94.5, 91.0], [94.5, 90.0], [94.5, 89.0], [94.5, 88.0], [94.5, 87.0], [94.5, 86.0], [94.5, 85.0], [95.0, 84.5], [95.5, 84.0], [95.0, 83.5], [94.5, 83.0], [94.5, 82.0], [94.5, 81.0], [94.0, 80.5], [93.0, 80.5], [92.5, 81.0], [92.0, 81.5], [91.5, 82.0], [91.5, 83.0], [91.5, 84.0], [91.0, 84.5], [90.0, 84.5], [89.5, 85.0], [89.5, 86.0], [89.0, 86.5], [88.0, 86.5], [87.0, 86.5], [86.5, 87.0], [86.5, 88.0], [86.0, 88.5], [85.0, 88.5], [84.5, 89.0], [84.0, 89.5], [83.5, 90.0], [83.0, 90.5], [82.0, 90.5], [81.5, 91.0], [81.0, 91.5], [80.0, 91.5], [79.5, 92.0], [79.0, 92.5], [78.5, 93.0], [78.0, 93.5], [77.5, 94.0], [77.0, 94.5], [76.5, 95.0]]"
SLICE,Z0,AM_R,-16.770339369782107,-0.0054903030401192154,-382.23098754883,69.0,0.7761409450155297,"[[105.0, 89.5], [104.5, 90.0], [104.5, 91.0], [105.0, 91.5], [105.5, 92.0], [106.0, 92.5], [107.0, 92.5], [108.0, 92.5], [108.5, 93.0], [109.0, 93.5], [110.0, 93.5], [111.0, 93.5], [112.0, 93.5], [113.0, 93.5], [113.5, 93.0], [114.0, 92.5], [114.5, 92.0], [115.0, 91.5], [116.0, 91.5], [116.5, 91.0], [116.5, 90.0], [116.5, 89.0], [116.5, 88.0], [116.5, 87.0], [116.5, 86.0], [116.5, 85.0], [116.0, 84.5], [115.5, 85.0], [115.0, 85.5], [114.0, 85.5], [113.5, 86.0], [113.0, 86.5], [112.0, 86.5], [111.0, 86.5], [110.0, 86.5], [109.0, 86.5], [108.5, 87.0], [108.5, 88.0], [108.0, 88.5], [107.0, 88.5], [106.0, 88.5], [105.5, 89.0]]"
SLICE,Z0,AL_R,-16.770339369782107,-0.0054903030401192154,-382.23098754883,0.0,,
SLICE,Z0,AB_R,-16.770339369782107,-0.0054903030401192154,-382.23098754883,0.0,,
SLICE,Z0,VL_L,-16.770339369782107,-0.0054903030401192154,-382.23098754883,536.0,0.3345878947010164,"[[252.0, 48.5], [251.5, 49.0], [251.5, 50.0], [251.5, 51.0], [252.0, 51.5], [252.5, 52.0], [252.5, 53.0], [252.5, 54.0], [253.0, 54.5], [253.5, 55.0], [254.0, 55.5], [255.0, 55.5], [255.5, 56.0], [256.0, 56.5], [257.0, 56.5], [257.5, 57.0], [258.0, 57.5], [258.5, 58.0], [259.0, 58.5], [259.5, 59.0], [260.0, 59.5], [260.5, 60.0], [261.0, 60.5], [261.5, 61.0], [261.5, 62.0], [262.0, 62.5], [262.5, 63.0], [263.0, 63.5], [263.5, 64.0], [263.5, 65.0], [264.0, 65.5], [264.5, 66.0], [264.5, 67.0], [264.5, 68.0], [264.5, 69.0], [264.5, 70.0], [264.5, 71.0], [264.5, 72.0], [264.5, 73.0], [264.5, 74.0], [265.0, 74.5], [266.0, 74.5], [266.5, 75.0], [267.0, 75.5], [267.5, 76.0], [268.0, 76.5], [268.5, 77.0], [268.5, 78.0], [268.5, 79.0], [269.0, 79.5], [269.5, 80.0], [269.5, 81.0], [269.5, 82.0], [269.0, 82.5], [268.5, 83.0], [268.5, 84.0], [268.0, 84.5], [267.5, 85.0], [267.5, 86.0], [267.5, 87.0], [267.5, 88.0], [267.0, 88.5], [266.5, 89.0], [266.5, 90.0], [266.0, 90.5], [265.5, 91.0], [265.0, 91.5], [264.0, 91.5], [263.0, 91.5], [262.5, 92.0], [262.0, 92.5], [261.0, 92.5], [260.5, 93.0], [260.0, 93.5], [259.0, 93.5], [258.0, 93.5], [257.0, 93.5], [256.5, 94.0], [257.0, 94.5], [258.0, 94.5], [259.0, 94.5], [260.0, 94.5], [261.0, 94.5], [262.0, 94.5], [263.0, 94.5], [264.0, 94.5], [265.0, 94.5], [266.0, 94.5], [266.5, 94.0], [267.0, 93.5], [267.5, 93.0], [268.0, 92.5], [268.5, 92.0], [269.0, 91.5], [269.5, 91.0], [270.0, 90.5], [270.5, 90.0], [271.0, 89.5], [271.5, 89.0], [271.5, 88.0], [272.0, 87.5], [272.5, 87.0], [273.0, 86.5], [273.5, 86.0], [273.5, 85.0], [274.0, 84.5], [274.5, 84.0], [274.5, 83.0], [274.5, 82.0], [274.5, 81.0], [274.5, 80.0], [275.0, 79.5], [275.5, 79.0], [275.5, 78.0], [275.5, 77.0], [276.0, 76.5], [276.5, 76.0], [276.5, 75.0], [276.5, 74.0], [276.5, 73.0], [276.5, 72.0], [277.0, 71.5], [277.5, 71.0], [277.5, 70.0], [277.5, 69.0], [277.5, 68.0], [277.5, 67.0], [277.5, 66.0], [277.5, 65.0], [277.5, 64.0], [277.5, 63.0], [277.0, 62.5], [276.5, 62.0], [276.5, 61.0], [276.5, 60.0], [276.0, 59.5], [275.5, 59.0], [275.0, 58.5], [274.5, 58.0], [274.5, 57.0], [274.5, 56.0], [274.0, 55.5], [273.0, 55.5], [272.5, 55.0], [272.0, 54.5], [271.5, 54.0], [271.0, 53.5], [270.5, 53.0], [270.0, 52.5], [269.5, 52.0], [269.0, 51.5], [268.5, 51.0], [268.0, 50.5], [267.0, 50.5], [266.5, 50.0], [266.0, 49.5], [265.5, 49.0], [265.0, 48.5], [264.0, 48.5], [263.5, 48.0], [263.0, 47.5], [262.0, 47.5], [261.5, 47.0], [261.0, 46.5], [260.0, 46.5], [259.5, 46.0], [259.0, 45.5], [258.0, 45.5], [257.0, 45.5], [256.0, 45.5], [255.5, 46.0], [255.0, 46.5], [254.0, 46.5], [253.5, 47.0], [253.5, 48.0], [253.0, 48.5]]"
SLICE,Z0,VI_L,-16.770339369782107,-0.0054903030401192154,-382.23098754883,757.0,0.16984084591249807,"[[235.0, 58.5], [234.5, 59.0], [234.5, 60.0], [234.5, 61.0], [234.5, 62.0], [234.5, 63.0], [234.5, 64.0], [235.0, 64.5], [235.5, 64.0], [236.0, 63.5], [236.5, 63.0], [237.0, 62.5], [237.5, 62.0], [238.0, 61.5], [239.0, 61.5], [240.0, 61.5], [241.0, 61.5], [242.0, 61.5], [243.0, 61.5], [244.0, 61.5], [245.0, 61.5], [246.0, 61.5], [247.0, 61.5], [248.0, 61.5], [248.5, 62.0], [249.0, 62.5], [250.0, 62.5], [250.5, 63.0], [250.5, 64.0], [251.0, 64.5], [251.5, 65.0], [252.0, 65.5], [252.5, 66.0], [253.0, 66.5], [253.5, 67.0], [253.5, 68.0], [253.5, 69.0], [253.5, 70.0], [253.5, 71.0], [253.5, 72.0], [253.5, 73.0], [253.5, 74.0], [253.0, 74.5], [252.5, 75.0], [252.0, 75.5], [251.5, 76.0], [251.0, 76.5], [250.5, 77.0], [250.5, 78.0], [250.0, 78.5], [249.0, 78.5], [248.0, 78.5], [247.5, 79.0], [247.0, 79.5], [246.0, 79.5], [245.5, 80.0], [245.0, 80.5], [244.0, 80.5], [243.0, 80.5], [242.0, 80.5], [241.5, 81.0], [241.0, 81.5], [240.5, 82.0], [240.5, 83.0], [241.0, 83.5], [241.5, 84.0], [242.0, 84.5], [242.5, 85.0], [242.5, 86.0], [243.0, 86.5], [244.0, 86.5], [244.5, 87.0], [244.5, 88.0], [245.0, 88.5], [245.5, 89.0], [246.0, 89.5], [247.0, 89.5], [247.5, 90.0], [248.0, 90.5], [248.5, 91.0], [249.0, 91.5], [250.0, 91.5], [250.5, 92.0], [251.0, 92.5], [251.5, 93.0], [252.0, 93.5], [253.0, 93.5], [253.5, 94.0], [254.0, 94.5], [255.0, 94.5], [256.0, 94.5], [256.5, 94.0], [257.0, 93.5], [258.0, 93.5], [259.0, 93.5], [260.0, 93.5], [260.5, 93.0], [261.0, 92.5], [262.0, 92.5], [262.5, 92.0], [263.0, 91.5], [264.0, 91.5], [265.0, 91.5], [265.5, 91.0], [266.0, 90.5], [266.5, 90.0], [266.5, 89.0], [267.0, 88.5], [267.5, 88.0], [267.5, 87.0], [267.5, 86.0], [267.5, 85.0], [268.0, 84.5], [268.5, 84.0], [268.5, 83.0], [269.0, 82.5], [269.5, 82.0], [269.5, 81.0], [269.5, 80.0], [269.0, 79.5], [268.5, 79.0], [268.5, 78.0], [268.5, 77.0], [268.0, 76.5], [267.5, 76.0], [267.0, 75.5], [266.5, 75.0], [266.0, 74.5], [265.0, 74.5], [264.5, 74.0], [264.5, 73.0], [264.5, 72.0], [264.5, 71.0], [264.5, 70.0], [264.5, 69.0], [264.5, 68.0], [264.5, 67.0], [264.5, 66.0], [264.0, 65.5], [263.5, 65.0], [263.5, 64.0], [263.0, 63.5], [262.5, 63.0], [262.0, 62.5], [261.5, 62.0], [261.5, 61.0], [261.0, 60.5], [260.5, 60.0], [260.0, 59.5], [259.5, 59.0], [259.0, 58.5], [258.5, 58.0], [258.0, 57.5], [257.5, 57.0], [257.0, 56.5], [256.0, 56.5], [255.5, 56.0], [255.0, 55.5], [254.0, 55.5], [253.5, 55.0], [253.0, 54.5], [252.5, 54.0], [252.0, 53.5], [251.5, 53.0], [251.0, 52.5], [250.0, 52.5], [249.5, 52.0], [249.0, 51.5], [248.0, 51.5], [247.5, 51.0], [247.0, 50.5], [246.0, 50.5], [245.0, 50.5], [244.0, 50.5], [243.0, 50.5], [242.0, 50.5], [241.5, 51.0], [241.0, 51.5], [240.0, 51.5], [239.5, 52.0], [239.5, 53.0], [239.0, 53.5], [238.5, 54.0], [238.0, 54.5], [237.0, 54.5], [236.5, 55.0], [236.5, 56.0], [236.0, 56.5], [235.5, 57.0], [235.5, 58.0]]"
SLICE,Z0,VM_L,-16.770339369782107,-0.0054903030401192154,-382.23098754883,1170.0,0.19017410966239767,"[[207.0, 58.5], [206.5, 59.0], [206.5, 60.0], [206.5, 61.0], [206.5, 62.0], [206.5, 63.0], [207.0, 63.5], [207.5, 64.0], [207.5, 65.0], [207.5, 66.0], [208.0, 66.5], [208.5, 67.0], [208.5, 68.0], [208.5, 69.0], [208.5, 70.0], [208.5, 71.0], [209.0, 71.5], [209.5, 72.0], [210.0, 72.5], [210.5, 73.0], [210.5, 74.0], [210.5, 75.0], [211.0, 75.5], [211.5, 76.0], [212.0, 76.5], [212.5, 77.0], [213.0, 77.5], [213.5, 78.0], [213.5, 79.0], [214.0, 79.5], [214.5, 80.0], [215.0, 80.5], [215.5, 81.0], [216.0, 81.5], [217.0, 81.5], [217.5, 82.0], [218.0, 82.5], [218.5, 83.0], [218.5, 84.0], [219.0, 84.5], [220.0, 84.5], [220.5, 85.0], [221.0, 85.5], [222.0, 85.5], [222.5, 86.0], [223.0, 86.5], [224.0, 86.5], [225.0, 86.5], [226.0, 86.5], [227.0, 86.5], [228.0, 86.5], [229.0, 86.5], [230.0, 86.5], [231.0, 86.5], [232.0, 86.5], [233.0, 86.5], [234.0, 86.5], [235.0, 86.5], [236.0, 86.5], [236.5, 86.0], [236.5, 85.0], [237.0, 84.5], [238.0, 84.5], [238.5, 84.0], [238.5, 83.0], [238.5, 82.0], [238.0, 81.5], [237.5, 81.0], [237.0, 80.5], [236.5, 80.0], [236.5, 79.0], [236.5, 78.0], [236.5, 77.0], [236.5, 76.0], [236.0, 75.5], [235.5, 75.0], [235.5, 74.0], [235.5, 73.0], [235.5, 72.0], [235.5, 71.0], [235.0, 70.5], [234.5, 70.0], [234.5, 69.0], [234.5, 68.0], [234.5, 67.0], [234.5, 66.0], [234.5, 65.0], [234.5, 64.0], [234.5, 63.0], [234.5, 62.0], [234.5, 61.0], [234.5, 60.0], [234.5, 59.0], [235.0, 58.5], [235.5, 58.0], [235.5, 57.0], [236.0, 56.5], [236.5, 56.0], [236.5, 55.0], [237.0, 54.5], [238.0, 54.5], [238.5, 54.0], [239.0, 53.5], [239.5, 53.0], [239.5, 52.0], [240.0, 51.5], [241.0, 51.5], [241.5, 51.0], [242.0, 50.5], [242.5, 50.0], [242.5, 49.0], [243.0, 48.5], [243.5, 48.0], [243.5, 47.0], [243.5, 46.0], [243.0, 45.5], [242.5, 45.0], [242.5, 44.0], [242.0, 43.5], [241.0, 43.5], [240.5, 43.0], [240.0, 42.5], [239.5, 42.0], [239.0, 41.5], [238.5, 41.0], [238.0, 40.5], [237.0, 40.5], [236.0, 40.5], [235.0, 40.5], [234.5, 40.0], [234.0, 39.5], [233.0, 39.5], [232.0, 39.5], [231.0, 39.5], [230.5, 40.0], [230.0, 40.5], [229.0, 40.5], [228.0, 40.5], [227.0, 40.5], [226.0, 40.5], [225.0, 40.5], [224.0, 40.5], [223.5, 41.0], [223.0, 41.5], [222.5, 42.0], [222.0, 42.5], [221.0, 42.5], [220.5, 43.0], [220.0, 43.5], [219.0, 43.5], [218.5, 44.0], [218.0, 44.5], [217.5, 45.0], [217.0, 45.5], [216.0, 45.5], [215.5, 46.0], [215.0, 46.5], [214.5, 47.0], [214.0, 47.5], [213.5, 48.0], [213.0, 48.5], [212.5, 49.0], [212.0, 49.5], [211.5, 50.0], [211.0, 50.5], [210.5, 51.0], [210.0, 51.5], [209.5, 52.0], [209.5, 53.0], [209.0, 53.5], [208.5, 54.0], [208.5, 55.0], [208.0, 55.5], [207.5, 56.0], [207.5, 57.0], [207.5, 58.0]]"
SLICE,Z0,RF_L,-16.770339369782107,-0.0054903030401192154,-382.23098754883,3.0,0.987879290397701,"[[244.0, 47.5], [243.5, 48.0], [244.0, 48.5], [245.0, 48.5], [246.0, 48.5], [246.5, 48.0], [246.0, 47.5], [245.0, 47.5]]"
SLICE,Z0,SAR_L,-16.770339369782107,-0.0054903030401192154,-382.23098754883,264.0,0.39431678192214414,"[[203.0, 86.5], [202.5, 87.0], [202.5, 88.0], [202.5, 89.0], [202.5, 90.0], [202.5, 91.0], [202.5, 92.0], [203.0, 92.5], [203.5, 93.0], [203.5, 94.0], [203.5, 95.0], [203.5, 96.0], [203.5, 97.0], [203.5, 98.0], [203.5, 99.0], [204.0, 99.5], [205.0, 99.5], [205.5, 100.0], [206.0, 100.5], [206.5, 101.0], [207.0, 101.5], [208.0, 101.5], [209.0, 101.5], [209.5, 101.0], [209.5, 100.0], [210.0, 99.5], [210.5, 99.0], [211.0, 98.5], [211.5, 98.0], [212.0, 97.5], [212.5, 97.0], [213.0, 96.5], [214.0, 96.5], [214.5, 96.0], [214.5, 95.0], [214.5, 94.0], [215.0, 93.5], [215.5, 93.0], [216.0, 92.5], [216.5, 92.0], [216.5, 91.0], [216.5, 90.0], [216.5, 89.0], [216.5, 88.0], [216.5, 87.0], [216.5, 86.0], [216.5, 85.0], [216.5, 84.0], [216.0, 83.5], [215.0, 83.5], [214.5, 83.0], [214.5, 82.0], [214.5, 81.0], [214.5, 80.0], [214.0, 79.5], [213.5, 79.0], [213.0, 78.5], [212.5, 78.0], [212.0, 77.5], [211.5, 77.0], [211.5, 76.0], [211.0, 75.5], [210.0, 75.5], [209.0, 75.5], [208.5, 76.0], [208.0, 76.5], [207.0, 76.5], [206.5, 77.0], [206.0, 77.5], [205.5, 78.0], [205.5, 79.0], [205.0, 79.5], [204.5, 80.0], [204.5, 81.0], [204.0, 81.5], [203.5, 82.0], [203.5, 83.0], [203.5, 84.0], [203.5, 85.0], [203.5, 86.0]]"
SLICE,Z0,GRA_L,-16.770339369782107,-0.0054903030401192154,-382.23098754883,113.0,0.42010178705610307,"[[202.0, 102.5], [201.5, 103.0], [201.5, 104.0], [201.5, 105.0], [201.5, 106.0], [201.5, 107.0], [202.0, 107.5], [202.5, 108.0], [202.5, 109.0], [203.0, 109.5], [204.0, 109.5], [205.0, 109.5], [206.0, 109.5], [207.0, 109.5], [208.0, 109.5], [209.0, 109.5], [210.0, 109.5], [211.0, 109.5], [211.5, 109.0], [212.0, 108.5], [212.5, 108.0], [212.5, 107.0], [213.0, 106.5], [214.0, 106.5], [214.5, 106.0], [214.5, 105.0], [214.5, 104.0], [214.5, 103.0], [214.5, 102.0], [214.5, 101.0], [214.5, 100.0], [214.0, 99.5], [213.5, 99.0], [213.0, 98.5], [212.0, 98.5], [211.0, 98.5], [210.5, 99.0], [210.0, 99.5], [209.5, 100.0], [209.5, 101.0], [209.0, 101.5], [208.0, 101.5], [207.0, 101.5], [206.5, 101.0], [206.0, 100.5], [205.5, 100.0], [205.0, 99.5], [204.0, 99.5], [203.5, 100.0], [203.0, 100.5], [202.5, 101.0], [202.5, 102.0]]"
SLICE,Z0,SM_L,-16.770339369782107,-0.0054903030401192154,-382.23098754883,290.0,0.8426097804925978,"[[214.0, 107.5], [213.5, 108.0], [213.5, 109.0], [213.5, 110.0], [213.5, 111.0], [213.5, 112.0], [213.5, 113.0], [213.5, 114.0], [214.0, 114.5], [215.0, 114.5], [216.0, 114.5], [217.0, 114.5], [218.0, 114.5], [218.5, 114.0], [218.5, 113.0], [219.0, 112.5], [220.0, 112.5], [220.5, 112.0], [221.0, 111.5], [222.0, 111.5], [222.5, 111.0], [223.0, 110.5], [224.0, 110.5], [225.0, 110.5], [225.5, 110.0], [226.0, 109.5], [227.0, 109.5], [228.0, 109.5], [228.5, 109.0], [229.0, 108.5], [229.5, 108.0], [229.5, 107.0], [230.0, 106.5], [231.0, 106.5], [231.5, 106.0], [231.5, 105.0], [232.0, 104.5], [233.0, 104.5], [233.5, 104.0], [233.5, 103.0], [234.0, 102.5], [234.5, 102.0], [234.5, 101.0], [234.5, 100.0], [234.5, 99.0], [234.5, 98.0], [234.5, 97.0], [234.5, 96.0], [234.0, 95.5], [233.5, 95.0], [233.0, 94.5], [232.0, 94.5], [231.0, 94.5], [230.5, 94.0], [230.0, 93.5], [229.5, 94.0], [229.0, 94.5], [228.0, 94.5], [227.0, 94.5], [226.0, 94.5], [225.0, 94.5], [224.5, 94.0], [224.0, 93.5], [223.0, 93.5], [222.0, 93.5], [221.5, 94.0], [221.0, 94.5], [220.5, 95.0], [220.0, 95.5], [219.5, 96.0], [219.0, 96.5], [218.5, 97.0], [218.5, 98.0], [218.0, 98.5], [217.5, 99.0], [217.0, 99.5], [216.5, 100.0], [216.0, 100.5], [215.5, 101.0], [215.5, 102.0], [215.5, 103.0], [215.5, 104.0], [215.5, 105.0], [215.0, 105.5], [214.5, 106.0], [214.5, 107.0]]"
SLICE,Z0,ST_L,-16.770339369782107,-0.0054903030401192154,-382.23098754883,61.0,0.7798394688054934,"[[215.0, 114.5], [214.5, 115.0], [215.0, 115.5], [216.0, 115.5], [216.5, 116.0], [217.0, 116.5], [218.0, 116.5], [218.5, 117.0], [218.5, 118.0], [219.0, 118.5], [220.0, 118.5], [221.0, 118.5], [222.0, 118.5], [222.5, 118.0], [223.0, 117.5], [224.0, 117.5], [224.5, 117.0], [225.0, 116.5], [226.0, 116.5], [226.5, 116.0], [226.5, 115.0], [226.5, 114.0], [227.0, 113.5], [227.5, 113.0], [227.5, 112.0], [227.0, 111.5], [226.5, 111.0], [226.5, 110.0], [226.0, 109.5], [225.5, 110.0], [225.0, 110.5], [224.0, 110.5], [223.0, 110.5], [222.5, 111.0], [222.0, 111.5], [221.0, 111.5], [220.5, 112.0], [220.0, 112.5], [219.0, 112.5], [218.5, 113.0], [218.5, 114.0], [218.0, 114.5], [217.0, 114.5], [216.0, 114.5]]"
SLICE,Z0,BF_L,-16.770339369782107,-0.0054903030401192154,-382.23098754883,129.0,0.8137721756660352,"[[233.0, 117.5], [232.5, 118.0], [232.5, 119.0], [232.5, 120.0], [233.0, 120.5], [233.5, 121.0], [234.0, 121.5], [235.0, 121.5], [236.0, 121.5], [237.0, 121.5], [238.0, 121.5], [239.0, 121.5], [239.5, 121.0], [240.0, 120.5], [241.0, 120.5], [242.0, 120.5], [242.5, 120.0], [243.0, 119.5], [244.0, 119.5], [245.0, 119.5], [245.5, 119.0], [246.0, 118.5], [246.5, 118.0], [246.5, 117.0], [247.0, 116.5], [247.5, 116.0], [247.5, 115.0], [247.5, 114.0], [247.0, 113.5], [246.0, 113.5], [245.5, 113.0], [245.0, 112.5], [244.5, 112.0], [244.5, 111.0], [244.0, 110.5], [243.5, 110.0], [243.0, 109.5], [242.5, 109.0], [242.0, 108.5], [241.0, 108.5], [240.0, 108.5], [239.5, 109.0], [239.0, 109.5], [238.5, 110.0], [238.0, 110.5], [237.5, 111.0], [237.0, 111.5], [236.5, 112.0], [236.0, 112.5], [235.5, 113.0], [235.0, 113.5], [234.5, 114.0], [234.5, 115.0], [234.0, 115.5], [233.5, 116.0], [233.5, 117.0]]"
SLICE,Z0,BF_SH_L,-16.770339369782107,-0.0054903030401192154,-382.23098754883,319.0,0.4268402716421501,"[[240.0, 83.5], [239.5, 84.0], [239.5, 85.0], [240.0, 85.5], [240.5, 86.0], [240.0, 86.5], [239.5, 87.0], [239.5, 88.0], [239.5, 89.0], [239.5, 90.0], [240.0, 90.5], [240.5, 91.0], [240.5, 92.0], [240.5, 93.0], [240.5, 94.0], [240.5, 95.0], [240.5, 96.0], [240.5, 97.0], [240.5, 98.0], [240.5, 99.0], [240.5, 100.0], [240.5, 101.0], [240.5, 102.0], [240.5, 103.0], [240.5, 104.0], [241.0, 104.5], [241.5, 105.0], [241.5, 106.0], [242.0, 106.5], [242.5, 107.0], [242.5, 108.0], [242.5, 109.0], [243.0, 109.5], [243.5, 110.0], [244.0, 110.5], [244.5, 111.0], [244.5, 112.0], [245.0, 112.5], [245.5, 113.0], [246.0, 113.5], [247.0, 113.5], [248.0, 113.5], [249.0, 113.5], [249.5, 113.0], [250.0, 112.5], [251.0, 112.5], [251.5, 112.0], [252.0, 111.5], [253.0, 111.5], [253.5, 111.0], [254.0, 110.5], [254.5, 110.0], [254.5, 109.0], [254.5, 108.0], [255.0, 107.5], [255.5, 107.0], [256.0, 106.5], [256.5, 106.0], [256.5, 105.0], [256.5, 104.0], [256.5, 103.0], [256.5, 102.0], [256.5, 101.0], [256.5, 100.0], [256.5, 99.0], [256.0, 98.5], [255.5, 98.0], [255.0, 97.5], [254.5, 97.0], [254.5, 96.0], [254.0, 95.5], [253.0, 95.5], [252.5, 95.0], [252.5, 94.0], [252.0, 93.5], [251.5, 93.0], [251.0, 92.5], [250.0, 92.5], [249.5, 92.0], [249.0, 91.5], [248.5, 91.0], [248.0, 90.5], [247.5, 90.0], [247.0, 89.5], [246.0, 89.5], [245.5, 89.0], [245.0, 88.5], [244.5, 88.0], [244.5, 87.0], [244.0, 86.5], [243.0, 86.5], [242.5, 86.0], [242.0, 85.5], [241.5, 85.0], [241.5, 84.0], [241.0, 83.5]]"
SLICE,Z0,AM_L,-16.770339369782107,-0.0054903030401192154,-382.23098754883,47.0,0.8874414963484996,"[[218.0, 85.5], [217.5, 86.0], [217.5, 87.0], [217.5, 88.0], [217.5, 89.0], [217.5, 90.0], [218.0, 90.5], [218.5, 91.0], [219.0, 91.5], [220.0, 91.5], [220.5, 92.0], [221.0, 92.5], [222.0, 92.5], [223.0, 92.5], [224.0, 92.5], [225.0, 92.5], [225.5, 92.0], [226.0, 91.5], [226.5, 91.0], [226.0, 90.5], [225.5, 90.0], [225.0, 89.5], [224.5, 89.0], [224.0, 88.5], [223.5, 88.0], [223.5, 87.0], [223.0, 86.5], [222.5, 86.0], [222.0, 85.5], [221.0, 85.5], [220.5, 85.0], [220.0, 84.5], [219.0, 84.5], [218.5, 85.0]]"
SLICE,Z0,AL_L,-16.770339369782107,-0.0054903030401192154,-382.23098754883,0.0,,
SLICE,Z0,AB_L,-16.770339369782107,-0.0054903030401192154,-382.23098754883,0.0,,
SLICE,Z1,VL_R,-16.770339369782107,-0.0054903030401192154,-352.23098754883,1060.0,0.17290540787148437,"[[53.0, 54.5], [52.5, 55.0], [52.5, 56.0], [52.5, 57.0], [52.5, 58.0], [52.5, 59.0], [52.5, 60.0], [52.5, 61.0], [52.5, 62.0], [52.5, 63.0], [52.5, 64.0], [52.5, 65.0], [53.0, 65.5], [53.5, 66.0], [53.5, 67.0], [53.5, 68.0], [53.5, 69.0], [53.5, 70.0], [53.5, 71.0], [54.0, 71.5], [54.5, 72.0], [54.5, 73.0], [54.5, 74.0], [55.0, 74.5], [55.5, 75.0], [55.5, 76.0], [55.5, 77.0], [55.5, 78.0], [56.0, 78.5], [56.5, 79.0], [56.5, 80.0], [57.0, 80.5], [57.5, 81.0], [58.0, 81.5], [58.5, 82.0], [58.5, 83.0], [58.5, 84.0], [59.0, 84.5], [59.5, 85.0], [60.0, 85.5], [60.5, 86.0], [61.0, 86.5], [61.5, 87.0], [62.0, 87.5], [62.5, 88.0], [63.0, 88.5], [63.5, 89.0], [64.0, 89.5], [64.5, 90.0], [65.0, 90.5], [65.5, 91.0], [66.0, 91.5], [67.0, 91.5], [67.5, 92.0], [68.0, 92.5], [68.5, 93.0], [69.0, 93.5], [70.0, 93.5], [71.0, 93.5], [71.5, 94.0], [72.0, 94.5], [73.0, 94.5], [74.0, 94.5], [75.0, 94.5], [75.5, 94.0], [76.0, 93.5], [77.0, 93.5], [77.5, 93.0], [77.5, 92.0], [77.0, 91.5], [76.0, 91.5], [75.5, 91.0], [75.5, 90.0], [75.5, 89.0], [75.5, 88.0], [75.5, 87.0], [75.5, 86.0], [75.0, 85.5], [74.5, 85.0], [74.5, 84.0], [74.5, 83.0], [74.5, 82.0], [74.0, 81.5], [73.5, 81.0], [73.5, 80.0], [73.0, 79.5], [72.5, 79.0], [72.5, 78.0], [72.0, 77.5], [71.5, 77.0], [71.5, 76.0], [71.5, 75.0], [71.5, 74.0], [71.5, 73.0], [71.5, 72.0], [71.0, 71.5], [70.5, 71.0], [70.5, 70.0], [70.5, 69.0], [71.0, 68.5], [71.5, 68.0], [71.5, 67.0], [71.5, 66.0], [71.5, 65.0], [71.5, 64.0], [71.5, 63.0], [72.0, 62.5], [72.5, 62.0], [73.0, 61.5], [73.5, 61.0], [73.5, 60.0], [74.0, 59.5], [74.5, 59.0], [74.5, 58.0], [75.0, 57.5], [75.5, 57.0], [76.0, 56.5], [76.5, 56.0], [76.5, 55.0], [77.0, 54.5], [78.0, 54.5], [78.5, 54.0], [79.0, 53.5], [79.5, 53.0], [79.5, 52.0], [79.5, 51.0], [79.5, 50.0], [80.0, 49.5], [80.5, 49.0], [81.0, 48.5], [81.5, 48.0], [81.5, 47.0], [82.0, 46.5], [82.5, 46.0], [82.5, 45.0], [83.0, 44.5], [83.5, 44.0], [83.5, 43.0], [83.0, 42.5], [82.5, 42.0], [82.5, 41.0], [82.5, 40.0], [82.0, 39.5], [81.5, 39.0], [81.0, 38.5], [80.5, 38.0], [80.0, 37.5], [79.0, 37.5], [78.0, 37.5], [77.5, 37.0], [77.0, 36.5], [76.0, 36.5], [75.0, 36.5], [74.0, 36.5], [73.0, 36.5], [72.5, 37.0], [72.0, 37.5], [71.0, 37.5], [70.5, 38.0], [70.0, 38.5], [69.0, 38.5], [68.0, 38.5], [67.0, 38.5], [66.0, 38.5], [65.5, 39.0], [65.0, 39.5], [64.5, 40.0], [64.0, 40.5], [63.0, 40.5], [62.5, 41.0], [62.0, 41.5], [61.0, 41.5], [60.5, 42.0], [60.5, 43.0], [60.0, 43.5], [59.0, 43.5], [58.5, 44.0], [58.5, 45.0], [58.0, 45.5], [57.0, 45.5], [56.5, 46.0], [56.0, 46.5], [55.5, 47.0], [55.5, 48.0], [55.0, 48.5], [54.5, 49.0], [54.5, 50.0], [54.0, 50.5], [53.5, 51.0], [53.5, 52.0], [53.5, 53.0], [53.5, 54.0]]"
SLICE,Z1,VI_R,-16.770339369782107,-0.0054903030401192154,-352.23098754883,657.0,0.18732458070014812,"[[71.0, 68.5], [70.5, 69.0], [70.5, 70.0], [70.5, 71.0], [71.0, 71.5], [71.5, 72.0], [71.5, 73.0], [71.5, 74.0], [71.5, 75.0], [71.5, 76.0], [71.5, 77.0], [72.0, 77.5], [72.5, 78.0], [72.5, 79.0], [73.0, 79.5], [73.5, 80.0], [73.5, 81.0], [74.0, 81.5], [74.5, 82.0], [74.5, 83.0], [74.5, 84.0], [74.5, 85.0], [75.0, 85.5], [75.5, 86.0], [75.5, 87.0], [75.5, 88.0], [75.5, 89.0], [75.5, 90.0], [75.5, 91.0], [76.0, 91.5], [77.0, 91.5], [77.5, 92.0], [78.0, 92.5], [78.5, 92.0], [79.0, 91.5], [80.0, 91.5], [81.0, 91.5], [82.0, 91.5], [82.5, 91.0], [83.0, 90.5], [83.5, 90.0], [84.0, 89.5], [85.0, 89.5], [85.5, 89.0], [86.0, 88.5], [86.5, 88.0], [86.5, 87.0], [87.0, 86.5], [88.0, 86.5], [88.5, 86.0], [89.0, 85.5], [89.5, 85.0], [89.5, 84.0], [89.5, 83.0], [90.0, 82.5], [90.5, 82.0], [91.0, 81.5], [91.5, 81.0], [91.5, 80.0], [91.5, 79.0], [91.5, 78.0], [91.0, 77.5], [90.5, 77.0], [90.0, 76.5], [89.5, 76.0], [89.0, 75.5], [88.0, 75.5], [87.5, 75.0], [87.0, 74.5], [86.5, 74.0], [86.0, 73.5], [85.0, 73.5], [84.5, 73.0], [84.0, 72.5], [83.0, 72.5], [82.5, 72.0], [82.0, 71.5], [81.5, 71.0], [81.5, 70.0], [81.0, 69.5], [80.5, 69.0], [80.5, 68.0], [80.5, 67.0], [80.5, 66.0], [80.5, 65.0], [81.0, 64.5], [81.5, 64.0], [81.5, 63.0], [81.5, 62.0], [82.0, 61.5], [83.0, 61.5], [83.5, 61.0], [84.0, 60.5], [84.5, 60.0], [85.0, 59.5], [86.0, 59.5], [87.0, 59.5], [87.5, 59.0], [88.0, 58.5], [89.0, 58.5], [90.0, 58.5], [91.0, 58.5], [92.0, 58.5], [92.5, 59.0], [93.0, 59.5], [94.0, 59.5], [94.5, 60.0], [95.0, 60.5], [95.5, 61.0], [95.5, 62.0], [95.5, 63.0], [95.5, 64.0], [95.5, 65.0], [95.5, 66.0], [96.0, 66.5], [96.5, 67.0], [97.0, 67.5], [97.5, 67.0], [98.0, 66.5], [98.5, 66.0], [99.0, 65.5], [99.5, 65.0], [99.5, 64.0], [99.5, 63.0], [99.5, 62.0], [99.5, 61.0], [99.5, 60.0], [99.5, 59.0], [99.5, 58.0], [99.5, 57.0], [99.5, 56.0], [99.0, 55.5], [98.5, 55.0], [98.0, 54.5], [97.5, 54.0], [97.0, 53.5], [96.5, 53.0], [96.5, 52.0], [96.0, 51.5], [95.5, 51.0], [95.0, 50.5], [94.0, 50.5], [93.5, 50.0], [93.0, 49.5], [92.0, 49.5], [91.5, 49.0], [91.0, 48.5], [90.0, 48.5], [89.5, 48.0], [89.0, 47.5], [88.5, 47.0], [88.0, 46.5], [87.0, 46.5], [86.0, 46.5], [85.0, 46.5], [84.0, 46.5], [83.0, 46.5], [82.5, 47.0], [82.0, 47.5], [81.5, 48.0], [81.0, 48.5], [80.5, 49.0], [80.0, 49.5], [79.5, 50.0], [79.5, 51.0], [79.5, 52.0], [79.5, 53.0], [79.0, 53.5], [78.5, 54.0], [78.0, 54.5], [77.0, 54.5], [76.5, 55.0], [76.5, 56.0], [76.0, 56.5], [75.5, 57.0], [75.0, 57.5], [74.5, 58.0], [74.5, 59.0], [74.0, 59.5], [73.5, 60.0], [73.5, 61.0], [73.0, 61.5], [72.5, 62.0], [72.0, 62.5], [71.5, 63.0], [71.5, 64.0], [71.5, 65.0], [71.5, 66.0], [71.5, 67.0], [71.5, 68.0]]"
SLICE,Z1,VM_R,-16.770339369782107,-0.0054903030401192154,-352.23098754883,999.0,0.26651969899636335,"[[95.0, 41.5], [94.5, 42.0], [94.5, 43.0], [94.5, 44.0], [94.5, 45.0], [94.5, 46.0], [94.5, 47.0], [94.5, 48.0], [94.5, 49.0], [94.5, 50.0], [95.0, 50.5], [95.5, 51.0], [96.0, 51.5], [96.5, 52.0], [96.5, 53.0], [97.0, 53.5], [97.5, 54.0], [98.0, 54.5], [98.5, 55.0], [99.0, 55.5], [99.5, 56.0], [99.5, 57.0], [99.5, 58.0], [99.5, 59.0], [99.5, 60.0], [99.5, 61.0], [99.5, 62.0], [99.5, 63.0], [99.5, 64.0], [99.5, 65.0], [99.0, 65.5], [98.5, 66.0], [98.0, 66.5], [97.5, 67.0], [97.0, 67.5], [96.5, 68.0], [96.5, 69.0], [96.0, 69.5], [95.5, 70.0], [95.5, 71.0], [95.5, 72.0], [95.0, 72.5], [94.5, 73.0], [94.5, 74.0], [94.5, 75.0], [95.0, 75.5], [95.5, 76.0], [95.5, 77.0], [96.0, 77.5], [96.5, 78.0], [96.5, 79.0], [97.0, 79.5], [98.0, 79.5], [98.5, 80.0], [98.5, 81.0], [99.0, 81.5], [100.0, 81.5], [100.5, 82.0], [101.0, 82.5], [101.5, 83.0], [102.0, 83.5], [103.0, 83.5], [103.5, 84.0], [104.0, 84.5], [105.0, 84.5], [106.0, 84.5], [107.0, 84.5], [107.5, 84.0], [108.0, 83.5], [109.0, 83.5], [110.0, 83.5], [111.0, 83.5], [111.5, 83.0], [112.0, 82.5], [113.0, 82.5], [114.0, 82.5], [114.5, 82.0], [115.0, 81.5], [116.0, 81.5], [117.0, 81.5], [117.5, 81.0], [118.0, 80.5], [118.5, 80.0], [119.0, 79.5], [119.5, 79.0], [119.5, 78.0], [120.0, 77.5], [120.5, 77.0], [121.0, 76.5], [121.5, 76.0], [121.5, 75.0], [122.0, 74.5], [122.5, 74.0], [123.0, 73.5], [123.5, 73.0], [123.5, 72.0], [123.5, 71.0], [123.5, 70.0], [124.0, 69.5], [124.5, 69.0], [124.5, 68.0], [124.5, 67.0], [124.5, 66.0], [124.5, 65.0], [124.5, 64.0], [124.5, 63.0], [124.5, 62.0], [124.5, 61.0], [124.0, 60.5], [123.5, 60.0], [123.5, 59.0], [123.5, 58.0], [123.0, 57.5], [122.5, 57.0], [122.5, 56.0], [122.0, 55.5], [121.5, 55.0], [121.5, 54.0], [121.5, 53.0], [121.0, 52.5], [120.5, 52.0], [120.0, 51.5], [119.5, 51.0], [119.5, 50.0], [119.0, 49.5], [118.5, 49.0], [118.0, 48.5], [117.0, 48.5], [116.5, 48.0], [116.5, 47.0], [116.0, 46.5], [115.5, 46.0], [115.0, 45.5], [114.0, 45.5], [113.5, 45.0], [113.0, 44.5], [112.5, 44.0], [112.0, 43.5], [111.0, 43.5], [110.5, 43.0], [110.0, 42.5], [109.5, 42.0], [109.0, 41.5], [108.0, 41.5], [107.5, 41.0], [107.0, 40.5], [106.0, 40.5], [105.0, 40.5], [104.0, 40.5], [103.0, 40.5], [102.0, 40.5], [101.0, 40.5], [100.5, 40.0], [100.0, 39.5], [99.0, 39.5], [98.5, 40.0], [98.0, 40.5], [97.0, 40.5], [96.5, 41.0], [96.0, 41.5]]"
SLICE,Z1,RF_R,-16.770339369782107,-0.0054903030401192154,-352.23098754883,118.0,0.2746494519914295,"[[83.0, 39.5], [82.5, 40.0], [82.5, 41.0], [82.5, 42.0], [83.0, 42.5], [83.5, 43.0], [83.5, 44.0], [83.5, 45.0], [83.5, 46.0], [84.0, 46.5], [85.0, 46.5], [86.0, 46.5], [87.0, 46.5], [88.0, 46.5], [88.5, 47.0], [89.0, 47.5], [89.5, 48.0], [90.0, 48.5], [91.0, 48.5], [91.5, 49.0], [92.0, 49.5], [93.0, 49.5], [94.0, 49.5], [94.5, 49.0], [94.5, 48.0], [94.5, 47.0], [94.5, 46.0], [94.5, 45.0], [94.5, 44.0], [94.5, 43.0], [94.5, 42.0], [95.0, 41.5], [96.0, 41.5], [96.5, 41.0], [96.5, 40.0], [96.5, 39.0], [96.0, 38.5], [95.0, 38.5], [94.0, 38.5], [93.0, 38.5], [92.5, 38.0], [92.0, 37.5], [91.0, 37.5], [90.0, 37.5], [89.0, 37.5], [88.0, 37.5], [87.0, 37.5], [86.0, 37.5], [85.5, 38.0], [85.0, 38.5], [84.0, 38.5], [83.5, 39.0]]"
SLICE,Z1,SAR_R,-16.770339369782107,-0.0054903030401192154,-352.23098754883,244.0,0.43927320853975976,"[[114.0, 83.5], [113.5, 84.0], [113.5, 85.0], [114.0, 85.5], [114.5, 86.0], [115.0, 86.5], [115.5, 87.0], [115.5, 88.0], [115.5, 89.0], [115.5, 90.0], [115.5, 91.0], [116.0, 91.5], [116.5, 92.0], [117.0, 92.5], [117.5, 93.0], [118.0, 93.5], [119.0, 93.5], [119.5, 94.0], [120.0, 94.5], [121.0, 94.5], [122.0, 94.5], [123.0, 94.5], [124.0, 94.5], [124.5, 95.0], [125.0, 95.5], [126.0, 95.5], [127.0, 95.5], [128.0, 95.5], [128.5, 95.0], [129.0, 94.5], [129.5, 94.0], [129.5, 93.0], [130.0, 92.5], [130.5, 92.0], [130.5, 91.0], [130.5, 90.0], [130.0, 89.5], [129.5, 89.0], [129.5, 88.0], [129.5, 87.0], [129.5, 86.0], [129.5, 85.0], [129.5, 84.0], [129.0, 83.5], [128.5, 83.0], [128.5, 82.0], [128.5, 81.0], [128.0, 80.5], [127.5, 80.0], [127.5, 79.0], [127.5, 78.0], [127.0, 77.5], [126.5, 77.0], [126.5, 76.0], [126.5, 75.0], [126.0, 74.5], [125.5, 74.0], [125.0, 73.5], [124.5, 73.0], [124.5, 72.0], [124.0, 71.5], [123.5, 72.0], [123.5, 73.0], [123.0, 73.5], [122.5, 74.0], [122.0, 74.5], [121.5, 75.0], [121.5, 76.0], [121.0, 76.5], [120.5, 77.0], [120.0, 77.5], [119.5, 78.0], [119.5, 79.0], [119.0, 79.5], [118.5, 80.0], [118.0, 80.5], [117.5, 81.0], [117.0, 81.5], [116.0, 81.5], [115.0, 81.5], [114.5, 82.0], [114.5, 83.0]]"
SLICE,Z1,GRA_R,-16.770339369782107,-0.0054903030401192154,-352.23098754883,234.0,0.4013623658618915,"[[117.0, 98.5], [116.5, 99.0], [116.5, 100.0], [116.5, 101.0], [116.5, 102.0], [116.5, 103.0], [116.5, 104.0], [116.5, 105.0], [117.0, 105.5], [117.5, 106.0], [117.5, 107.0], [118.0, 107.5], [118.5, 108.0], [118.5, 109.0], [119.0, 109.5], [119.5, 110.0], [120.0, 110.5], [120.5, 111.0], [121.0, 111.5], [122.0, 111.5], [123.0, 111.5], [124.0, 111.5], [125.0, 111.5], [126.0, 111.5], [127.0, 111.5], [128.0, 111.5], [129.0, 111.5], [129.5, 111.0], [130.0, 110.5], [130.5, 110.0], [131.0, 109.5], [131.5, 109.0], [131.5, 108.0], [132.0, 107.5], [132.5, 107.0], [132.5, 106.0], [132.5, 105.0], [132.5, 104.0], [132.5, 103.0], [132.5, 102.0], [132.5, 101.0], [132.5, 100.0], [132.0, 99.5], [131.5, 99.0], [131.5, 98.0], [131.5, 97.0], [131.0, 96.5], [130.5, 96.0], [130.0, 95.5], [129.5, 95.0], [129.0, 94.5], [128.5, 95.0], [128.0, 95.5], [127.0, 95.5], [126.0, 95.5], [125.0, 95.5], [124.5, 95.0], [124.0, 94.5], [123.0, 94.5], [122.0, 94.5], [121.0, 94.5], [120.0, 94.5], [119.0, 94.5], [118.5, 95.0], [118.5, 96.0], [118.0, 96.5], [117.5, 97.0], [117.5, 98.0]]"
SLICE,Z1,SM_R,-16.770339369782107,-0.0054903030401192154,-352.23098754883,251.0,0.7613839418616454,"[[100.0, 94.5], [99.5, 95.0], [99.5, 96.0], [99.5, 97.0], [99.5, 98.0], [99.5, 99.0], [99.5, 100.0], [99.5, 101.0], [99.5, 102.0], [100.0, 102.5], [100.5, 103.0], [100.5, 104.0], [101.0, 104.5], [101.5, 105.0], [101.5, 106.0], [102.0, 106.5], [102.5, 107.0], [102.5, 108.0], [102.5, 109.0], [103.0, 109.5], [103.5, 110.0], [104.0, 110.5], [104.5, 111.0], [105.0, 111.5], [106.0, 111.5], [106.5, 112.0], [106.5, 113.0], [107.0, 113.5], [108.0, 113.5], [108.5, 114.0], [109.0, 114.5], [110.0, 114.5], [110.5, 115.0], [111.0, 115.5], [111.5, 116.0], [112.0, 116.5], [112.5, 117.0], [112.5, 118.0], [113.0, 118.5], [114.0, 118.5], [114.5, 118.0], [115.0, 117.5], [115.5, 117.0], [116.0, 116.5], [116.5, 116.0], [116.5, 115.0], [117.0, 114.5], [117.5, 114.0], [117.5, 113.0], [117.5, 112.0], [117.5, 111.0], [117.0, 110.5], [116.5, 110.0], [116.5, 109.0], [116.5, 108.0], [116.0, 107.5], [115.5, 107.0], [115.5, 106.0], [115.0, 105.5], [114.5, 105.0], [114.5, 104.0], [114.0, 103.5], [113.5, 103.0], [113.0, 102.5], [112.5, 102.0], [112.5, 101.0], [112.0, 100.5], [111.5, 100.0], [111.0, 99.5], [110.5, 99.0], [110.5, 98.0], [110.0, 97.5], [109.5, 97.0], [109.0, 96.5], [108.0, 96.5], [107.0, 96.5], [106.5, 96.0], [106.0, 95.5], [105.5, 95.0], [105.0, 94.5], [104.0, 94.5], [103.0, 94.5], [102.0, 94.5], [101.0, 94.5]]"
SLICE,Z1,ST_R,-16.770339369782107,-0.0054903030401192154,-352.23098754883,199.0,0.6565253202582533,"[[92.0, 105.5], [91.5, 106.0], [92.0, 106.5], [92.5, 107.0], [93.0, 107.5], [93.5, 108.0], [93.5, 109.0], [93.5, 110.0], [94.0, 110.5], [94.5, 111.0], [95.0, 111.5], [95.5, 112.0], [95.5, 113.0], [95.5, 114.0], [96.0, 114.5], [96.5, 115.0], [96.5, 116.0], [97.0, 116.5], [97.5, 117.0], [98.0, 117.5], [98.5, 118.0], [98.5, 119.0], [99.0, 119.5], [100.0, 119.5], [100.5, 120.0], [100.5, 121.0], [101.0, 121.5], [102.0, 121.5], [103.0, 121.5], [104.0, 121.5], [105.0, 121.5], [106.0, 121.5], [107.0, 121.5], [108.0, 121.5], [109.0, 121.5], [109.5, 121.0], [110.0, 120.5], [110.5, 120.0], [111.0, 119.5], [111.5, 119.0], [112.0, 118.5], [112.5, 118.0], [112.5, 117.0], [112.0, 116.5], [111.5, 116.0], [111.0, 115.5], [110.5, 115.0], [110.0, 114.5], [109.0, 114.5], [108.5, 114.0], [108.0, 113.5], [107.0, 113.5], [106.5, 113.0], [106.5, 112.0], [106.0, 111.5], [105.0, 111.5], [104.5, 111.0], [104.0, 110.5], [103.5, 110.0], [103.0, 109.5], [102.5, 109.0], [102.5, 108.0], [102.5, 107.0], [102.0, 106.5], [101.5, 106.0], [101.5, 105.0], [101.0, 104.5], [100.5, 104.0], [100.0, 103.5], [99.0, 103.5], [98.0, 103.5], [97.0, 103.5], [96.0, 103.5], [95.0, 103.5], [94.0, 103.5], [93.5, 104.0], [93.0, 104.5], [92.5, 105.0]]"
SLICE,Z1,BF_R,-16.770339369782107,-0.0054903030401192154,-352.23098754883,272.0,0.6051695959020096,"[[80.0, 104.5], [79.5, 105.0], [79.5, 106.0], [79.5, 107.0], [79.5, 108.0], [79.5, 109.0], [79.5, 110.0], [79.5, 111.0], [79.5, 112.0], [80.0, 112.5], [80.5, 113.0], [80.5, 114.0], [80.5, 115.0], [81.0, 115.5], [81.5, 116.0], [82.0, 116.5], [82.5, 117.0], [83.0, 117.5], [83.5, 118.0], [83.5, 119.0], [84.0, 119.5], [85.0, 119.5], [85.5, 120.0], [85.5, 121.0], [86.0, 121.5], [87.0, 121.5], [88.0, 121.5], [88.5, 122.0], [89.0, 122.5], [90.0, 122.5], [90.5, 123.0], [91.0, 123.5], [92.0, 123.5], [93.0, 123.5], [94.0, 123.5], [94.5, 123.0], [95.0, 122.5], [96.0, 122.5], [96.5, 122.0], [97.0, 121.5], [97.5, 121.0], [97.5, 120.0], [97.5, 119.0], [97.5, 118.0], [97.5, 117.0], [97.0, 116.5], [96.5, 116.0], [96.5, 115.0], [96.0, 114.5], [95.5, 114.0], [95.5, 113.0], [95.5, 112.0], [95.0, 111.5], [94.5, 111.0], [94.0, 110.5], [93.5, 110.0], [93.5, 109.0], [93.5, 108.0], [93.0, 107.5], [92.5, 107.0], [92.0, 106.5], [91.5, 106.0], [91.5, 105.0], [91.5, 104.0], [91.0, 103.5], [90.0, 103.5], [89.5, 103.0], [89.0, 102.5], [88.5, 102.0], [88.0, 101.5], [87.5, 101.0], [87.0, 100.5], [86.5, 101.0], [86.0, 101.5], [85.0, 101.5], [84.5, 102.0], [84.0, 102.5], [83.5, 103.0], [83.0, 103.5], [82.0, 103.5], [81.0, 103.5], [80.5, 104.0]]"
SLICE,Z1,BF_SH_R,-16.770339369782107,-0.0054903030401192154,-352.23098754883,209.0,0.524873348828885,"[[76.0, 93.5], [75.5, 94.0], [75.5, 95.0], [75.5, 96.0], [75.5, 97.0], [75.5, 98.0], [75.5, 99.0], [75.5, 100.0], [76.0, 100.5], [76.5, 101.0], [77.0, 101.5], [78.0, 101.5], [78.5, 102.0], [79.0, 102.5], [79.5, 103.0], [80.0, 103.5], [81.0, 103.5], [82.0, 103.5], [83.0, 103.5], [83.5, 103.0], [84.0, 102.5], [84.5, 102.0], [85.0, 101.5], [86.0, 101.5], [86.5, 101.0], [87.0, 100.5], [88.0, 100.5], [88.5, 100.0], [89.0, 99.5], [89.5, 99.0], [89.5, 98.0], [90.0, 97.5], [90.5, 97.0], [91.0, 96.5], [91.5, 96.0], [91.5, 95.0], [91.5, 94.0], [92.0, 93.5], [92.5, 93.0], [92.5, 92.0], [92.5, 91.0], [92.5, 90.0], [92.5, 89.0], [92.5, 88.0], [92.5, 87.0], [93.0, 86.5], [93.5, 86.0], [93.5, 85.0], [93.5, 84.0], [93.5, 83.0], [93.5, 82.0], [93.0, 81.5], [92.0, 81.5], [91.0, 81.5], [90.5, 82.0], [90.0, 82.5], [89.5, 83.0], [89.5, 84.0], [89.5, 85.0], [89.0, 85.5], [88.5, 86.0], [88.0, 86.5], [87.0, 86.5], [86.5, 87.0], [86.5, 88.0], [86.0, 88.5], [85.5, 89.0], [85.0, 89.5], [84.0, 89.5], [83.5, 90.0], [83.0, 90.5], [82.5, 91.0], [82.0, 91.5], [81.0, 91.5], [80.0, 91.5], [79.5, 92.0], [79.0, 92.5], [78.5, 93.0], [78.0, 93.5], [77.0, 93.5]]"
SLICE,Z1,AM_R,-16.770339369782107,-0.0054903030401192154,-352.23098754883,219.0,0.6026108756297895,"[[96.0, 90.5], [95.5, 91.0], [95.5, 92.0], [95.5, 93.0], [96.0, 93.5], [96.5, 94.0], [97.0, 94.5], [98.0, 94.5], [98.5, 95.0], [99.0, 95.5], [99.5, 95.0], [100.0, 94.5], [101.0, 94.5], [102.0, 94.5], [103.0, 94.5], [104.0, 94.5], [105.0, 94.5], [105.5, 95.0], [106.0, 95.5], [106.5, 96.0], [107.0, 96.5], [108.0, 96.5], [109.0, 96.5], [109.5, 97.0], [110.0, 97.5], [110.5, 98.0], [110.5, 99.0], [111.0, 99.5], [112.0, 99.5], [113.0, 99.5], [113.5, 99.0], [114.0, 98.5], [114.5, 98.0], [114.5, 97.0], [114.5, 96.0], [115.0, 95.5], [115.5, 95.0], [115.5, 94.0], [115.5, 93.0], [115.5, 92.0], [115.5, 91.0], [115.5, 90.0], [115.5, 89.0], [115.5, 88.0], [115.5, 87.0], [115.0, 86.5], [114.5, 86.0], [114.0, 85.5], [113.0, 85.5], [112.0, 85.5], [111.5, 86.0], [111.0, 86.5], [110.5, 87.0], [110.0, 87.5], [109.0, 87.5], [108.5, 88.0], [108.0, 88.5], [107.0, 88.5], [106.0, 88.5], [105.5, 88.0], [105.0, 87.5], [104.0, 87.5], [103.5, 87.0], [103.0, 86.5], [102.0, 86.5], [101.0, 86.5], [100.5, 86.0], [100.0, 85.5], [99.0, 85.5], [98.5, 86.0], [98.5, 87.0], [98.5, 88.0], [98.0, 88.5], [97.5, 89.0], [97.0, 89.5], [96.5, 90.0]]"
SLICE,Z1,AL_R,-16.770339369782107,-0.0054903030401192154,-352.23098754883,0.0,,
SLICE,Z1,AB_R,-16.770339369782107,-0.0054903030401192154,-352.23098754883,0.0,,
SLICE,Z1,VL_L,-16.770339369782107,-0.0054903030401192154,-352.23098754883,909.0,0.16448095049994677,"[[251.0, 46.5], [250.5, 47.0], [250.5, 48.0], [250.5, 49.0], [250.5, 50.0], [250.5, 51.0], [251.0, 51.5], [251.5, 52.0], [252.0, 52.5], [252.5, 53.0], [252.5, 54.0], [253.0, 54.5], [254.0, 54.5], [254.5, 55.0], [254.5, 56.0], [255.0, 56.5], [256.0, 56.5], [256.5, 57.0], [256.5, 58.0], [257.0, 58.5], [257.5, 59.0], [258.0, 59.5], [259.0, 59.5], [259.5, 60.0], [259.5, 61.0], [260.0, 61.5], [261.0, 61.5], [261.5, 62.0], [261.5, 63.0], [261.5, 64.0], [261.5, 65.0], [261.5, 66.0], [262.0, 66.5], [262.5, 67.0], [262.5, 68.0], [262.5, 69.0], [262.5, 70.0], [263.0, 70.5], [263.5, 71.0], [263.5, 72.0], [263.5, 73.0], [263.5, 74.0], [263.5, 75.0], [263.5, 76.0], [263.5, 77.0], [263.0, 77.5], [262.5, 78.0], [262.5, 79.0], [262.5, 80.0], [262.5, 81.0], [262.5, 82.0], [262.0, 82.5], [261.5, 83.0], [261.5, 84.0], [261.5, 85.0], [261.5, 86.0], [261.0, 86.5], [260.0, 86.5], [259.5, 87.0], [259.5, 88.0], [259.5, 89.0], [259.0, 89.5], [258.0, 89.5], [257.5, 90.0], [257.0, 90.5], [256.5, 91.0], [256.5, 92.0], [256.5, 93.0], [256.5, 94.0], [256.0, 94.5], [255.0, 94.5], [254.0, 94.5], [253.0, 94.5], [252.5, 95.0], [252.5, 96.0], [253.0, 96.5], [254.0, 96.5], [255.0, 96.5], [255.5, 97.0], [256.0, 97.5], [257.0, 97.5], [258.0, 97.5], [259.0, 97.5], [260.0, 97.5], [260.5, 97.0], [261.0, 96.5], [262.0, 96.5], [263.0, 96.5], [264.0, 96.5], [264.5, 96.0], [265.0, 95.5], [266.0, 95.5], [266.5, 95.0], [267.0, 94.5], [267.5, 94.0], [268.0, 93.5], [269.0, 93.5], [269.5, 93.0], [269.5, 92.0], [270.0, 91.5], [271.0, 91.5], [271.5, 91.0], [271.5, 90.0], [272.0, 89.5], [272.5, 89.0], [273.0, 88.5], [273.5, 88.0], [273.5, 87.0], [274.0, 86.5], [274.5, 86.0], [274.5, 85.0], [275.0, 84.5], [275.5, 84.0], [275.5, 83.0], [276.0, 82.5], [276.5, 82.0], [276.5, 81.0], [276.5, 80.0], [276.5, 79.0], [277.0, 78.5], [277.5, 78.0], [277.5, 77.0], [277.5, 76.0], [277.5, 75.0], [277.5, 74.0], [278.0, 73.5], [278.5, 73.0], [278.5, 72.0], [278.5, 71.0], [278.5, 70.0], [279.0, 69.5], [279.5, 69.0], [279.5, 68.0], [279.5, 67.0], [279.5, 66.0], [279.5, 65.0], [279.5, 64.0], [279.5, 63.0], [279.5, 62.0], [279.5, 61.0], [279.0, 60.5], [278.5, 60.0], [278.5, 59.0], [278.5, 58.0], [278.0, 57.5], [277.5, 57.0], [277.5, 56.0], [277.0, 55.5], [276.5, 55.0], [276.5, 54.0], [276.0, 53.5], [275.5, 53.0], [275.0, 52.5], [274.5, 52.0], [274.5, 51.0], [274.0, 50.5], [273.0, 50.5], [272.5, 50.0], [272.5, 49.0], [272.0, 48.5], [271.0, 48.5], [270.5, 48.0], [270.0, 47.5], [269.5, 47.0], [269.5, 46.0], [269.0, 45.5], [268.0, 45.5], [267.0, 45.5], [266.5, 45.0], [266.0, 44.5], [265.5, 44.0], [265.0, 43.5], [264.0, 43.5], [263.0, 43.5], [262.5, 43.0], [262.0, 42.5], [261.0, 42.5], [260.0, 42.5], [259.5, 42.0], [259.0, 41.5], [258.0, 41.5], [257.0, 41.5], [256.0, 41.5], [255.0, 41.5], [254.0, 41.5], [253.5, 42.0], [253.0, 42.5], [252.5, 43.0], [252.0, 43.5], [251.5, 44.0], [251.5, 45.0], [251.5, 46.0]]"
SLICE,Z1,VI_L,-16.770339369782107,-0.0054903030401192154,-352.23098754883,686.0,0.1613708054621028,"[[235.0, 57.5], [234.5, 58.0], [234.5, 59.0], [234.5, 60.0], [234.5, 61.0], [234.5, 62.0], [234.5, 63.0], [234.5, 64.0], [234.5, 65.0], [234.5, 66.0], [234.5, 67.0], [235.0, 67.5], [236.0, 67.5], [236.5, 67.0], [236.5, 66.0], [236.5, 65.0], [237.0, 64.5], [237.5, 64.0], [238.0, 63.5], [238.5, 63.0], [239.0, 62.5], [239.5, 62.0], [240.0, 61.5], [241.0, 61.5], [242.0, 61.5], [243.0, 61.5], [244.0, 61.5], [245.0, 61.5], [246.0, 61.5], [247.0, 61.5], [247.5, 62.0], [248.0, 62.5], [248.5, 63.0], [249.0, 63.5], [250.0, 63.5], [250.5, 64.0], [251.0, 64.5], [251.5, 65.0], [251.5, 66.0], [252.0, 66.5], [253.0, 66.5], [253.5, 67.0], [253.5, 68.0], [253.5, 69.0], [253.5, 70.0], [253.0, 70.5], [252.5, 71.0], [252.5, 72.0], [252.0, 72.5], [251.5, 73.0], [251.0, 73.5], [250.5, 74.0], [250.5, 75.0], [250.0, 75.5], [249.0, 75.5], [248.5, 76.0], [248.0, 76.5], [247.0, 76.5], [246.5, 77.0], [246.0, 77.5], [245.0, 77.5], [244.5, 78.0], [244.0, 78.5], [243.0, 78.5], [242.0, 78.5], [241.0, 78.5], [240.5, 79.0], [240.5, 80.0], [240.0, 80.5], [239.5, 81.0], [240.0, 81.5], [240.5, 82.0], [240.5, 83.0], [240.5, 84.0], [240.5, 85.0], [241.0, 85.5], [241.5, 86.0], [242.0, 86.5], [243.0, 86.5], [243.5, 87.0], [243.5, 88.0], [244.0, 88.5], [244.5, 89.0], [245.0, 89.5], [245.5, 90.0], [246.0, 90.5], [246.5, 91.0], [247.0, 91.5], [248.0, 91.5], [248.5, 92.0], [249.0, 92.5], [249.5, 93.0], [250.0, 93.5], [250.5, 94.0], [251.0, 94.5], [251.5, 95.0], [252.0, 95.5], [252.5, 95.0], [253.0, 94.5], [254.0, 94.5], [255.0, 94.5], [256.0, 94.5], [256.5, 94.0], [256.5, 93.0], [256.5, 92.0], [256.5, 91.0], [257.0, 90.5], [257.5, 90.0], [258.0, 89.5], [259.0, 89.5], [259.5, 89.0], [259.5, 88.0], [259.5, 87.0], [260.0, 86.5], [261.0, 86.5], [261.5, 86.0], [261.5, 85.0], [261.5, 84.0], [261.5, 83.0], [262.0, 82.5], [262.5, 82.0], [262.5, 81.0], [262.5, 80.0], [262.5, 79.0], [262.5, 78.0], [263.0, 77.5], [263.5, 77.0], [263.5, 76.0], [263.5, 75.0], [263.5, 74.0], [263.5, 73.0], [263.5, 72.0], [263.5, 71.0], [263.0, 70.5], [262.5, 70.0], [262.5, 69.0], [262.5, 68.0], [262.5, 67.0], [262.0, 66.5], [261.5, 66.0], [261.5, 65.0], [261.5, 64.0], [261.5, 63.0], [261.5, 62.0], [261.0, 61.5], [260.0, 61.5], [259.5, 61.0], [259.5, 60.0], [259.0, 59.5], [258.0, 59.5], [257.5, 59.0], [257.0, 58.5], [256.5, 58.0], [256.5, 57.0], [256.0, 56.5], [255.0, 56.5], [254.5, 56.0], [254.5, 55.0], [254.0, 54.5], [253.0, 54.5], [252.5, 54.0], [252.0, 53.5], [251.5, 53.0], [251.0, 52.5], [250.5, 52.0], [250.0, 51.5], [249.5, 51.0], [249.0, 50.5], [248.0, 50.5], [247.0, 50.5], [246.0, 50.5], [245.0, 50.5], [244.0, 50.5], [243.0, 50.5], [242.0, 50.5], [241.0, 50.5], [240.0, 50.5], [239.5, 51.0], [239.5, 52.0], [239.0, 52.5], [238.5, 53.0], [238.0, 53.5], [237.5, 54.0], [237.0, 54.5], [236.5, 55.0], [236.5, 56.0], [236.0, 56.5], [235.5, 57.0]]"
SLICE,Z1,VM_L,-16.770339369782107,-0.0054903030401192154,-352.23098754883,995.0,0.262800101626258,"[[209.0, 64.5], [208.5, 65.0], [208.5, 66.0], [209.0, 66.5], [209.5, 67.0], [209.5, 68.0], [209.5, 69.0], [210.0, 69.5], [210.5, 70.0], [210.5, 71.0], [210.5, 72.0], [210.5, 73.0], [211.0, 73.5], [211.5, 74.0], [211.5, 75.0], [212.0, 75.5], [212.5, 76.0], [213.0, 76.5], [213.5, 77.0], [214.0, 77.5], [214.5, 78.0], [215.0, 78.5], [215.5, 79.0], [216.0, 79.5], [216.5, 80.0], [217.0, 80.5], [217.5, 81.0], [218.0, 81.5], [219.0, 81.5], [219.5, 82.0], [220.0, 82.5], [220.5, 83.0], [221.0, 83.5], [222.0, 83.5], [223.0, 83.5], [223.5, 84.0], [224.0, 84.5], [225.0, 84.5], [226.0, 84.5], [227.0, 84.5], [228.0, 84.5], [229.0, 84.5], [230.0, 84.5], [231.0, 84.5], [232.0, 84.5], [233.0, 84.5], [234.0, 84.5], [234.5, 84.0], [234.5, 83.0], [235.0, 82.5], [235.5, 82.0], [236.0, 81.5], [236.5, 81.0], [236.5, 80.0], [236.5, 79.0], [236.5, 78.0], [236.5, 77.0], [236.5, 76.0], [236.5, 75.0], [236.5, 74.0], [236.5, 73.0], [236.5, 72.0], [236.5, 71.0], [236.5, 70.0], [236.5, 69.0], [236.0, 68.5], [235.5, 68.0], [235.0, 67.5], [234.5, 67.0], [234.5, 66.0], [234.5, 65.0], [234.5, 64.0], [234.5, 63.0], [234.5, 62.0], [234.5, 61.0], [234.5, 60.0], [234.5, 59.0], [234.5, 58.0], [235.0, 57.5], [235.5, 57.0], [236.0, 56.5], [236.5, 56.0], [236.5, 55.0], [237.0, 54.5], [237.5, 54.0], [238.0, 53.5], [238.5, 53.0], [239.0, 52.5], [239.5, 52.0], [239.5, 51.0], [240.0, 50.5], [240.5, 50.0], [240.5, 49.0], [240.5, 48.0], [240.5, 47.0], [240.5, 46.0], [240.5, 45.0], [240.0, 44.5], [239.5, 44.0], [239.0, 43.5], [238.0, 43.5], [237.5, 43.0], [237.0, 42.5], [236.0, 42.5], [235.0, 42.5], [234.5, 42.0], [234.0, 41.5], [233.0, 41.5], [232.0, 41.5], [231.0, 41.5], [230.0, 41.5], [229.0, 41.5], [228.0, 41.5], [227.0, 41.5], [226.0, 41.5], [225.5, 42.0], [225.0, 42.5], [224.5, 43.0], [224.0, 43.5], [223.0, 43.5], [222.0, 43.5], [221.5, 44.0], [221.0, 44.5], [220.5, 45.0], [220.0, 45.5], [219.0, 45.5], [218.5, 46.0], [218.0, 46.5], [217.5, 47.0], [217.0, 47.5], [216.0, 47.5], [215.5, 48.0], [215.0, 48.5], [214.5, 49.0], [214.0, 49.5], [213.5, 50.0], [213.5, 51.0], [213.0, 51.5], [212.5, 52.0], [212.5, 53.0], [212.0, 53.5], [211.0, 53.5], [210.5, 54.0], [210.5, 55.0], [210.5, 56.0], [210.5, 57.0], [210.0, 57.5], [209.5, 58.0], [209.5, 59.0], [209.5, 60.0], [209.5, 61.0], [209.5, 62.0], [209.5, 63.0], [209.5, 64.0]]"
SLICE,Z1,RF_L,-16.770339369782107,-0.0054903030401192154,-352.23098754883,100.0,0.39987975774470674,"[[238.0, 42.5], [237.5, 43.0], [238.0, 43.5], [239.0, 43.5], [239.5, 44.0], [240.0, 44.5], [240.5, 45.0], [240.5, 46.0], [240.5, 47.0], [240.5, 48.0], [240.5, 49.0], [240.5, 50.0], [241.0, 50.5], [242.0, 50.5], [243.0, 50.5], [244.0, 50.5], [245.0, 50.5], [246.0, 50.5], [246.5, 50.0], [247.0, 49.5], [248.0, 49.5], [249.0, 49.5], [249.5, 49.0], [250.0, 48.5], [250.5, 48.0], [250.5, 47.0], [251.0, 46.5], [251.5, 46.0], [251.5, 45.0], [251.0, 44.5], [250.5, 44.0], [250.0, 43.5], [249.5, 43.0], [249.5, 42.0], [249.0, 41.5], [248.0, 41.5], [247.5, 41.0], [247.0, 40.5], [246.0, 40.5], [245.0, 40.5], [244.0, 40.5], [243.0, 40.5], [242.0, 40.5], [241.0, 40.5], [240.0, 40.5], [239.0, 40.5], [238.5, 41.0], [238.5, 42.0]]"
SLICE,Z1,SAR_L,-16.770339369782107,-0.0054903030401192154,-352.23098754883,263.0,0.4156395086939827,"[[202.0, 82.5], [201.5, 83.0], [201.5, 84.0], [202.0, 84.5], [202.5, 85.0], [202.5, 86.0], [202.5, 87.0], [202.5, 88.0], [202.5, 89.0], [202.5, 90.0], [202.5, 91.0], [203.0, 91.5], [203.5, 92.0], [203.5, 93.0], [203.5, 94.0], [204.0, 94.5], [205.0, 94.5], [206.0, 94.5], [207.0, 94.5], [208.0, 94.5], [209.0, 94.5], [210.0, 94.5], [211.0, 94.5], [211.5, 94.0], [212.0, 93.5], [212.5, 93.0], [213.0, 92.5], [214.0, 92.5], [214.5, 92.0], [215.0, 91.5], [215.5, 91.0], [215.5, 90.0], [216.0, 89.5], [216.5, 89.0], [216.5, 88.0], [216.5, 87.0], [216.5, 86.0], [216.5, 85.0], [216.5, 84.0], [216.5, 83.0], [216.0, 82.5], [215.5, 82.0], [215.5, 81.0], [215.5, 80.0], [215.5, 79.0], [215.0, 78.5], [214.5, 78.0], [214.0, 77.5], [213.5, 77.0], [213.0, 76.5], [212.5, 76.0], [212.0, 75.5], [211.5, 75.0], [211.5, 74.0], [211.0, 73.5], [210.5, 73.0], [210.5, 72.0], [210.5, 71.0], [210.0, 70.5], [209.0, 70.5], [208.5, 71.0], [208.0, 71.5], [207.0, 71.5], [206.5, 72.0], [206.0, 72.5], [205.5, 73.0], [205.0, 73.5], [204.5, 74.0], [204.0, 74.5], [203.5, 75.0], [203.5, 76.0], [203.5, 77.0], [203.0, 77.5], [202.5, 78.0], [202.5, 79.0], [202.5, 80.0], [202.5, 81.0], [202.5, 82.0]]"
SLICE,Z1,GRA_L,-16.770339369782107,-0.0054903030401192154,-352.23098754883,226.0,0.41847363242451,"[[197.0, 101.5], [196.5, 102.0], [196.5, 103.0], [196.5, 104.0], [196.5, 105.0], [196.5, 106.0], [197.0, 106.5], [197.5, 107.0], [197.5, 108.0], [198.0, 108.5], [198.5, 109.0], [199.0, 109.5], [200.0, 109.5], [200.5, 110.0], [201.0, 110.5], [202.0, 110.5], [202.5, 110.0], [203.0, 109.5], [204.0, 109.5], [205.0, 109.5], [206.0, 109.5], [207.0, 109.5], [208.0, 109.5], [209.0, 109.5], [210.0, 109.5], [211.0, 109.5], [211.5, 109.0], [211.5, 108.0], [212.0, 107.5], [212.5, 107.0], [213.0, 106.5], [213.5, 106.0], [213.5, 105.0], [214.0, 104.5], [214.5, 104.0], [214.5, 103.0], [214.5, 102.0], [214.5, 101.0], [214.5, 100.0], [214.0, 99.5], [213.5, 99.0], [213.0, 98.5], [212.5, 98.0], [212.5, 97.0], [212.0, 96.5], [211.5, 96.0], [211.0, 95.5], [210.5, 95.0], [210.0, 94.5], [209.0, 94.5], [208.0, 94.5], [207.0, 94.5], [206.0, 94.5], [205.0, 94.5], [204.0, 94.5], [203.0, 94.5], [202.5, 95.0], [202.0, 95.5], [201.0, 95.5], [200.5, 96.0], [200.0, 96.5], [199.5, 97.0], [199.0, 97.5], [198.5, 98.0], [198.5, 99.0], [198.5, 100.0], [198.0, 100.5], [197.5, 101.0]]"
SLICE,Z1,SM_L,-16.770339369782107,-0.0054903030401192154,-352.23098754883,226.0,0.8036081166639847,"[[212.0, 110.5], [211.5, 111.0], [211.5, 112.0], [211.5, 113.0], [211.5, 114.0], [212.0, 114.5], [212.5, 115.0], [213.0, 115.5], [213.5, 115.0], [214.0, 114.5], [214.5, 114.0], [214.5, 113.0], [214.5, 112.0], [215.0, 111.5], [216.0, 111.5], [216.5, 111.0], [217.0, 110.5], [218.0, 110.5], [219.0, 110.5], [219.5, 110.0], [220.0, 109.5], [221.0, 109.5], [222.0, 109.5], [223.0, 109.5], [224.0, 109.5], [225.0, 109.5], [226.0, 109.5], [226.5, 109.0], [227.0, 108.5], [227.5, 108.0], [228.0, 107.5], [229.0, 107.5], [229.5, 107.0], [230.0, 106.5], [231.0, 106.5], [231.5, 106.0], [231.5, 105.0], [232.0, 104.5], [233.0, 104.5], [233.5, 104.0], [233.5, 103.0], [234.0, 102.5], [234.5, 102.0], [234.5, 101.0], [234.5, 100.0], [234.5, 99.0], [234.5, 98.0], [234.0, 97.5], [233.5, 97.0], [233.5, 96.0], [233.0, 95.5], [232.0, 95.5], [231.0, 95.5], [230.5, 95.0], [230.0, 94.5], [229.0, 94.5], [228.5, 95.0], [228.0, 95.5], [227.0, 95.5], [226.5, 96.0], [226.0, 96.5], [225.0, 96.5], [224.0, 96.5], [223.5, 97.0], [223.0, 97.5], [222.0, 97.5], [221.5, 98.0], [221.5, 99.0], [221.0, 99.5], [220.0, 99.5], [219.5, 100.0], [219.0, 100.5], [218.5, 101.0], [218.0, 101.5], [217.5, 102.0], [217.0, 102.5], [216.5, 103.0], [216.0, 103.5], [215.5, 104.0], [215.5, 105.0], [215.0, 105.5], [214.5, 106.0], [214.5, 107.0], [214.0, 107.5], [213.5, 108.0], [213.0, 108.5], [212.5, 109.0], [212.5, 110.0]]"
SLICE,Z1,ST_L,-16.770339369782107,-0.0054903030401192154,-352.23098754883,179.0,0.631094593835688,"[[214.0, 114.5], [213.5, 115.0], [213.5, 116.0], [214.0, 116.5], [215.0, 116.5], [216.0, 116.5], [217.0, 116.5], [217.5, 117.0], [217.5, 118.0], [218.0, 118.5], [218.5, 119.0], [219.0, 119.5], [219.5, 120.0], [220.0, 120.5], [221.0, 120.5], [222.0, 120.5], [223.0, 120.5], [224.0, 120.5], [225.0, 120.5], [226.0, 120.5], [226.5, 120.0], [227.0, 119.5], [228.0, 119.5], [228.5, 119.0], [229.0, 118.5], [229.5, 118.0], [229.5, 117.0], [230.0, 116.5], [231.0, 116.5], [231.5, 116.0], [231.5, 115.0], [232.0, 114.5], [232.5, 114.0], [232.5, 113.0], [233.0, 112.5], [233.5, 112.0], [233.5, 111.0], [233.5, 110.0], [233.5, 109.0], [233.5, 108.0], [233.0, 107.5], [232.5, 107.0], [232.0, 106.5], [231.0, 106.5], [230.0, 106.5], [229.5, 107.0], [229.0, 107.5], [228.0, 107.5], [227.5, 108.0], [227.0, 108.5], [226.5, 109.0], [226.0, 109.5], [225.0, 109.5], [224.0, 109.5], [223.0, 109.5], [222.0, 109.5], [221.0, 109.5], [220.0, 109.5], [219.5, 110.0], [219.0, 110.5], [218.0, 110.5], [217.0, 110.5], [216.5, 111.0], [216.0, 111.5], [215.0, 111.5], [214.5, 112.0], [214.5, 113.0], [214.5, 114.0]]"
SLICE,Z1,BF_L,-16.770339369782107,-0.0054903030401192154,-352.23098754883,272.0,0.6942898748146312,"[[229.0, 118.5], [228.5, 119.0], [228.5, 120.0], [228.5, 121.0], [228.5, 122.0], [229.0, 122.5], [229.5, 123.0], [230.0, 123.5], [230.5, 124.0], [231.0, 124.5], [232.0, 124.5], [233.0, 124.5], [234.0, 124.5], [235.0, 124.5], [236.0, 124.5], [237.0, 124.5], [238.0, 124.5], [238.5, 124.0], [239.0, 123.5], [239.5, 123.0], [240.0, 122.5], [240.5, 122.0], [241.0, 121.5], [242.0, 121.5], [242.5, 121.0], [243.0, 120.5], [244.0, 120.5], [244.5, 120.0], [245.0, 119.5], [245.5, 119.0], [246.0, 118.5], [246.5, 118.0], [246.5, 117.0], [247.0, 116.5], [247.5, 116.0], [247.5, 115.0], [248.0, 114.5], [248.5, 114.0], [248.5, 113.0], [249.0, 112.5], [249.5, 112.0], [249.5, 111.0], [249.5, 110.0], [249.0, 109.5], [248.5, 109.0], [248.0, 108.5], [247.0, 108.5], [246.5, 108.0], [246.0, 107.5], [245.5, 107.0], [245.0, 106.5], [244.0, 106.5], [243.5, 106.0], [243.0, 105.5], [242.5, 105.0], [242.0, 104.5], [241.5, 104.0], [241.0, 103.5], [240.0, 103.5], [239.0, 103.5], [238.0, 103.5], [237.5, 104.0], [237.0, 104.5], [236.0, 104.5], [235.5, 105.0], [235.5, 106.0], [235.5, 107.0], [235.5, 108.0], [235.5, 109.0], [235.5, 110.0], [235.0, 110.5], [234.5, 111.0], [234.0, 111.5], [233.5, 112.0], [233.5, 113.0], [233.0, 113.5], [232.5, 114.0], [232.0, 114.5], [231.5, 115.0], [231.5, 116.0], [231.0, 116.5], [230.0, 116.5], [229.5, 117.0], [229.5, 118.0]]"
SLICE,Z1,BF_SH_L,-16.770339369782107,-0.0054903030401192154,-352.23098754883,233.0,0.5185667690395144,"[[240.0, 84.5], [239.5, 85.0], [239.5, 86.0], [239.5, 87.0], [240.0, 87.5], [240.5, 88.0], [240.5, 89.0], [240.5, 90.0], [240.5, 91.0], [240.5, 92.0], [240.5, 93.0], [240.0, 93.5], [239.5, 94.0], [240.0, 94.5], [240.5, 95.0], [240.5, 96.0], [240.5, 97.0], [240.5, 98.0], [240.5, 99.0], [240.5, 100.0], [240.5, 101.0], [240.5, 102.0], [240.5, 103.0], [241.0, 103.5], [241.5, 104.0], [242.0, 104.5], [242.5, 105.0], [243.0, 105.5], [243.5, 106.0], [244.0, 106.5], [245.0, 106.5], [245.5, 107.0], [246.0, 107.5], [246.5, 108.0], [247.0, 108.5], [248.0, 108.5], [248.5, 109.0], [249.0, 109.5], [250.0, 109.5], [251.0, 109.5], [251.5, 109.0], [252.0, 108.5], [252.5, 108.0], [253.0, 107.5], [253.5, 107.0], [254.0, 106.5], [254.5, 106.0], [254.5, 105.0], [255.0, 104.5], [255.5, 104.0], [255.5, 103.0], [255.5, 102.0], [255.5, 101.0], [255.5, 100.0], [255.5, 99.0], [255.0, 98.5], [254.5, 98.0], [254.5, 97.0], [254.0, 96.5], [253.0, 96.5], [252.5, 96.0], [252.0, 95.5], [251.5, 95.0], [251.0, 94.5], [250.5, 94.0], [250.0, 93.5], [249.5, 93.0], [249.0, 92.5], [248.5, 92.0], [248.0, 91.5], [247.0, 91.5], [246.5, 91.0], [246.0, 90.5], [245.5, 90.0], [245.0, 89.5], [244.5, 89.0], [244.0, 88.5], [243.5, 88.0], [243.5, 87.0], [243.0, 86.5], [242.0, 86.5], [241.5, 86.0], [241.0, 85.5], [240.5, 85.0]]"
SLICE,Z1,AM_L,-16.770339369782107,-0.0054903030401192154,-352.23098754883,237.0,0.638433851814061,"[[215.0, 91.5], [214.5, 92.0], [214.5, 93.0], [214.5, 94.0], [215.0, 94.5], [215.5, 95.0], [215.5, 96.0], [215.5, 97.0], [216.0, 97.5], [216.5, 98.0], [216.5, 99.0], [217.0, 99.5], [218.0, 99.5], [219.0, 99.5], [220.0, 99.5], [221.0, 99.5], [221.5, 99.0], [221.5, 98.0], [222.0, 97.5], [223.0, 97.5], [223.5, 97.0], [224.0, 96.5], [225.0, 96.5], [226.0, 96.5], [226.5, 96.0], [227.0, 95.5], [228.0, 95.5], [228.5, 95.0], [229.0, 94.5], [230.0, 94.5], [230.5, 94.0], [231.0, 93.5], [231.5, 93.0], [231.5, 92.0], [232.0, 91.5], [233.0, 91.5], [234.0, 91.5], [235.0, 91.5], [235.5, 91.0], [236.0, 90.5], [236.5, 90.0], [237.0, 89.5], [238.0, 89.5], [238.5, 89.0], [239.0, 88.5], [239.5, 88.0], [239.5, 87.0], [239.5, 86.0], [239.5, 85.0], [239.5, 84.0], [239.5, 83.0], [239.5, 82.0], [239.5, 81.0], [239.0, 80.5], [238.0, 80.5], [237.5, 80.0], [237.0, 79.5], [236.5, 80.0], [236.5, 81.0], [236.0, 81.5], [235.5, 82.0], [235.0, 82.5], [234.5, 83.0], [234.5, 84.0], [234.0, 84.5], [233.0, 84.5], [232.0, 84.5], [231.0, 84.5], [230.5, 85.0], [230.0, 85.5], [229.5, 86.0], [229.0, 86.5], [228.5, 87.0], [228.0, 87.5], [227.0, 87.5], [226.0, 87.5], [225.5, 88.0], [225.0, 88.5], [224.5, 88.0], [224.0, 87.5], [223.0, 87.5], [222.5, 87.0], [222.0, 86.5], [221.5, 86.0], [221.0, 85.5], [220.0, 85.5], [219.0, 85.5], [218.5, 85.0], [218.0, 84.5], [217.5, 85.0], [217.0, 85.5], [216.5, 86.0], [216.5, 87.0], [216.5, 88.0], [216.5, 89.0], [216.0, 89.5], [215.5, 90.0], [215.5, 91.0]]"
SLICE,Z1,AL_L,-16.770339369782107,-0.0054903030401192154,-352.23098754883,0.0,,
SLICE,Z1,AB_L,-16.770339369782107,-0.0054903030401192154,-352.23098754883,0.0,,
SLICE,Z2,VL_R,-16.770339369782107,-0.0054903030401192154,-322.23098754883,1252.0,0.17649228425015956,"[[52.0, 56.5], [51.5, 57.0], [51.5, 58.0], [51.5, 59.0], [51.5, 60.0], [51.5, 61.0], [51.5, 62.0], [51.5, 63.0], [51.5, 64.0], [51.5, 65.0], [51.5, 66.0], [52.0, 66.5], [52.5, 67.0], [52.5, 68.0], [52.5, 69.0], [52.5, 70.0], [52.5, 71.0], [53.0, 71.5], [53.5, 72.0], [53.5, 73.0], [53.5, 74.0], [53.5, 75.0], [53.5, 76.0], [53.5, 77.0], [53.5, 78.0], [54.0, 78.5], [54.5, 79.0], [54.5, 80.0], [55.0, 80.5], [55.5, 81.0], [55.5, 82.0], [55.5, 83.0], [56.0, 83.5], [56.5, 84.0], [57.0, 84.5], [57.5, 85.0], [57.5, 86.0], [58.0, 86.5], [58.5, 87.0], [58.5, 88.0], [59.0, 88.5], [59.5, 89.0], [60.0, 89.5], [60.5, 90.0], [61.0, 90.5], [61.5, 91.0], [62.0, 91.5], [63.0, 91.5], [63.5, 92.0], [64.0, 92.5], [65.0, 92.5], [65.5, 93.0], [66.0, 93.5], [66.5, 94.0], [67.0, 94.5], [68.0, 94.5], [69.0, 94.5], [70.0, 94.5], [71.0, 94.5], [71.5, 95.0], [72.0, 95.5], [73.0, 95.5], [74.0, 95.5], [75.0, 95.5], [76.0, 95.5], [76.5, 95.0], [77.0, 94.5], [78.0, 94.5], [78.5, 94.0], [79.0, 93.5], [79.5, 93.0], [79.5, 92.0], [79.0, 91.5], [78.5, 91.0], [78.5, 90.0], [78.0, 89.5], [77.5, 89.0], [77.5, 88.0], [77.5, 87.0], [77.0, 86.5], [76.5, 86.0], [76.5, 85.0], [76.0, 84.5], [75.5, 84.0], [75.0, 83.5], [74.5, 83.0], [74.5, 82.0], [74.5, 81.0], [74.0, 80.5], [73.5, 80.0], [73.0, 79.5], [72.5, 79.0], [72.5, 78.0], [72.0, 77.5], [71.5, 77.0], [71.5, 76.0], [71.5, 75.0], [71.0, 74.5], [70.5, 74.0], [70.5, 73.0], [70.5, 72.0], [71.0, 71.5], [71.5, 71.0], [71.5, 70.0], [71.5, 69.0], [71.5, 68.0], [71.5, 67.0], [71.5, 66.0], [72.0, 65.5], [72.5, 65.0], [73.0, 64.5], [73.5, 64.0], [74.0, 63.5], [74.5, 63.0], [74.5, 62.0], [75.0, 61.5], [75.5, 61.0], [75.5, 60.0], [76.0, 59.5], [76.5, 59.0], [76.5, 58.0], [76.5, 57.0], [76.5, 56.0], [76.5, 55.0], [77.0, 54.5], [77.5, 54.0], [77.5, 53.0], [78.0, 52.5], [78.5, 52.0], [79.0, 51.5], [79.5, 51.0], [79.5, 50.0], [80.0, 49.5], [80.5, 49.0], [80.5, 48.0], [80.5, 47.0], [81.0, 46.5], [81.5, 46.0], [81.5, 45.0], [81.5, 44.0], [81.5, 43.0], [81.5, 42.0], [81.5, 41.0], [81.5, 40.0], [81.5, 39.0], [81.5, 38.0], [81.0, 37.5], [80.5, 37.0], [80.0, 36.5], [79.5, 36.0], [79.0, 35.5], [78.0, 35.5], [77.0, 35.5], [76.5, 35.0], [76.0, 34.5], [75.0, 34.5], [74.0, 34.5], [73.0, 34.5], [72.0, 34.5], [71.0, 34.5], [70.0, 34.5], [69.0, 34.5], [68.5, 35.0], [68.0, 35.5], [67.0, 35.5], [66.0, 35.5], [65.0, 35.5], [64.5, 36.0], [64.0, 36.5], [63.5, 37.0], [63.0, 37.5], [62.5, 38.0], [62.0, 38.5], [61.0, 38.5], [60.5, 39.0], [60.0, 39.5], [59.5, 40.0], [59.0, 40.5], [58.0, 40.5], [57.5, 41.0], [57.0, 41.5], [56.5, 42.0], [56.0, 42.5], [55.5, 43.0], [55.5, 44.0], [55.0, 44.5], [54.5, 45.0], [54.0, 45.5], [53.5, 46.0], [53.5, 47.0], [53.5, 48.0], [53.5, 49.0], [53.5, 50.0], [53.5, 51.0], [53.5, 52.0], [53.5, 53.0], [53.5, 54.0], [53.0, 54.5], [52.5, 55.0], [52.5, 56.0]]"
SLICE,Z2,VI_R,-16.770339369782107,-0.0054903030401192154,-322.23098754883,633.0,0.19515799020449542,"[[71.0, 71.5], [70.5, 72.0], [70.5, 73.0], [70.5, 74.0], [71.0, 74.5], [71.5, 75.0], [71.5, 76.0], [71.5, 77.0], [72.0, 77.5], [72.5, 78.0], [72.5, 79.0], [73.0, 79.5], [73.5, 80.0], [74.0, 80.5], [74.5, 81.0], [74.5, 82.0], [74.5, 83.0], [75.0, 83.5], [75.5, 84.0], [76.0, 84.5], [76.5, 85.0], [76.5, 86.0], [77.0, 86.5], [77.5, 87.0], [77.5, 88.0], [77.5, 89.0], [78.0, 89.5], [78.5, 90.0], [78.5, 91.0], [79.0, 91.5], [80.0, 91.5], [81.0, 91.5], [82.0, 91.5], [82.5, 91.0], [83.0, 90.5], [83.5, 90.0], [84.0, 89.5], [85.0, 89.5], [85.5, 89.0], [86.0, 88.5], [86.5, 88.0], [86.5, 87.0], [87.0, 86.5], [87.5, 86.0], [88.0, 85.5], [88.5, 85.0], [89.0, 84.5], [89.5, 84.0], [89.5, 83.0], [89.5, 82.0], [89.5, 81.0], [89.5, 80.0], [90.0, 79.5], [90.5, 79.0], [90.5, 78.0], [90.5, 77.0], [90.0, 76.5], [89.5, 76.0], [89.0, 75.5], [88.5, 75.0], [88.0, 74.5], [87.0, 74.5], [86.5, 74.0], [86.0, 73.5], [85.0, 73.5], [84.5, 73.0], [84.0, 72.5], [83.5, 72.0], [83.0, 71.5], [82.0, 71.5], [81.5, 71.0], [81.0, 70.5], [80.5, 70.0], [80.5, 69.0], [80.0, 68.5], [79.5, 68.0], [79.5, 67.0], [79.5, 66.0], [79.5, 65.0], [79.5, 64.0], [79.5, 63.0], [79.5, 62.0], [80.0, 61.5], [81.0, 61.5], [81.5, 61.0], [81.5, 60.0], [82.0, 59.5], [83.0, 59.5], [84.0, 59.5], [84.5, 59.0], [85.0, 58.5], [86.0, 58.5], [86.5, 58.0], [87.0, 57.5], [88.0, 57.5], [89.0, 57.5], [89.5, 58.0], [90.0, 58.5], [90.5, 59.0], [91.0, 59.5], [92.0, 59.5], [92.5, 60.0], [92.5, 61.0], [93.0, 61.5], [93.5, 62.0], [93.5, 63.0], [93.5, 64.0], [93.5, 65.0], [93.5, 66.0], [93.5, 67.0], [93.5, 68.0], [93.5, 69.0], [93.5, 70.0], [94.0, 70.5], [95.0, 70.5], [95.5, 70.0], [96.0, 69.5], [97.0, 69.5], [97.5, 69.0], [98.0, 68.5], [98.5, 68.0], [99.0, 67.5], [99.5, 67.0], [100.0, 66.5], [100.5, 66.0], [100.5, 65.0], [100.5, 64.0], [100.5, 63.0], [100.5, 62.0], [100.5, 61.0], [100.5, 60.0], [100.5, 59.0], [100.5, 58.0], [100.0, 57.5], [99.5, 57.0], [99.5, 56.0], [99.5, 55.0], [99.0, 54.5], [98.0, 54.5], [97.5, 54.0], [97.5, 53.0], [97.0, 52.5], [96.5, 52.0], [96.5, 51.0], [96.0, 50.5], [95.0, 50.5], [94.5, 50.0], [94.0, 49.5], [93.0, 49.5], [92.0, 49.5], [91.0, 49.5], [90.0, 49.5], [89.5, 49.0], [89.0, 48.5], [88.0, 48.5], [87.0, 48.5], [86.5, 48.0], [86.0, 47.5], [85.0, 47.5], [84.0, 47.5], [83.0, 47.5], [82.0, 47.5], [81.5, 48.0], [81.0, 48.5], [80.5, 49.0], [80.0, 49.5], [79.5, 50.0], [79.5, 51.0], [79.0, 51.5], [78.5, 52.0], [78.0, 52.5], [77.5, 53.0], [77.5, 54.0], [77.0, 54.5], [76.5, 55.0], [76.5, 56.0], [76.5, 57.0], [76.5, 58.0], [76.5, 59.0], [76.0, 59.5], [75.5, 60.0], [75.5, 61.0], [75.0, 61.5], [74.5, 62.0], [74.5, 63.0], [74.0, 63.5], [73.5, 64.0], [73.0, 64.5], [72.5, 65.0], [72.0, 65.5], [71.5, 66.0], [71.5, 67.0], [71.5, 68.0], [71.5, 69.0], [71.5, 70.0], [71.5, 71.0]]"
SLICE,Z2,VM_R,-16.770339369782107,-0.0054903030401192154,-322.23098754883,709.0,0.2838389429438031,"[[94.0, 70.5], [93.5, 71.0], [93.5, 72.0], [93.5, 73.0], [93.5, 74.0], [93.5, 75.0], [93.5, 76.0], [94.0, 76.5], [94.5, 77.0], [95.0, 77.5], [96.0, 77.5], [96.5, 78.0], [96.5, 79.0], [97.0, 79.5], [98.0, 79.5], [98.5, 80.0], [98.5, 81.0], [99.0, 81.5], [100.0, 81.5], [101.0, 81.5], [102.0, 81.5], [103.0, 81.5], [104.0, 81.5], [105.0, 81.5], [106.0, 81.5], [107.0, 81.5], [107.5, 81.0], [108.0, 80.5], [109.0, 80.5], [110.0, 80.5], [110.5, 80.0], [111.0, 79.5], [112.0, 79.5], [113.0, 79.5], [114.0, 79.5], [114.5, 79.0], [114.5, 78.0], [115.0, 77.5], [115.5, 77.0], [116.0, 76.5], [116.5, 76.0], [116.5, 75.0], [116.5, 74.0], [116.5, 73.0], [117.0, 72.5], [117.5, 72.0], [117.5, 71.0], [118.0, 70.5], [118.5, 70.0], [118.5, 69.0], [118.5, 68.0], [118.5, 67.0], [118.5, 66.0], [118.5, 65.0], [118.5, 64.0], [118.5, 63.0], [118.5, 62.0], [118.5, 61.0], [118.0, 60.5], [117.5, 60.0], [117.5, 59.0], [117.5, 58.0], [117.5, 57.0], [117.0, 56.5], [116.5, 56.0], [116.5, 55.0], [116.5, 54.0], [116.5, 53.0], [116.0, 52.5], [115.5, 52.0], [115.5, 51.0], [115.0, 50.5], [114.5, 50.0], [114.5, 49.0], [114.0, 48.5], [113.0, 48.5], [112.5, 48.0], [112.5, 47.0], [112.0, 46.5], [111.5, 46.0], [111.0, 45.5], [110.5, 45.0], [110.0, 44.5], [109.5, 44.0], [109.0, 43.5], [108.5, 43.0], [108.0, 42.5], [107.0, 42.5], [106.5, 42.0], [106.5, 41.0], [106.0, 40.5], [105.0, 40.5], [104.0, 40.5], [103.0, 40.5], [102.5, 41.0], [102.0, 41.5], [101.5, 42.0], [101.0, 42.5], [100.5, 43.0], [100.0, 43.5], [99.5, 44.0], [99.0, 44.5], [98.5, 45.0], [98.5, 46.0], [98.0, 46.5], [97.0, 46.5], [96.5, 47.0], [96.5, 48.0], [96.5, 49.0], [96.0, 49.5], [95.5, 50.0], [96.0, 50.5], [96.5, 51.0], [96.5, 52.0], [97.0, 52.5], [97.5, 53.0], [97.5, 54.0], [98.0, 54.5], [99.0, 54.5], [99.5, 55.0], [99.5, 56.0], [99.5, 57.0], [100.0, 57.5], [100.5, 58.0], [100.5, 59.0], [100.5, 60.0], [100.5, 61.0], [100.5, 62.0], [100.5, 63.0], [100.5, 64.0], [100.5, 65.0], [100.5, 66.0], [100.0, 66.5], [99.5, 67.0], [99.0, 67.5], [98.5, 68.0], [98.0, 68.5], [97.5, 69.0], [97.0, 69.5], [96.0, 69.5], [95.5, 70.0], [95.0, 70.5]]"
SLICE,Z2,RF_R,-16.770339369782107,-0.0054903030401192154,-322.23098754883,252.0,0.2168981650882821,"[[82.0, 36.5], [81.5, 37.0], [81.5, 38.0], [81.5, 39.0], [81.5, 40.0], [81.5, 41.0], [81.5, 42.0], [81.5, 43.0], [81.5, 44.0], [81.5, 45.0], [82.0, 45.5], [82.5, 46.0], [83.0, 46.5], [84.0, 46.5], [84.5, 47.0], [85.0, 47.5], [86.0, 47.5], [86.5, 48.0], [87.0, 48.5], [88.0, 48.5], [89.0, 48.5], [89.5, 49.0], [90.0, 49.5], [91.0, 49.5], [92.0, 49.5], [93.0, 49.5], [94.0, 49.5], [95.0, 49.5], [96.0, 49.5], [96.5, 49.0], [96.5, 48.0], [96.5, 47.0], [97.0, 46.5], [98.0, 46.5], [98.5, 46.0], [98.5, 45.0], [99.0, 44.5], [99.5, 44.0], [100.0, 43.5], [100.5, 43.0], [101.0, 42.5], [101.5, 42.0], [101.5, 41.0], [101.5, 40.0], [101.5, 39.0], [101.0, 38.5], [100.0, 38.5], [99.5, 38.0], [99.5, 37.0], [99.0, 36.5], [98.5, 36.0], [98.0, 35.5], [97.0, 35.5], [96.0, 35.5], [95.0, 35.5], [94.5, 35.0], [94.0, 34.5], [93.5, 34.0], [93.0, 33.5], [92.0, 33.5], [91.0, 33.5], [90.0, 33.5], [89.0, 33.5], [88.0, 33.5], [87.0, 33.5], [86.0, 33.5], [85.0, 33.5], [84.0, 33.5], [83.5, 34.0], [83.5, 35.0], [83.0, 35.5], [82.5, 36.0]]"
SLICE,Z2,SAR_R,-16.770339369782107,-0.0054903030401192154,-322.23098754883,244.0,0.48501778895375275,"[[114.0, 79.5], [113.5, 80.0], [113.5, 81.0], [113.5, 82.0], [113.5, 83.0], [113.5, 84.0], [114.0, 84.5], [114.5, 85.0], [114.5, 86.0], [115.0, 86.5], [116.0, 86.5], [116.5, 87.0], [117.0, 87.5], [118.0, 87.5], [119.0, 87.5], [120.0, 87.5], [120.5, 88.0], [121.0, 88.5], [122.0, 88.5], [122.5, 88.0], [123.0, 87.5], [124.0, 87.5], [125.0, 87.5], [126.0, 87.5], [126.5, 87.0], [127.0, 86.5], [127.5, 86.0], [127.5, 85.0], [127.5, 84.0], [127.5, 83.0], [127.5, 82.0], [127.5, 81.0], [127.5, 80.0], [127.5, 79.0], [127.5, 78.0], [127.0, 77.5], [126.5, 77.0], [126.5, 76.0], [126.5, 75.0], [126.5, 74.0], [126.5, 73.0], [126.0, 72.5], [125.5, 72.0], [125.5, 71.0], [125.0, 70.5], [124.5, 70.0], [124.5, 69.0], [124.5, 68.0], [124.5, 67.0], [124.0, 66.5], [123.5, 66.0], [123.0, 65.5], [122.5, 65.0], [122.5, 64.0], [122.0, 63.5], [121.5, 63.0], [121.0, 62.5], [120.5, 62.0], [120.0, 61.5], [119.5, 61.0], [119.0, 60.5], [118.5, 61.0], [118.5, 62.0], [118.5, 63.0], [118.5, 64.0], [118.5, 65.0], [118.5, 66.0], [118.5, 67.0], [118.5, 68.0], [118.5, 69.0], [118.5, 70.0], [118.0, 70.5], [117.5, 71.0], [117.5, 72.0], [117.0, 72.5], [116.5, 73.0], [116.5, 74.0], [116.5, 75.0], [116.5, 76.0], [116.0, 76.5], [115.5, 77.0], [115.0, 77.5], [114.5, 78.0], [114.5, 79.0]]"
SLICE,Z2,GRA_R,-16.770339369782107,-0.0054903030401192154,-322.23098754883,331.0,0.41113496766149416,"[[117.0, 93.5], [116.5, 94.0], [116.5, 95.0], [116.5, 96.0], [116.5, 97.0], [116.5, 98.0], [116.5, 99.0], [116.5, 100.0], [116.5, 101.0], [116.5, 102.0], [116.5, 103.0], [116.5, 104.0], [117.0, 104.5], [117.5, 105.0], [118.0, 105.5], [118.5, 106.0], [119.0, 106.5], [120.0, 106.5], [120.5, 107.0], [121.0, 107.5], [122.0, 107.5], [122.5, 108.0], [123.0, 108.5], [123.5, 109.0], [124.0, 109.5], [125.0, 109.5], [126.0, 109.5], [127.0, 109.5], [128.0, 109.5], [129.0, 109.5], [130.0, 109.5], [130.5, 109.0], [131.0, 108.5], [131.5, 108.0], [131.5, 107.0], [132.0, 106.5], [132.5, 106.0], [132.5, 105.0], [133.0, 104.5], [133.5, 104.0], [133.5, 103.0], [133.5, 102.0], [133.5, 101.0], [134.0, 100.5], [134.5, 100.0], [134.5, 99.0], [134.5, 98.0], [134.5, 97.0], [134.5, 96.0], [134.5, 95.0], [134.5, 94.0], [134.5, 93.0], [134.0, 92.5], [133.5, 92.0], [133.5, 91.0], [133.0, 90.5], [132.5, 90.0], [132.0, 89.5], [131.5, 89.0], [131.0, 88.5], [130.5, 88.0], [130.0, 87.5], [129.5, 87.0], [129.0, 86.5], [128.0, 86.5], [127.0, 86.5], [126.5, 87.0], [126.0, 87.5], [125.0, 87.5], [124.0, 87.5], [123.0, 87.5], [122.5, 88.0], [122.0, 88.5], [121.0, 88.5], [120.5, 89.0], [120.0, 89.5], [119.5, 90.0], [119.0, 90.5], [118.5, 91.0], [118.5, 92.0], [118.5, 93.0], [118.0, 93.5]]"
SLICE,Z2,SM_R,-16.770339369782107,-0.0054903030401192154,-322.23098754883,93.0,0.6115810278396125,"[[99.0, 98.5], [98.5, 99.0], [98.5, 100.0], [98.5, 101.0], [98.5, 102.0], [99.0, 102.5], [99.5, 103.0], [99.5, 104.0], [100.0, 104.5], [101.0, 104.5], [101.5, 105.0], [102.0, 105.5], [102.5, 106.0], [103.0, 106.5], [104.0, 106.5], [104.5, 107.0], [104.5, 108.0], [105.0, 108.5], [105.5, 109.0], [106.0, 109.5], [106.5, 110.0], [107.0, 110.5], [107.5, 111.0], [108.0, 111.5], [108.5, 111.0], [109.0, 110.5], [109.5, 110.0], [109.5, 109.0], [110.0, 108.5], [111.0, 108.5], [112.0, 108.5], [113.0, 108.5], [113.5, 108.0], [114.0, 107.5], [114.5, 107.0], [114.0, 106.5], [113.0, 106.5], [112.0, 106.5], [111.5, 106.0], [111.5, 105.0], [111.0, 104.5], [110.0, 104.5], [109.5, 104.0], [109.5, 103.0], [109.0, 102.5], [108.5, 102.0], [108.0, 101.5], [107.0, 101.5], [106.5, 101.0], [106.0, 100.5], [105.5, 100.0], [105.0, 99.5], [104.0, 99.5], [103.0, 99.5], [102.0, 99.5], [101.0, 99.5], [100.5, 99.0], [100.0, 98.5]]"
SLICE,Z2,ST_R,-16.770339369782107,-0.0054903030401192154,-322.23098754883,294.0,0.6229688324771148,"[[91.0, 104.5], [90.5, 105.0], [90.5, 106.0], [90.5, 107.0], [90.5, 108.0], [91.0, 108.5], [91.5, 109.0], [91.5, 110.0], [91.5, 111.0], [92.0, 111.5], [93.0, 111.5], [93.5, 112.0], [94.0, 112.5], [94.5, 113.0], [94.5, 114.0], [95.0, 114.5], [96.0, 114.5], [96.5, 115.0], [96.5, 116.0], [96.5, 117.0], [97.0, 117.5], [97.5, 118.0], [97.5, 119.0], [98.0, 119.5], [98.5, 120.0], [99.0, 120.5], [99.5, 121.0], [100.0, 121.5], [101.0, 121.5], [101.5, 122.0], [102.0, 122.5], [103.0, 122.5], [104.0, 122.5], [105.0, 122.5], [105.5, 122.0], [106.0, 121.5], [106.5, 121.0], [106.5, 120.0], [107.0, 119.5], [107.5, 119.0], [108.0, 118.5], [108.5, 118.0], [109.0, 117.5], [110.0, 117.5], [111.0, 117.5], [111.5, 117.0], [112.0, 116.5], [113.0, 116.5], [114.0, 116.5], [114.5, 116.0], [114.5, 115.0], [115.0, 114.5], [115.5, 114.0], [115.5, 113.0], [115.5, 112.0], [115.5, 111.0], [115.0, 110.5], [114.5, 110.0], [114.5, 109.0], [114.5, 108.0], [114.0, 107.5], [113.5, 108.0], [113.0, 108.5], [112.0, 108.5], [111.0, 108.5], [110.0, 108.5], [109.5, 109.0], [109.5, 110.0], [109.0, 110.5], [108.5, 111.0], [108.0, 111.5], [107.5, 111.0], [107.0, 110.5], [106.5, 110.0], [106.0, 109.5], [105.5, 109.0], [105.0, 108.5], [104.5, 108.0], [104.5, 107.0], [104.0, 106.5], [103.0, 106.5], [102.5, 106.0], [102.0, 105.5], [101.5, 105.0], [101.0, 104.5], [100.0, 104.5], [99.5, 104.0], [99.5, 103.0], [99.0, 102.5], [98.5, 102.0], [98.5, 101.0], [98.0, 100.5], [97.0, 100.5], [96.0, 100.5], [95.5, 101.0], [95.0, 101.5], [94.0, 101.5], [93.0, 101.5], [92.5, 102.0], [92.0, 102.5], [91.5, 103.0], [91.5, 104.0]]"
SLICE,Z2,BF_R,-16.770339369782107,-0.0054903030401192154,-322.23098754883,351.0,0.6814151567895878,"[[78.0, 101.5], [77.5, 102.0], [77.5, 103.0], [77.5, 104.0], [77.5, 105.0], [77.5, 106.0], [77.5, 107.0], [77.5, 108.0], [78.0, 108.5], [78.5, 109.0], [78.5, 110.0], [78.5, 111.0], [78.5, 112.0], [78.5, 113.0], [79.0, 113.5], [79.5, 114.0], [80.0, 114.5], [80.5, 115.0], [80.5, 116.0], [80.5, 117.0], [80.5, 118.0], [81.0, 118.5], [81.5, 119.0], [82.0, 119.5], [83.0, 119.5], [83.5, 120.0], [84.0, 120.5], [84.5, 121.0], [85.0, 121.5], [86.0, 121.5], [87.0, 121.5], [87.5, 122.0], [88.0, 122.5], [89.0, 122.5], [89.5, 123.0], [90.0, 123.5], [91.0, 123.5], [92.0, 123.5], [93.0, 123.5], [94.0, 123.5], [95.0, 123.5], [96.0, 123.5], [96.5, 123.0], [96.5, 122.0], [97.0, 121.5], [97.5, 121.0], [97.5, 120.0], [97.5, 119.0], [97.5, 118.0], [97.0, 117.5], [96.5, 117.0], [96.5, 116.0], [96.5, 115.0], [96.0, 114.5], [95.0, 114.5], [94.5, 114.0], [94.5, 113.0], [94.0, 112.5], [93.5, 112.0], [93.0, 111.5], [92.0, 111.5], [91.5, 111.0], [91.5, 110.0], [91.5, 109.0], [91.0, 108.5], [90.5, 108.0], [90.5, 107.0], [90.5, 106.0], [90.5, 105.0], [91.0, 104.5], [91.5, 104.0], [91.5, 103.0], [91.5, 102.0], [91.5, 101.0], [91.5, 100.0], [91.5, 99.0], [91.0, 98.5], [90.0, 98.5], [89.5, 98.0], [89.5, 97.0], [89.0, 96.5], [88.0, 96.5], [87.5, 96.0], [87.0, 95.5], [86.5, 96.0], [86.0, 96.5], [85.0, 96.5], [84.5, 97.0], [84.0, 97.5], [83.5, 98.0], [83.0, 98.5], [82.0, 98.5], [81.5, 99.0], [81.0, 99.5], [80.0, 99.5], [79.0, 99.5], [78.5, 100.0], [78.5, 101.0]]"
SLICE,Z2,BF_SH_R,-16.770339369782107,-0.0054903030401192154,-322.23098754883,113.0,0.6073611192074708,"[[76.0, 95.5], [75.5, 96.0], [75.5, 97.0], [75.5, 98.0], [75.5, 99.0], [76.0, 99.5], [77.0, 99.5], [78.0, 99.5], [79.0, 99.5], [80.0, 99.5], [81.0, 99.5], [81.5, 99.0], [82.0, 98.5], [83.0, 98.5], [83.5, 98.0], [84.0, 97.5], [84.5, 97.0], [85.0, 96.5], [86.0, 96.5], [86.5, 96.0], [86.5, 95.0], [87.0, 94.5], [88.0, 94.5], [88.5, 94.0], [89.0, 93.5], [89.5, 93.0], [89.5, 92.0], [90.0, 91.5], [90.5, 91.0], [90.5, 90.0], [91.0, 89.5], [91.5, 89.0], [91.5, 88.0], [91.5, 87.0], [91.0, 86.5], [90.5, 86.0], [90.5, 85.0], [90.5, 84.0], [90.5, 83.0], [90.5, 82.0], [90.5, 81.0], [90.0, 80.5], [89.5, 81.0], [89.5, 82.0], [89.5, 83.0], [89.5, 84.0], [89.0, 84.5], [88.5, 85.0], [88.0, 85.5], [87.5, 86.0], [87.0, 86.5], [86.5, 87.0], [86.5, 88.0], [86.0, 88.5], [85.5, 89.0], [85.0, 89.5], [84.0, 89.5], [83.5, 90.0], [83.0, 90.5], [82.5, 91.0], [82.0, 91.5], [81.0, 91.5], [80.5, 92.0], [80.0, 92.5], [79.5, 93.0], [79.0, 93.5], [78.5, 94.0], [78.0, 94.5], [77.0, 94.5], [76.5, 95.0]]"
SLICE,Z2,AM_R,-16.770339369782107,-0.0054903030401192154,-322.23098754883,433.0,0.428537834319594,"[[90.0, 79.5], [89.5, 80.0], [90.0, 80.5], [90.5, 81.0], [90.5, 82.0], [90.5, 83.0], [90.5, 84.0], [90.5, 85.0], [90.5, 86.0], [91.0, 86.5], [91.5, 87.0], [91.5, 88.0], [91.5, 89.0], [91.0, 89.5], [90.5, 90.0], [90.5, 91.0], [91.0, 91.5], [91.5, 92.0], [92.0, 92.5], [93.0, 92.5], [93.5, 93.0], [93.5, 94.0], [94.0, 94.5], [95.0, 94.5], [95.5, 95.0], [96.0, 95.5], [96.5, 96.0], [97.0, 96.5], [98.0, 96.5], [98.5, 97.0], [98.5, 98.0], [99.0, 98.5], [100.0, 98.5], [100.5, 99.0], [101.0, 99.5], [102.0, 99.5], [103.0, 99.5], [104.0, 99.5], [105.0, 99.5], [105.5, 100.0], [106.0, 100.5], [106.5, 101.0], [107.0, 101.5], [108.0, 101.5], [108.5, 102.0], [109.0, 102.5], [109.5, 103.0], [109.5, 104.0], [110.0, 104.5], [111.0, 104.5], [111.5, 105.0], [111.5, 106.0], [112.0, 106.5], [113.0, 106.5], [114.0, 106.5], [114.5, 106.0], [115.0, 105.5], [115.5, 105.0], [116.0, 104.5], [116.5, 104.0], [116.5, 103.0], [116.5, 102.0], [116.5, 101.0], [116.5, 100.0], [116.5, 99.0], [116.5, 98.0], [116.5, 97.0], [116.5, 96.0], [116.5, 95.0], [116.5, 94.0], [116.5, 93.0], [117.0, 92.5], [117.5, 92.0], [117.5, 91.0], [117.5, 90.0], [117.5, 89.0], [117.5, 88.0], [117.0, 87.5], [116.5, 87.0], [116.0, 86.5], [115.0, 86.5], [114.5, 86.0], [114.5, 85.0], [114.0, 84.5], [113.5, 85.0], [113.0, 85.5], [112.0, 85.5], [111.0, 85.5], [110.5, 86.0], [110.0, 86.5], [109.0, 86.5], [108.5, 87.0], [108.0, 87.5], [107.0, 87.5], [106.0, 87.5], [105.0, 87.5], [104.5, 87.0], [104.0, 86.5], [103.5, 86.0], [103.0, 85.5], [102.0, 85.5], [101.5, 85.0], [101.5, 84.0], [101.0, 83.5], [100.0, 83.5], [99.5, 83.0], [99.5, 82.0], [99.0, 81.5], [98.5, 81.0], [98.5, 80.0], [98.0, 79.5], [97.0, 79.5], [96.5, 79.0], [96.5, 78.0], [96.0, 77.5], [95.0, 77.5], [94.5, 77.0], [94.0, 76.5], [93.0, 76.5], [92.0, 76.5], [91.0, 76.5], [90.5, 77.0], [90.5, 78.0], [90.5, 79.0]]"
SLICE,Z2,AL_R,-16.770339369782107,-0.0054903030401192154,-322.23098754883,0.0,,
SLICE,Z2,AB_R,-16.770339369782107,-0.0054903030401192154,-322.23098754883,0.0,,
SLICE,Z2,VL_L,-16.770339369782107,-0.0054903030401192154,-322.23098754883,1128.0,0.15534898553569998,"[[249.0, 49.5], [248.5, 50.0], [248.5, 51.0], [249.0, 51.5], [250.0, 51.5], [250.5, 52.0], [251.0, 52.5], [251.5, 53.0], [251.5, 54.0], [252.0, 54.5], [253.0, 54.5], [253.5, 55.0], [254.0, 55.5], [254.5, 56.0], [254.5, 57.0], [255.0, 57.5], [255.5, 58.0], [255.5, 59.0], [256.0, 59.5], [256.5, 60.0], [256.5, 61.0], [257.0, 61.5], [257.5, 62.0], [257.5, 63.0], [258.0, 63.5], [258.5, 64.0], [259.0, 64.5], [259.5, 65.0], [259.5, 66.0], [259.5, 67.0], [260.0, 67.5], [260.5, 68.0], [260.5, 69.0], [260.5, 70.0], [261.0, 70.5], [261.5, 71.0], [261.5, 72.0], [261.5, 73.0], [261.5, 74.0], [261.5, 75.0], [261.5, 76.0], [261.5, 77.0], [261.5, 78.0], [261.5, 79.0], [261.0, 79.5], [260.5, 80.0], [260.5, 81.0], [260.0, 81.5], [259.5, 82.0], [259.5, 83.0], [259.5, 84.0], [259.0, 84.5], [258.5, 85.0], [258.5, 86.0], [258.0, 86.5], [257.5, 87.0], [257.0, 87.5], [256.5, 88.0], [256.5, 89.0], [256.0, 89.5], [255.5, 90.0], [255.0, 90.5], [254.5, 91.0], [254.5, 92.0], [254.0, 92.5], [253.5, 93.0], [253.0, 93.5], [252.5, 94.0], [252.0, 94.5], [251.5, 95.0], [251.0, 95.5], [250.5, 95.0], [250.0, 94.5], [249.5, 95.0], [249.5, 96.0], [250.0, 96.5], [251.0, 96.5], [251.5, 97.0], [252.0, 97.5], [252.5, 98.0], [253.0, 98.5], [254.0, 98.5], [255.0, 98.5], [255.5, 99.0], [256.0, 99.5], [257.0, 99.5], [258.0, 99.5], [259.0, 99.5], [260.0, 99.5], [261.0, 99.5], [261.5, 99.0], [262.0, 98.5], [263.0, 98.5], [263.5, 98.0], [264.0, 97.5], [264.5, 97.0], [265.0, 96.5], [266.0, 96.5], [266.5, 96.0], [267.0, 95.5], [268.0, 95.5], [268.5, 95.0], [269.0, 94.5], [269.5, 94.0], [270.0, 93.5], [270.5, 93.0], [271.0, 92.5], [271.5, 92.0], [271.5, 91.0], [272.0, 90.5], [272.5, 90.0], [273.0, 89.5], [273.5, 89.0], [273.5, 88.0], [274.0, 87.5], [274.5, 87.0], [274.5, 86.0], [274.5, 85.0], [275.0, 84.5], [275.5, 84.0], [276.0, 83.5], [276.5, 83.0], [276.5, 82.0], [276.5, 81.0], [276.5, 80.0], [276.5, 79.0], [277.0, 78.5], [277.5, 78.0], [277.5, 77.0], [277.5, 76.0], [277.5, 75.0], [277.5, 74.0], [278.0, 73.5], [278.5, 73.0], [278.5, 72.0], [278.5, 71.0], [278.5, 70.0], [278.5, 69.0], [278.5, 68.0], [278.5, 67.0], [278.5, 66.0], [279.0, 65.5], [279.5, 65.0], [279.5, 64.0], [279.5, 63.0], [279.5, 62.0], [279.5, 61.0], [279.0, 60.5], [278.5, 60.0], [278.5, 59.0], [278.5, 58.0], [278.0, 57.5], [277.5, 57.0], [277.5, 56.0], [277.0, 55.5], [276.5, 55.0], [276.5, 54.0], [276.5, 53.0], [276.5, 52.0], [276.0, 51.5], [275.5, 51.0], [275.0, 50.5], [274.5, 50.0], [274.5, 49.0], [274.0, 48.5], [273.5, 48.0], [273.0, 47.5], [272.5, 47.0], [272.0, 46.5], [271.5, 46.0], [271.0, 45.5], [270.5, 45.0], [270.0, 44.5], [269.5, 44.0], [269.0, 43.5], [268.0, 43.5], [267.5, 43.0], [267.0, 42.5], [266.5, 42.0], [266.0, 41.5], [265.5, 41.0], [265.0, 40.5], [264.0, 40.5], [263.0, 40.5], [262.5, 40.0], [262.0, 39.5], [261.5, 39.0], [261.0, 38.5], [260.0, 38.5], [259.0, 38.5], [258.0, 38.5], [257.0, 38.5], [256.0, 38.5], [255.0, 38.5], [254.0, 38.5], [253.0, 38.5], [252.0, 38.5], [251.5, 39.0], [251.0, 39.5], [250.5, 40.0], [250.5, 41.0], [250.5, 42.0], [250.5, 43.0], [250.5, 44.0], [250.5, 45.0], [250.5, 46.0], [250.5, 47.0], [250.0, 47.5], [249.5, 48.0], [249.5, 49.0]]"
SLICE,Z2,VI_L,-16.770339369782107,-0.0054903030401192154,-322.23098754883,680.0,0.1985755849496986,"[[231.0, 63.5], [230.5, 64.0], [230.5, 65.0], [230.5, 66.0], [231.0, 66.5], [231.5, 67.0], [231.5, 68.0], [232.0, 68.5], [233.0, 68.5], [233.5, 69.0], [234.0, 69.5], [235.0, 69.5], [236.0, 69.5], [236.5, 69.0], [236.5, 68.0], [236.5, 67.0], [236.5, 66.0], [236.5, 65.0], [237.0, 64.5], [237.5, 64.0], [238.0, 63.5], [238.5, 63.0], [239.0, 62.5], [239.5, 62.0], [240.0, 61.5], [241.0, 61.5], [242.0, 61.5], [243.0, 61.5], [244.0, 61.5], [245.0, 61.5], [246.0, 61.5], [247.0, 61.5], [247.5, 62.0], [248.0, 62.5], [248.5, 63.0], [249.0, 63.5], [250.0, 63.5], [250.5, 64.0], [250.5, 65.0], [251.0, 65.5], [251.5, 66.0], [252.0, 66.5], [252.5, 67.0], [252.5, 68.0], [252.5, 69.0], [252.5, 70.0], [252.0, 70.5], [251.5, 71.0], [251.0, 71.5], [250.5, 72.0], [250.5, 73.0], [250.0, 73.5], [249.0, 73.5], [248.5, 74.0], [248.5, 75.0], [248.0, 75.5], [247.0, 75.5], [246.0, 75.5], [245.5, 76.0], [245.0, 76.5], [244.0, 76.5], [243.5, 77.0], [243.0, 77.5], [242.0, 77.5], [241.5, 78.0], [241.0, 78.5], [240.0, 78.5], [239.5, 79.0], [239.5, 80.0], [239.5, 81.0], [239.5, 82.0], [240.0, 82.5], [240.5, 83.0], [240.5, 84.0], [240.5, 85.0], [241.0, 85.5], [241.5, 86.0], [241.5, 87.0], [242.0, 87.5], [242.5, 88.0], [242.5, 89.0], [243.0, 89.5], [244.0, 89.5], [244.5, 90.0], [244.5, 91.0], [245.0, 91.5], [246.0, 91.5], [246.5, 92.0], [246.5, 93.0], [247.0, 93.5], [247.5, 94.0], [248.0, 94.5], [249.0, 94.5], [250.0, 94.5], [250.5, 95.0], [251.0, 95.5], [251.5, 95.0], [252.0, 94.5], [252.5, 94.0], [253.0, 93.5], [253.5, 93.0], [254.0, 92.5], [254.5, 92.0], [254.5, 91.0], [255.0, 90.5], [255.5, 90.0], [256.0, 89.5], [256.5, 89.0], [256.5, 88.0], [257.0, 87.5], [257.5, 87.0], [258.0, 86.5], [258.5, 86.0], [258.5, 85.0], [259.0, 84.5], [259.5, 84.0], [259.5, 83.0], [259.5, 82.0], [260.0, 81.5], [260.5, 81.0], [260.5, 80.0], [261.0, 79.5], [261.5, 79.0], [261.5, 78.0], [261.5, 77.0], [261.5, 76.0], [261.5, 75.0], [261.5, 74.0], [261.5, 73.0], [261.5, 72.0], [261.5, 71.0], [261.0, 70.5], [260.5, 70.0], [260.5, 69.0], [260.5, 68.0], [260.0, 67.5], [259.5, 67.0], [259.5, 66.0], [259.5, 65.0], [259.0, 64.5], [258.5, 64.0], [258.0, 63.5], [257.5, 63.0], [257.5, 62.0], [257.0, 61.5], [256.5, 61.0], [256.5, 60.0], [256.0, 59.5], [255.5, 59.0], [255.5, 58.0], [255.0, 57.5], [254.5, 57.0], [254.5, 56.0], [254.0, 55.5], [253.5, 55.0], [253.0, 54.5], [252.0, 54.5], [251.5, 54.0], [251.5, 53.0], [251.0, 52.5], [250.5, 52.0], [250.0, 51.5], [249.0, 51.5], [248.5, 51.0], [248.0, 50.5], [247.0, 50.5], [246.0, 50.5], [245.0, 50.5], [244.5, 51.0], [244.0, 51.5], [243.0, 51.5], [242.0, 51.5], [241.0, 51.5], [240.0, 51.5], [239.0, 51.5], [238.0, 51.5], [237.0, 51.5], [236.5, 52.0], [236.5, 53.0], [236.5, 54.0], [236.0, 54.5], [235.5, 55.0], [235.0, 55.5], [234.5, 56.0], [234.0, 56.5], [233.5, 57.0], [233.0, 57.5], [232.5, 58.0], [232.5, 59.0], [232.0, 59.5], [231.5, 60.0], [231.5, 61.0], [231.5, 62.0], [231.5, 63.0]]"
SLICE,Z2,VM_L,-16.770339369782107,-0.0054903030401192154,-322.23098754883,701.0,0.2800623421561356,"[[213.0, 63.5], [212.5, 64.0], [212.5, 65.0], [212.5, 66.0], [212.5, 67.0], [212.5, 68.0], [212.5, 69.0], [212.5, 70.0], [212.5, 71.0], [213.0, 71.5], [213.5, 72.0], [213.5, 73.0], [214.0, 73.5], [214.5, 74.0], [214.5, 75.0], [214.5, 76.0], [215.0, 76.5], [215.5, 77.0], [215.5, 78.0], [216.0, 78.5], [217.0, 78.5], [217.5, 79.0], [218.0, 79.5], [219.0, 79.5], [220.0, 79.5], [220.5, 80.0], [221.0, 80.5], [222.0, 80.5], [222.5, 81.0], [223.0, 81.5], [224.0, 81.5], [225.0, 81.5], [226.0, 81.5], [227.0, 81.5], [228.0, 81.5], [229.0, 81.5], [230.0, 81.5], [231.0, 81.5], [231.5, 81.0], [232.0, 80.5], [232.5, 80.0], [233.0, 79.5], [234.0, 79.5], [234.5, 79.0], [235.0, 78.5], [236.0, 78.5], [236.5, 78.0], [236.5, 77.0], [236.5, 76.0], [236.5, 75.0], [236.5, 74.0], [236.5, 73.0], [236.5, 72.0], [236.5, 71.0], [236.5, 70.0], [236.0, 69.5], [235.0, 69.5], [234.0, 69.5], [233.5, 69.0], [233.0, 68.5], [232.0, 68.5], [231.5, 68.0], [231.5, 67.0], [231.0, 66.5], [230.5, 66.0], [230.5, 65.0], [230.5, 64.0], [231.0, 63.5], [231.5, 63.0], [231.5, 62.0], [231.5, 61.0], [231.5, 60.0], [232.0, 59.5], [232.5, 59.0], [232.5, 58.0], [233.0, 57.5], [233.5, 57.0], [234.0, 56.5], [234.5, 56.0], [235.0, 55.5], [235.5, 55.0], [236.0, 54.5], [236.5, 54.0], [236.5, 53.0], [236.5, 52.0], [236.5, 51.0], [236.5, 50.0], [236.5, 49.0], [236.0, 48.5], [235.5, 48.0], [235.0, 47.5], [234.5, 47.0], [234.5, 46.0], [234.0, 45.5], [233.5, 45.0], [233.0, 44.5], [232.0, 44.5], [231.5, 44.0], [231.0, 43.5], [230.0, 43.5], [229.0, 43.5], [228.0, 43.5], [227.0, 43.5], [226.0, 43.5], [225.0, 43.5], [224.5, 44.0], [224.0, 44.5], [223.5, 45.0], [223.0, 45.5], [222.0, 45.5], [221.5, 46.0], [221.0, 46.5], [220.5, 47.0], [220.5, 48.0], [220.0, 48.5], [219.0, 48.5], [218.5, 49.0], [218.5, 50.0], [218.0, 50.5], [217.0, 50.5], [216.5, 51.0], [216.5, 52.0], [216.0, 52.5], [215.5, 53.0], [215.5, 54.0], [215.0, 54.5], [214.5, 55.0], [214.5, 56.0], [214.0, 56.5], [213.5, 57.0], [213.5, 58.0], [213.5, 59.0], [213.5, 60.0], [213.5, 61.0], [213.5, 62.0], [213.5, 63.0]]"
SLICE,Z2,RF_L,-16.770339369782107,-0.0054903030401192154,-322.23098754883,212.0,0.23247210142239375,"[[231.0, 42.5], [230.5, 43.0], [231.0, 43.5], [231.5, 44.0], [232.0, 44.5], [233.0, 44.5], [233.5, 45.0], [234.0, 45.5], [234.5, 46.0], [234.5, 47.0], [235.0, 47.5], [235.5, 48.0], [236.0, 48.5], [236.5, 49.0], [236.5, 50.0], [236.5, 51.0], [237.0, 51.5], [238.0, 51.5], [239.0, 51.5], [240.0, 51.5], [241.0, 51.5], [242.0, 51.5], [243.0, 51.5], [244.0, 51.5], [244.5, 51.0], [245.0, 50.5], [246.0, 50.5], [246.5, 50.0], [247.0, 49.5], [248.0, 49.5], [249.0, 49.5], [249.5, 49.0], [249.5, 48.0], [250.0, 47.5], [250.5, 47.0], [250.5, 46.0], [250.5, 45.0], [250.5, 44.0], [250.5, 43.0], [250.5, 42.0], [250.0, 41.5], [249.5, 41.0], [249.5, 40.0], [249.5, 39.0], [249.0, 38.5], [248.0, 38.5], [247.0, 38.5], [246.5, 38.0], [246.0, 37.5], [245.0, 37.5], [244.0, 37.5], [243.0, 37.5], [242.0, 37.5], [241.0, 37.5], [240.0, 37.5], [239.0, 37.5], [238.0, 37.5], [237.5, 38.0], [237.0, 38.5], [236.0, 38.5], [235.0, 38.5], [234.0, 38.5], [233.5, 39.0], [233.0, 39.5], [232.5, 40.0], [232.0, 40.5], [231.5, 41.0], [231.5, 42.0]]"
SLICE,Z2,SAR_L,-16.770339369782107,-0.0054903030401192154,-322.23098754883,296.0,0.4839321637491298,"[[202.0, 70.5], [201.5, 71.0], [201.5, 72.0], [201.5, 73.0], [201.5, 74.0], [201.5, 75.0], [201.5, 76.0], [201.5, 77.0], [201.5, 78.0], [201.5, 79.0], [201.5, 80.0], [201.5, 81.0], [201.5, 82.0], [201.5, 83.0], [201.5, 84.0], [202.0, 84.5], [202.5, 85.0], [203.0, 85.5], [203.5, 86.0], [204.0, 86.5], [204.5, 87.0], [205.0, 87.5], [205.5, 88.0], [206.0, 88.5], [207.0, 88.5], [207.5, 89.0], [208.0, 89.5], [209.0, 89.5], [210.0, 89.5], [211.0, 89.5], [211.5, 89.0], [212.0, 88.5], [213.0, 88.5], [213.5, 88.0], [214.0, 87.5], [214.5, 87.0], [214.5, 86.0], [215.0, 85.5], [215.5, 85.0], [215.5, 84.0], [215.5, 83.0], [215.5, 82.0], [215.5, 81.0], [215.5, 80.0], [215.5, 79.0], [215.0, 78.5], [214.5, 78.0], [214.5, 77.0], [214.5, 76.0], [214.5, 75.0], [214.5, 74.0], [214.0, 73.5], [213.5, 73.0], [213.5, 72.0], [213.0, 71.5], [212.5, 71.0], [212.5, 70.0], [212.5, 69.0], [212.5, 68.0], [212.5, 67.0], [212.5, 66.0], [212.5, 65.0], [212.5, 64.0], [213.0, 63.5], [213.5, 63.0], [213.5, 62.0], [213.0, 61.5], [212.0, 61.5], [211.0, 61.5], [210.5, 62.0], [210.0, 62.5], [209.5, 63.0], [209.0, 63.5], [208.0, 63.5], [207.0, 63.5], [206.5, 64.0], [206.0, 64.5], [205.5, 65.0], [205.0, 65.5], [204.5, 66.0], [204.0, 66.5], [203.5, 67.0], [203.5, 68.0], [203.0, 68.5], [202.5, 69.0], [202.5, 70.0]]"
SLICE,Z2,GRA_L,-16.770339369782107,-0.0054903030401192154,-322.23098754883,362.0,0.5086421271080922,"[[191.0, 95.5], [190.5, 96.0], [190.5, 97.0], [190.5, 98.0], [190.5, 99.0], [191.0, 99.5], [191.5, 100.0], [191.5, 101.0], [192.0, 101.5], [192.5, 102.0], [193.0, 102.5], [193.5, 103.0], [193.5, 104.0], [194.0, 104.5], [194.5, 105.0], [195.0, 105.5], [195.5, 106.0], [196.0, 106.5], [196.5, 107.0], [197.0, 107.5], [197.5, 108.0], [198.0, 108.5], [198.5, 109.0], [199.0, 109.5], [200.0, 109.5], [201.0, 109.5], [202.0, 109.5], [203.0, 109.5], [203.5, 109.0], [204.0, 108.5], [205.0, 108.5], [205.5, 108.0], [206.0, 107.5], [207.0, 107.5], [207.5, 107.0], [208.0, 106.5], [209.0, 106.5], [209.5, 106.0], [209.5, 105.0], [210.0, 104.5], [210.5, 104.0], [211.0, 103.5], [211.5, 103.0], [211.5, 102.0], [211.5, 101.0], [211.5, 100.0], [211.5, 99.0], [211.5, 98.0], [211.5, 97.0], [211.5, 96.0], [211.5, 95.0], [211.0, 94.5], [210.0, 94.5], [209.5, 94.0], [209.5, 93.0], [209.5, 92.0], [209.5, 91.0], [209.0, 90.5], [208.5, 90.0], [208.0, 89.5], [207.5, 89.0], [207.0, 88.5], [206.0, 88.5], [205.5, 88.0], [205.0, 87.5], [204.5, 87.0], [204.0, 86.5], [203.0, 86.5], [202.0, 86.5], [201.0, 86.5], [200.0, 86.5], [199.0, 86.5], [198.5, 87.0], [198.0, 87.5], [197.0, 87.5], [196.5, 88.0], [196.0, 88.5], [195.0, 88.5], [194.5, 89.0], [194.0, 89.5], [193.5, 90.0], [193.5, 91.0], [193.0, 91.5], [192.5, 92.0], [192.5, 93.0], [192.0, 93.5], [191.5, 94.0], [191.5, 95.0]]"
SLICE,Z2,SM_L,-16.770339369782107,-0.0054903030401192154,-322.23098754883,197.0,0.6352818103189599,"[[209.0, 108.5], [208.5, 109.0], [208.5, 110.0], [208.5, 111.0], [208.5, 112.0], [209.0, 112.5], [209.5, 113.0], [209.5, 114.0], [210.0, 114.5], [210.5, 115.0], [211.0, 115.5], [212.0, 115.5], [212.5, 116.0], [213.0, 116.5], [214.0, 116.5], [215.0, 116.5], [215.5, 116.0], [216.0, 115.5], [216.5, 115.0], [217.0, 114.5], [217.5, 114.0], [218.0, 113.5], [218.5, 113.0], [218.5, 112.0], [219.0, 111.5], [219.5, 111.0], [220.0, 110.5], [220.5, 110.0], [221.0, 109.5], [221.5, 109.0], [222.0, 108.5], [222.5, 108.0], [223.0, 107.5], [224.0, 107.5], [224.5, 107.0], [225.0, 106.5], [226.0, 106.5], [226.5, 106.0], [227.0, 105.5], [228.0, 105.5], [228.5, 105.0], [229.0, 104.5], [229.5, 104.0], [230.0, 103.5], [230.5, 103.0], [230.5, 102.0], [231.0, 101.5], [231.5, 101.0], [231.5, 100.0], [231.5, 99.0], [231.5, 98.0], [231.5, 97.0], [231.0, 96.5], [230.0, 96.5], [229.0, 96.5], [228.0, 96.5], [227.5, 97.0], [227.0, 97.5], [226.5, 98.0], [226.0, 98.5], [225.0, 98.5], [224.5, 99.0], [224.0, 99.5], [223.0, 99.5], [222.5, 100.0], [222.0, 100.5], [221.5, 101.0], [221.0, 101.5], [220.0, 101.5], [219.5, 102.0], [219.0, 102.5], [218.5, 103.0], [218.0, 103.5], [217.0, 103.5], [216.5, 104.0], [216.0, 104.5], [215.0, 104.5], [214.5, 105.0], [214.0, 105.5], [213.5, 106.0], [213.0, 106.5], [212.0, 106.5], [211.0, 106.5], [210.5, 107.0], [210.0, 107.5], [209.5, 108.0]]"
SLICE,Z2,ST_L,-16.770339369782107,-0.0054903030401192154,-322.23098754883,216.0,0.602402535666481,"[[216.0, 115.5], [215.5, 116.0], [216.0, 116.5], [217.0, 116.5], [217.5, 117.0], [217.5, 118.0], [218.0, 118.5], [218.5, 119.0], [219.0, 119.5], [220.0, 119.5], [220.5, 120.0], [221.0, 120.5], [222.0, 120.5], [223.0, 120.5], [224.0, 120.5], [225.0, 120.5], [226.0, 120.5], [226.5, 120.0], [227.0, 119.5], [228.0, 119.5], [229.0, 119.5], [229.5, 119.0], [229.5, 118.0], [230.0, 117.5], [230.5, 117.0], [231.0, 116.5], [231.5, 116.0], [232.0, 115.5], [232.5, 115.0], [233.0, 114.5], [233.5, 114.0], [234.0, 113.5], [234.5, 113.0], [234.5, 112.0], [234.5, 111.0], [234.5, 110.0], [235.0, 109.5], [235.5, 109.0], [235.5, 108.0], [235.5, 107.0], [235.5, 106.0], [235.0, 105.5], [234.5, 105.0], [234.5, 104.0], [234.5, 103.0], [234.0, 102.5], [233.5, 102.0], [233.0, 101.5], [232.0, 101.5], [231.0, 101.5], [230.5, 102.0], [230.5, 103.0], [230.0, 103.5], [229.5, 104.0], [229.0, 104.5], [228.5, 105.0], [228.0, 105.5], [227.0, 105.5], [226.5, 106.0], [226.0, 106.5], [225.0, 106.5], [224.5, 107.0], [224.0, 107.5], [223.0, 107.5], [222.5, 108.0], [222.0, 108.5], [221.5, 109.0], [221.0, 109.5], [220.5, 110.0], [220.0, 110.5], [219.5, 111.0], [219.0, 111.5], [218.5, 112.0], [218.5, 113.0], [218.0, 113.5], [217.5, 114.0], [217.0, 114.5], [216.5, 115.0]]"
SLICE,Z2,BF_L,-16.770339369782107,-0.0054903030401192154,-322.23098754883,300.0,0.5957528265412274,"[[228.0, 119.5], [227.5, 120.0], [227.5, 121.0], [228.0, 121.5], [228.5, 122.0], [229.0, 122.5], [229.5, 123.0], [230.0, 123.5], [230.5, 124.0], [231.0, 124.5], [232.0, 124.5], [233.0, 124.5], [234.0, 124.5], [235.0, 124.5], [236.0, 124.5], [236.5, 124.0], [237.0, 123.5], [238.0, 123.5], [238.5, 123.0], [239.0, 122.5], [239.5, 122.0], [240.0, 121.5], [241.0, 121.5], [241.5, 121.0], [242.0, 120.5], [242.5, 120.0], [243.0, 119.5], [244.0, 119.5], [244.5, 119.0], [244.5, 118.0], [244.5, 117.0], [245.0, 116.5], [245.5, 116.0], [245.5, 115.0], [246.0, 114.5], [246.5, 114.0], [246.5, 113.0], [246.5, 112.0], [246.5, 111.0], [247.0, 110.5], [247.5, 110.0], [247.5, 109.0], [247.5, 108.0], [247.5, 107.0], [247.5, 106.0], [247.5, 105.0], [247.5, 104.0], [247.0, 103.5], [246.5, 103.0], [246.0, 102.5], [245.5, 102.0], [245.0, 101.5], [244.5, 101.0], [244.0, 100.5], [243.5, 100.0], [243.0, 99.5], [242.0, 99.5], [241.5, 99.0], [241.0, 98.5], [240.0, 98.5], [239.0, 98.5], [238.5, 99.0], [238.0, 99.5], [237.0, 99.5], [236.5, 100.0], [236.0, 100.5], [235.5, 101.0], [235.5, 102.0], [235.5, 103.0], [235.5, 104.0], [235.5, 105.0], [235.5, 106.0], [235.5, 107.0], [235.5, 108.0], [235.5, 109.0], [235.0, 109.5], [234.5, 110.0], [234.5, 111.0], [234.5, 112.0], [234.5, 113.0], [234.0, 113.5], [233.5, 114.0], [233.0, 114.5], [232.5, 115.0], [232.0, 115.5], [231.5, 116.0], [231.0, 116.5], [230.5, 117.0], [230.0, 117.5], [229.5, 118.0], [229.5, 119.0], [229.0, 119.5]]"
SLICE,Z2,BF_SH_L,-16.770339369782107,-0.0054903030401192154,-322.23098754883,134.0,0.4348040424922648,"[[240.0, 83.5], [239.5, 84.0], [239.5, 85.0], [239.5, 86.0], [239.5, 87.0], [239.5, 88.0], [239.5, 89.0], [239.5, 90.0], [239.5, 91.0], [239.5, 92.0], [239.5, 93.0], [239.5, 94.0], [240.0, 94.5], [240.5, 95.0], [240.5, 96.0], [240.5, 97.0], [241.0, 97.5], [241.5, 98.0], [241.5, 99.0], [242.0, 99.5], [243.0, 99.5], [243.5, 100.0], [244.0, 100.5], [244.5, 101.0], [245.0, 101.5], [245.5, 102.0], [246.0, 102.5], [246.5, 103.0], [247.0, 103.5], [248.0, 103.5], [248.5, 104.0], [249.0, 104.5], [250.0, 104.5], [251.0, 104.5], [252.0, 104.5], [252.5, 104.0], [253.0, 103.5], [253.5, 103.0], [253.5, 102.0], [253.5, 101.0], [253.5, 100.0], [253.5, 99.0], [253.0, 98.5], [252.5, 98.0], [252.0, 97.5], [251.5, 97.0], [251.0, 96.5], [250.0, 96.5], [249.5, 96.0], [249.5, 95.0], [249.0, 94.5], [248.0, 94.5], [247.5, 94.0], [247.0, 93.5], [246.5, 93.0], [246.5, 92.0], [246.0, 91.5], [245.0, 91.5], [244.5, 91.0], [244.5, 90.0], [244.0, 89.5], [243.0, 89.5], [242.5, 89.0], [242.5, 88.0], [242.0, 87.5], [241.5, 87.0], [241.5, 86.0], [241.0, 85.5], [240.5, 85.0], [240.5, 84.0]]"
SLICE,Z2,AM_L,-16.770339369782107,-0.0054903030401192154,-322.23098754883,471.0,0.4200529357489769,"[[209.0, 89.5], [208.5, 90.0], [209.0, 90.5], [209.5, 91.0], [209.5, 92.0], [209.5, 93.0], [209.5, 94.0], [210.0, 94.5], [211.0, 94.5], [211.5, 95.0], [211.5, 96.0], [211.5, 97.0], [211.5, 98.0], [211.5, 99.0], [211.5, 100.0], [211.5, 101.0], [211.5, 102.0], [211.5, 103.0], [211.0, 103.5], [210.5, 104.0], [210.0, 104.5], [209.5, 105.0], [209.5, 106.0], [210.0, 106.5], [211.0, 106.5], [212.0, 106.5], [213.0, 106.5], [213.5, 106.0], [214.0, 105.5], [214.5, 105.0], [215.0, 104.5], [216.0, 104.5], [216.5, 104.0], [217.0, 103.5], [218.0, 103.5], [218.5, 103.0], [219.0, 102.5], [219.5, 102.0], [220.0, 101.5], [221.0, 101.5], [221.5, 101.0], [222.0, 100.5], [222.5, 100.0], [223.0, 99.5], [224.0, 99.5], [224.5, 99.0], [225.0, 98.5], [226.0, 98.5], [226.5, 98.0], [227.0, 97.5], [227.5, 97.0], [228.0, 96.5], [229.0, 96.5], [230.0, 96.5], [231.0, 96.5], [231.5, 96.0], [232.0, 95.5], [233.0, 95.5], [233.5, 95.0], [234.0, 94.5], [235.0, 94.5], [236.0, 94.5], [237.0, 94.5], [238.0, 94.5], [238.5, 94.0], [239.0, 93.5], [239.5, 93.0], [239.5, 92.0], [239.5, 91.0], [239.5, 90.0], [239.5, 89.0], [239.5, 88.0], [239.5, 87.0], [239.5, 86.0], [239.5, 85.0], [239.5, 84.0], [239.5, 83.0], [239.5, 82.0], [239.5, 81.0], [239.0, 80.5], [238.5, 80.0], [238.0, 79.5], [237.5, 79.0], [237.0, 78.5], [236.0, 78.5], [235.0, 78.5], [234.5, 79.0], [234.0, 79.5], [233.0, 79.5], [232.5, 80.0], [232.0, 80.5], [231.5, 81.0], [231.0, 81.5], [230.0, 81.5], [229.0, 81.5], [228.5, 82.0], [228.0, 82.5], [227.5, 83.0], [227.0, 83.5], [226.0, 83.5], [225.5, 84.0], [225.0, 84.5], [224.0, 84.5], [223.5, 85.0], [223.0, 85.5], [222.0, 85.5], [221.0, 85.5], [220.5, 85.0], [220.0, 84.5], [219.5, 84.0], [219.0, 83.5], [218.0, 83.5], [217.0, 83.5], [216.5, 83.0], [216.0, 82.5], [215.5, 83.0], [215.5, 84.0], [215.5, 85.0], [215.0, 85.5], [214.5, 86.0], [214.5, 87.0], [214.0, 87.5], [213.5, 88.0], [213.0, 88.5], [212.0, 88.5], [211.5, 89.0], [211.0, 89.5], [210.0, 89.5]]"
SLICE,Z2,AL_L,-16.770339369782107,-0.0054903030401192154,-322.23098754883,0.0,,
SLICE,Z2,AB_L,-16.770339369782107,-0.0054903030401192154,-322.23098754883,0.0,,
SLICE,Z3,VL_R,-16.770339369782107,-0.0054903030401192154,-292.23098754883,1377.0,0.19099905503128123,"[[52.0, 58.5], [51.5, 59.0], [51.5, 60.0], [51.5, 61.0], [51.5, 62.0], [51.5, 63.0], [51.5, 64.0], [51.5, 65.0], [51.5, 66.0], [51.5, 67.0], [51.5, 68.0], [51.5, 69.0], [51.5, 70.0], [51.5, 71.0], [51.5, 72.0], [51.5, 73.0], [51.5, 74.0], [51.5, 75.0], [51.5, 76.0], [51.5, 77.0], [52.0, 77.5], [52.5, 78.0], [52.5, 79.0], [53.0, 79.5], [53.5, 80.0], [53.5, 81.0], [53.5, 82.0], [53.5, 83.0], [54.0, 83.5], [54.5, 84.0], [55.0, 84.5], [55.5, 85.0], [55.5, 86.0], [56.0, 86.5], [56.5, 87.0], [57.0, 87.5], [57.5, 88.0], [58.0, 88.5], [58.5, 89.0], [59.0, 89.5], [59.5, 90.0], [60.0, 90.5], [60.5, 91.0], [61.0, 91.5], [62.0, 91.5], [62.5, 92.0], [63.0, 92.5], [63.5, 93.0], [64.0, 93.5], [64.5, 94.0], [65.0, 94.5], [65.5, 95.0], [66.0, 95.5], [67.0, 95.5], [67.5, 96.0], [68.0, 96.5], [69.0, 96.5], [70.0, 96.5], [71.0, 96.5], [72.0, 96.5], [73.0, 96.5], [74.0, 96.5], [75.0, 96.5], [76.0, 96.5], [76.5, 96.0], [76.5, 95.0], [77.0, 94.5], [78.0, 94.5], [79.0, 94.5], [79.5, 94.0], [79.5, 93.0], [79.5, 92.0], [79.5, 91.0], [79.0, 90.5], [78.5, 90.0], [78.0, 89.5], [77.5, 89.0], [77.0, 88.5], [76.5, 88.0], [76.5, 87.0], [76.0, 86.5], [75.5, 86.0], [75.5, 85.0], [75.0, 84.5], [74.5, 84.0], [74.5, 83.0], [74.5, 82.0], [74.5, 81.0], [74.0, 80.5], [73.5, 80.0], [73.0, 79.5], [72.5, 79.0], [72.0, 78.5], [71.5, 78.0], [71.5, 77.0], [71.5, 76.0], [71.5, 75.0], [71.5, 74.0], [71.5, 73.0], [71.5, 72.0], [71.5, 71.0], [71.5, 70.0], [71.5, 69.0], [71.5, 68.0], [71.5, 67.0], [71.5, 66.0], [71.5, 65.0], [72.0, 64.5], [72.5, 64.0], [72.5, 63.0], [72.5, 62.0], [73.0, 61.5], [73.5, 61.0], [73.5, 60.0], [74.0, 59.5], [74.5, 59.0], [74.5, 58.0], [75.0, 57.5], [75.5, 57.0], [75.5, 56.0], [76.0, 55.5], [76.5, 55.0], [76.5, 54.0], [76.5, 53.0], [76.5, 52.0], [77.0, 51.5], [78.0, 51.5], [78.5, 51.0], [79.0, 50.5], [79.5, 50.0], [80.0, 49.5], [80.5, 49.0], [81.0, 48.5], [81.5, 48.0], [81.5, 47.0], [81.5, 46.0], [81.5, 45.0], [81.5, 44.0], [81.5, 43.0], [81.0, 42.5], [80.5, 42.0], [80.5, 41.0], [80.5, 40.0], [81.0, 39.5], [81.5, 39.0], [81.5, 38.0], [81.5, 37.0], [81.5, 36.0], [81.5, 35.0], [81.5, 34.0], [81.0, 33.5], [80.0, 33.5], [79.5, 33.0], [79.5, 32.0], [79.0, 31.5], [78.0, 31.5], [77.5, 31.0], [77.0, 30.5], [76.0, 30.5], [75.0, 30.5], [74.0, 30.5], [73.0, 30.5], [72.0, 30.5], [71.5, 31.0], [71.0, 31.5], [70.0, 31.5], [69.5, 32.0], [69.0, 32.5], [68.0, 32.5], [67.5, 33.0], [67.0, 33.5], [66.0, 33.5], [65.5, 34.0], [65.0, 34.5], [64.0, 34.5], [63.5, 35.0], [63.0, 35.5], [62.0, 35.5], [61.0, 35.5], [60.5, 36.0], [60.0, 36.5], [59.5, 37.0], [59.0, 37.5], [58.5, 38.0], [58.0, 38.5], [57.5, 39.0], [57.0, 39.5], [56.0, 39.5], [55.5, 40.0], [55.5, 41.0], [55.0, 41.5], [54.5, 42.0], [54.0, 42.5], [53.5, 43.0], [53.5, 44.0], [53.5, 45.0], [53.5, 46.0], [53.5, 47.0], [53.5, 48.0], [53.0, 48.5], [52.5, 49.0], [52.5, 50.0], [52.5, 51.0], [52.5, 52.0], [52.5, 53.0], [52.5, 54.0], [52.5, 55.0], [52.5, 56.0], [52.5, 57.0], [52.5, 58.0]]"
SLICE,Z3,VI_R,-16.770339369782107,-0.0054903030401192154,-292.23098754883,632.0,0.2141516899992844,"[[72.0, 64.5], [71.5, 65.0], [71.5, 66.0], [71.5, 67.0], [71.5, 68.0], [71.5, 69.0], [71.5, 70.0], [71.5, 71.0], [71.5, 72.0], [71.5, 73.0], [71.5, 74.0], [71.5, 75.0], [71.5, 76.0], [71.5, 77.0], [71.5, 78.0], [72.0, 78.5], [72.5, 79.0], [73.0, 79.5], [73.5, 80.0], [74.0, 80.5], [74.5, 81.0], [74.5, 82.0], [74.5, 83.0], [74.5, 84.0], [75.0, 84.5], [75.5, 85.0], [75.5, 86.0], [76.0, 86.5], [76.5, 87.0], [76.5, 88.0], [77.0, 88.5], [77.5, 89.0], [78.0, 89.5], [78.5, 90.0], [79.0, 90.5], [79.5, 91.0], [80.0, 91.5], [81.0, 91.5], [81.5, 91.0], [81.5, 90.0], [82.0, 89.5], [83.0, 89.5], [83.5, 89.0], [84.0, 88.5], [84.5, 88.0], [84.5, 87.0], [85.0, 86.5], [86.0, 86.5], [86.5, 86.0], [86.5, 85.0], [87.0, 84.5], [87.5, 84.0], [87.5, 83.0], [88.0, 82.5], [88.5, 82.0], [88.5, 81.0], [89.0, 80.5], [89.5, 80.0], [89.5, 79.0], [89.5, 78.0], [89.5, 77.0], [89.5, 76.0], [89.0, 75.5], [88.0, 75.5], [87.5, 75.0], [87.0, 74.5], [86.5, 74.0], [86.0, 73.5], [85.0, 73.5], [84.5, 73.0], [84.0, 72.5], [83.5, 72.0], [83.0, 71.5], [82.0, 71.5], [81.5, 71.0], [81.0, 70.5], [80.5, 70.0], [80.0, 69.5], [79.5, 69.0], [79.0, 68.5], [78.5, 68.0], [78.5, 67.0], [78.0, 66.5], [77.5, 66.0], [77.5, 65.0], [77.5, 64.0], [77.5, 63.0], [77.5, 62.0], [78.0, 61.5], [78.5, 61.0], [79.0, 60.5], [79.5, 60.0], [80.0, 59.5], [80.5, 59.0], [81.0, 58.5], [81.5, 58.0], [82.0, 57.5], [83.0, 57.5], [84.0, 57.5], [84.5, 57.0], [85.0, 56.5], [86.0, 56.5], [86.5, 57.0], [87.0, 57.5], [88.0, 57.5], [88.5, 58.0], [88.5, 59.0], [89.0, 59.5], [90.0, 59.5], [90.5, 60.0], [90.5, 61.0], [90.5, 62.0], [91.0, 62.5], [91.5, 63.0], [91.5, 64.0], [92.0, 64.5], [92.5, 65.0], [92.5, 66.0], [92.5, 67.0], [93.0, 67.5], [93.5, 68.0], [93.5, 69.0], [94.0, 69.5], [95.0, 69.5], [96.0, 69.5], [97.0, 69.5], [98.0, 69.5], [98.5, 69.0], [99.0, 68.5], [99.5, 68.0], [99.5, 67.0], [100.0, 66.5], [100.5, 66.0], [100.5, 65.0], [100.5, 64.0], [100.5, 63.0], [101.0, 62.5], [101.5, 62.0], [101.5, 61.0], [101.5, 60.0], [101.0, 59.5], [100.5, 59.0], [100.5, 58.0], [100.5, 57.0], [100.0, 56.5], [99.5, 56.0], [99.5, 55.0], [99.5, 54.0], [99.0, 53.5], [98.5, 53.0], [98.0, 52.5], [97.5, 52.0], [97.5, 51.0], [97.0, 50.5], [96.0, 50.5], [95.5, 50.0], [95.0, 49.5], [94.0, 49.5], [93.0, 49.5], [92.0, 49.5], [91.0, 49.5], [90.0, 49.5], [89.5, 49.0], [89.0, 48.5], [88.0, 48.5], [87.0, 48.5], [86.5, 48.0], [86.0, 47.5], [85.0, 47.5], [84.0, 47.5], [83.0, 47.5], [82.0, 47.5], [81.5, 48.0], [81.0, 48.5], [80.5, 49.0], [80.0, 49.5], [79.5, 50.0], [79.0, 50.5], [78.5, 51.0], [78.0, 51.5], [77.0, 51.5], [76.5, 52.0], [76.5, 53.0], [76.5, 54.0], [76.5, 55.0], [76.0, 55.5], [75.5, 56.0], [75.5, 57.0], [75.0, 57.5], [74.5, 58.0], [74.5, 59.0], [74.0, 59.5], [73.5, 60.0], [73.5, 61.0], [73.0, 61.5], [72.5, 62.0], [72.5, 63.0], [72.5, 64.0]]"
SLICE,Z3,VM_R,-16.770339369782107,-0.0054903030401192154,-292.23098754883,541.0,0.2748387113943374,"[[91.0, 73.5], [90.5, 74.0], [90.5, 75.0], [91.0, 75.5], [91.5, 76.0], [92.0, 76.5], [93.0, 76.5], [93.5, 77.0], [94.0, 77.5], [94.5, 78.0], [94.5, 79.0], [95.0, 79.5], [96.0, 79.5], [96.5, 80.0], [97.0, 80.5], [97.5, 81.0], [98.0, 81.5], [99.0, 81.5], [100.0, 81.5], [101.0, 81.5], [101.5, 81.0], [102.0, 80.5], [102.5, 80.0], [103.0, 79.5], [104.0, 79.5], [104.5, 79.0], [105.0, 78.5], [106.0, 78.5], [106.5, 78.0], [106.5, 77.0], [107.0, 76.5], [108.0, 76.5], [109.0, 76.5], [109.5, 76.0], [109.5, 75.0], [110.0, 74.5], [111.0, 74.5], [111.5, 74.0], [111.5, 73.0], [111.5, 72.0], [112.0, 71.5], [112.5, 71.0], [112.5, 70.0], [113.0, 69.5], [113.5, 69.0], [113.5, 68.0], [113.5, 67.0], [114.0, 66.5], [114.5, 66.0], [114.5, 65.0], [114.5, 64.0], [114.5, 63.0], [114.5, 62.0], [114.5, 61.0], [114.5, 60.0], [114.5, 59.0], [114.5, 58.0], [114.5, 57.0], [114.5, 56.0], [114.5, 55.0], [114.5, 54.0], [114.5, 53.0], [114.0, 52.5], [113.5, 52.0], [113.5, 51.0], [113.0, 50.5], [112.5, 50.0], [112.5, 49.0], [112.0, 48.5], [111.5, 48.0], [111.5, 47.0], [111.0, 46.5], [110.5, 46.0], [110.0, 45.5], [109.5, 45.0], [109.0, 44.5], [108.5, 44.0], [108.0, 43.5], [107.0, 43.5], [106.5, 43.0], [106.5, 42.0], [106.0, 41.5], [105.0, 41.5], [104.0, 41.5], [103.5, 42.0], [103.0, 42.5], [102.5, 43.0], [102.5, 44.0], [102.0, 44.5], [101.5, 45.0], [101.5, 46.0], [101.0, 46.5], [100.5, 47.0], [100.0, 47.5], [99.5, 48.0], [99.0, 48.5], [98.5, 49.0], [98.0, 49.5], [97.5, 50.0], [97.5, 51.0], [97.5, 52.0], [98.0, 52.5], [98.5, 53.0], [99.0, 53.5], [99.5, 54.0], [99.5, 55.0], [99.5, 56.0], [100.0, 56.5], [100.5, 57.0], [100.5, 58.0], [100.5, 59.0], [101.0, 59.5], [101.5, 60.0], [101.5, 61.0], [101.5, 62.0], [101.0, 62.5], [100.5, 63.0], [100.5, 64.0], [100.5, 65.0], [100.5, 66.0], [100.0, 66.5], [99.5, 67.0], [99.5, 68.0], [99.0, 68.5], [98.5, 69.0], [98.0, 69.5], [97.0, 69.5], [96.0, 69.5], [95.0, 69.5], [94.0, 69.5], [93.5, 69.0], [93.5, 68.0], [93.0, 67.5], [92.5, 68.0], [92.5, 69.0], [92.5, 70.0], [92.0, 70.5], [91.5, 71.0], [91.5, 72.0], [91.5, 73.0]]"
SLICE,Z3,RF_R,-16.770339369782107,-0.0054903030401192154,-292.23098754883,331.0,0.2178024998149865,"[[81.0, 39.5], [80.5, 40.0], [80.5, 41.0], [80.5, 42.0], [81.0, 42.5], [81.5, 43.0], [81.5, 44.0], [81.5, 45.0], [82.0, 45.5], [82.5, 46.0], [83.0, 46.5], [84.0, 46.5], [84.5, 47.0], [85.0, 47.5], [86.0, 47.5], [86.5, 48.0], [87.0, 48.5], [88.0, 48.5], [89.0, 48.5], [89.5, 49.0], [90.0, 49.5], [91.0, 49.5], [92.0, 49.5], [93.0, 49.5], [94.0, 49.5], [95.0, 49.5], [96.0, 49.5], [97.0, 49.5], [98.0, 49.5], [98.5, 49.0], [99.0, 48.5], [99.5, 48.0], [100.0, 47.5], [100.5, 47.0], [101.0, 46.5], [101.5, 46.0], [101.5, 45.0], [102.0, 44.5], [102.5, 44.0], [102.5, 43.0], [103.0, 42.5], [103.5, 42.0], [103.5, 41.0], [103.5, 40.0], [103.5, 39.0], [103.0, 38.5], [102.0, 38.5], [101.5, 38.0], [101.5, 37.0], [101.0, 36.5], [100.5, 36.0], [100.0, 35.5], [99.0, 35.5], [98.0, 35.5], [97.5, 35.0], [97.0, 34.5], [96.5, 34.0], [96.0, 33.5], [95.0, 33.5], [94.5, 33.0], [94.0, 32.5], [93.0, 32.5], [92.5, 32.0], [92.0, 31.5], [91.5, 31.0], [91.0, 30.5], [90.0, 30.5], [89.0, 30.5], [88.0, 30.5], [87.0, 30.5], [86.0, 30.5], [85.0, 30.5], [84.0, 30.5], [83.5, 31.0], [83.0, 31.5], [82.5, 32.0], [82.0, 32.5], [81.5, 33.0], [81.5, 34.0], [81.5, 35.0], [81.5, 36.0], [81.5, 37.0], [81.5, 38.0], [81.5, 39.0]]"
SLICE,Z3,SAR_R,-16.770339369782107,-0.0054903030401192154,-292.23098754883,231.0,0.46527409116960755,"[[112.0, 71.5], [111.5, 72.0], [111.5, 73.0], [111.5, 74.0], [112.0, 74.5], [112.5, 75.0], [112.5, 76.0], [113.0, 76.5], [113.5, 77.0], [114.0, 77.5], [114.5, 78.0], [114.5, 79.0], [115.0, 79.5], [116.0, 79.5], [117.0, 79.5], [118.0, 79.5], [119.0, 79.5], [120.0, 79.5], [121.0, 79.5], [121.5, 79.0], [122.0, 78.5], [122.5, 78.0], [123.0, 77.5], [123.5, 77.0], [124.0, 76.5], [124.5, 76.0], [124.5, 75.0], [124.5, 74.0], [124.5, 73.0], [124.5, 72.0], [124.5, 71.0], [124.5, 70.0], [124.5, 69.0], [124.5, 68.0], [124.5, 67.0], [124.0, 66.5], [123.5, 66.0], [123.5, 65.0], [123.0, 64.5], [122.5, 64.0], [122.5, 63.0], [122.0, 62.5], [121.5, 62.0], [121.5, 61.0], [121.5, 60.0], [121.0, 59.5], [120.5, 59.0], [120.0, 58.5], [119.5, 58.0], [119.5, 57.0], [119.5, 56.0], [119.0, 55.5], [118.0, 55.5], [117.5, 55.0], [117.0, 54.5], [116.5, 54.0], [116.5, 53.0], [116.0, 52.5], [115.5, 52.0], [115.0, 51.5], [114.5, 51.0], [114.0, 50.5], [113.5, 51.0], [113.5, 52.0], [114.0, 52.5], [114.5, 53.0], [114.5, 54.0], [114.5, 55.0], [114.5, 56.0], [114.5, 57.0], [114.5, 58.0], [114.5, 59.0], [114.5, 60.0], [114.5, 61.0], [114.5, 62.0], [114.5, 63.0], [114.5, 64.0], [114.5, 65.0], [114.5, 66.0], [114.0, 66.5], [113.5, 67.0], [113.5, 68.0], [113.5, 69.0], [113.0, 69.5], [112.5, 70.0], [112.5, 71.0]]"
SLICE,Z3,GRA_R,-16.770339369782107,-0.0054903030401192154,-292.23098754883,346.0,0.5824491492790833,"[[118.0, 90.5], [117.5, 91.0], [117.5, 92.0], [117.5, 93.0], [117.5, 94.0], [117.5, 95.0], [117.5, 96.0], [117.5, 97.0], [117.5, 98.0], [117.5, 99.0], [117.5, 100.0], [118.0, 100.5], [118.5, 101.0], [118.5, 102.0], [119.0, 102.5], [120.0, 102.5], [120.5, 103.0], [120.5, 104.0], [121.0, 104.5], [122.0, 104.5], [123.0, 104.5], [123.5, 105.0], [124.0, 105.5], [125.0, 105.5], [126.0, 105.5], [127.0, 105.5], [127.5, 105.0], [128.0, 104.5], [129.0, 104.5], [130.0, 104.5], [130.5, 104.0], [131.0, 103.5], [131.5, 103.0], [131.5, 102.0], [132.0, 101.5], [132.5, 101.0], [133.0, 100.5], [133.5, 100.0], [134.0, 99.5], [134.5, 99.0], [134.5, 98.0], [134.5, 97.0], [134.5, 96.0], [134.5, 95.0], [134.5, 94.0], [134.5, 93.0], [134.5, 92.0], [134.5, 91.0], [134.5, 90.0], [134.5, 89.0], [134.5, 88.0], [134.5, 87.0], [134.5, 86.0], [134.0, 85.5], [133.5, 85.0], [133.5, 84.0], [133.0, 83.5], [132.0, 83.5], [131.5, 83.0], [131.5, 82.0], [131.0, 81.5], [130.5, 81.0], [130.0, 80.5], [129.0, 80.5], [128.0, 80.5], [127.0, 80.5], [126.0, 80.5], [125.0, 80.5], [124.0, 80.5], [123.5, 81.0], [123.5, 82.0], [123.0, 82.5], [122.5, 83.0], [122.0, 83.5], [121.5, 84.0], [121.5, 85.0], [121.0, 85.5], [120.0, 85.5], [119.5, 86.0], [119.5, 87.0], [119.5, 88.0], [119.0, 88.5], [118.5, 89.0], [118.5, 90.0]]"
SLICE,Z3,SM_R,-16.770339369782107,-0.0054903030401192154,-292.23098754883,127.0,0.6129764623561555,"[[98.0, 99.5], [97.5, 100.0], [98.0, 100.5], [98.5, 101.0], [99.0, 101.5], [99.5, 102.0], [100.0, 102.5], [101.0, 102.5], [101.5, 103.0], [101.5, 104.0], [102.0, 104.5], [102.5, 105.0], [103.0, 105.5], [103.5, 106.0], [103.5, 107.0], [103.5, 108.0], [104.0, 108.5], [104.5, 109.0], [104.5, 110.0], [105.0, 110.5], [105.5, 111.0], [106.0, 111.5], [106.5, 112.0], [106.5, 113.0], [106.5, 114.0], [107.0, 114.5], [108.0, 114.5], [108.5, 115.0], [109.0, 115.5], [110.0, 115.5], [111.0, 115.5], [111.5, 115.0], [112.0, 114.5], [113.0, 114.5], [113.5, 114.0], [114.0, 113.5], [114.5, 113.0], [114.5, 112.0], [114.5, 111.0], [114.5, 110.0], [114.5, 109.0], [114.0, 108.5], [113.5, 108.0], [113.5, 107.0], [113.0, 106.5], [112.0, 106.5], [111.5, 106.0], [111.0, 105.5], [110.5, 105.0], [110.0, 104.5], [109.0, 104.5], [108.5, 104.0], [108.0, 103.5], [107.5, 103.0], [107.0, 102.5], [106.5, 102.0], [106.0, 101.5], [105.0, 101.5], [104.5, 101.0], [104.0, 100.5], [103.5, 100.0], [103.0, 99.5], [102.0, 99.5], [101.5, 99.0], [101.5, 98.0], [101.0, 97.5], [100.5, 98.0], [100.0, 98.5], [99.0, 98.5], [98.5, 99.0]]"
SLICE,Z3,ST_R,-16.770339369782107,-0.0054903030401192154,-292.23098754883,278.0,0.8207292207264357,"[[90.0, 94.5], [89.5, 95.0], [89.5, 96.0], [89.5, 97.0], [89.5, 98.0], [89.5, 99.0], [89.5, 100.0], [89.5, 101.0], [89.5, 102.0], [89.5, 103.0], [89.5, 104.0], [89.5, 105.0], [89.5, 106.0], [90.0, 106.5], [90.5, 107.0], [90.5, 108.0], [91.0, 108.5], [91.5, 109.0], [91.5, 110.0], [92.0, 110.5], [92.5, 111.0], [93.0, 111.5], [93.5, 112.0], [93.5, 113.0], [93.5, 114.0], [94.0, 114.5], [94.5, 115.0], [94.5, 116.0], [95.0, 116.5], [95.5, 117.0], [96.0, 117.5], [96.5, 117.0], [97.0, 116.5], [98.0, 116.5], [98.5, 117.0], [98.5, 118.0], [99.0, 118.5], [100.0, 118.5], [100.5, 119.0], [101.0, 119.5], [102.0, 119.5], [103.0, 119.5], [104.0, 119.5], [105.0, 119.5], [105.5, 119.0], [105.5, 118.0], [105.5, 117.0], [106.0, 116.5], [106.5, 116.0], [106.5, 115.0], [106.5, 114.0], [106.5, 113.0], [106.5, 112.0], [106.0, 111.5], [105.5, 111.0], [105.0, 110.5], [104.5, 110.0], [104.5, 109.0], [104.0, 108.5], [103.5, 108.0], [103.5, 107.0], [103.5, 106.0], [103.0, 105.5], [102.5, 105.0], [102.0, 104.5], [101.5, 104.0], [101.5, 103.0], [101.0, 102.5], [100.0, 102.5], [99.5, 102.0], [99.0, 101.5], [98.5, 101.0], [98.0, 100.5], [97.5, 100.0], [98.0, 99.5], [98.5, 99.0], [99.0, 98.5], [100.0, 98.5], [100.5, 98.0], [100.5, 97.0], [100.0, 96.5], [99.0, 96.5], [98.5, 96.0], [98.0, 95.5], [97.5, 95.0], [97.0, 94.5], [96.5, 94.0], [96.0, 93.5], [95.0, 93.5], [94.0, 93.5], [93.0, 93.5], [92.5, 94.0], [92.0, 94.5], [91.0, 94.5]]"
SLICE,Z3,BF_R,-16.770339369782107,-0.0054903030401192154,-292.23098754883,323.0,0.6067744534575216,"[[77.0, 99.5], [76.5, 100.0], [76.5, 101.0], [77.0, 101.5], [77.5, 102.0], [77.5, 103.0], [77.5, 104.0], [77.5, 105.0], [77.5, 106.0], [78.0, 106.5], [78.5, 107.0], [78.5, 108.0], [78.5, 109.0], [78.5, 110.0], [78.5, 111.0], [79.0, 111.5], [79.5, 112.0], [79.5, 113.0], [79.5, 114.0], [80.0, 114.5], [80.5, 115.0], [80.5, 116.0], [81.0, 116.5], [82.0, 116.5], [82.5, 117.0], [83.0, 117.5], [83.5, 118.0], [83.5, 119.0], [84.0, 119.5], [85.0, 119.5], [86.0, 119.5], [86.5, 120.0], [87.0, 120.5], [88.0, 120.5], [89.0, 120.5], [90.0, 120.5], [91.0, 120.5], [92.0, 120.5], [93.0, 120.5], [94.0, 120.5], [94.5, 120.0], [95.0, 119.5], [95.5, 119.0], [95.5, 118.0], [95.5, 117.0], [95.0, 116.5], [94.5, 116.0], [94.5, 115.0], [94.0, 114.5], [93.5, 114.0], [93.5, 113.0], [93.5, 112.0], [93.0, 111.5], [92.5, 111.0], [92.0, 110.5], [91.5, 110.0], [91.5, 109.0], [91.0, 108.5], [90.5, 108.0], [90.5, 107.0], [90.0, 106.5], [89.5, 106.0], [89.5, 105.0], [89.5, 104.0], [89.5, 103.0], [89.5, 102.0], [89.5, 101.0], [89.5, 100.0], [89.5, 99.0], [89.5, 98.0], [89.5, 97.0], [89.5, 96.0], [89.5, 95.0], [89.5, 94.0], [89.0, 93.5], [88.0, 93.5], [87.0, 93.5], [86.0, 93.5], [85.0, 93.5], [84.5, 94.0], [84.0, 94.5], [83.0, 94.5], [82.5, 95.0], [82.0, 95.5], [81.0, 95.5], [80.0, 95.5], [79.0, 95.5], [78.5, 96.0], [78.5, 97.0], [78.0, 97.5], [77.5, 98.0], [77.5, 99.0]]"
SLICE,Z3,BF_SH_R,-16.770339369782107,-0.0054903030401192154,-292.23098754883,58.0,0.8163464743929959,"[[79.0, 94.5], [78.5, 95.0], [79.0, 95.5], [80.0, 95.5], [81.0, 95.5], [82.0, 95.5], [82.5, 95.0], [83.0, 94.5], [84.0, 94.5], [84.5, 94.0], [85.0, 93.5], [85.5, 93.0], [86.0, 92.5], [86.5, 92.0], [87.0, 91.5], [87.5, 91.0], [88.0, 90.5], [88.5, 90.0], [88.5, 89.0], [89.0, 88.5], [89.5, 88.0], [89.5, 87.0], [89.5, 86.0], [89.5, 85.0], [89.5, 84.0], [89.5, 83.0], [89.0, 82.5], [88.0, 82.5], [87.5, 83.0], [87.5, 84.0], [87.0, 84.5], [86.5, 85.0], [86.5, 86.0], [86.0, 86.5], [85.0, 86.5], [84.5, 87.0], [84.5, 88.0], [84.0, 88.5], [83.5, 89.0], [83.0, 89.5], [82.0, 89.5], [81.5, 90.0], [81.5, 91.0], [81.0, 91.5], [80.5, 92.0], [80.5, 93.0], [80.0, 93.5], [79.5, 94.0]]"
SLICE,Z3,AM_R,-16.770339369782107,-0.0054903030401192154,-292.23098754883,544.0,0.46596056440862255,"[[89.0, 80.5], [88.5, 81.0], [88.5, 82.0], [89.0, 82.5], [89.5, 83.0], [89.5, 84.0], [89.5, 85.0], [89.5, 86.0], [89.5, 87.0], [89.5, 88.0], [89.0, 88.5], [88.5, 89.0], [89.0, 89.5], [89.5, 90.0], [90.0, 90.5], [90.5, 91.0], [91.0, 91.5], [92.0, 91.5], [93.0, 91.5], [93.5, 92.0], [94.0, 92.5], [95.0, 92.5], [95.5, 93.0], [96.0, 93.5], [96.5, 94.0], [97.0, 94.5], [97.5, 95.0], [98.0, 95.5], [98.5, 96.0], [99.0, 96.5], [100.0, 96.5], [100.5, 97.0], [101.0, 97.5], [101.5, 98.0], [101.5, 99.0], [102.0, 99.5], [103.0, 99.5], [103.5, 100.0], [104.0, 100.5], [104.5, 101.0], [105.0, 101.5], [106.0, 101.5], [106.5, 102.0], [107.0, 102.5], [107.5, 103.0], [108.0, 103.5], [108.5, 104.0], [109.0, 104.5], [110.0, 104.5], [110.5, 105.0], [111.0, 105.5], [111.5, 106.0], [112.0, 106.5], [113.0, 106.5], [113.5, 107.0], [113.5, 108.0], [114.0, 108.5], [114.5, 108.0], [114.5, 107.0], [115.0, 106.5], [116.0, 106.5], [116.5, 106.0], [116.5, 105.0], [116.5, 104.0], [116.5, 103.0], [117.0, 102.5], [117.5, 102.0], [118.0, 101.5], [118.5, 101.0], [118.0, 100.5], [117.5, 100.0], [117.5, 99.0], [117.5, 98.0], [117.5, 97.0], [117.5, 96.0], [117.5, 95.0], [117.5, 94.0], [117.5, 93.0], [117.5, 92.0], [117.5, 91.0], [118.0, 90.5], [118.5, 90.0], [118.5, 89.0], [119.0, 88.5], [119.5, 88.0], [119.5, 87.0], [119.5, 86.0], [119.5, 85.0], [119.5, 84.0], [120.0, 83.5], [120.5, 83.0], [120.5, 82.0], [120.5, 81.0], [121.0, 80.5], [121.5, 80.0], [121.0, 79.5], [120.0, 79.5], [119.0, 79.5], [118.5, 80.0], [118.0, 80.5], [117.0, 80.5], [116.5, 81.0], [116.0, 81.5], [115.5, 82.0], [115.0, 82.5], [114.5, 83.0], [114.0, 83.5], [113.0, 83.5], [112.5, 84.0], [112.0, 84.5], [111.0, 84.5], [110.0, 84.5], [109.5, 84.0], [109.0, 83.5], [108.0, 83.5], [107.0, 83.5], [106.5, 83.0], [106.5, 82.0], [106.0, 81.5], [105.0, 81.5], [104.5, 81.0], [104.0, 80.5], [103.0, 80.5], [102.0, 80.5], [101.5, 81.0], [101.0, 81.5], [100.0, 81.5], [99.0, 81.5], [98.0, 81.5], [97.5, 81.0], [97.0, 80.5], [96.5, 80.0], [96.0, 79.5], [95.0, 79.5], [94.5, 79.0], [94.5, 78.0], [94.0, 77.5], [93.5, 77.0], [93.0, 76.5], [92.0, 76.5], [91.5, 76.0], [91.0, 75.5], [90.5, 76.0], [90.0, 76.5], [89.5, 77.0], [89.5, 78.0], [89.5, 79.0], [89.5, 80.0]]"
SLICE,Z3,AL_R,-16.770339369782107,-0.0054903030401192154,-292.23098754883,52.0,0.4617339625942098,"[[105.0, 80.5], [104.5, 81.0], [105.0, 81.5], [106.0, 81.5], [106.5, 82.0], [106.5, 83.0], [107.0, 83.5], [108.0, 83.5], [109.0, 83.5], [109.5, 84.0], [110.0, 84.5], [111.0, 84.5], [112.0, 84.5], [112.5, 84.0], [113.0, 83.5], [114.0, 83.5], [114.5, 83.0], [115.0, 82.5], [115.5, 82.0], [116.0, 81.5], [116.5, 81.0], [117.0, 80.5], [118.0, 80.5], [118.5, 80.0], [118.0, 79.5], [117.0, 79.5], [116.0, 79.5], [115.0, 79.5], [114.5, 79.0], [114.5, 78.0], [114.0, 77.5], [113.0, 77.5], [112.5, 78.0], [112.0, 78.5], [111.0, 78.5], [110.0, 78.5], [109.0, 78.5], [108.5, 79.0], [108.0, 79.5], [107.0, 79.5], [106.5, 80.0], [106.0, 80.5]]"
SLICE,Z3,AB_R,-16.770339369782107,-0.0054903030401192154,-292.23098754883,0.0,,
SLICE,Z3,VL_L,-16.770339369782107,-0.0054903030401192154,-292.23098754883,1260.0,0.1725786860440467,"[[247.0, 49.5], [246.5, 50.0], [246.5, 51.0], [247.0, 51.5], [248.0, 51.5], [248.5, 52.0], [249.0, 52.5], [249.5, 53.0], [250.0, 53.5], [250.5, 54.0], [251.0, 54.5], [251.5, 55.0], [252.0, 55.5], [252.5, 56.0], [253.0, 56.5], [253.5, 57.0], [254.0, 57.5], [254.5, 58.0], [254.5, 59.0], [255.0, 59.5], [255.5, 60.0], [256.0, 60.5], [256.5, 61.0], [256.5, 62.0], [257.0, 62.5], [257.5, 63.0], [257.5, 64.0], [258.0, 64.5], [259.0, 64.5], [259.5, 65.0], [259.5, 66.0], [259.5, 67.0], [259.5, 68.0], [259.5, 69.0], [259.5, 70.0], [259.5, 71.0], [260.0, 71.5], [260.5, 72.0], [260.5, 73.0], [260.5, 74.0], [260.0, 74.5], [259.5, 75.0], [259.5, 76.0], [259.5, 77.0], [259.5, 78.0], [259.5, 79.0], [259.5, 80.0], [259.0, 80.5], [258.5, 81.0], [258.5, 82.0], [258.0, 82.5], [257.5, 83.0], [257.5, 84.0], [257.0, 84.5], [256.5, 85.0], [256.5, 86.0], [256.0, 86.5], [255.5, 87.0], [255.0, 87.5], [254.5, 88.0], [254.5, 89.0], [254.0, 89.5], [253.5, 90.0], [253.0, 90.5], [252.5, 91.0], [252.0, 91.5], [251.5, 92.0], [251.0, 92.5], [250.5, 93.0], [250.0, 93.5], [249.5, 94.0], [249.0, 94.5], [248.5, 95.0], [248.0, 95.5], [247.5, 96.0], [248.0, 96.5], [249.0, 96.5], [249.5, 97.0], [250.0, 97.5], [250.5, 98.0], [250.5, 99.0], [251.0, 99.5], [252.0, 99.5], [252.5, 100.0], [253.0, 100.5], [254.0, 100.5], [255.0, 100.5], [255.5, 100.0], [256.0, 99.5], [257.0, 99.5], [258.0, 99.5], [259.0, 99.5], [259.5, 99.0], [260.0, 98.5], [261.0, 98.5], [262.0, 98.5], [263.0, 98.5], [263.5, 98.0], [264.0, 97.5], [264.5, 97.0], [265.0, 96.5], [266.0, 96.5], [267.0, 96.5], [267.5, 96.0], [268.0, 95.5], [268.5, 95.0], [269.0, 94.5], [269.5, 94.0], [270.0, 93.5], [271.0, 93.5], [271.5, 93.0], [271.5, 92.0], [272.0, 91.5], [272.5, 91.0], [273.0, 90.5], [273.5, 90.0], [274.0, 89.5], [274.5, 89.0], [274.5, 88.0], [274.5, 87.0], [275.0, 86.5], [275.5, 86.0], [275.5, 85.0], [276.0, 84.5], [276.5, 84.0], [276.5, 83.0], [276.5, 82.0], [276.5, 81.0], [276.5, 80.0], [276.5, 79.0], [276.5, 78.0], [276.5, 77.0], [277.0, 76.5], [277.5, 76.0], [277.5, 75.0], [277.5, 74.0], [277.5, 73.0], [277.5, 72.0], [277.5, 71.0], [277.5, 70.0], [277.5, 69.0], [277.5, 68.0], [277.5, 67.0], [277.5, 66.0], [277.5, 65.0], [277.5, 64.0], [277.5, 63.0], [277.5, 62.0], [277.5, 61.0], [277.5, 60.0], [277.5, 59.0], [277.5, 58.0], [277.5, 57.0], [277.5, 56.0], [277.0, 55.5], [276.5, 55.0], [276.5, 54.0], [276.5, 53.0], [276.5, 52.0], [276.5, 51.0], [276.0, 50.5], [275.5, 50.0], [275.0, 49.5], [274.5, 49.0], [274.5, 48.0], [274.0, 47.5], [273.5, 47.0], [273.5, 46.0], [273.0, 45.5], [272.0, 45.5], [271.5, 45.0], [271.5, 44.0], [271.0, 43.5], [270.0, 43.5], [269.5, 43.0], [269.5, 42.0], [269.0, 41.5], [268.5, 41.0], [268.0, 40.5], [267.0, 40.5], [266.5, 40.0], [266.0, 39.5], [265.0, 39.5], [264.5, 39.0], [264.0, 38.5], [263.0, 38.5], [262.0, 38.5], [261.5, 38.0], [261.0, 37.5], [260.0, 37.5], [259.0, 37.5], [258.5, 37.0], [258.0, 36.5], [257.0, 36.5], [256.0, 36.5], [255.5, 36.0], [255.0, 35.5], [254.0, 35.5], [253.0, 35.5], [252.0, 35.5], [251.0, 35.5], [250.5, 36.0], [250.0, 36.5], [249.5, 37.0], [249.5, 38.0], [249.5, 39.0], [249.5, 40.0], [249.5, 41.0], [249.5, 42.0], [249.5, 43.0], [249.5, 44.0], [249.5, 45.0], [249.5, 46.0], [249.0, 46.5], [248.5, 47.0], [248.5, 48.0], [248.0, 48.5], [247.5, 49.0]]"
SLICE,Z3,VI_L,-16.770339369782107,-0.0054903030401192154,-292.23098754883,676.0,0.19662661712701673,"[[228.0, 61.5], [227.5, 62.0], [227.5, 63.0], [227.5, 64.0], [227.5, 65.0], [228.0, 65.5], [228.5, 66.0], [229.0, 66.5], [229.5, 67.0], [230.0, 67.5], [230.5, 68.0], [231.0, 68.5], [231.5, 69.0], [232.0, 69.5], [233.0, 69.5], [234.0, 69.5], [235.0, 69.5], [236.0, 69.5], [236.5, 69.0], [236.5, 68.0], [236.5, 67.0], [236.5, 66.0], [236.5, 65.0], [237.0, 64.5], [237.5, 64.0], [238.0, 63.5], [238.5, 63.0], [239.0, 62.5], [239.5, 62.0], [240.0, 61.5], [241.0, 61.5], [242.0, 61.5], [243.0, 61.5], [244.0, 61.5], [245.0, 61.5], [246.0, 61.5], [247.0, 61.5], [248.0, 61.5], [248.5, 62.0], [249.0, 62.5], [249.5, 63.0], [250.0, 63.5], [250.5, 64.0], [250.5, 65.0], [251.0, 65.5], [251.5, 66.0], [251.5, 67.0], [251.5, 68.0], [251.5, 69.0], [251.5, 70.0], [251.0, 70.5], [250.5, 71.0], [250.5, 72.0], [250.5, 73.0], [250.0, 73.5], [249.0, 73.5], [248.5, 74.0], [248.0, 74.5], [247.5, 75.0], [247.0, 75.5], [246.0, 75.5], [245.0, 75.5], [244.5, 76.0], [244.0, 76.5], [243.0, 76.5], [242.5, 77.0], [242.0, 77.5], [241.0, 77.5], [240.5, 78.0], [240.0, 78.5], [239.5, 79.0], [239.5, 80.0], [239.5, 81.0], [240.0, 81.5], [240.5, 82.0], [240.5, 83.0], [241.0, 83.5], [241.5, 84.0], [241.5, 85.0], [241.5, 86.0], [241.5, 87.0], [242.0, 87.5], [242.5, 88.0], [242.5, 89.0], [243.0, 89.5], [243.5, 90.0], [244.0, 90.5], [244.5, 91.0], [244.5, 92.0], [245.0, 92.5], [245.5, 93.0], [246.0, 93.5], [246.5, 94.0], [246.5, 95.0], [247.0, 95.5], [248.0, 95.5], [248.5, 95.0], [249.0, 94.5], [249.5, 94.0], [250.0, 93.5], [250.5, 93.0], [251.0, 92.5], [251.5, 92.0], [252.0, 91.5], [252.5, 91.0], [253.0, 90.5], [253.5, 90.0], [254.0, 89.5], [254.5, 89.0], [254.5, 88.0], [255.0, 87.5], [255.5, 87.0], [256.0, 86.5], [256.5, 86.0], [256.5, 85.0], [257.0, 84.5], [257.5, 84.0], [257.5, 83.0], [258.0, 82.5], [258.5, 82.0], [258.5, 81.0], [259.0, 80.5], [259.5, 80.0], [259.5, 79.0], [259.5, 78.0], [259.5, 77.0], [259.5, 76.0], [259.5, 75.0], [260.0, 74.5], [260.5, 74.0], [260.5, 73.0], [260.5, 72.0], [260.0, 71.5], [259.5, 71.0], [259.5, 70.0], [259.5, 69.0], [259.5, 68.0], [259.5, 67.0], [259.5, 66.0], [259.5, 65.0], [259.0, 64.5], [258.0, 64.5], [257.5, 64.0], [257.5, 63.0], [257.0, 62.5], [256.5, 62.0], [256.5, 61.0], [256.0, 60.5], [255.5, 60.0], [255.0, 59.5], [254.5, 59.0], [254.5, 58.0], [254.0, 57.5], [253.5, 57.0], [253.0, 56.5], [252.5, 56.0], [252.0, 55.5], [251.5, 55.0], [251.0, 54.5], [250.5, 54.0], [250.0, 53.5], [249.5, 53.0], [249.0, 52.5], [248.5, 52.0], [248.0, 51.5], [247.0, 51.5], [246.5, 51.0], [246.0, 50.5], [245.0, 50.5], [244.5, 51.0], [244.0, 51.5], [243.0, 51.5], [242.0, 51.5], [241.0, 51.5], [240.0, 51.5], [239.0, 51.5], [238.0, 51.5], [237.0, 51.5], [236.0, 51.5], [235.0, 51.5], [234.0, 51.5], [233.5, 52.0], [233.5, 53.0], [233.0, 53.5], [232.5, 54.0], [232.0, 54.5], [231.5, 55.0], [231.5, 56.0], [231.0, 56.5], [230.5, 57.0], [230.0, 57.5], [229.5, 58.0], [229.5, 59.0], [229.5, 60.0], [229.0, 60.5], [228.5, 61.0]]"
SLICE,Z3,VM_L,-16.770339369782107,-0.0054903030401192154,-292.23098754883,545.0,0.3120795517852246,"[[215.0, 54.5], [214.5, 55.0], [214.5, 56.0], [214.5, 57.0], [214.5, 58.0], [214.5, 59.0], [214.5, 60.0], [214.5, 61.0], [214.5, 62.0], [214.5, 63.0], [214.5, 64.0], [214.5, 65.0], [214.5, 66.0], [214.5, 67.0], [214.5, 68.0], [214.5, 69.0], [214.5, 70.0], [215.0, 70.5], [215.5, 71.0], [215.5, 72.0], [215.5, 73.0], [215.5, 74.0], [216.0, 74.5], [217.0, 74.5], [217.5, 75.0], [218.0, 75.5], [218.5, 76.0], [219.0, 76.5], [220.0, 76.5], [221.0, 76.5], [221.5, 77.0], [222.0, 77.5], [223.0, 77.5], [223.5, 78.0], [224.0, 78.5], [224.5, 79.0], [225.0, 79.5], [226.0, 79.5], [226.5, 80.0], [227.0, 80.5], [228.0, 80.5], [229.0, 80.5], [230.0, 80.5], [231.0, 80.5], [231.5, 80.0], [232.0, 79.5], [233.0, 79.5], [234.0, 79.5], [234.5, 79.0], [234.5, 78.0], [235.0, 77.5], [235.5, 77.0], [236.0, 76.5], [236.5, 76.0], [236.5, 75.0], [236.5, 74.0], [236.5, 73.0], [236.5, 72.0], [236.5, 71.0], [236.0, 70.5], [235.5, 70.0], [235.0, 69.5], [234.0, 69.5], [233.0, 69.5], [232.0, 69.5], [231.5, 69.0], [231.0, 68.5], [230.5, 68.0], [230.0, 67.5], [229.5, 67.0], [229.0, 66.5], [228.5, 66.0], [228.0, 65.5], [227.5, 65.0], [227.5, 64.0], [227.5, 63.0], [227.5, 62.0], [228.0, 61.5], [228.5, 61.0], [229.0, 60.5], [229.5, 60.0], [229.5, 59.0], [229.5, 58.0], [230.0, 57.5], [230.5, 57.0], [231.0, 56.5], [231.5, 56.0], [231.5, 55.0], [232.0, 54.5], [232.5, 54.0], [233.0, 53.5], [233.5, 53.0], [233.5, 52.0], [233.0, 51.5], [232.5, 51.0], [232.0, 50.5], [231.5, 50.0], [231.5, 49.0], [231.0, 48.5], [230.5, 48.0], [230.5, 47.0], [230.0, 46.5], [229.5, 46.0], [229.5, 45.0], [229.0, 44.5], [228.0, 44.5], [227.0, 44.5], [226.5, 44.0], [226.0, 43.5], [225.0, 43.5], [224.5, 44.0], [224.0, 44.5], [223.0, 44.5], [222.5, 45.0], [222.0, 45.5], [221.0, 45.5], [220.5, 46.0], [220.0, 46.5], [219.5, 47.0], [219.0, 47.5], [218.5, 48.0], [218.0, 48.5], [217.5, 49.0], [217.0, 49.5], [216.5, 50.0], [216.0, 50.5], [215.5, 51.0], [215.5, 52.0], [215.5, 53.0], [215.5, 54.0]]"
SLICE,Z3,RF_L,-16.770339369782107,-0.0054903030401192154,-292.23098754883,308.0,0.23192487475625834,"[[227.0, 40.5], [226.5, 41.0], [226.5, 42.0], [226.5, 43.0], [226.5, 44.0], [227.0, 44.5], [228.0, 44.5], [229.0, 44.5], [229.5, 45.0], [229.5, 46.0], [230.0, 46.5], [230.5, 47.0], [230.5, 48.0], [231.0, 48.5], [231.5, 49.0], [231.5, 50.0], [232.0, 50.5], [232.5, 51.0], [233.0, 51.5], [234.0, 51.5], [235.0, 51.5], [236.0, 51.5], [237.0, 51.5], [238.0, 51.5], [239.0, 51.5], [240.0, 51.5], [241.0, 51.5], [242.0, 51.5], [243.0, 51.5], [244.0, 51.5], [244.5, 51.0], [245.0, 50.5], [246.0, 50.5], [246.5, 50.0], [247.0, 49.5], [247.5, 49.0], [248.0, 48.5], [248.5, 48.0], [248.5, 47.0], [249.0, 46.5], [249.5, 46.0], [249.5, 45.0], [249.5, 44.0], [249.5, 43.0], [249.5, 42.0], [249.5, 41.0], [249.5, 40.0], [249.5, 39.0], [249.5, 38.0], [249.0, 37.5], [248.5, 37.0], [248.0, 36.5], [247.5, 36.0], [247.0, 35.5], [246.0, 35.5], [245.5, 35.0], [245.0, 34.5], [244.0, 34.5], [243.0, 34.5], [242.0, 34.5], [241.0, 34.5], [240.0, 34.5], [239.0, 34.5], [238.5, 35.0], [238.0, 35.5], [237.0, 35.5], [236.0, 35.5], [235.5, 36.0], [235.0, 36.5], [234.0, 36.5], [233.0, 36.5], [232.5, 37.0], [232.0, 37.5], [231.0, 37.5], [230.5, 38.0], [230.0, 38.5], [229.0, 38.5], [228.5, 39.0], [228.0, 39.5], [227.5, 40.0]]"
SLICE,Z3,SAR_L,-16.770339369782107,-0.0054903030401192154,-292.23098754883,295.0,0.4221258722616936,"[[202.0, 66.5], [201.5, 67.0], [201.5, 68.0], [201.5, 69.0], [201.5, 70.0], [201.5, 71.0], [201.5, 72.0], [201.5, 73.0], [201.5, 74.0], [202.0, 74.5], [202.5, 75.0], [202.5, 76.0], [203.0, 76.5], [203.5, 77.0], [203.5, 78.0], [204.0, 78.5], [204.5, 79.0], [205.0, 79.5], [206.0, 79.5], [206.5, 80.0], [207.0, 80.5], [207.5, 81.0], [208.0, 81.5], [209.0, 81.5], [210.0, 81.5], [211.0, 81.5], [211.5, 81.0], [211.5, 80.0], [212.0, 79.5], [213.0, 79.5], [213.5, 79.0], [213.5, 78.0], [214.0, 77.5], [214.5, 77.0], [214.5, 76.0], [214.5, 75.0], [214.5, 74.0], [214.5, 73.0], [215.0, 72.5], [215.5, 72.0], [215.5, 71.0], [215.0, 70.5], [214.5, 70.0], [214.5, 69.0], [214.5, 68.0], [214.5, 67.0], [214.5, 66.0], [214.5, 65.0], [214.5, 64.0], [214.5, 63.0], [214.5, 62.0], [214.5, 61.0], [214.5, 60.0], [214.5, 59.0], [214.5, 58.0], [214.5, 57.0], [214.5, 56.0], [214.5, 55.0], [215.0, 54.5], [215.5, 54.0], [215.5, 53.0], [215.0, 52.5], [214.0, 52.5], [213.0, 52.5], [212.5, 53.0], [212.0, 53.5], [211.0, 53.5], [210.5, 54.0], [210.0, 54.5], [209.5, 55.0], [209.0, 55.5], [208.0, 55.5], [207.5, 56.0], [207.0, 56.5], [206.5, 57.0], [206.0, 57.5], [205.5, 58.0], [205.0, 58.5], [204.5, 59.0], [204.5, 60.0], [204.0, 60.5], [203.5, 61.0], [203.5, 62.0], [203.5, 63.0], [203.0, 63.5], [202.5, 64.0], [202.5, 65.0], [202.5, 66.0]]"
SLICE,Z3,GRA_L,-16.770339369782107,-0.0054903030401192154,-292.23098754883,408.0,0.4684865386689221,"[[188.0, 86.5], [187.5, 87.0], [187.5, 88.0], [187.5, 89.0], [187.5, 90.0], [187.5, 91.0], [187.5, 92.0], [187.5, 93.0], [187.5, 94.0], [188.0, 94.5], [188.5, 95.0], [188.5, 96.0], [189.0, 96.5], [189.5, 97.0], [189.5, 98.0], [190.0, 98.5], [190.5, 99.0], [190.5, 100.0], [191.0, 100.5], [191.5, 101.0], [192.0, 101.5], [192.5, 102.0], [193.0, 102.5], [193.5, 103.0], [193.5, 104.0], [194.0, 104.5], [195.0, 104.5], [196.0, 104.5], [196.5, 105.0], [197.0, 105.5], [198.0, 105.5], [199.0, 105.5], [200.0, 105.5], [200.5, 105.0], [201.0, 104.5], [202.0, 104.5], [202.5, 104.0], [202.5, 103.0], [203.0, 102.5], [203.5, 102.0], [204.0, 101.5], [204.5, 101.0], [204.5, 100.0], [205.0, 99.5], [206.0, 99.5], [206.5, 99.0], [206.5, 98.0], [206.5, 97.0], [206.5, 96.0], [207.0, 95.5], [207.5, 95.0], [207.5, 94.0], [207.5, 93.0], [207.5, 92.0], [207.5, 91.0], [207.5, 90.0], [207.5, 89.0], [207.5, 88.0], [207.0, 87.5], [206.5, 87.0], [206.0, 86.5], [205.5, 86.0], [205.5, 85.0], [205.0, 84.5], [204.5, 84.0], [204.0, 83.5], [203.5, 83.0], [203.5, 82.0], [203.0, 81.5], [202.5, 81.0], [202.0, 80.5], [201.5, 80.0], [201.0, 79.5], [200.0, 79.5], [199.5, 79.0], [199.0, 78.5], [198.0, 78.5], [197.0, 78.5], [196.0, 78.5], [195.0, 78.5], [194.5, 79.0], [194.0, 79.5], [193.5, 80.0], [193.0, 80.5], [192.0, 80.5], [191.0, 80.5], [190.5, 81.0], [190.5, 82.0], [190.0, 82.5], [189.5, 83.0], [189.0, 83.5], [188.5, 84.0], [188.5, 85.0], [188.5, 86.0]]"
SLICE,Z3,SM_L,-16.770339369782107,-0.0054903030401192154,-292.23098754883,127.0,0.5603219061531323,"[[208.0, 107.5], [207.5, 108.0], [207.5, 109.0], [208.0, 109.5], [208.5, 110.0], [208.5, 111.0], [208.5, 112.0], [209.0, 112.5], [209.5, 113.0], [210.0, 113.5], [211.0, 113.5], [211.5, 114.0], [212.0, 114.5], [212.5, 114.0], [213.0, 113.5], [214.0, 113.5], [214.5, 113.0], [215.0, 112.5], [215.5, 113.0], [215.5, 114.0], [215.5, 115.0], [216.0, 115.5], [216.5, 116.0], [217.0, 116.5], [217.5, 117.0], [218.0, 117.5], [219.0, 117.5], [219.5, 117.0], [219.0, 116.5], [218.5, 116.0], [218.0, 115.5], [217.5, 115.0], [217.5, 114.0], [217.0, 113.5], [216.5, 113.0], [216.5, 112.0], [217.0, 111.5], [217.5, 111.0], [217.5, 110.0], [218.0, 109.5], [218.5, 109.0], [218.5, 108.0], [219.0, 107.5], [219.5, 107.0], [220.0, 106.5], [220.5, 106.0], [221.0, 105.5], [221.5, 105.0], [222.0, 104.5], [222.5, 104.0], [223.0, 103.5], [224.0, 103.5], [224.5, 103.0], [224.5, 102.0], [225.0, 101.5], [226.0, 101.5], [226.5, 101.0], [227.0, 100.5], [227.5, 100.0], [228.0, 99.5], [228.5, 99.0], [228.0, 98.5], [227.0, 98.5], [226.0, 98.5], [225.5, 99.0], [225.0, 99.5], [224.0, 99.5], [223.5, 100.0], [223.0, 100.5], [222.5, 100.0], [222.0, 99.5], [221.5, 100.0], [221.0, 100.5], [220.5, 101.0], [220.0, 101.5], [219.0, 101.5], [218.0, 101.5], [217.5, 102.0], [217.0, 102.5], [216.5, 103.0], [216.0, 103.5], [215.5, 104.0], [215.0, 104.5], [214.0, 104.5], [213.5, 105.0], [213.0, 105.5], [212.0, 105.5], [211.5, 106.0], [211.0, 106.5], [210.0, 106.5], [209.0, 106.5], [208.5, 107.0]]"
SLICE,Z3,ST_L,-16.770339369782107,-0.0054903030401192154,-292.23098754883,290.0,0.6716278564435169,"[[217.0, 111.5], [216.5, 112.0], [216.5, 113.0], [217.0, 113.5], [217.5, 114.0], [217.5, 115.0], [218.0, 115.5], [218.5, 116.0], [219.0, 116.5], [219.5, 117.0], [219.0, 117.5], [218.5, 118.0], [219.0, 118.5], [219.5, 119.0], [220.0, 119.5], [221.0, 119.5], [221.5, 119.0], [222.0, 118.5], [223.0, 118.5], [224.0, 118.5], [224.5, 118.0], [225.0, 117.5], [226.0, 117.5], [226.5, 117.0], [227.0, 116.5], [228.0, 116.5], [228.5, 116.0], [229.0, 115.5], [229.5, 115.0], [229.5, 114.0], [230.0, 113.5], [230.5, 113.0], [231.0, 112.5], [231.5, 112.0], [232.0, 111.5], [232.5, 111.0], [233.0, 110.5], [233.5, 110.0], [234.0, 109.5], [234.5, 109.0], [235.0, 108.5], [235.5, 108.0], [235.5, 107.0], [236.0, 106.5], [236.5, 106.0], [236.5, 105.0], [236.5, 104.0], [236.5, 103.0], [236.5, 102.0], [236.5, 101.0], [236.5, 100.0], [236.5, 99.0], [237.0, 98.5], [237.5, 98.0], [237.5, 97.0], [237.0, 96.5], [236.5, 96.0], [236.0, 95.5], [235.0, 95.5], [234.0, 95.5], [233.0, 95.5], [232.0, 95.5], [231.0, 95.5], [230.0, 95.5], [229.0, 95.5], [228.5, 96.0], [228.0, 96.5], [227.0, 96.5], [226.0, 96.5], [225.5, 97.0], [225.0, 97.5], [224.5, 98.0], [224.0, 98.5], [223.5, 99.0], [223.0, 99.5], [222.5, 100.0], [223.0, 100.5], [223.5, 100.0], [224.0, 99.5], [225.0, 99.5], [225.5, 99.0], [226.0, 98.5], [227.0, 98.5], [228.0, 98.5], [228.5, 99.0], [228.0, 99.5], [227.5, 100.0], [227.0, 100.5], [226.5, 101.0], [226.0, 101.5], [225.0, 101.5], [224.5, 102.0], [224.5, 103.0], [224.0, 103.5], [223.0, 103.5], [222.5, 104.0], [222.0, 104.5], [221.5, 105.0], [221.0, 105.5], [220.5, 106.0], [220.0, 106.5], [219.5, 107.0], [219.0, 107.5], [218.5, 108.0], [218.5, 109.0], [218.0, 109.5], [217.5, 110.0], [217.5, 111.0]]"
SLICE,Z3,BF_L,-16.770339369782107,-0.0054903030401192154,-292.23098754883,268.0,0.5688572375066879,"[[228.0, 116.5], [227.5, 117.0], [227.5, 118.0], [228.0, 118.5], [228.5, 119.0], [229.0, 119.5], [229.5, 120.0], [230.0, 120.5], [231.0, 120.5], [232.0, 120.5], [233.0, 120.5], [234.0, 120.5], [235.0, 120.5], [236.0, 120.5], [237.0, 120.5], [238.0, 120.5], [238.5, 120.0], [239.0, 119.5], [240.0, 119.5], [240.5, 119.0], [241.0, 118.5], [241.5, 118.0], [241.5, 117.0], [242.0, 116.5], [243.0, 116.5], [243.5, 116.0], [243.5, 115.0], [244.0, 114.5], [244.5, 114.0], [244.5, 113.0], [244.5, 112.0], [245.0, 111.5], [245.5, 111.0], [245.5, 110.0], [246.0, 109.5], [246.5, 109.0], [246.5, 108.0], [246.5, 107.0], [247.0, 106.5], [247.5, 106.0], [247.5, 105.0], [247.5, 104.0], [247.5, 103.0], [247.5, 102.0], [247.5, 101.0], [247.0, 100.5], [246.5, 100.0], [246.0, 99.5], [245.0, 99.5], [244.5, 99.0], [244.0, 98.5], [243.5, 98.0], [243.0, 97.5], [242.0, 97.5], [241.0, 97.5], [240.0, 97.5], [239.0, 97.5], [238.5, 98.0], [238.0, 98.5], [237.0, 98.5], [236.5, 99.0], [236.5, 100.0], [236.5, 101.0], [236.5, 102.0], [236.5, 103.0], [236.5, 104.0], [236.5, 105.0], [236.5, 106.0], [236.0, 106.5], [235.5, 107.0], [235.5, 108.0], [235.0, 108.5], [234.5, 109.0], [234.0, 109.5], [233.5, 110.0], [233.0, 110.5], [232.5, 111.0], [232.0, 111.5], [231.5, 112.0], [231.0, 112.5], [230.5, 113.0], [230.0, 113.5], [229.5, 114.0], [229.5, 115.0], [229.0, 115.5], [228.5, 116.0]]"
SLICE,Z3,BF_SH_L,-16.770339369782107,-0.0054903030401192154,-292.23098754883,86.0,0.49530440259340264,"[[239.0, 89.5], [238.5, 90.0], [238.5, 91.0], [238.5, 92.0], [239.0, 92.5], [239.5, 93.0], [239.5, 94.0], [240.0, 94.5], [240.5, 95.0], [240.5, 96.0], [241.0, 96.5], [242.0, 96.5], [242.5, 97.0], [243.0, 97.5], [243.5, 98.0], [244.0, 98.5], [244.5, 99.0], [245.0, 99.5], [246.0, 99.5], [246.5, 100.0], [247.0, 100.5], [247.5, 101.0], [248.0, 101.5], [249.0, 101.5], [250.0, 101.5], [251.0, 101.5], [251.5, 101.0], [251.5, 100.0], [251.0, 99.5], [250.5, 99.0], [250.5, 98.0], [250.0, 97.5], [249.5, 97.0], [249.0, 96.5], [248.0, 96.5], [247.5, 96.0], [247.0, 95.5], [246.5, 95.0], [246.5, 94.0], [246.0, 93.5], [245.5, 93.0], [245.0, 92.5], [244.5, 92.0], [244.5, 91.0], [244.0, 90.5], [243.5, 90.0], [243.0, 89.5], [242.5, 89.0], [242.5, 88.0], [242.0, 87.5], [241.5, 87.0], [241.5, 86.0], [241.5, 85.0], [241.5, 84.0], [241.0, 83.5], [240.0, 83.5], [239.5, 84.0], [239.5, 85.0], [239.5, 86.0], [239.5, 87.0], [239.5, 88.0], [239.5, 89.0]]"
SLICE,Z3,AM_L,-16.770339369782107,-0.0054903030401192154,-292.23098754883,602.0,0.39051612880290315,"[[204.0, 79.5], [203.5, 80.0], [203.5, 81.0], [203.5, 82.0], [203.5, 83.0], [204.0, 83.5], [204.5, 84.0], [205.0, 84.5], [205.5, 85.0], [205.5, 86.0], [206.0, 86.5], [206.5, 87.0], [207.0, 87.5], [207.5, 88.0], [207.5, 89.0], [207.5, 90.0], [207.5, 91.0], [207.5, 92.0], [207.5, 93.0], [207.5, 94.0], [207.5, 95.0], [207.0, 95.5], [206.5, 96.0], [206.5, 97.0], [206.5, 98.0], [206.5, 99.0], [206.0, 99.5], [205.0, 99.5], [204.5, 100.0], [204.5, 101.0], [204.5, 102.0], [205.0, 102.5], [205.5, 103.0], [205.5, 104.0], [206.0, 104.5], [206.5, 105.0], [206.5, 106.0], [207.0, 106.5], [207.5, 107.0], [208.0, 107.5], [208.5, 107.0], [209.0, 106.5], [210.0, 106.5], [211.0, 106.5], [211.5, 106.0], [212.0, 105.5], [213.0, 105.5], [213.5, 105.0], [214.0, 104.5], [215.0, 104.5], [215.5, 104.0], [216.0, 103.5], [216.5, 103.0], [217.0, 102.5], [217.5, 102.0], [218.0, 101.5], [219.0, 101.5], [220.0, 101.5], [220.5, 101.0], [221.0, 100.5], [221.5, 100.0], [222.0, 99.5], [223.0, 99.5], [223.5, 99.0], [224.0, 98.5], [224.5, 98.0], [225.0, 97.5], [225.5, 97.0], [226.0, 96.5], [227.0, 96.5], [228.0, 96.5], [228.5, 96.0], [229.0, 95.5], [229.5, 95.0], [230.0, 94.5], [231.0, 94.5], [232.0, 94.5], [233.0, 94.5], [234.0, 94.5], [234.5, 94.0], [234.5, 93.0], [235.0, 92.5], [236.0, 92.5], [236.5, 92.0], [237.0, 91.5], [237.5, 91.0], [238.0, 90.5], [238.5, 90.0], [239.0, 89.5], [239.5, 89.0], [239.5, 88.0], [239.5, 87.0], [239.5, 86.0], [239.5, 85.0], [239.5, 84.0], [239.5, 83.0], [239.5, 82.0], [239.5, 81.0], [239.0, 80.5], [238.5, 80.0], [238.5, 79.0], [238.0, 78.5], [237.0, 78.5], [236.0, 78.5], [235.0, 78.5], [234.5, 79.0], [234.0, 79.5], [233.0, 79.5], [232.0, 79.5], [231.5, 80.0], [231.0, 80.5], [230.0, 80.5], [229.0, 80.5], [228.0, 80.5], [227.0, 80.5], [226.5, 81.0], [226.0, 81.5], [225.5, 82.0], [225.0, 82.5], [224.5, 83.0], [224.0, 83.5], [223.0, 83.5], [222.0, 83.5], [221.5, 84.0], [221.0, 84.5], [220.0, 84.5], [219.0, 84.5], [218.0, 84.5], [217.0, 84.5], [216.5, 84.0], [216.5, 83.0], [216.0, 82.5], [215.5, 82.0], [215.0, 81.5], [214.0, 81.5], [213.0, 81.5], [212.0, 81.5], [211.0, 81.5], [210.0, 81.5], [209.0, 81.5], [208.0, 81.5], [207.5, 81.0], [207.0, 80.5], [206.5, 80.0], [206.0, 79.5], [205.0, 79.5]]"
SLICE,Z3,AL_L,-16.770339369782107,-0.0054903030401192154,-292.23098754883,71.0,0.3031004233166857,"[[212.0, 79.5], [211.5, 80.0], [211.5, 81.0], [212.0, 81.5], [213.0, 81.5], [214.0, 81.5], [215.0, 81.5], [215.5, 82.0], [216.0, 82.5], [216.5, 83.0], [216.5, 84.0], [217.0, 84.5], [218.0, 84.5], [219.0, 84.5], [220.0, 84.5], [221.0, 84.5], [221.5, 84.0], [222.0, 83.5], [223.0, 83.5], [224.0, 83.5], [224.5, 83.0], [225.0, 82.5], [225.5, 82.0], [226.0, 81.5], [226.5, 81.0], [226.5, 80.0], [226.0, 79.5], [225.0, 79.5], [224.5, 79.0], [224.0, 78.5], [223.0, 78.5], [222.0, 78.5], [221.0, 78.5], [220.0, 78.5], [219.0, 78.5], [218.0, 78.5], [217.5, 78.0], [217.0, 77.5], [216.5, 77.0], [216.0, 76.5], [215.0, 76.5], [214.5, 77.0], [214.0, 77.5], [213.5, 78.0], [213.5, 79.0], [213.0, 79.5]]"
SLICE,Z3,AB_L,-16.770339369782107,-0.0054903030401192154,-292.23098754883,0.0,,
SLICE,Z4,VL_R,-16.770339369782107,-0.0054903030401192154,-262.23098754883,1391.0,0.2385053145362319,"[[50.0, 67.5], [49.5, 68.0], [49.5, 69.0], [49.5, 70.0], [49.5, 71.0], [49.5, 72.0], [49.5, 73.0], [49.5, 74.0], [49.5, 75.0], [50.0, 75.5], [50.5, 76.0], [50.5, 77.0], [50.5, 78.0], [50.5, 79.0], [50.5, 80.0], [51.0, 80.5], [51.5, 81.0], [52.0, 81.5], [52.5, 82.0], [52.5, 83.0], [53.0, 83.5], [53.5, 84.0], [54.0, 84.5], [54.5, 85.0], [55.0, 85.5], [55.5, 86.0], [56.0, 86.5], [56.5, 87.0], [57.0, 87.5], [57.5, 88.0], [58.0, 88.5], [58.5, 89.0], [59.0, 89.5], [59.5, 90.0], [60.0, 90.5], [60.5, 91.0], [61.0, 91.5], [62.0, 91.5], [62.5, 92.0], [63.0, 92.5], [63.5, 93.0], [63.5, 94.0], [64.0, 94.5], [65.0, 94.5], [65.5, 95.0], [66.0, 95.5], [67.0, 95.5], [67.5, 96.0], [68.0, 96.5], [69.0, 96.5], [70.0, 96.5], [71.0, 96.5], [72.0, 96.5], [73.0, 96.5], [73.5, 96.0], [74.0, 95.5], [74.5, 95.0], [75.0, 94.5], [76.0, 94.5], [76.5, 94.0], [77.0, 93.5], [77.5, 93.0], [78.0, 92.5], [78.5, 92.0], [79.0, 91.5], [79.5, 91.0], [79.5, 90.0], [80.0, 89.5], [80.5, 89.0], [80.5, 88.0], [80.5, 87.0], [80.0, 86.5], [79.5, 86.0], [79.5, 85.0], [79.0, 84.5], [78.0, 84.5], [77.0, 84.5], [76.5, 84.0], [76.5, 83.0], [76.0, 82.5], [75.5, 82.0], [75.0, 81.5], [74.5, 81.0], [74.0, 80.5], [73.5, 80.0], [73.0, 79.5], [72.5, 79.0], [72.0, 78.5], [71.5, 78.0], [71.5, 77.0], [71.5, 76.0], [71.5, 75.0], [71.5, 74.0], [71.0, 73.5], [70.5, 73.0], [70.5, 72.0], [70.0, 71.5], [69.5, 71.0], [69.5, 70.0], [69.5, 69.0], [69.5, 68.0], [69.5, 67.0], [69.5, 66.0], [69.5, 65.0], [70.0, 64.5], [70.5, 64.0], [70.5, 63.0], [70.5, 62.0], [71.0, 61.5], [71.5, 61.0], [71.5, 60.0], [71.5, 59.0], [72.0, 58.5], [72.5, 58.0], [72.5, 57.0], [73.0, 56.5], [73.5, 56.0], [73.5, 55.0], [74.0, 54.5], [74.5, 54.0], [74.5, 53.0], [75.0, 52.5], [75.5, 52.0], [76.0, 51.5], [76.5, 51.0], [77.0, 50.5], [77.5, 50.0], [78.0, 49.5], [79.0, 49.5], [79.5, 49.0], [80.0, 48.5], [80.5, 48.0], [81.0, 47.5], [81.5, 47.0], [81.5, 46.0], [81.5, 45.0], [81.5, 44.0], [81.5, 43.0], [81.0, 42.5], [80.5, 42.0], [80.5, 41.0], [80.5, 40.0], [80.5, 39.0], [80.5, 38.0], [80.5, 37.0], [80.5, 36.0], [80.5, 35.0], [80.5, 34.0], [80.0, 33.5], [79.5, 33.0], [79.5, 32.0], [79.0, 31.5], [78.5, 31.0], [78.0, 30.5], [77.0, 30.5], [76.0, 30.5], [75.0, 30.5], [74.0, 30.5], [73.0, 30.5], [72.0, 30.5], [71.0, 30.5], [70.0, 30.5], [69.0, 30.5], [68.0, 30.5], [67.0, 30.5], [66.5, 31.0], [66.0, 31.5], [65.5, 32.0], [65.0, 32.5], [64.0, 32.5], [63.5, 33.0], [63.0, 33.5], [62.0, 33.5], [61.5, 34.0], [61.0, 34.5], [60.5, 35.0], [60.0, 35.5], [59.5, 36.0], [59.0, 36.5], [58.5, 37.0], [58.5, 38.0], [58.0, 38.5], [57.5, 39.0], [57.0, 39.5], [56.5, 40.0], [56.0, 40.5], [55.5, 41.0], [55.5, 42.0], [55.0, 42.5], [54.5, 43.0], [54.0, 43.5], [53.5, 44.0], [53.5, 45.0], [53.5, 46.0], [53.5, 47.0], [53.5, 48.0], [53.5, 49.0], [53.0, 49.5], [52.5, 50.0], [52.5, 51.0], [52.5, 52.0], [52.5, 53.0], [52.5, 54.0], [52.5, 55.0], [52.5, 56.0], [52.5, 57.0], [52.5, 58.0], [52.0, 58.5], [51.5, 59.0], [51.5, 60.0], [51.5, 61.0], [51.5, 62.0], [51.0, 62.5], [50.5, 63.0], [50.5, 64.0], [50.5, 65.0], [50.5, 66.0], [50.5, 67.0]]"
SLICE,Z4,VI_R,-16.770339369782107,-0.0054903030401192154,-262.23098754883,547.0,0.23170955686247527,"[[70.0, 64.5], [69.5, 65.0], [69.5, 66.0], [69.5, 67.0], [69.5, 68.0], [69.5, 69.0], [69.5, 70.0], [69.5, 71.0], [70.0, 71.5], [70.5, 72.0], [70.5, 73.0], [71.0, 73.5], [71.5, 74.0], [71.5, 75.0], [71.5, 76.0], [71.5, 77.0], [71.5, 78.0], [72.0, 78.5], [72.5, 79.0], [73.0, 79.5], [73.5, 80.0], [74.0, 80.5], [74.5, 81.0], [75.0, 81.5], [75.5, 82.0], [76.0, 82.5], [76.5, 83.0], [76.5, 84.0], [77.0, 84.5], [78.0, 84.5], [79.0, 84.5], [79.5, 85.0], [79.5, 86.0], [80.0, 86.5], [81.0, 86.5], [81.5, 86.0], [82.0, 85.5], [82.5, 85.0], [83.0, 84.5], [83.5, 84.0], [84.0, 83.5], [84.5, 83.0], [84.5, 82.0], [84.5, 81.0], [85.0, 80.5], [85.5, 80.0], [85.5, 79.0], [86.0, 78.5], [86.5, 78.0], [86.5, 77.0], [86.5, 76.0], [86.0, 75.5], [85.5, 75.0], [85.0, 74.5], [84.5, 74.0], [84.0, 73.5], [83.0, 73.5], [82.0, 73.5], [81.5, 73.0], [81.5, 72.0], [81.0, 71.5], [80.5, 71.0], [80.0, 70.5], [79.0, 70.5], [78.5, 70.0], [78.5, 69.0], [78.0, 68.5], [77.0, 68.5], [76.5, 68.0], [76.5, 67.0], [76.5, 66.0], [76.5, 65.0], [76.5, 64.0], [76.5, 63.0], [76.5, 62.0], [76.5, 61.0], [76.5, 60.0], [77.0, 59.5], [78.0, 59.5], [78.5, 59.0], [79.0, 58.5], [79.5, 58.0], [80.0, 57.5], [80.5, 57.0], [81.0, 56.5], [82.0, 56.5], [83.0, 56.5], [83.5, 57.0], [84.0, 57.5], [85.0, 57.5], [85.5, 58.0], [86.0, 58.5], [86.5, 59.0], [87.0, 59.5], [88.0, 59.5], [88.5, 60.0], [88.5, 61.0], [89.0, 61.5], [89.5, 62.0], [90.0, 62.5], [90.5, 63.0], [90.5, 64.0], [91.0, 64.5], [91.5, 65.0], [91.5, 66.0], [92.0, 66.5], [93.0, 66.5], [94.0, 66.5], [95.0, 66.5], [96.0, 66.5], [96.5, 66.0], [96.5, 65.0], [97.0, 64.5], [97.5, 64.0], [97.5, 63.0], [98.0, 62.5], [98.5, 62.0], [99.0, 61.5], [99.5, 61.0], [99.5, 60.0], [99.5, 59.0], [99.5, 58.0], [99.5, 57.0], [100.0, 56.5], [100.5, 56.0], [100.5, 55.0], [100.0, 54.5], [99.5, 54.0], [99.5, 53.0], [99.0, 52.5], [98.5, 52.0], [98.0, 51.5], [97.5, 51.0], [97.5, 50.0], [97.0, 49.5], [96.0, 49.5], [95.0, 49.5], [94.0, 49.5], [93.0, 49.5], [92.0, 49.5], [91.0, 49.5], [90.0, 49.5], [89.5, 49.0], [89.0, 48.5], [88.0, 48.5], [87.0, 48.5], [86.5, 48.0], [86.0, 47.5], [85.0, 47.5], [84.0, 47.5], [83.0, 47.5], [82.0, 47.5], [81.0, 47.5], [80.5, 48.0], [80.0, 48.5], [79.5, 49.0], [79.0, 49.5], [78.0, 49.5], [77.5, 50.0], [77.0, 50.5], [76.5, 51.0], [76.0, 51.5], [75.5, 52.0], [75.0, 52.5], [74.5, 53.0], [74.5, 54.0], [74.0, 54.5], [73.5, 55.0], [73.5, 56.0], [73.0, 56.5], [72.5, 57.0], [72.5, 58.0], [72.0, 58.5], [71.5, 59.0], [71.5, 60.0], [71.5, 61.0], [71.0, 61.5], [70.5, 62.0], [70.5, 63.0], [70.5, 64.0]]"
SLICE,Z4,VM_R,-16.770339369782107,-0.0054903030401192154,-262.23098754883,384.0,0.3082447775699063,"[[89.0, 73.5], [88.5, 74.0], [89.0, 74.5], [90.0, 74.5], [90.5, 75.0], [91.0, 75.5], [91.5, 76.0], [92.0, 76.5], [93.0, 76.5], [93.5, 77.0], [94.0, 77.5], [95.0, 77.5], [96.0, 77.5], [97.0, 77.5], [98.0, 77.5], [99.0, 77.5], [100.0, 77.5], [101.0, 77.5], [101.5, 77.0], [101.5, 76.0], [101.5, 75.0], [102.0, 74.5], [102.5, 74.0], [103.0, 73.5], [103.5, 73.0], [104.0, 72.5], [104.5, 72.0], [105.0, 71.5], [105.5, 71.0], [106.0, 70.5], [106.5, 70.0], [107.0, 69.5], [108.0, 69.5], [108.5, 69.0], [108.5, 68.0], [108.5, 67.0], [108.5, 66.0], [108.5, 65.0], [108.5, 64.0], [108.5, 63.0], [108.5, 62.0], [108.5, 61.0], [108.5, 60.0], [108.5, 59.0], [108.5, 58.0], [108.5, 57.0], [108.5, 56.0], [109.0, 55.5], [109.5, 55.0], [109.5, 54.0], [109.5, 53.0], [109.5, 52.0], [109.5, 51.0], [110.0, 50.5], [110.5, 50.0], [110.5, 49.0], [110.0, 48.5], [109.5, 48.0], [109.5, 47.0], [109.5, 46.0], [109.5, 45.0], [109.0, 44.5], [108.0, 44.5], [107.5, 44.0], [107.0, 43.5], [106.0, 43.5], [105.0, 43.5], [104.0, 43.5], [103.5, 44.0], [103.0, 44.5], [102.5, 45.0], [102.0, 45.5], [101.5, 46.0], [101.0, 46.5], [100.0, 46.5], [99.5, 47.0], [99.5, 48.0], [99.0, 48.5], [98.5, 49.0], [98.0, 49.5], [97.5, 50.0], [97.5, 51.0], [98.0, 51.5], [98.5, 52.0], [99.0, 52.5], [99.5, 53.0], [99.5, 54.0], [100.0, 54.5], [100.5, 55.0], [100.5, 56.0], [100.0, 56.5], [99.5, 57.0], [99.5, 58.0], [99.5, 59.0], [99.5, 60.0], [99.5, 61.0], [99.0, 61.5], [98.5, 62.0], [98.0, 62.5], [97.5, 63.0], [97.5, 64.0], [97.0, 64.5], [96.5, 65.0], [96.5, 66.0], [96.0, 66.5], [95.0, 66.5], [94.0, 66.5], [93.0, 66.5], [92.0, 66.5], [91.5, 66.0], [91.5, 65.0], [91.0, 64.5], [90.5, 65.0], [90.5, 66.0], [90.5, 67.0], [90.5, 68.0], [90.5, 69.0], [90.5, 70.0], [90.5, 71.0], [90.0, 71.5], [89.5, 72.0], [89.5, 73.0]]"
SLICE,Z4,RF_R,-16.770339369782107,-0.0054903030401192154,-262.23098754883,392.0,0.2355239598711258,"[[79.0, 29.5], [78.5, 30.0], [78.5, 31.0], [79.0, 31.5], [79.5, 32.0], [79.5, 33.0], [80.0, 33.5], [80.5, 34.0], [80.5, 35.0], [80.5, 36.0], [80.5, 37.0], [80.5, 38.0], [80.5, 39.0], [80.5, 40.0], [80.5, 41.0], [80.5, 42.0], [81.0, 42.5], [81.5, 43.0], [81.5, 44.0], [81.5, 45.0], [82.0, 45.5], [82.5, 46.0], [83.0, 46.5], [83.5, 47.0], [84.0, 47.5], [85.0, 47.5], [86.0, 47.5], [86.5, 48.0], [87.0, 48.5], [88.0, 48.5], [89.0, 48.5], [89.5, 49.0], [90.0, 49.5], [91.0, 49.5], [92.0, 49.5], [93.0, 49.5], [94.0, 49.5], [95.0, 49.5], [96.0, 49.5], [97.0, 49.5], [98.0, 49.5], [98.5, 49.0], [99.0, 48.5], [99.5, 48.0], [99.5, 47.0], [100.0, 46.5], [101.0, 46.5], [101.5, 46.0], [101.5, 45.0], [102.0, 44.5], [102.5, 44.0], [103.0, 43.5], [103.5, 43.0], [103.5, 42.0], [104.0, 41.5], [104.5, 41.0], [104.5, 40.0], [104.5, 39.0], [104.5, 38.0], [104.0, 37.5], [103.5, 37.0], [103.5, 36.0], [103.0, 35.5], [102.0, 35.5], [101.5, 35.0], [101.0, 34.5], [100.5, 34.0], [100.0, 33.5], [99.0, 33.5], [98.0, 33.5], [97.0, 33.5], [96.5, 33.0], [96.0, 32.5], [95.0, 32.5], [94.0, 32.5], [93.5, 32.0], [93.0, 31.5], [92.5, 31.0], [92.0, 30.5], [91.0, 30.5], [90.5, 30.0], [90.0, 29.5], [89.0, 29.5], [88.5, 29.0], [88.0, 28.5], [87.0, 28.5], [86.0, 28.5], [85.0, 28.5], [84.0, 28.5], [83.0, 28.5], [82.0, 28.5], [81.0, 28.5], [80.0, 28.5], [79.5, 29.0]]"
SLICE,Z4,SAR_R,-16.770339369782107,-0.0054903030401192154,-262.23098754883,246.0,0.4090496516242487,"[[108.0, 43.5], [107.5, 44.0], [108.0, 44.5], [109.0, 44.5], [109.5, 45.0], [109.5, 46.0], [109.5, 47.0], [109.5, 48.0], [110.0, 48.5], [110.5, 49.0], [110.5, 50.0], [110.0, 50.5], [109.5, 51.0], [109.5, 52.0], [109.5, 53.0], [109.5, 54.0], [109.5, 55.0], [109.0, 55.5], [108.5, 56.0], [108.5, 57.0], [108.5, 58.0], [108.5, 59.0], [108.5, 60.0], [108.5, 61.0], [108.5, 62.0], [108.5, 63.0], [108.5, 64.0], [108.5, 65.0], [108.5, 66.0], [109.0, 66.5], [109.5, 67.0], [110.0, 67.5], [110.5, 68.0], [111.0, 68.5], [111.5, 69.0], [112.0, 69.5], [113.0, 69.5], [113.5, 70.0], [114.0, 70.5], [114.5, 71.0], [115.0, 71.5], [116.0, 71.5], [116.5, 71.0], [117.0, 70.5], [117.5, 70.0], [118.0, 69.5], [119.0, 69.5], [119.5, 69.0], [119.5, 68.0], [120.0, 67.5], [120.5, 67.0], [120.5, 66.0], [121.0, 65.5], [121.5, 65.0], [121.5, 64.0], [121.5, 63.0], [121.0, 62.5], [120.5, 62.0], [120.5, 61.0], [120.5, 60.0], [120.5, 59.0], [120.0, 58.5], [119.5, 58.0], [119.5, 57.0], [119.5, 56.0], [119.5, 55.0], [119.5, 54.0], [119.0, 53.5], [118.5, 53.0], [118.5, 52.0], [118.0, 51.5], [117.5, 51.0], [117.0, 50.5], [116.5, 50.0], [116.5, 49.0], [116.0, 48.5], [115.5, 48.0], [115.0, 47.5], [114.5, 47.0], [114.5, 46.0], [114.0, 45.5], [113.0, 45.5], [112.0, 45.5], [111.5, 45.0], [111.5, 44.0], [111.0, 43.5], [110.0, 43.5], [109.0, 43.5]]"
SLICE,Z4,GRA_R,-16.770339369782107,-0.0054903030401192154,-262.23098754883,339.0,0.5922404673397216,"[[118.0, 86.5], [117.5, 87.0], [117.5, 88.0], [117.5, 89.0], [117.5, 90.0], [117.5, 91.0], [117.5, 92.0], [117.5, 93.0], [118.0, 93.5], [118.5, 94.0], [118.5, 95.0], [119.0, 95.5], [120.0, 95.5], [120.5, 96.0], [121.0, 96.5], [122.0, 96.5], [123.0, 96.5], [124.0, 96.5], [125.0, 96.5], [126.0, 96.5], [127.0, 96.5], [128.0, 96.5], [128.5, 96.0], [129.0, 95.5], [130.0, 95.5], [130.5, 95.0], [131.0, 94.5], [132.0, 94.5], [132.5, 94.0], [133.0, 93.5], [133.5, 93.0], [134.0, 92.5], [134.5, 92.0], [134.5, 91.0], [134.5, 90.0], [134.5, 89.0], [134.5, 88.0], [134.5, 87.0], [134.5, 86.0], [134.5, 85.0], [134.5, 84.0], [134.5, 83.0], [134.5, 82.0], [134.5, 81.0], [134.5, 80.0], [134.5, 79.0], [134.5, 78.0], [134.5, 77.0], [134.0, 76.5], [133.5, 76.0], [133.5, 75.0], [133.0, 74.5], [132.5, 74.0], [132.0, 73.5], [131.5, 73.0], [131.0, 72.5], [130.5, 72.0], [130.0, 71.5], [129.0, 71.5], [128.5, 71.0], [128.0, 70.5], [127.5, 71.0], [127.0, 71.5], [126.0, 71.5], [125.5, 72.0], [125.0, 72.5], [124.5, 73.0], [124.0, 73.5], [123.5, 74.0], [123.5, 75.0], [123.0, 75.5], [122.5, 76.0], [122.5, 77.0], [122.0, 77.5], [121.5, 78.0], [121.5, 79.0], [121.5, 80.0], [121.0, 80.5], [120.5, 81.0], [120.0, 81.5], [119.5, 82.0], [119.0, 82.5], [118.5, 83.0], [118.5, 84.0], [118.5, 85.0], [118.5, 86.0]]"
SLICE,Z4,SM_R,-16.770339369782107,-0.0054903030401192154,-262.23098754883,39.0,0.9608881540124582,"[[102.0, 97.5], [101.5, 98.0], [101.5, 99.0], [101.5, 100.0], [102.0, 100.5], [102.5, 101.0], [102.5, 102.0], [102.5, 103.0], [102.5, 104.0], [103.0, 104.5], [103.5, 105.0], [103.5, 106.0], [103.5, 107.0], [103.5, 108.0], [104.0, 108.5], [104.5, 109.0], [105.0, 109.5], [105.5, 110.0], [106.0, 110.5], [106.5, 110.0], [107.0, 109.5], [107.5, 109.0], [107.5, 108.0], [107.5, 107.0], [107.5, 106.0], [107.0, 105.5], [106.5, 105.0], [106.5, 104.0], [106.5, 103.0], [106.0, 102.5], [105.5, 102.0], [105.0, 101.5], [104.5, 101.0], [104.5, 100.0], [104.5, 99.0], [104.0, 98.5], [103.0, 98.5], [102.5, 98.0]]"
SLICE,Z4,ST_R,-16.770339369782107,-0.0054903030401192154,-262.23098754883,261.0,0.7770655115927373,"[[87.0, 93.5], [86.5, 94.0], [87.0, 94.5], [88.0, 94.5], [88.5, 95.0], [88.0, 95.5], [87.5, 96.0], [87.0, 96.5], [86.5, 97.0], [86.5, 98.0], [86.5, 99.0], [86.5, 100.0], [86.5, 101.0], [86.5, 102.0], [86.5, 103.0], [87.0, 103.5], [87.5, 104.0], [88.0, 104.5], [88.5, 105.0], [88.5, 106.0], [89.0, 106.5], [89.5, 107.0], [89.5, 108.0], [90.0, 108.5], [90.5, 109.0], [91.0, 109.5], [91.5, 110.0], [92.0, 110.5], [93.0, 110.5], [93.5, 110.0], [94.0, 109.5], [95.0, 109.5], [96.0, 109.5], [97.0, 109.5], [98.0, 109.5], [99.0, 109.5], [100.0, 109.5], [100.5, 109.0], [101.0, 108.5], [101.5, 108.0], [102.0, 107.5], [102.5, 107.0], [103.0, 106.5], [103.5, 106.0], [103.5, 105.0], [103.0, 104.5], [102.5, 104.0], [102.5, 103.0], [102.5, 102.0], [102.5, 101.0], [102.0, 100.5], [101.5, 100.0], [101.5, 99.0], [101.5, 98.0], [101.5, 97.0], [101.5, 96.0], [101.5, 95.0], [101.0, 94.5], [100.5, 94.0], [100.0, 93.5], [99.0, 93.5], [98.5, 93.0], [98.0, 92.5], [97.0, 92.5], [96.5, 92.0], [96.0, 91.5], [95.0, 91.5], [94.0, 91.5], [93.0, 91.5], [92.5, 91.0], [92.0, 90.5], [91.5, 90.0], [91.0, 89.5], [90.0, 89.5], [89.5, 89.0], [89.0, 88.5], [88.5, 89.0], [88.0, 89.5], [87.5, 90.0], [87.5, 91.0], [87.5, 92.0], [87.5, 93.0]]"
SLICE,Z4,BF_R,-16.770339369782107,-0.0054903030401192154,-262.23098754883,306.0,0.7306364643494864,"[[76.0, 96.5], [75.5, 97.0], [75.5, 98.0], [75.5, 99.0], [75.5, 100.0], [75.5, 101.0], [76.0, 101.5], [76.5, 102.0], [76.5, 103.0], [76.5, 104.0], [76.5, 105.0], [76.5, 106.0], [76.5, 107.0], [77.0, 107.5], [77.5, 108.0], [77.5, 109.0], [77.5, 110.0], [78.0, 110.5], [78.5, 111.0], [78.5, 112.0], [78.5, 113.0], [79.0, 113.5], [79.5, 114.0], [80.0, 114.5], [81.0, 114.5], [81.5, 115.0], [82.0, 115.5], [83.0, 115.5], [83.5, 116.0], [84.0, 116.5], [85.0, 116.5], [86.0, 116.5], [87.0, 116.5], [88.0, 116.5], [89.0, 116.5], [90.0, 116.5], [91.0, 116.5], [91.5, 116.0], [91.5, 115.0], [92.0, 114.5], [92.5, 114.0], [92.5, 113.0], [92.0, 112.5], [91.5, 112.0], [91.5, 111.0], [91.5, 110.0], [91.0, 109.5], [90.5, 109.0], [90.0, 108.5], [89.5, 108.0], [89.5, 107.0], [89.0, 106.5], [88.5, 106.0], [88.5, 105.0], [88.0, 104.5], [87.5, 104.0], [87.0, 103.5], [86.5, 103.0], [86.5, 102.0], [86.5, 101.0], [86.5, 100.0], [86.5, 99.0], [86.5, 98.0], [86.5, 97.0], [87.0, 96.5], [87.5, 96.0], [88.0, 95.5], [88.5, 95.0], [88.0, 94.5], [87.0, 94.5], [86.5, 94.0], [87.0, 93.5], [87.5, 93.0], [87.5, 92.0], [87.5, 91.0], [87.5, 90.0], [87.5, 89.0], [87.0, 88.5], [86.5, 88.0], [86.0, 87.5], [85.5, 87.0], [85.0, 86.5], [84.5, 87.0], [84.0, 87.5], [83.5, 88.0], [83.0, 88.5], [82.0, 88.5], [81.5, 89.0], [81.0, 89.5], [80.5, 90.0], [80.5, 91.0], [80.0, 91.5], [79.5, 92.0], [79.0, 92.5], [78.5, 93.0], [78.0, 93.5], [77.5, 94.0], [77.0, 94.5], [76.5, 95.0], [76.5, 96.0]]"
SLICE,Z4,BF_SH_R,-16.770339369782107,-0.0054903030401192154,-262.23098754883,0.0,,
SLICE,Z4,AM_R,-16.770339369782107,-0.0054903030401192154,-262.23098754883,554.0,0.6433979833411804,"[[85.0, 80.5], [84.5, 81.0], [85.0, 81.5], [85.5, 82.0], [85.5, 83.0], [85.5, 84.0], [86.0, 84.5], [86.5, 85.0], [86.5, 86.0], [87.0, 86.5], [87.5, 87.0], [88.0, 87.5], [88.5, 88.0], [89.0, 88.5], [89.5, 89.0], [90.0, 89.5], [91.0, 89.5], [91.5, 90.0], [92.0, 90.5], [92.5, 91.0], [93.0, 91.5], [94.0, 91.5], [95.0, 91.5], [96.0, 91.5], [96.5, 92.0], [97.0, 92.5], [98.0, 92.5], [98.5, 93.0], [99.0, 93.5], [100.0, 93.5], [100.5, 94.0], [101.0, 94.5], [101.5, 95.0], [102.0, 95.5], [102.5, 96.0], [103.0, 96.5], [103.5, 97.0], [103.5, 98.0], [104.0, 98.5], [104.5, 99.0], [105.0, 99.5], [105.5, 100.0], [105.5, 101.0], [106.0, 101.5], [106.5, 102.0], [106.5, 103.0], [107.0, 103.5], [107.5, 104.0], [108.0, 104.5], [109.0, 104.5], [110.0, 104.5], [111.0, 104.5], [112.0, 104.5], [113.0, 104.5], [114.0, 104.5], [114.5, 104.0], [114.5, 103.0], [115.0, 102.5], [115.5, 102.0], [116.0, 101.5], [116.5, 101.0], [116.5, 100.0], [117.0, 99.5], [117.5, 99.0], [117.5, 98.0], [117.5, 97.0], [117.5, 96.0], [117.5, 95.0], [117.5, 94.0], [117.0, 93.5], [116.5, 93.0], [116.5, 92.0], [117.0, 91.5], [117.5, 91.0], [117.5, 90.0], [117.5, 89.0], [117.5, 88.0], [117.5, 87.0], [118.0, 86.5], [118.5, 86.0], [118.5, 85.0], [118.5, 84.0], [118.5, 83.0], [119.0, 82.5], [119.5, 82.0], [119.5, 81.0], [119.5, 80.0], [119.0, 79.5], [118.0, 79.5], [117.0, 79.5], [116.5, 80.0], [116.0, 80.5], [115.0, 80.5], [114.5, 81.0], [114.0, 81.5], [113.0, 81.5], [112.0, 81.5], [111.0, 81.5], [110.0, 81.5], [109.0, 81.5], [108.0, 81.5], [107.0, 81.5], [106.0, 81.5], [105.5, 81.0], [105.0, 80.5], [104.0, 80.5], [103.0, 80.5], [102.5, 80.0], [102.0, 79.5], [101.0, 79.5], [100.5, 79.0], [100.0, 78.5], [99.5, 78.0], [99.0, 77.5], [98.0, 77.5], [97.0, 77.5], [96.0, 77.5], [95.0, 77.5], [94.0, 77.5], [93.5, 77.0], [93.0, 76.5], [92.0, 76.5], [91.0, 76.5], [90.0, 76.5], [89.0, 76.5], [88.5, 77.0], [88.0, 77.5], [87.0, 77.5], [86.5, 78.0], [86.0, 78.5], [85.5, 79.0], [85.5, 80.0]]"
SLICE,Z4,AL_R,-16.770339369782107,-0.0054903030401192154,-262.23098754883,202.0,0.5134910923129592,"[[100.0, 77.5], [99.5, 78.0], [100.0, 78.5], [100.5, 79.0], [101.0, 79.5], [102.0, 79.5], [102.5, 80.0], [103.0, 80.5], [104.0, 80.5], [105.0, 80.5], [105.5, 81.0], [106.0, 81.5], [107.0, 81.5], [108.0, 81.5], [109.0, 81.5], [110.0, 81.5], [111.0, 81.5], [112.0, 81.5], [113.0, 81.5], [114.0, 81.5], [114.5, 81.0], [115.0, 80.5], [116.0, 80.5], [116.5, 80.0], [117.0, 79.5], [118.0, 79.5], [119.0, 79.5], [119.5, 79.0], [119.5, 78.0], [120.0, 77.5], [120.5, 77.0], [120.5, 76.0], [120.0, 75.5], [119.5, 75.0], [119.5, 74.0], [119.0, 73.5], [118.5, 73.0], [118.5, 72.0], [119.0, 71.5], [120.0, 71.5], [120.5, 71.0], [121.0, 70.5], [121.5, 70.0], [122.0, 69.5], [123.0, 69.5], [123.5, 69.0], [123.5, 68.0], [123.5, 67.0], [123.5, 66.0], [123.0, 65.5], [122.5, 65.0], [122.5, 64.0], [122.0, 63.5], [121.5, 64.0], [121.5, 65.0], [121.0, 65.5], [120.5, 66.0], [120.5, 67.0], [120.0, 67.5], [119.5, 68.0], [119.5, 69.0], [119.0, 69.5], [118.0, 69.5], [117.5, 70.0], [117.0, 70.5], [116.5, 71.0], [116.0, 71.5], [115.0, 71.5], [114.5, 71.0], [114.0, 70.5], [113.5, 70.0], [113.0, 69.5], [112.0, 69.5], [111.5, 69.0], [111.0, 68.5], [110.0, 68.5], [109.5, 69.0], [109.0, 69.5], [108.5, 70.0], [108.0, 70.5], [107.5, 71.0], [107.0, 71.5], [106.0, 71.5], [105.0, 71.5], [104.5, 72.0], [104.0, 72.5], [103.5, 73.0], [103.0, 73.5], [102.5, 74.0], [102.0, 74.5], [101.5, 75.0], [101.5, 76.0], [101.5, 77.0], [101.0, 77.5]]"
SLICE,Z4,AB_R,-16.770339369782107,-0.0054903030401192154,-262.23098754883,0.0,,
SLICE,Z4,VL_L,-16.770339369782107,-0.0054903030401192154,-262.23098754883,1291.0,0.2352477994569797,"[[245.0, 49.5], [244.5, 50.0], [244.5, 51.0], [245.0, 51.5], [246.0, 51.5], [247.0, 51.5], [247.5, 52.0], [248.0, 52.5], [249.0, 52.5], [249.5, 53.0], [249.5, 54.0], [250.0, 54.5], [251.0, 54.5], [251.5, 55.0], [251.5, 56.0], [252.0, 56.5], [253.0, 56.5], [253.5, 57.0], [253.5, 58.0], [254.0, 58.5], [254.5, 59.0], [254.5, 60.0], [255.0, 60.5], [255.5, 61.0], [256.0, 61.5], [256.5, 62.0], [256.5, 63.0], [257.0, 63.5], [257.5, 64.0], [258.0, 64.5], [258.5, 65.0], [259.0, 65.5], [259.5, 66.0], [259.5, 67.0], [259.5, 68.0], [259.5, 69.0], [259.5, 70.0], [259.5, 71.0], [259.5, 72.0], [259.5, 73.0], [259.5, 74.0], [259.0, 74.5], [258.5, 75.0], [258.5, 76.0], [258.0, 76.5], [257.5, 77.0], [257.5, 78.0], [257.5, 79.0], [257.0, 79.5], [256.5, 80.0], [256.5, 81.0], [256.5, 82.0], [256.5, 83.0], [256.5, 84.0], [256.0, 84.5], [255.5, 85.0], [255.0, 85.5], [254.5, 86.0], [254.0, 86.5], [253.5, 87.0], [253.0, 87.5], [252.5, 88.0], [252.0, 88.5], [251.5, 89.0], [251.0, 89.5], [250.0, 89.5], [249.0, 89.5], [248.5, 90.0], [248.0, 90.5], [247.0, 90.5], [246.5, 91.0], [246.0, 91.5], [245.0, 91.5], [244.5, 92.0], [245.0, 92.5], [245.5, 93.0], [245.5, 94.0], [246.0, 94.5], [246.5, 95.0], [246.5, 96.0], [247.0, 96.5], [248.0, 96.5], [248.5, 97.0], [248.5, 98.0], [249.0, 98.5], [249.5, 99.0], [250.0, 99.5], [251.0, 99.5], [252.0, 99.5], [252.5, 100.0], [253.0, 100.5], [254.0, 100.5], [255.0, 100.5], [255.5, 100.0], [256.0, 99.5], [257.0, 99.5], [258.0, 99.5], [258.5, 99.0], [259.0, 98.5], [259.5, 98.0], [260.0, 97.5], [260.5, 97.0], [261.0, 96.5], [262.0, 96.5], [263.0, 96.5], [263.5, 96.0], [264.0, 95.5], [265.0, 95.5], [265.5, 95.0], [266.0, 94.5], [267.0, 94.5], [268.0, 94.5], [268.5, 94.0], [269.0, 93.5], [269.5, 93.0], [270.0, 92.5], [270.5, 92.0], [271.0, 91.5], [271.5, 91.0], [272.0, 90.5], [272.5, 90.0], [273.0, 89.5], [274.0, 89.5], [274.5, 89.0], [274.5, 88.0], [274.5, 87.0], [275.0, 86.5], [275.5, 86.0], [275.5, 85.0], [276.0, 84.5], [276.5, 84.0], [276.5, 83.0], [276.5, 82.0], [276.5, 81.0], [276.5, 80.0], [276.5, 79.0], [276.5, 78.0], [276.5, 77.0], [276.5, 76.0], [276.5, 75.0], [276.5, 74.0], [276.5, 73.0], [276.5, 72.0], [276.5, 71.0], [276.5, 70.0], [276.5, 69.0], [276.5, 68.0], [276.5, 67.0], [276.5, 66.0], [276.0, 65.5], [275.5, 65.0], [275.5, 64.0], [275.5, 63.0], [275.5, 62.0], [275.5, 61.0], [275.5, 60.0], [275.5, 59.0], [275.0, 58.5], [274.5, 58.0], [274.5, 57.0], [274.5, 56.0], [274.5, 55.0], [274.5, 54.0], [274.5, 53.0], [274.5, 52.0], [274.5, 51.0], [274.5, 50.0], [274.5, 49.0], [274.0, 48.5], [273.5, 48.0], [273.5, 47.0], [273.0, 46.5], [272.5, 46.0], [272.0, 45.5], [271.5, 45.0], [271.5, 44.0], [271.0, 43.5], [270.5, 43.0], [270.0, 42.5], [269.5, 42.0], [269.0, 41.5], [268.5, 41.0], [268.0, 40.5], [267.0, 40.5], [266.5, 40.0], [266.0, 39.5], [265.0, 39.5], [264.5, 39.0], [264.0, 38.5], [263.0, 38.5], [262.5, 38.0], [262.0, 37.5], [261.5, 37.0], [261.0, 36.5], [260.0, 36.5], [259.5, 36.0], [259.0, 35.5], [258.0, 35.5], [257.0, 35.5], [256.0, 35.5], [255.0, 35.5], [254.0, 35.5], [253.0, 35.5], [252.0, 35.5], [251.0, 35.5], [250.0, 35.5], [249.5, 36.0], [249.5, 37.0], [249.5, 38.0], [249.5, 39.0], [249.0, 39.5], [248.5, 40.0], [248.5, 41.0], [248.5, 42.0], [248.5, 43.0], [248.5, 44.0], [248.0, 44.5], [247.5, 45.0], [247.5, 46.0], [247.0, 46.5], [246.5, 47.0], [246.5, 48.0], [246.5, 49.0], [246.0, 49.5]]"
SLICE,Z4,VI_L,-16.770339369782107,-0.0054903030401192154,-262.23098754883,610.0,0.22181149934597108,"[[227.0, 55.5], [226.5, 56.0], [226.5, 57.0], [226.5, 58.0], [226.5, 59.0], [226.5, 60.0], [227.0, 60.5], [227.5, 61.0], [228.0, 61.5], [228.5, 62.0], [228.5, 63.0], [229.0, 63.5], [229.5, 64.0], [230.0, 64.5], [230.5, 65.0], [231.0, 65.5], [231.5, 66.0], [232.0, 66.5], [233.0, 66.5], [233.5, 67.0], [234.0, 67.5], [235.0, 67.5], [235.5, 67.0], [236.0, 66.5], [236.5, 66.0], [236.5, 65.0], [237.0, 64.5], [237.5, 64.0], [238.0, 63.5], [238.5, 63.0], [239.0, 62.5], [239.5, 62.0], [240.0, 61.5], [241.0, 61.5], [241.5, 61.0], [242.0, 60.5], [243.0, 60.5], [244.0, 60.5], [245.0, 60.5], [245.5, 61.0], [246.0, 61.5], [247.0, 61.5], [248.0, 61.5], [248.5, 62.0], [249.0, 62.5], [249.5, 63.0], [249.5, 64.0], [250.0, 64.5], [250.5, 65.0], [250.5, 66.0], [251.0, 66.5], [251.5, 67.0], [251.5, 68.0], [251.5, 69.0], [251.5, 70.0], [251.0, 70.5], [250.5, 71.0], [250.5, 72.0], [250.5, 73.0], [250.0, 73.5], [249.0, 73.5], [248.5, 74.0], [248.0, 74.5], [247.5, 75.0], [247.0, 75.5], [246.0, 75.5], [245.0, 75.5], [244.5, 76.0], [244.0, 76.5], [243.0, 76.5], [242.5, 77.0], [242.0, 77.5], [241.0, 77.5], [240.5, 78.0], [240.0, 78.5], [239.5, 79.0], [239.5, 80.0], [240.0, 80.5], [240.5, 81.0], [240.5, 82.0], [241.0, 82.5], [241.5, 83.0], [241.5, 84.0], [241.5, 85.0], [241.5, 86.0], [242.0, 86.5], [242.5, 87.0], [243.0, 87.5], [243.5, 88.0], [243.5, 89.0], [244.0, 89.5], [244.5, 90.0], [244.5, 91.0], [245.0, 91.5], [246.0, 91.5], [246.5, 91.0], [247.0, 90.5], [248.0, 90.5], [248.5, 90.0], [249.0, 89.5], [250.0, 89.5], [251.0, 89.5], [251.5, 89.0], [252.0, 88.5], [252.5, 88.0], [253.0, 87.5], [253.5, 87.0], [254.0, 86.5], [254.5, 86.0], [255.0, 85.5], [255.5, 85.0], [256.0, 84.5], [256.5, 84.0], [256.5, 83.0], [256.5, 82.0], [256.5, 81.0], [256.5, 80.0], [257.0, 79.5], [257.5, 79.0], [257.5, 78.0], [257.5, 77.0], [258.0, 76.5], [258.5, 76.0], [258.5, 75.0], [259.0, 74.5], [259.5, 74.0], [259.5, 73.0], [259.5, 72.0], [259.5, 71.0], [259.5, 70.0], [259.5, 69.0], [259.5, 68.0], [259.5, 67.0], [259.5, 66.0], [259.0, 65.5], [258.5, 65.0], [258.0, 64.5], [257.5, 64.0], [257.0, 63.5], [256.5, 63.0], [256.5, 62.0], [256.0, 61.5], [255.5, 61.0], [255.0, 60.5], [254.5, 60.0], [254.5, 59.0], [254.0, 58.5], [253.5, 58.0], [253.5, 57.0], [253.0, 56.5], [252.0, 56.5], [251.5, 56.0], [251.5, 55.0], [251.0, 54.5], [250.0, 54.5], [249.5, 54.0], [249.5, 53.0], [249.0, 52.5], [248.0, 52.5], [247.5, 52.0], [247.0, 51.5], [246.0, 51.5], [245.0, 51.5], [244.5, 51.0], [244.0, 50.5], [243.0, 50.5], [242.0, 50.5], [241.5, 51.0], [241.0, 51.5], [240.0, 51.5], [239.0, 51.5], [238.0, 51.5], [237.0, 51.5], [236.0, 51.5], [235.0, 51.5], [234.0, 51.5], [233.0, 51.5], [232.0, 51.5], [231.0, 51.5], [230.5, 52.0], [230.0, 52.5], [229.5, 53.0], [229.5, 54.0], [229.0, 54.5], [228.0, 54.5], [227.5, 55.0]]"
SLICE,Z4,VM_L,-16.770339369782107,-0.0054903030401192154,-262.23098754883,379.0,0.30358149116966704,"[[217.0, 49.5], [216.5, 50.0], [216.5, 51.0], [216.5, 52.0], [216.5, 53.0], [216.5, 54.0], [216.5, 55.0], [216.5, 56.0], [216.5, 57.0], [216.5, 58.0], [216.5, 59.0], [216.5, 60.0], [216.5, 61.0], [216.5, 62.0], [216.5, 63.0], [216.5, 64.0], [216.5, 65.0], [216.5, 66.0], [217.0, 66.5], [217.5, 67.0], [217.5, 68.0], [218.0, 68.5], [218.5, 69.0], [219.0, 69.5], [220.0, 69.5], [220.5, 70.0], [221.0, 70.5], [221.5, 71.0], [222.0, 71.5], [222.5, 72.0], [222.5, 73.0], [223.0, 73.5], [223.5, 74.0], [224.0, 74.5], [224.5, 75.0], [224.5, 76.0], [225.0, 76.5], [226.0, 76.5], [226.5, 77.0], [227.0, 77.5], [228.0, 77.5], [229.0, 77.5], [229.5, 78.0], [230.0, 78.5], [231.0, 78.5], [231.5, 78.0], [232.0, 77.5], [233.0, 77.5], [234.0, 77.5], [234.5, 77.0], [235.0, 76.5], [235.5, 76.0], [235.5, 75.0], [235.5, 74.0], [235.5, 73.0], [235.5, 72.0], [235.5, 71.0], [235.5, 70.0], [235.5, 69.0], [235.0, 68.5], [234.5, 68.0], [234.0, 67.5], [233.5, 67.0], [233.0, 66.5], [232.0, 66.5], [231.5, 66.0], [231.0, 65.5], [230.5, 65.0], [230.0, 64.5], [229.5, 64.0], [229.0, 63.5], [228.5, 63.0], [228.5, 62.0], [228.0, 61.5], [227.5, 61.0], [227.0, 60.5], [226.5, 60.0], [226.5, 59.0], [226.5, 58.0], [226.5, 57.0], [226.5, 56.0], [227.0, 55.5], [227.5, 55.0], [228.0, 54.5], [229.0, 54.5], [229.5, 54.0], [229.5, 53.0], [230.0, 52.5], [230.5, 52.0], [230.5, 51.0], [230.0, 50.5], [229.5, 50.0], [229.0, 49.5], [228.5, 49.0], [228.0, 48.5], [227.0, 48.5], [226.5, 48.0], [226.5, 47.0], [226.0, 46.5], [225.0, 46.5], [224.0, 46.5], [223.0, 46.5], [222.0, 46.5], [221.0, 46.5], [220.0, 46.5], [219.5, 47.0], [219.0, 47.5], [218.5, 48.0], [218.5, 49.0], [218.0, 49.5]]"
SLICE,Z4,RF_L,-16.770339369782107,-0.0054903030401192154,-262.23098754883,391.0,0.23056513881962815,"[[224.0, 38.5], [223.5, 39.0], [223.5, 40.0], [223.5, 41.0], [223.5, 42.0], [223.5, 43.0], [223.5, 44.0], [223.5, 45.0], [223.5, 46.0], [224.0, 46.5], [225.0, 46.5], [226.0, 46.5], [226.5, 47.0], [226.5, 48.0], [227.0, 48.5], [228.0, 48.5], [228.5, 49.0], [229.0, 49.5], [229.5, 50.0], [230.0, 50.5], [230.5, 51.0], [231.0, 51.5], [232.0, 51.5], [233.0, 51.5], [234.0, 51.5], [235.0, 51.5], [236.0, 51.5], [237.0, 51.5], [238.0, 51.5], [239.0, 51.5], [240.0, 51.5], [241.0, 51.5], [241.5, 51.0], [242.0, 50.5], [243.0, 50.5], [244.0, 50.5], [244.5, 50.0], [245.0, 49.5], [246.0, 49.5], [246.5, 49.0], [246.5, 48.0], [246.5, 47.0], [247.0, 46.5], [247.5, 46.0], [247.5, 45.0], [248.0, 44.5], [248.5, 44.0], [248.5, 43.0], [248.5, 42.0], [248.5, 41.0], [248.5, 40.0], [249.0, 39.5], [249.5, 39.0], [249.5, 38.0], [249.5, 37.0], [249.5, 36.0], [249.5, 35.0], [249.5, 34.0], [249.0, 33.5], [248.0, 33.5], [247.0, 33.5], [246.5, 33.0], [246.0, 32.5], [245.0, 32.5], [244.0, 32.5], [243.0, 32.5], [242.0, 32.5], [241.0, 32.5], [240.0, 32.5], [239.5, 33.0], [239.0, 33.5], [238.0, 33.5], [237.0, 33.5], [236.0, 33.5], [235.0, 33.5], [234.5, 34.0], [234.0, 34.5], [233.5, 35.0], [233.0, 35.5], [232.0, 35.5], [231.0, 35.5], [230.0, 35.5], [229.0, 35.5], [228.0, 35.5], [227.5, 36.0], [227.0, 36.5], [226.0, 36.5], [225.5, 37.0], [225.5, 38.0], [225.0, 38.5]]"
SLICE,Z4,SAR_L,-16.770339369782107,-0.0054903030401192154,-262.23098754883,293.0,0.40218060296228564,"[[203.0, 62.5], [202.5, 63.0], [202.5, 64.0], [202.5, 65.0], [202.5, 66.0], [203.0, 66.5], [203.5, 67.0], [203.5, 68.0], [204.0, 68.5], [204.5, 69.0], [205.0, 69.5], [205.5, 70.0], [206.0, 70.5], [206.5, 71.0], [207.0, 71.5], [208.0, 71.5], [209.0, 71.5], [210.0, 71.5], [211.0, 71.5], [211.5, 71.0], [211.5, 70.0], [212.0, 69.5], [213.0, 69.5], [213.5, 69.0], [214.0, 68.5], [214.5, 68.0], [214.5, 67.0], [215.0, 66.5], [216.0, 66.5], [216.5, 66.0], [216.5, 65.0], [216.5, 64.0], [216.5, 63.0], [216.5, 62.0], [216.5, 61.0], [216.5, 60.0], [216.5, 59.0], [216.5, 58.0], [216.5, 57.0], [216.5, 56.0], [216.5, 55.0], [216.5, 54.0], [216.5, 53.0], [216.5, 52.0], [216.5, 51.0], [216.5, 50.0], [217.0, 49.5], [218.0, 49.5], [218.5, 49.0], [218.5, 48.0], [218.5, 47.0], [218.5, 46.0], [218.0, 45.5], [217.5, 45.0], [217.0, 44.5], [216.0, 44.5], [215.5, 45.0], [215.0, 45.5], [214.0, 45.5], [213.0, 45.5], [212.5, 46.0], [212.0, 46.5], [211.0, 46.5], [210.5, 47.0], [210.0, 47.5], [209.5, 48.0], [209.0, 48.5], [208.5, 49.0], [208.0, 49.5], [207.5, 50.0], [207.0, 50.5], [206.0, 50.5], [205.5, 51.0], [205.5, 52.0], [205.0, 52.5], [204.5, 53.0], [204.0, 53.5], [203.5, 54.0], [203.5, 55.0], [203.5, 56.0], [203.5, 57.0], [203.5, 58.0], [203.5, 59.0], [203.5, 60.0], [203.5, 61.0], [203.5, 62.0]]"
SLICE,Z4,GRA_L,-16.770339369782107,-0.0054903030401192154,-262.23098754883,390.0,0.5999003799845619,"[[184.0, 78.5], [183.5, 79.0], [183.5, 80.0], [183.5, 81.0], [183.5, 82.0], [183.5, 83.0], [183.5, 84.0], [184.0, 84.5], [184.5, 85.0], [184.5, 86.0], [185.0, 86.5], [185.5, 87.0], [185.5, 88.0], [185.5, 89.0], [186.0, 89.5], [186.5, 90.0], [187.0, 90.5], [187.5, 91.0], [188.0, 91.5], [188.5, 92.0], [188.5, 93.0], [189.0, 93.5], [189.5, 94.0], [190.0, 94.5], [191.0, 94.5], [191.5, 95.0], [192.0, 95.5], [193.0, 95.5], [193.5, 96.0], [194.0, 96.5], [195.0, 96.5], [196.0, 96.5], [197.0, 96.5], [198.0, 96.5], [199.0, 96.5], [199.5, 96.0], [200.0, 95.5], [201.0, 95.5], [201.5, 95.0], [202.0, 94.5], [202.5, 94.0], [202.5, 93.0], [203.0, 92.5], [203.5, 92.0], [203.5, 91.0], [203.5, 90.0], [203.5, 89.0], [203.5, 88.0], [203.5, 87.0], [203.5, 86.0], [203.5, 85.0], [203.5, 84.0], [203.0, 83.5], [202.5, 83.0], [202.5, 82.0], [202.5, 81.0], [202.0, 80.5], [201.5, 80.0], [201.0, 79.5], [200.5, 79.0], [200.0, 78.5], [199.5, 78.0], [199.5, 77.0], [199.5, 76.0], [199.0, 75.5], [198.5, 75.0], [198.0, 74.5], [197.5, 74.0], [197.0, 73.5], [196.5, 73.0], [196.5, 72.0], [196.0, 71.5], [195.5, 71.0], [195.0, 70.5], [194.0, 70.5], [193.0, 70.5], [192.0, 70.5], [191.0, 70.5], [190.0, 70.5], [189.0, 70.5], [188.5, 71.0], [188.0, 71.5], [187.5, 72.0], [187.0, 72.5], [186.5, 73.0], [186.0, 73.5], [185.5, 74.0], [185.5, 75.0], [185.5, 76.0], [185.0, 76.5], [184.5, 77.0], [184.5, 78.0]]"
SLICE,Z4,SM_L,-16.770339369782107,-0.0054903030401192154,-262.23098754883,21.0,0.8978158896875086,"[[216.0, 106.5], [215.5, 107.0], [215.5, 108.0], [215.5, 109.0], [216.0, 109.5], [216.5, 110.0], [217.0, 110.5], [218.0, 110.5], [218.5, 111.0], [219.0, 111.5], [219.5, 111.0], [220.0, 110.5], [220.5, 110.0], [220.0, 109.5], [219.5, 109.0], [219.5, 108.0], [219.0, 107.5], [218.5, 107.0], [218.0, 106.5], [217.0, 106.5]]"
SLICE,Z4,ST_L,-16.770339369782107,-0.0054903030401192154,-262.23098754883,304.0,0.6584427312633993,"[[216.0, 103.5], [215.5, 104.0], [215.5, 105.0], [215.5, 106.0], [216.0, 106.5], [217.0, 106.5], [218.0, 106.5], [218.5, 107.0], [219.0, 107.5], [219.5, 108.0], [219.5, 109.0], [220.0, 109.5], [220.5, 110.0], [220.5, 111.0], [221.0, 111.5], [222.0, 111.5], [223.0, 111.5], [223.5, 111.0], [224.0, 110.5], [225.0, 110.5], [226.0, 110.5], [227.0, 110.5], [228.0, 110.5], [229.0, 110.5], [229.5, 110.0], [230.0, 109.5], [231.0, 109.5], [231.5, 109.0], [232.0, 108.5], [233.0, 108.5], [233.5, 108.0], [234.0, 107.5], [234.5, 107.0], [235.0, 106.5], [236.0, 106.5], [236.5, 106.0], [236.5, 105.0], [237.0, 104.5], [237.5, 104.0], [237.5, 103.0], [237.5, 102.0], [238.0, 101.5], [238.5, 101.0], [238.5, 100.0], [238.0, 99.5], [237.5, 99.0], [237.5, 98.0], [237.5, 97.0], [237.5, 96.0], [237.0, 95.5], [236.5, 95.0], [236.5, 94.0], [236.0, 93.5], [235.5, 93.0], [235.0, 92.5], [234.0, 92.5], [233.5, 93.0], [233.0, 93.5], [232.5, 94.0], [232.0, 94.5], [231.0, 94.5], [230.0, 94.5], [229.0, 94.5], [228.0, 94.5], [227.0, 94.5], [226.0, 94.5], [225.0, 94.5], [224.0, 94.5], [223.0, 94.5], [222.0, 94.5], [221.5, 95.0], [221.0, 95.5], [220.5, 96.0], [220.0, 96.5], [219.0, 96.5], [218.0, 96.5], [217.5, 97.0], [217.0, 97.5], [216.5, 98.0], [216.5, 99.0], [216.5, 100.0], [216.5, 101.0], [216.5, 102.0], [216.5, 103.0]]"
SLICE,Z4,BF_L,-16.770339369782107,-0.0054903030401192154,-262.23098754883,239.0,0.603247927297912,"[[229.0, 110.5], [228.5, 111.0], [228.5, 112.0], [228.5, 113.0], [228.5, 114.0], [228.5, 115.0], [229.0, 115.5], [229.5, 116.0], [230.0, 116.5], [231.0, 116.5], [232.0, 116.5], [232.5, 117.0], [233.0, 117.5], [234.0, 117.5], [235.0, 117.5], [236.0, 117.5], [236.5, 117.0], [237.0, 116.5], [238.0, 116.5], [239.0, 116.5], [240.0, 116.5], [240.5, 116.0], [241.0, 115.5], [241.5, 115.0], [242.0, 114.5], [243.0, 114.5], [243.5, 114.0], [243.5, 113.0], [244.0, 112.5], [244.5, 112.0], [244.5, 111.0], [244.5, 110.0], [244.5, 109.0], [244.5, 108.0], [245.0, 107.5], [245.5, 107.0], [246.0, 106.5], [246.5, 106.0], [246.5, 105.0], [246.5, 104.0], [246.5, 103.0], [247.0, 102.5], [247.5, 102.0], [247.0, 101.5], [246.5, 101.0], [246.5, 100.0], [246.5, 99.0], [246.0, 98.5], [245.5, 98.0], [245.0, 97.5], [244.5, 97.0], [244.0, 96.5], [243.5, 96.0], [243.0, 95.5], [242.0, 95.5], [241.5, 95.0], [241.0, 94.5], [240.5, 94.0], [240.0, 93.5], [239.0, 93.5], [238.5, 94.0], [238.5, 95.0], [238.0, 95.5], [237.5, 96.0], [237.5, 97.0], [237.5, 98.0], [237.5, 99.0], [238.0, 99.5], [238.5, 100.0], [238.5, 101.0], [238.0, 101.5], [237.5, 102.0], [237.5, 103.0], [237.5, 104.0], [237.0, 104.5], [236.5, 105.0], [236.5, 106.0], [236.0, 106.5], [235.0, 106.5], [234.5, 107.0], [234.0, 107.5], [233.5, 108.0], [233.0, 108.5], [232.0, 108.5], [231.5, 109.0], [231.0, 109.5], [230.0, 109.5], [229.5, 110.0]]"
SLICE,Z4,BF_SH_L,-16.770339369782107,-0.0054903030401192154,-262.23098754883,40.0,0.6539302060403193,"[[240.0, 83.5], [239.5, 84.0], [239.5, 85.0], [239.5, 86.0], [239.5, 87.0], [239.5, 88.0], [239.5, 89.0], [240.0, 89.5], [240.5, 90.0], [240.5, 91.0], [240.5, 92.0], [241.0, 92.5], [241.5, 93.0], [241.5, 94.0], [242.0, 94.5], [243.0, 94.5], [243.5, 95.0], [244.0, 95.5], [244.5, 96.0], [245.0, 96.5], [246.0, 96.5], [246.5, 96.0], [246.5, 95.0], [246.0, 94.5], [245.5, 94.0], [245.5, 93.0], [245.0, 92.5], [244.5, 92.0], [244.5, 91.0], [244.5, 90.0], [244.0, 89.5], [243.5, 89.0], [243.0, 88.5], [242.5, 88.0], [242.5, 87.0], [242.0, 86.5], [241.5, 86.0], [241.5, 85.0], [241.0, 84.5], [240.5, 84.0]]"
SLICE,Z4,AM_L,-16.770339369782107,-0.0054903030401192154,-262.23098754883,690.0,0.5112803646795536,"[[201.0, 75.5], [200.5, 76.0], [200.5, 77.0], [200.5, 78.0], [200.5, 79.0], [201.0, 79.5], [201.5, 80.0], [202.0, 80.5], [202.5, 81.0], [202.5, 82.0], [202.5, 83.0], [203.0, 83.5], [203.5, 84.0], [203.5, 85.0], [203.5, 86.0], [203.5, 87.0], [203.5, 88.0], [203.5, 89.0], [203.5, 90.0], [203.5, 91.0], [203.5, 92.0], [203.0, 92.5], [202.5, 93.0], [202.5, 94.0], [202.0, 94.5], [201.5, 95.0], [201.5, 96.0], [202.0, 96.5], [202.5, 97.0], [202.5, 98.0], [203.0, 98.5], [203.5, 99.0], [203.5, 100.0], [203.5, 101.0], [204.0, 101.5], [205.0, 101.5], [205.5, 102.0], [205.5, 103.0], [206.0, 103.5], [206.5, 104.0], [206.5, 105.0], [206.5, 106.0], [207.0, 106.5], [207.5, 107.0], [207.5, 108.0], [208.0, 108.5], [208.5, 109.0], [209.0, 109.5], [210.0, 109.5], [211.0, 109.5], [211.5, 109.0], [212.0, 108.5], [212.5, 108.0], [213.0, 107.5], [213.5, 107.0], [213.5, 106.0], [214.0, 105.5], [214.5, 105.0], [214.5, 104.0], [214.5, 103.0], [214.5, 102.0], [214.5, 101.0], [215.0, 100.5], [215.5, 100.0], [216.0, 99.5], [216.5, 99.0], [216.5, 98.0], [217.0, 97.5], [217.5, 97.0], [218.0, 96.5], [219.0, 96.5], [220.0, 96.5], [220.5, 96.0], [221.0, 95.5], [221.5, 95.0], [222.0, 94.5], [223.0, 94.5], [224.0, 94.5], [225.0, 94.5], [226.0, 94.5], [227.0, 94.5], [228.0, 94.5], [229.0, 94.5], [230.0, 94.5], [231.0, 94.5], [232.0, 94.5], [232.5, 94.0], [233.0, 93.5], [233.5, 93.0], [234.0, 92.5], [234.5, 92.0], [235.0, 91.5], [236.0, 91.5], [237.0, 91.5], [238.0, 91.5], [239.0, 91.5], [240.0, 91.5], [240.5, 91.0], [240.5, 90.0], [240.0, 89.5], [239.5, 89.0], [239.5, 88.0], [239.5, 87.0], [239.5, 86.0], [239.5, 85.0], [239.5, 84.0], [240.0, 83.5], [240.5, 84.0], [241.0, 84.5], [241.5, 84.0], [241.5, 83.0], [241.0, 82.5], [240.5, 82.0], [240.0, 81.5], [239.5, 81.0], [239.0, 80.5], [238.5, 80.0], [238.5, 79.0], [238.0, 78.5], [237.0, 78.5], [236.0, 78.5], [235.0, 78.5], [234.5, 78.0], [234.0, 77.5], [233.5, 78.0], [233.0, 78.5], [232.0, 78.5], [231.0, 78.5], [230.0, 78.5], [229.5, 78.0], [229.0, 77.5], [228.0, 77.5], [227.0, 77.5], [226.5, 78.0], [226.5, 79.0], [226.0, 79.5], [225.5, 80.0], [225.0, 80.5], [224.5, 81.0], [224.0, 81.5], [223.0, 81.5], [222.0, 81.5], [221.0, 81.5], [220.0, 81.5], [219.0, 81.5], [218.0, 81.5], [217.0, 81.5], [216.0, 81.5], [215.0, 81.5], [214.0, 81.5], [213.0, 81.5], [212.0, 81.5], [211.0, 81.5], [210.5, 81.0], [210.0, 80.5], [209.0, 80.5], [208.0, 80.5], [207.5, 80.0], [207.0, 79.5], [206.0, 79.5], [205.0, 79.5], [204.5, 79.0], [204.0, 78.5], [203.5, 78.0], [203.5, 77.0], [203.0, 76.5], [202.5, 76.0], [202.5, 75.0], [202.0, 74.5], [201.5, 75.0]]"
SLICE,Z4,AL_L,-16.770339369782107,-0.0054903030401192154,-262.23098754883,266.0,0.2752005549521997,"[[199.0, 66.5], [198.5, 67.0], [198.5, 68.0], [198.5, 69.0], [198.5, 70.0], [199.0, 70.5], [199.5, 71.0], [200.0, 71.5], [200.5, 72.0], [200.5, 73.0], [201.0, 73.5], [201.5, 74.0], [202.0, 74.5], [202.5, 75.0], [202.5, 76.0], [203.0, 76.5], [203.5, 77.0], [203.5, 78.0], [204.0, 78.5], [204.5, 79.0], [205.0, 79.5], [206.0, 79.5], [207.0, 79.5], [207.5, 80.0], [208.0, 80.5], [209.0, 80.5], [210.0, 80.5], [210.5, 81.0], [211.0, 81.5], [212.0, 81.5], [213.0, 81.5], [214.0, 81.5], [215.0, 81.5], [216.0, 81.5], [217.0, 81.5], [218.0, 81.5], [219.0, 81.5], [220.0, 81.5], [221.0, 81.5], [222.0, 81.5], [223.0, 81.5], [224.0, 81.5], [224.5, 81.0], [225.0, 80.5], [225.5, 80.0], [226.0, 79.5], [226.5, 79.0], [226.5, 78.0], [226.5, 77.0], [226.0, 76.5], [225.0, 76.5], [224.5, 76.0], [224.5, 75.0], [224.0, 74.5], [223.5, 74.0], [223.0, 73.5], [222.5, 73.0], [222.5, 72.0], [222.0, 71.5], [221.5, 71.0], [221.0, 70.5], [220.0, 70.5], [219.0, 70.5], [218.5, 70.0], [218.0, 69.5], [217.0, 69.5], [216.0, 69.5], [215.5, 69.0], [215.0, 68.5], [214.0, 68.5], [213.5, 69.0], [213.0, 69.5], [212.0, 69.5], [211.5, 70.0], [211.5, 71.0], [211.0, 71.5], [210.0, 71.5], [209.0, 71.5], [208.0, 71.5], [207.0, 71.5], [206.5, 71.0], [206.0, 70.5], [205.5, 70.0], [205.0, 69.5], [204.5, 69.0], [204.0, 68.5], [203.5, 68.0], [203.5, 67.0], [203.0, 66.5], [202.5, 66.0], [202.5, 65.0], [202.5, 64.0], [202.0, 63.5], [201.0, 63.5], [200.5, 64.0], [200.5, 65.0], [200.0, 65.5], [199.5, 66.0]]"
SLICE,Z4,AB_L,-16.770339369782107,-0.0054903030401192154,-262.23098754883,0.0,,
SLICE,Z5,VL_R,-16.770339369782107,-0.0054903030401192154,-232.23098754883,1191.0,0.2939806219002084,"[[49.0, 62.5], [48.5, 63.0], [48.5, 64.0], [48.5, 65.0], [48.5, 66.0], [48.5, 67.0], [48.5, 68.0], [48.5, 69.0], [48.5, 70.0], [48.5, 71.0], [48.5, 72.0], [48.5, 73.0], [48.5, 74.0], [48.5, 75.0], [48.5, 76.0], [48.5, 77.0], [49.0, 77.5], [49.5, 78.0], [49.5, 79.0], [50.0, 79.5], [50.5, 80.0], [50.5, 81.0], [51.0, 81.5], [51.5, 82.0], [52.0, 82.5], [52.5, 83.0], [53.0, 83.5], [53.5, 84.0], [54.0, 84.5], [54.5, 85.0], [55.0, 85.5], [55.5, 86.0], [56.0, 86.5], [57.0, 86.5], [57.5, 87.0], [58.0, 87.5], [58.5, 88.0], [59.0, 88.5], [60.0, 88.5], [60.5, 89.0], [61.0, 89.5], [62.0, 89.5], [63.0, 89.5], [63.5, 90.0], [64.0, 90.5], [65.0, 90.5], [66.0, 90.5], [67.0, 90.5], [68.0, 90.5], [68.5, 90.0], [69.0, 89.5], [70.0, 89.5], [71.0, 89.5], [72.0, 89.5], [73.0, 89.5], [74.0, 89.5], [74.5, 89.0], [75.0, 88.5], [75.5, 88.0], [76.0, 87.5], [76.5, 87.0], [77.0, 86.5], [77.5, 86.0], [77.5, 85.0], [77.0, 84.5], [76.5, 84.0], [76.5, 83.0], [76.0, 82.5], [75.5, 82.0], [75.0, 81.5], [74.5, 81.0], [74.5, 80.0], [74.0, 79.5], [73.0, 79.5], [72.5, 79.0], [72.0, 78.5], [71.5, 78.0], [71.5, 77.0], [71.0, 76.5], [70.0, 76.5], [69.0, 76.5], [68.5, 76.0], [68.0, 75.5], [67.5, 75.0], [67.0, 74.5], [66.5, 74.0], [66.5, 73.0], [66.0, 72.5], [65.5, 72.0], [65.5, 71.0], [65.5, 70.0], [65.5, 69.0], [65.5, 68.0], [66.0, 67.5], [66.5, 67.0], [66.5, 66.0], [66.5, 65.0], [67.0, 64.5], [67.5, 64.0], [68.0, 63.5], [68.5, 63.0], [68.5, 62.0], [68.5, 61.0], [69.0, 60.5], [69.5, 60.0], [69.5, 59.0], [69.5, 58.0], [69.5, 57.0], [70.0, 56.5], [71.0, 56.5], [71.5, 56.0], [71.5, 55.0], [72.0, 54.5], [73.0, 54.5], [73.5, 54.0], [74.0, 53.5], [74.5, 53.0], [74.5, 52.0], [75.0, 51.5], [76.0, 51.5], [76.5, 51.0], [76.5, 50.0], [77.0, 49.5], [78.0, 49.5], [78.5, 49.0], [79.0, 48.5], [79.5, 48.0], [80.0, 47.5], [81.0, 47.5], [81.5, 47.0], [81.5, 46.0], [81.5, 45.0], [81.0, 44.5], [80.5, 44.0], [80.5, 43.0], [80.5, 42.0], [80.0, 41.5], [79.5, 41.0], [79.5, 40.0], [79.5, 39.0], [79.0, 38.5], [78.5, 38.0], [78.5, 37.0], [78.0, 36.5], [77.5, 36.0], [77.0, 35.5], [76.5, 35.0], [76.0, 34.5], [75.5, 34.0], [75.5, 33.0], [75.0, 32.5], [74.5, 32.0], [74.0, 31.5], [73.0, 31.5], [72.5, 31.0], [72.0, 30.5], [71.0, 30.5], [70.0, 30.5], [69.0, 30.5], [68.0, 30.5], [67.0, 30.5], [66.5, 31.0], [66.0, 31.5], [65.5, 32.0], [65.0, 32.5], [64.0, 32.5], [63.5, 33.0], [63.0, 33.5], [62.0, 33.5], [61.5, 34.0], [61.0, 34.5], [60.5, 35.0], [60.0, 35.5], [59.5, 36.0], [59.0, 36.5], [58.5, 37.0], [58.5, 38.0], [58.0, 38.5], [57.5, 39.0], [57.0, 39.5], [56.5, 40.0], [56.0, 40.5], [55.5, 41.0], [55.5, 42.0], [55.5, 43.0], [55.5, 44.0], [55.0, 44.5], [54.5, 45.0], [54.5, 46.0], [54.0, 46.5], [53.5, 47.0], [53.5, 48.0], [53.5, 49.0], [53.5, 50.0], [53.5, 51.0], [53.5, 52.0], [53.5, 53.0], [53.0, 53.5], [52.5, 54.0], [52.5, 55.0], [52.5, 56.0], [52.0, 56.5], [51.5, 57.0], [51.5, 58.0], [51.0, 58.5], [50.5, 59.0], [50.5, 60.0], [50.0, 60.5], [49.5, 61.0], [49.5, 62.0]]"
SLICE,Z5,VI_R,-16.770339369782107,-0.0054903030401192154,-232.23098754883,480.0,0.24466503735996065,"[[66.0, 67.5], [65.5, 68.0], [65.5, 69.0], [65.5, 70.0], [65.5, 71.0], [65.5, 72.0], [66.0, 72.5], [66.5, 73.0], [66.5, 74.0], [67.0, 74.5], [67.5, 75.0], [68.0, 75.5], [68.5, 76.0], [69.0, 76.5], [70.0, 76.5], [71.0, 76.5], [71.5, 77.0], [71.5, 78.0], [72.0, 78.5], [72.5, 79.0], [73.0, 79.5], [74.0, 79.5], [74.5, 80.0], [74.5, 81.0], [75.0, 81.5], [75.5, 82.0], [76.0, 82.5], [76.5, 83.0], [76.5, 84.0], [77.0, 84.5], [78.0, 84.5], [78.5, 84.0], [79.0, 83.5], [79.5, 83.0], [79.5, 82.0], [80.0, 81.5], [81.0, 81.5], [81.5, 81.0], [81.5, 80.0], [82.0, 79.5], [82.5, 79.0], [82.5, 78.0], [82.5, 77.0], [82.5, 76.0], [82.0, 75.5], [81.5, 75.0], [81.0, 74.5], [80.0, 74.5], [79.5, 74.0], [79.0, 73.5], [78.0, 73.5], [77.5, 73.0], [77.0, 72.5], [76.5, 72.0], [76.5, 71.0], [76.0, 70.5], [75.5, 70.0], [75.0, 69.5], [74.5, 69.0], [74.5, 68.0], [74.5, 67.0], [74.5, 66.0], [74.5, 65.0], [74.0, 64.5], [73.5, 64.0], [74.0, 63.5], [74.5, 63.0], [74.5, 62.0], [74.5, 61.0], [74.5, 60.0], [75.0, 59.5], [76.0, 59.5], [76.5, 59.0], [77.0, 58.5], [78.0, 58.5], [79.0, 58.5], [80.0, 58.5], [81.0, 58.5], [82.0, 58.5], [82.5, 59.0], [83.0, 59.5], [84.0, 59.5], [85.0, 59.5], [85.5, 60.0], [86.0, 60.5], [86.5, 61.0], [87.0, 61.5], [88.0, 61.5], [88.5, 62.0], [89.0, 62.5], [89.5, 63.0], [90.0, 63.5], [91.0, 63.5], [91.5, 63.0], [92.0, 62.5], [92.5, 62.0], [93.0, 61.5], [94.0, 61.5], [94.5, 61.0], [94.5, 60.0], [95.0, 59.5], [95.5, 59.0], [96.0, 58.5], [96.5, 58.0], [96.5, 57.0], [96.5, 56.0], [96.5, 55.0], [96.5, 54.0], [96.5, 53.0], [96.5, 52.0], [97.0, 51.5], [97.5, 51.0], [97.5, 50.0], [97.0, 49.5], [96.0, 49.5], [95.0, 49.5], [94.0, 49.5], [93.0, 49.5], [92.0, 49.5], [91.0, 49.5], [90.0, 49.5], [89.0, 49.5], [88.0, 49.5], [87.0, 49.5], [86.5, 49.0], [86.0, 48.5], [85.5, 48.0], [85.0, 47.5], [84.0, 47.5], [83.0, 47.5], [82.0, 47.5], [81.0, 47.5], [80.0, 47.5], [79.5, 48.0], [79.0, 48.5], [78.5, 49.0], [78.0, 49.5], [77.0, 49.5], [76.5, 50.0], [76.5, 51.0], [76.0, 51.5], [75.0, 51.5], [74.5, 52.0], [74.5, 53.0], [74.0, 53.5], [73.5, 54.0], [73.0, 54.5], [72.0, 54.5], [71.5, 55.0], [71.5, 56.0], [71.0, 56.5], [70.0, 56.5], [69.5, 57.0], [69.5, 58.0], [69.5, 59.0], [69.5, 60.0], [69.0, 60.5], [68.5, 61.0], [68.5, 62.0], [68.5, 63.0], [68.0, 63.5], [67.5, 64.0], [67.0, 64.5], [66.5, 65.0], [66.5, 66.0], [66.5, 67.0]]"
SLICE,Z5,VM_R,-16.770339369782107,-0.0054903030401192154,-232.23098754883,271.0,0.37222939756294604,"[[89.0, 62.5], [88.5, 63.0], [88.5, 64.0], [88.5, 65.0], [88.5, 66.0], [89.0, 66.5], [89.5, 67.0], [89.5, 68.0], [89.0, 68.5], [88.5, 69.0], [88.5, 70.0], [88.5, 71.0], [88.5, 72.0], [88.5, 73.0], [88.5, 74.0], [89.0, 74.5], [90.0, 74.5], [91.0, 74.5], [91.5, 74.0], [92.0, 73.5], [93.0, 73.5], [93.5, 73.0], [94.0, 72.5], [94.5, 72.0], [95.0, 71.5], [96.0, 71.5], [97.0, 71.5], [98.0, 71.5], [99.0, 71.5], [99.5, 71.0], [99.5, 70.0], [100.0, 69.5], [101.0, 69.5], [101.5, 69.0], [101.5, 68.0], [102.0, 67.5], [102.5, 67.0], [103.0, 66.5], [103.5, 66.0], [103.5, 65.0], [104.0, 64.5], [104.5, 64.0], [104.5, 63.0], [105.0, 62.5], [105.5, 62.0], [105.5, 61.0], [105.5, 60.0], [105.5, 59.0], [105.5, 58.0], [105.5, 57.0], [105.0, 56.5], [104.5, 56.0], [104.5, 55.0], [104.5, 54.0], [104.5, 53.0], [104.5, 52.0], [104.5, 51.0], [104.5, 50.0], [104.5, 49.0], [104.5, 48.0], [104.5, 47.0], [104.0, 46.5], [103.0, 46.5], [102.0, 46.5], [101.0, 46.5], [100.0, 46.5], [99.0, 46.5], [98.5, 47.0], [98.0, 47.5], [97.5, 48.0], [97.5, 49.0], [97.5, 50.0], [97.5, 51.0], [97.0, 51.5], [96.5, 52.0], [96.5, 53.0], [96.5, 54.0], [96.5, 55.0], [96.5, 56.0], [96.5, 57.0], [96.5, 58.0], [96.0, 58.5], [95.5, 59.0], [95.0, 59.5], [94.5, 60.0], [94.5, 61.0], [94.0, 61.5], [93.0, 61.5], [92.5, 62.0], [92.0, 62.5], [91.5, 63.0], [91.0, 63.5], [90.0, 63.5], [89.5, 63.0]]"
SLICE,Z5,RF_R,-16.770339369782107,-0.0054903030401192154,-232.23098754883,465.0,0.20019994723658033,"[[73.0, 30.5], [72.5, 31.0], [73.0, 31.5], [74.0, 31.5], [74.5, 32.0], [75.0, 32.5], [75.5, 33.0], [75.5, 34.0], [76.0, 34.5], [76.5, 35.0], [77.0, 35.5], [77.5, 36.0], [78.0, 36.5], [78.5, 37.0], [78.5, 38.0], [79.0, 38.5], [79.5, 39.0], [79.5, 40.0], [79.5, 41.0], [80.0, 41.5], [80.5, 42.0], [80.5, 43.0], [80.5, 44.0], [81.0, 44.5], [81.5, 45.0], [81.5, 46.0], [82.0, 46.5], [83.0, 46.5], [83.5, 47.0], [84.0, 47.5], [85.0, 47.5], [85.5, 48.0], [86.0, 48.5], [86.5, 49.0], [87.0, 49.5], [88.0, 49.5], [89.0, 49.5], [90.0, 49.5], [91.0, 49.5], [92.0, 49.5], [93.0, 49.5], [94.0, 49.5], [95.0, 49.5], [96.0, 49.5], [97.0, 49.5], [97.5, 49.0], [97.5, 48.0], [98.0, 47.5], [98.5, 47.0], [99.0, 46.5], [100.0, 46.5], [101.0, 46.5], [101.5, 46.0], [101.5, 45.0], [102.0, 44.5], [102.5, 44.0], [102.5, 43.0], [102.5, 42.0], [103.0, 41.5], [103.5, 41.0], [103.5, 40.0], [104.0, 39.5], [104.5, 39.0], [104.5, 38.0], [104.0, 37.5], [103.5, 37.0], [103.0, 36.5], [102.5, 36.0], [102.0, 35.5], [101.5, 35.0], [101.5, 34.0], [101.0, 33.5], [100.5, 33.0], [100.0, 32.5], [99.5, 32.0], [99.0, 31.5], [98.5, 31.0], [98.0, 30.5], [97.0, 30.5], [96.0, 30.5], [95.0, 30.5], [94.5, 30.0], [94.0, 29.5], [93.0, 29.5], [92.0, 29.5], [91.5, 29.0], [91.0, 28.5], [90.0, 28.5], [89.0, 28.5], [88.0, 28.5], [87.0, 28.5], [86.5, 28.0], [86.0, 27.5], [85.0, 27.5], [84.0, 27.5], [83.0, 27.5], [82.0, 27.5], [81.0, 27.5], [80.5, 28.0], [80.0, 28.5], [79.0, 28.5], [78.0, 28.5], [77.0, 28.5], [76.0, 28.5], [75.0, 28.5], [74.0, 28.5], [73.5, 29.0], [73.5, 30.0]]"
SLICE,Z5,SAR_R,-16.770339369782107,-0.0054903030401192154,-232.23098754883,272.0,0.4713854338470889,"[[102.0, 44.5], [101.5, 45.0], [101.5, 46.0], [102.0, 46.5], [103.0, 46.5], [104.0, 46.5], [104.5, 47.0], [104.5, 48.0], [104.5, 49.0], [104.5, 50.0], [104.5, 51.0], [104.5, 52.0], [104.5, 53.0], [104.5, 54.0], [104.5, 55.0], [104.5, 56.0], [105.0, 56.5], [105.5, 57.0], [105.5, 58.0], [106.0, 58.5], [106.5, 59.0], [107.0, 59.5], [108.0, 59.5], [109.0, 59.5], [110.0, 59.5], [111.0, 59.5], [111.5, 60.0], [112.0, 60.5], [113.0, 60.5], [114.0, 60.5], [114.5, 60.0], [115.0, 59.5], [116.0, 59.5], [116.5, 59.0], [116.5, 58.0], [117.0, 57.5], [117.5, 57.0], [118.0, 56.5], [118.5, 56.0], [118.5, 55.0], [118.5, 54.0], [118.5, 53.0], [118.5, 52.0], [118.0, 51.5], [117.5, 51.0], [117.5, 50.0], [117.5, 49.0], [117.0, 48.5], [116.5, 48.0], [116.5, 47.0], [116.5, 46.0], [116.0, 45.5], [115.5, 45.0], [115.0, 44.5], [114.5, 44.0], [114.5, 43.0], [114.5, 42.0], [114.0, 41.5], [113.5, 41.0], [113.0, 40.5], [112.0, 40.5], [111.5, 40.0], [111.5, 39.0], [111.0, 38.5], [110.0, 38.5], [109.5, 38.0], [109.0, 37.5], [108.0, 37.5], [107.5, 37.0], [107.0, 36.5], [106.5, 36.0], [106.0, 35.5], [105.0, 35.5], [104.0, 35.5], [103.0, 35.5], [102.5, 36.0], [103.0, 36.5], [103.5, 37.0], [104.0, 37.5], [104.5, 38.0], [104.5, 39.0], [104.0, 39.5], [103.5, 40.0], [103.5, 41.0], [103.0, 41.5], [102.5, 42.0], [102.5, 43.0], [102.5, 44.0]]"
SLICE,Z5,GRA_R,-16.770339369782107,-0.0054903030401192154,-232.23098754883,287.0,0.8138428290868912,"[[118.0, 81.5], [117.5, 82.0], [117.5, 83.0], [117.5, 84.0], [117.5, 85.0], [118.0, 85.5], [118.5, 86.0], [119.0, 86.5], [119.5, 87.0], [120.0, 87.5], [121.0, 87.5], [121.5, 88.0], [122.0, 88.5], [123.0, 88.5], [124.0, 88.5], [125.0, 88.5], [126.0, 88.5], [127.0, 88.5], [128.0, 88.5], [129.0, 88.5], [129.5, 88.0], [130.0, 87.5], [130.5, 87.0], [131.0, 86.5], [131.5, 86.0], [132.0, 85.5], [132.5, 85.0], [133.0, 84.5], [133.5, 84.0], [134.0, 83.5], [134.5, 83.0], [134.5, 82.0], [134.5, 81.0], [134.5, 80.0], [135.0, 79.5], [135.5, 79.0], [135.5, 78.0], [135.5, 77.0], [135.5, 76.0], [135.5, 75.0], [135.5, 74.0], [135.5, 73.0], [135.5, 72.0], [135.5, 71.0], [135.5, 70.0], [135.5, 69.0], [135.0, 68.5], [134.5, 68.0], [134.5, 67.0], [134.5, 66.0], [134.0, 65.5], [133.5, 65.0], [133.0, 64.5], [132.0, 64.5], [131.0, 64.5], [130.0, 64.5], [129.5, 65.0], [129.0, 65.5], [128.5, 66.0], [128.5, 67.0], [128.0, 67.5], [127.5, 68.0], [127.0, 68.5], [126.5, 69.0], [126.5, 70.0], [126.0, 70.5], [125.5, 71.0], [125.0, 71.5], [124.5, 72.0], [124.0, 72.5], [123.5, 73.0], [123.5, 74.0], [123.0, 74.5], [122.5, 75.0], [122.5, 76.0], [122.0, 76.5], [121.5, 77.0], [121.0, 77.5], [120.0, 77.5], [119.5, 78.0], [119.5, 79.0], [119.0, 79.5], [118.5, 80.0], [118.5, 81.0]]"
SLICE,Z5,SM_R,-16.770339369782107,-0.0054903030401192154,-232.23098754883,0.0,,
SLICE,Z5,ST_R,-16.770339369782107,-0.0054903030401192154,-232.23098754883,227.0,0.665528754800191,"[[86.0, 94.5], [85.5, 95.0], [85.5, 96.0], [85.5, 97.0], [85.5, 98.0], [85.5, 99.0], [85.5, 100.0], [85.5, 101.0], [85.5, 102.0], [85.5, 103.0], [85.5, 104.0], [86.0, 104.5], [87.0, 104.5], [88.0, 104.5], [89.0, 104.5], [89.5, 104.0], [90.0, 103.5], [90.5, 103.0], [91.0, 102.5], [91.5, 102.0], [92.0, 101.5], [93.0, 101.5], [93.5, 101.0], [94.0, 100.5], [94.5, 100.0], [95.0, 99.5], [95.5, 99.0], [96.0, 98.5], [96.5, 98.0], [97.0, 97.5], [97.5, 97.0], [98.0, 96.5], [99.0, 96.5], [99.5, 96.0], [99.5, 95.0], [100.0, 94.5], [100.5, 94.0], [101.0, 93.5], [101.5, 93.0], [101.5, 92.0], [101.5, 91.0], [101.5, 90.0], [101.5, 89.0], [101.5, 88.0], [101.0, 87.5], [100.0, 87.5], [99.5, 87.0], [99.0, 86.5], [98.0, 86.5], [97.0, 86.5], [96.0, 86.5], [95.5, 86.0], [95.0, 85.5], [94.5, 85.0], [94.0, 84.5], [93.0, 84.5], [92.0, 84.5], [91.0, 84.5], [90.0, 84.5], [89.0, 84.5], [88.5, 84.0], [88.0, 83.5], [87.5, 84.0], [87.5, 85.0], [87.0, 85.5], [86.5, 86.0], [86.5, 87.0], [86.5, 88.0], [86.5, 89.0], [86.5, 90.0], [86.5, 91.0], [86.5, 92.0], [86.5, 93.0], [86.5, 94.0]]"
SLICE,Z5,BF_R,-16.770339369782107,-0.0054903030401192154,-232.23098754883,151.0,0.5941688947263496,"[[77.0, 94.5], [76.5, 95.0], [76.5, 96.0], [76.5, 97.0], [76.5, 98.0], [76.5, 99.0], [76.5, 100.0], [76.5, 101.0], [76.5, 102.0], [77.0, 102.5], [77.5, 103.0], [78.0, 103.5], [78.5, 104.0], [79.0, 104.5], [80.0, 104.5], [81.0, 104.5], [82.0, 104.5], [83.0, 104.5], [84.0, 104.5], [85.0, 104.5], [85.5, 104.0], [85.5, 103.0], [85.5, 102.0], [85.5, 101.0], [85.5, 100.0], [85.5, 99.0], [85.0, 98.5], [84.5, 98.0], [84.5, 97.0], [85.0, 96.5], [85.5, 96.0], [85.5, 95.0], [86.0, 94.5], [86.5, 94.0], [86.5, 93.0], [86.5, 92.0], [86.5, 91.0], [86.5, 90.0], [86.5, 89.0], [86.5, 88.0], [86.5, 87.0], [86.5, 86.0], [86.0, 85.5], [85.0, 85.5], [84.0, 85.5], [83.0, 85.5], [82.5, 86.0], [82.0, 86.5], [81.5, 87.0], [81.0, 87.5], [80.5, 88.0], [80.0, 88.5], [79.0, 88.5], [78.5, 89.0], [78.5, 90.0], [78.5, 91.0], [78.0, 91.5], [77.5, 92.0], [77.5, 93.0], [77.5, 94.0]]"
SLICE,Z5,BF_SH_R,-16.770339369782107,-0.0054903030401192154,-232.23098754883,0.0,,
SLICE,Z5,AM_R,-16.770339369782107,-0.0054903030401192154,-232.23098754883,485.0,0.7921000021734469,"[[84.0, 78.5], [83.5, 79.0], [83.5, 80.0], [83.5, 81.0], [83.5, 82.0], [84.0, 82.5], [85.0, 82.5], [85.5, 83.0], [86.0, 83.5], [87.0, 83.5], [88.0, 83.5], [88.5, 84.0], [89.0, 84.5], [90.0, 84.5], [91.0, 84.5], [92.0, 84.5], [93.0, 84.5], [94.0, 84.5], [94.5, 85.0], [95.0, 85.5], [95.5, 86.0], [96.0, 86.5], [97.0, 86.5], [98.0, 86.5], [99.0, 86.5], [99.5, 87.0], [100.0, 87.5], [101.0, 87.5], [101.5, 88.0], [101.5, 89.0], [102.0, 89.5], [103.0, 89.5], [103.5, 90.0], [103.5, 91.0], [104.0, 91.5], [105.0, 91.5], [105.5, 92.0], [106.0, 92.5], [107.0, 92.5], [107.5, 93.0], [108.0, 93.5], [109.0, 93.5], [110.0, 93.5], [111.0, 93.5], [111.5, 93.0], [112.0, 92.5], [112.5, 92.0], [113.0, 91.5], [114.0, 91.5], [114.5, 91.0], [114.5, 90.0], [115.0, 89.5], [115.5, 89.0], [116.0, 88.5], [116.5, 88.0], [116.5, 87.0], [116.5, 86.0], [116.5, 85.0], [117.0, 84.5], [117.5, 84.0], [117.5, 83.0], [117.5, 82.0], [118.0, 81.5], [118.5, 81.0], [118.5, 80.0], [119.0, 79.5], [119.5, 79.0], [119.5, 78.0], [120.0, 77.5], [121.0, 77.5], [121.5, 77.0], [122.0, 76.5], [122.5, 76.0], [122.5, 75.0], [122.0, 74.5], [121.5, 75.0], [121.0, 75.5], [120.5, 75.0], [120.0, 74.5], [119.5, 74.0], [119.5, 73.0], [119.5, 72.0], [119.0, 71.5], [118.0, 71.5], [117.5, 72.0], [117.0, 72.5], [116.5, 73.0], [116.0, 73.5], [115.0, 73.5], [114.0, 73.5], [113.0, 73.5], [112.0, 73.5], [111.0, 73.5], [110.0, 73.5], [109.0, 73.5], [108.0, 73.5], [107.0, 73.5], [106.5, 74.0], [106.0, 74.5], [105.0, 74.5], [104.0, 74.5], [103.0, 74.5], [102.0, 74.5], [101.0, 74.5], [100.0, 74.5], [99.5, 74.0], [99.0, 73.5], [98.5, 73.0], [98.5, 72.0], [98.0, 71.5], [97.0, 71.5], [96.5, 72.0], [96.0, 72.5], [95.5, 73.0], [95.0, 73.5], [94.0, 73.5], [93.5, 74.0], [93.0, 74.5], [92.5, 75.0], [92.0, 75.5], [91.0, 75.5], [90.0, 75.5], [89.0, 75.5], [88.5, 76.0], [88.0, 76.5], [87.0, 76.5], [86.5, 77.0], [86.0, 77.5], [85.0, 77.5], [84.5, 78.0]]"
SLICE,Z5,AL_R,-16.770339369782107,-0.0054903030401192154,-232.23098754883,327.0,0.48661872266014744,"[[99.0, 71.5], [98.5, 72.0], [98.5, 73.0], [99.0, 73.5], [99.5, 74.0], [100.0, 74.5], [101.0, 74.5], [102.0, 74.5], [103.0, 74.5], [104.0, 74.5], [105.0, 74.5], [106.0, 74.5], [106.5, 74.0], [107.0, 73.5], [108.0, 73.5], [109.0, 73.5], [110.0, 73.5], [111.0, 73.5], [112.0, 73.5], [113.0, 73.5], [114.0, 73.5], [115.0, 73.5], [116.0, 73.5], [116.5, 73.0], [117.0, 72.5], [117.5, 72.0], [118.0, 71.5], [119.0, 71.5], [119.5, 71.0], [120.0, 70.5], [121.0, 70.5], [121.5, 70.0], [122.0, 69.5], [123.0, 69.5], [123.5, 69.0], [123.5, 68.0], [124.0, 67.5], [124.5, 67.0], [124.5, 66.0], [125.0, 65.5], [125.5, 65.0], [125.5, 64.0], [125.5, 63.0], [125.5, 62.0], [125.5, 61.0], [125.5, 60.0], [125.5, 59.0], [125.0, 58.5], [124.5, 58.0], [124.5, 57.0], [124.0, 56.5], [123.5, 56.0], [123.0, 55.5], [122.0, 55.5], [121.5, 55.0], [121.0, 54.5], [120.5, 54.0], [120.0, 53.5], [119.0, 53.5], [118.5, 54.0], [118.5, 55.0], [118.5, 56.0], [118.0, 56.5], [117.5, 57.0], [117.0, 57.5], [116.5, 58.0], [116.5, 59.0], [116.0, 59.5], [115.0, 59.5], [114.5, 60.0], [114.0, 60.5], [113.0, 60.5], [112.0, 60.5], [111.5, 60.0], [111.0, 59.5], [110.0, 59.5], [109.0, 59.5], [108.0, 59.5], [107.0, 59.5], [106.5, 60.0], [106.0, 60.5], [105.5, 61.0], [105.5, 62.0], [105.0, 62.5], [104.5, 63.0], [104.5, 64.0], [104.0, 64.5], [103.5, 65.0], [103.5, 66.0], [103.0, 66.5], [102.5, 67.0], [102.0, 67.5], [101.5, 68.0], [101.5, 69.0], [101.0, 69.5], [100.0, 69.5], [99.5, 70.0], [99.5, 71.0]]"
SLICE,Z5,AB_R,-16.770339369782107,-0.0054903030401192154,-232.23098754883,0.0,,
SLICE,Z5,VL_L,-16.770339369782107,-0.0054903030401192154,-232.23098754883,1155.0,0.30386706559187254,"[[243.0, 49.5], [242.5, 50.0], [242.5, 51.0], [243.0, 51.5], [244.0, 51.5], [245.0, 51.5], [245.5, 52.0], [246.0, 52.5], [246.5, 53.0], [247.0, 53.5], [247.5, 54.0], [248.0, 54.5], [248.5, 55.0], [249.0, 55.5], [249.5, 56.0], [250.0, 56.5], [251.0, 56.5], [251.5, 57.0], [251.5, 58.0], [252.0, 58.5], [252.5, 59.0], [253.0, 59.5], [254.0, 59.5], [254.5, 60.0], [254.5, 61.0], [255.0, 61.5], [256.0, 61.5], [256.5, 62.0], [256.5, 63.0], [257.0, 63.5], [257.5, 64.0], [258.0, 64.5], [258.5, 65.0], [259.0, 65.5], [259.5, 66.0], [259.5, 67.0], [259.5, 68.0], [260.0, 68.5], [260.5, 69.0], [260.5, 70.0], [260.5, 71.0], [260.0, 71.5], [259.5, 72.0], [259.5, 73.0], [259.5, 74.0], [259.5, 75.0], [259.5, 76.0], [259.5, 77.0], [259.5, 78.0], [259.5, 79.0], [259.0, 79.5], [258.5, 80.0], [258.0, 80.5], [257.5, 81.0], [257.0, 81.5], [256.5, 82.0], [256.5, 83.0], [256.0, 83.5], [255.5, 84.0], [255.0, 84.5], [254.0, 84.5], [253.0, 84.5], [252.0, 84.5], [251.0, 84.5], [250.0, 84.5], [249.5, 85.0], [249.0, 85.5], [248.0, 85.5], [247.0, 85.5], [246.0, 85.5], [245.0, 85.5], [244.0, 85.5], [243.5, 86.0], [244.0, 86.5], [244.5, 87.0], [245.0, 87.5], [245.5, 88.0], [245.5, 89.0], [246.0, 89.5], [246.5, 90.0], [247.0, 90.5], [247.5, 91.0], [248.0, 91.5], [248.5, 92.0], [248.5, 93.0], [249.0, 93.5], [249.5, 94.0], [250.0, 94.5], [250.5, 95.0], [251.0, 95.5], [252.0, 95.5], [252.5, 96.0], [253.0, 96.5], [254.0, 96.5], [255.0, 96.5], [256.0, 96.5], [256.5, 96.0], [257.0, 95.5], [258.0, 95.5], [259.0, 95.5], [259.5, 95.0], [260.0, 94.5], [261.0, 94.5], [261.5, 94.0], [262.0, 93.5], [263.0, 93.5], [263.5, 93.0], [264.0, 92.5], [264.5, 92.0], [265.0, 91.5], [266.0, 91.5], [266.5, 91.0], [267.0, 90.5], [267.5, 90.0], [268.0, 89.5], [269.0, 89.5], [270.0, 89.5], [270.5, 89.0], [271.0, 88.5], [271.5, 88.0], [272.0, 87.5], [272.5, 87.0], [273.0, 86.5], [274.0, 86.5], [274.5, 86.0], [274.5, 85.0], [275.0, 84.5], [275.5, 84.0], [275.5, 83.0], [276.0, 82.5], [276.5, 82.0], [276.5, 81.0], [276.5, 80.0], [276.5, 79.0], [276.5, 78.0], [276.5, 77.0], [276.5, 76.0], [276.5, 75.0], [276.5, 74.0], [276.5, 73.0], [276.5, 72.0], [276.5, 71.0], [276.0, 70.5], [275.5, 70.0], [275.0, 69.5], [274.5, 69.0], [274.5, 68.0], [274.5, 67.0], [274.5, 66.0], [274.5, 65.0], [274.5, 64.0], [274.5, 63.0], [274.0, 62.5], [273.5, 62.0], [273.5, 61.0], [273.5, 60.0], [273.0, 59.5], [272.5, 59.0], [272.5, 58.0], [272.0, 57.5], [271.5, 57.0], [271.5, 56.0], [271.5, 55.0], [271.5, 54.0], [271.5, 53.0], [271.5, 52.0], [271.5, 51.0], [271.0, 50.5], [270.5, 50.0], [270.5, 49.0], [270.5, 48.0], [270.0, 47.5], [269.5, 47.0], [269.5, 46.0], [269.0, 45.5], [268.5, 45.0], [268.5, 44.0], [268.0, 43.5], [267.5, 43.0], [267.0, 42.5], [266.5, 42.0], [266.5, 41.0], [266.0, 40.5], [265.0, 40.5], [264.5, 40.0], [264.5, 39.0], [264.0, 38.5], [263.0, 38.5], [262.0, 38.5], [261.5, 38.0], [261.5, 37.0], [261.0, 36.5], [260.0, 36.5], [259.5, 36.0], [259.0, 35.5], [258.0, 35.5], [257.0, 35.5], [256.0, 35.5], [255.0, 35.5], [254.5, 36.0], [254.0, 36.5], [253.0, 36.5], [252.0, 36.5], [251.0, 36.5], [250.5, 37.0], [250.0, 37.5], [249.5, 38.0], [249.5, 39.0], [249.5, 40.0], [249.0, 40.5], [248.5, 41.0], [248.0, 41.5], [247.5, 42.0], [247.5, 43.0], [247.0, 43.5], [246.5, 44.0], [246.5, 45.0], [246.5, 46.0], [246.0, 46.5], [245.5, 47.0], [245.0, 47.5], [244.5, 48.0], [244.5, 49.0], [244.0, 49.5]]"
SLICE,Z5,VI_L,-16.770339369782107,-0.0054903030401192154,-232.23098754883,519.0,0.2229685741228678,"[[229.0, 52.5], [228.5, 53.0], [228.5, 54.0], [228.5, 55.0], [228.5, 56.0], [229.0, 56.5], [229.5, 57.0], [229.5, 58.0], [229.5, 59.0], [229.5, 60.0], [229.5, 61.0], [230.0, 61.5], [230.5, 62.0], [230.5, 63.0], [231.0, 63.5], [231.5, 64.0], [232.0, 64.5], [232.5, 65.0], [232.5, 66.0], [233.0, 66.5], [234.0, 66.5], [235.0, 66.5], [236.0, 66.5], [236.5, 66.0], [236.5, 65.0], [237.0, 64.5], [237.5, 64.0], [238.0, 63.5], [239.0, 63.5], [239.5, 63.0], [240.0, 62.5], [240.5, 62.0], [241.0, 61.5], [242.0, 61.5], [243.0, 61.5], [244.0, 61.5], [245.0, 61.5], [246.0, 61.5], [246.5, 62.0], [247.0, 62.5], [248.0, 62.5], [248.5, 63.0], [248.5, 64.0], [249.0, 64.5], [250.0, 64.5], [250.5, 65.0], [250.5, 66.0], [250.5, 67.0], [250.5, 68.0], [250.5, 69.0], [250.5, 70.0], [250.5, 71.0], [250.5, 72.0], [250.5, 73.0], [250.0, 73.5], [249.5, 74.0], [249.0, 74.5], [248.5, 75.0], [248.0, 75.5], [247.0, 75.5], [246.5, 76.0], [246.0, 76.5], [245.5, 77.0], [245.0, 77.5], [244.0, 77.5], [243.5, 78.0], [243.0, 78.5], [242.0, 78.5], [241.0, 78.5], [240.5, 79.0], [240.5, 80.0], [241.0, 80.5], [241.5, 81.0], [242.0, 81.5], [242.5, 82.0], [242.5, 83.0], [242.5, 84.0], [243.0, 84.5], [243.5, 85.0], [244.0, 85.5], [245.0, 85.5], [246.0, 85.5], [247.0, 85.5], [248.0, 85.5], [249.0, 85.5], [249.5, 85.0], [250.0, 84.5], [251.0, 84.5], [252.0, 84.5], [253.0, 84.5], [254.0, 84.5], [255.0, 84.5], [255.5, 84.0], [256.0, 83.5], [256.5, 83.0], [256.5, 82.0], [257.0, 81.5], [257.5, 81.0], [258.0, 80.5], [258.5, 80.0], [259.0, 79.5], [259.5, 79.0], [259.5, 78.0], [259.5, 77.0], [259.5, 76.0], [259.5, 75.0], [259.5, 74.0], [259.5, 73.0], [259.5, 72.0], [260.0, 71.5], [260.5, 71.0], [260.5, 70.0], [260.5, 69.0], [260.0, 68.5], [259.5, 68.0], [259.5, 67.0], [259.5, 66.0], [259.0, 65.5], [258.5, 65.0], [258.0, 64.5], [257.5, 64.0], [257.0, 63.5], [256.5, 63.0], [256.5, 62.0], [256.0, 61.5], [255.0, 61.5], [254.5, 61.0], [254.5, 60.0], [254.0, 59.5], [253.0, 59.5], [252.5, 59.0], [252.0, 58.5], [251.5, 58.0], [251.5, 57.0], [251.0, 56.5], [250.0, 56.5], [249.5, 56.0], [249.0, 55.5], [248.5, 55.0], [248.0, 54.5], [247.5, 54.0], [247.0, 53.5], [246.5, 53.0], [246.0, 52.5], [245.5, 52.0], [245.0, 51.5], [244.0, 51.5], [243.0, 51.5], [242.5, 51.0], [242.0, 50.5], [241.5, 51.0], [241.0, 51.5], [240.0, 51.5], [239.0, 51.5], [238.0, 51.5], [237.0, 51.5], [236.0, 51.5], [235.0, 51.5], [234.0, 51.5], [233.0, 51.5], [232.0, 51.5], [231.0, 51.5], [230.0, 51.5], [229.5, 52.0]]"
SLICE,Z5,VM_L,-16.770339369782107,-0.0054903030401192154,-232.23098754883,276.0,0.3257071755382628,"[[219.0, 56.5], [218.5, 57.0], [219.0, 57.5], [219.5, 58.0], [219.5, 59.0], [219.5, 60.0], [219.5, 61.0], [219.5, 62.0], [219.5, 63.0], [219.5, 64.0], [220.0, 64.5], [220.5, 65.0], [220.5, 66.0], [221.0, 66.5], [221.5, 67.0], [221.5, 68.0], [221.5, 69.0], [222.0, 69.5], [223.0, 69.5], [223.5, 70.0], [224.0, 70.5], [224.5, 71.0], [225.0, 71.5], [226.0, 71.5], [226.5, 72.0], [226.5, 73.0], [227.0, 73.5], [228.0, 73.5], [228.5, 74.0], [229.0, 74.5], [230.0, 74.5], [230.5, 75.0], [231.0, 75.5], [232.0, 75.5], [232.5, 76.0], [233.0, 76.5], [234.0, 76.5], [235.0, 76.5], [236.0, 76.5], [236.5, 76.0], [236.0, 75.5], [235.5, 75.0], [235.5, 74.0], [235.0, 73.5], [234.5, 73.0], [234.5, 72.0], [234.5, 71.0], [234.5, 70.0], [234.5, 69.0], [234.5, 68.0], [234.5, 67.0], [234.0, 66.5], [233.0, 66.5], [232.5, 66.0], [232.5, 65.0], [232.0, 64.5], [231.5, 64.0], [231.0, 63.5], [230.5, 63.0], [230.5, 62.0], [230.0, 61.5], [229.5, 61.0], [229.5, 60.0], [229.5, 59.0], [229.5, 58.0], [229.5, 57.0], [229.0, 56.5], [228.5, 56.0], [228.5, 55.0], [228.5, 54.0], [228.5, 53.0], [229.0, 52.5], [229.5, 52.0], [229.0, 51.5], [228.5, 51.0], [228.0, 50.5], [227.5, 50.0], [227.0, 49.5], [226.5, 49.0], [226.0, 48.5], [225.5, 48.0], [225.0, 47.5], [224.0, 47.5], [223.0, 47.5], [222.0, 47.5], [221.0, 47.5], [220.5, 48.0], [220.0, 48.5], [219.5, 49.0], [219.5, 50.0], [219.5, 51.0], [219.5, 52.0], [219.5, 53.0], [219.5, 54.0], [219.5, 55.0], [219.5, 56.0]]"
SLICE,Z5,RF_L,-16.770339369782107,-0.0054903030401192154,-232.23098754883,461.0,0.2011901488225521,"[[221.0, 39.5], [220.5, 40.0], [221.0, 40.5], [221.5, 41.0], [221.5, 42.0], [221.5, 43.0], [221.5, 44.0], [221.5, 45.0], [221.5, 46.0], [221.5, 47.0], [222.0, 47.5], [223.0, 47.5], [224.0, 47.5], [225.0, 47.5], [225.5, 48.0], [226.0, 48.5], [226.5, 49.0], [227.0, 49.5], [227.5, 50.0], [228.0, 50.5], [228.5, 51.0], [229.0, 51.5], [230.0, 51.5], [231.0, 51.5], [232.0, 51.5], [233.0, 51.5], [234.0, 51.5], [235.0, 51.5], [236.0, 51.5], [237.0, 51.5], [238.0, 51.5], [239.0, 51.5], [240.0, 51.5], [241.0, 51.5], [241.5, 51.0], [242.0, 50.5], [242.5, 50.0], [243.0, 49.5], [244.0, 49.5], [244.5, 49.0], [244.5, 48.0], [245.0, 47.5], [245.5, 47.0], [246.0, 46.5], [246.5, 46.0], [246.5, 45.0], [246.5, 44.0], [247.0, 43.5], [247.5, 43.0], [247.5, 42.0], [248.0, 41.5], [248.5, 41.0], [249.0, 40.5], [249.5, 40.0], [249.5, 39.0], [249.5, 38.0], [250.0, 37.5], [250.5, 37.0], [251.0, 36.5], [252.0, 36.5], [253.0, 36.5], [254.0, 36.5], [254.5, 36.0], [254.0, 35.5], [253.5, 35.0], [253.0, 34.5], [252.5, 34.0], [252.0, 33.5], [251.0, 33.5], [250.0, 33.5], [249.5, 33.0], [249.0, 32.5], [248.0, 32.5], [247.0, 32.5], [246.0, 32.5], [245.0, 32.5], [244.5, 32.0], [244.0, 31.5], [243.0, 31.5], [242.0, 31.5], [241.0, 31.5], [240.0, 31.5], [239.0, 31.5], [238.0, 31.5], [237.0, 31.5], [236.5, 32.0], [236.0, 32.5], [235.5, 33.0], [235.0, 33.5], [234.0, 33.5], [233.0, 33.5], [232.0, 33.5], [231.0, 33.5], [230.0, 33.5], [229.0, 33.5], [228.0, 33.5], [227.5, 34.0], [227.0, 34.5], [226.0, 34.5], [225.5, 35.0], [225.0, 35.5], [224.0, 35.5], [223.5, 36.0], [223.0, 36.5], [222.5, 37.0], [222.5, 38.0], [222.0, 38.5], [221.5, 39.0]]"
SLICE,Z5,SAR_L,-16.770339369782107,-0.0054903030401192154,-232.23098754883,303.0,0.472148751862116,"[[204.0, 51.5], [203.5, 52.0], [203.5, 53.0], [203.5, 54.0], [203.5, 55.0], [204.0, 55.5], [204.5, 56.0], [204.5, 57.0], [204.5, 58.0], [204.5, 59.0], [205.0, 59.5], [205.5, 60.0], [206.0, 60.5], [206.5, 61.0], [207.0, 61.5], [208.0, 61.5], [209.0, 61.5], [210.0, 61.5], [211.0, 61.5], [211.5, 61.0], [212.0, 60.5], [213.0, 60.5], [213.5, 60.0], [214.0, 59.5], [215.0, 59.5], [216.0, 59.5], [216.5, 59.0], [217.0, 58.5], [218.0, 58.5], [218.5, 58.0], [218.5, 57.0], [219.0, 56.5], [219.5, 56.0], [219.5, 55.0], [219.5, 54.0], [219.5, 53.0], [219.5, 52.0], [219.5, 51.0], [219.5, 50.0], [219.5, 49.0], [220.0, 48.5], [220.5, 48.0], [221.0, 47.5], [221.5, 47.0], [221.5, 46.0], [221.5, 45.0], [221.5, 44.0], [221.5, 43.0], [221.5, 42.0], [221.5, 41.0], [221.0, 40.5], [220.5, 40.0], [220.5, 39.0], [220.0, 38.5], [219.0, 38.5], [218.0, 38.5], [217.0, 38.5], [216.0, 38.5], [215.0, 38.5], [214.5, 39.0], [214.0, 39.5], [213.0, 39.5], [212.5, 40.0], [212.0, 40.5], [211.0, 40.5], [210.5, 41.0], [210.0, 41.5], [209.5, 42.0], [209.0, 42.5], [208.5, 43.0], [208.0, 43.5], [207.5, 44.0], [207.0, 44.5], [206.5, 45.0], [206.0, 45.5], [205.5, 46.0], [205.5, 47.0], [205.5, 48.0], [205.0, 48.5], [204.5, 49.0], [204.5, 50.0], [204.5, 51.0]]"
SLICE,Z5,GRA_L,-16.770339369782107,-0.0054903030401192154,-232.23098754883,308.0,0.674591036965122,"[[182.0, 70.5], [181.5, 71.0], [181.5, 72.0], [182.0, 72.5], [182.5, 73.0], [182.5, 74.0], [182.5, 75.0], [182.5, 76.0], [182.5, 77.0], [182.5, 78.0], [182.5, 79.0], [182.5, 80.0], [182.5, 81.0], [183.0, 81.5], [183.5, 82.0], [183.5, 83.0], [183.5, 84.0], [184.0, 84.5], [184.5, 85.0], [185.0, 85.5], [185.5, 86.0], [186.0, 86.5], [187.0, 86.5], [188.0, 86.5], [188.5, 87.0], [189.0, 87.5], [190.0, 87.5], [191.0, 87.5], [192.0, 87.5], [193.0, 87.5], [194.0, 87.5], [195.0, 87.5], [196.0, 87.5], [196.5, 87.0], [197.0, 86.5], [198.0, 86.5], [199.0, 86.5], [199.5, 86.0], [199.5, 85.0], [200.0, 84.5], [200.5, 84.0], [200.5, 83.0], [200.0, 82.5], [199.5, 82.0], [199.5, 81.0], [199.5, 80.0], [199.0, 79.5], [198.5, 79.0], [198.0, 78.5], [197.5, 78.0], [197.0, 77.5], [196.5, 77.0], [196.5, 76.0], [196.5, 75.0], [196.5, 74.0], [196.5, 73.0], [196.5, 72.0], [196.5, 71.0], [196.0, 70.5], [195.0, 70.5], [194.5, 70.0], [194.5, 69.0], [194.0, 68.5], [193.0, 68.5], [192.5, 68.0], [192.0, 67.5], [191.5, 67.0], [191.5, 66.0], [191.0, 65.5], [190.0, 65.5], [189.5, 65.0], [189.0, 64.5], [188.5, 64.0], [188.0, 63.5], [187.0, 63.5], [186.5, 64.0], [186.0, 64.5], [185.0, 64.5], [184.5, 65.0], [184.0, 65.5], [183.5, 66.0], [183.5, 67.0], [183.5, 68.0], [183.0, 68.5], [182.5, 69.0], [182.5, 70.0]]"
SLICE,Z5,SM_L,-16.770339369782107,-0.0054903030401192154,-232.23098754883,0.0,,
SLICE,Z5,ST_L,-16.770339369782107,-0.0054903030401192154,-232.23098754883,259.0,0.6095229085141765,"[[217.0, 91.5], [216.5, 92.0], [217.0, 92.5], [217.5, 93.0], [217.5, 94.0], [218.0, 94.5], [218.5, 95.0], [218.0, 95.5], [217.5, 96.0], [217.5, 97.0], [218.0, 97.5], [218.5, 98.0], [218.5, 99.0], [219.0, 99.5], [219.5, 100.0], [220.0, 100.5], [220.5, 101.0], [221.0, 101.5], [222.0, 101.5], [222.5, 102.0], [223.0, 102.5], [224.0, 102.5], [224.5, 103.0], [225.0, 103.5], [226.0, 103.5], [226.5, 104.0], [227.0, 104.5], [228.0, 104.5], [228.5, 105.0], [228.5, 106.0], [229.0, 106.5], [230.0, 106.5], [231.0, 106.5], [231.5, 106.0], [231.5, 105.0], [232.0, 104.5], [232.5, 104.0], [233.0, 103.5], [233.5, 103.0], [234.0, 102.5], [234.5, 102.0], [234.5, 101.0], [234.5, 100.0], [235.0, 99.5], [235.5, 99.0], [235.5, 98.0], [235.5, 97.0], [236.0, 96.5], [236.5, 96.0], [236.5, 95.0], [236.5, 94.0], [236.0, 93.5], [235.5, 93.0], [235.5, 92.0], [235.0, 91.5], [234.5, 91.0], [234.0, 90.5], [233.5, 90.0], [233.5, 89.0], [233.0, 88.5], [232.0, 88.5], [231.5, 88.0], [231.0, 87.5], [230.0, 87.5], [229.0, 87.5], [228.0, 87.5], [227.5, 87.0], [227.0, 86.5], [226.5, 87.0], [226.0, 87.5], [225.0, 87.5], [224.0, 87.5], [223.5, 88.0], [223.0, 88.5], [222.0, 88.5], [221.0, 88.5], [220.5, 89.0], [220.0, 89.5], [219.5, 90.0], [219.0, 90.5], [218.5, 91.0], [218.0, 91.5]]"
SLICE,Z5,BF_L,-16.770339369782107,-0.0054903030401192154,-232.23098754883,92.0,0.6107025036032876,"[[234.0, 103.5], [233.5, 104.0], [234.0, 104.5], [235.0, 104.5], [235.5, 105.0], [236.0, 105.5], [236.5, 106.0], [237.0, 106.5], [238.0, 106.5], [239.0, 106.5], [239.5, 106.0], [239.5, 105.0], [240.0, 104.5], [241.0, 104.5], [241.5, 104.0], [241.5, 103.0], [242.0, 102.5], [242.5, 102.0], [242.5, 101.0], [242.5, 100.0], [242.5, 99.0], [242.5, 98.0], [242.5, 97.0], [242.5, 96.0], [242.0, 95.5], [241.5, 95.0], [241.5, 94.0], [241.5, 93.0], [241.5, 92.0], [241.0, 91.5], [240.5, 91.0], [240.0, 90.5], [239.0, 90.5], [238.0, 90.5], [237.0, 90.5], [236.5, 91.0], [236.5, 92.0], [236.5, 93.0], [236.5, 94.0], [236.5, 95.0], [236.5, 96.0], [236.0, 96.5], [235.5, 97.0], [235.5, 98.0], [235.5, 99.0], [235.5, 100.0], [235.5, 101.0], [235.5, 102.0], [236.0, 102.5], [236.5, 103.0], [236.0, 103.5], [235.0, 103.5]]"
SLICE,Z5,BF_SH_L,-16.770339369782107,-0.0054903030401192154,-232.23098754883,0.0,,
SLICE,Z5,AM_L,-16.770339369782107,-0.0054903030401192154,-232.23098754883,614.0,0.6407756349773372,"[[198.0, 75.5], [197.5, 76.0], [197.5, 77.0], [197.5, 78.0], [198.0, 78.5], [198.5, 79.0], [199.0, 79.5], [199.5, 80.0], [199.5, 81.0], [199.5, 82.0], [200.0, 82.5], [200.5, 83.0], [200.5, 84.0], [200.5, 85.0], [200.5, 86.0], [200.5, 87.0], [200.5, 88.0], [200.5, 89.0], [201.0, 89.5], [201.5, 90.0], [202.0, 90.5], [202.5, 91.0], [203.0, 91.5], [203.5, 92.0], [204.0, 92.5], [204.5, 93.0], [205.0, 93.5], [205.5, 94.0], [206.0, 94.5], [207.0, 94.5], [208.0, 94.5], [208.5, 95.0], [209.0, 95.5], [209.5, 96.0], [210.0, 96.5], [211.0, 96.5], [212.0, 96.5], [213.0, 96.5], [214.0, 96.5], [215.0, 96.5], [215.5, 96.0], [216.0, 95.5], [216.5, 95.0], [216.5, 94.0], [216.5, 93.0], [216.5, 92.0], [217.0, 91.5], [218.0, 91.5], [218.5, 91.0], [219.0, 90.5], [219.5, 90.0], [220.0, 89.5], [220.5, 89.0], [221.0, 88.5], [222.0, 88.5], [223.0, 88.5], [223.5, 88.0], [224.0, 87.5], [225.0, 87.5], [226.0, 87.5], [226.5, 87.0], [227.0, 86.5], [227.5, 87.0], [228.0, 87.5], [229.0, 87.5], [230.0, 87.5], [231.0, 87.5], [231.5, 88.0], [232.0, 88.5], [233.0, 88.5], [234.0, 88.5], [235.0, 88.5], [236.0, 88.5], [237.0, 88.5], [237.5, 89.0], [238.0, 89.5], [239.0, 89.5], [240.0, 89.5], [241.0, 89.5], [241.5, 89.0], [242.0, 88.5], [242.5, 88.0], [242.5, 87.0], [242.5, 86.0], [242.5, 85.0], [242.5, 84.0], [242.0, 83.5], [241.5, 83.0], [241.5, 82.0], [241.5, 81.0], [241.0, 80.5], [240.0, 80.5], [239.5, 80.0], [239.5, 79.0], [239.0, 78.5], [238.0, 78.5], [237.0, 78.5], [236.0, 78.5], [235.0, 78.5], [234.0, 78.5], [233.5, 78.0], [233.0, 77.5], [232.0, 77.5], [231.5, 77.0], [231.0, 76.5], [230.0, 76.5], [229.0, 76.5], [228.0, 76.5], [227.5, 76.0], [227.0, 75.5], [226.0, 75.5], [225.0, 75.5], [224.5, 76.0], [224.0, 76.5], [223.0, 76.5], [222.0, 76.5], [221.0, 76.5], [220.0, 76.5], [219.0, 76.5], [218.0, 76.5], [217.0, 76.5], [216.0, 76.5], [215.0, 76.5], [214.0, 76.5], [213.0, 76.5], [212.0, 76.5], [211.0, 76.5], [210.0, 76.5], [209.5, 76.0], [209.0, 75.5], [208.0, 75.5], [207.5, 75.0], [207.0, 74.5], [206.0, 74.5], [205.0, 74.5], [204.0, 74.5], [203.0, 74.5], [202.5, 74.0], [202.0, 73.5], [201.5, 73.0], [201.0, 72.5], [200.5, 73.0], [200.0, 73.5], [199.0, 73.5], [198.5, 74.0], [198.5, 75.0]]"
SLICE,Z5,AL_L,-16.770339369782107,-0.0054903030401192154,-232.23098754883,426.0,0.3805441405076823,"[[193.0, 60.5], [192.5, 61.0], [192.5, 62.0], [192.5, 63.0], [192.5, 64.0], [193.0, 64.5], [193.5, 65.0], [193.5, 66.0], [194.0, 66.5], [194.5, 67.0], [195.0, 67.5], [195.5, 68.0], [195.5, 69.0], [196.0, 69.5], [197.0, 69.5], [198.0, 69.5], [198.5, 70.0], [198.5, 71.0], [199.0, 71.5], [200.0, 71.5], [200.5, 72.0], [201.0, 72.5], [201.5, 73.0], [202.0, 73.5], [202.5, 74.0], [203.0, 74.5], [204.0, 74.5], [205.0, 74.5], [206.0, 74.5], [207.0, 74.5], [207.5, 75.0], [208.0, 75.5], [209.0, 75.5], [209.5, 76.0], [210.0, 76.5], [211.0, 76.5], [212.0, 76.5], [213.0, 76.5], [214.0, 76.5], [215.0, 76.5], [216.0, 76.5], [217.0, 76.5], [218.0, 76.5], [219.0, 76.5], [220.0, 76.5], [221.0, 76.5], [222.0, 76.5], [223.0, 76.5], [224.0, 76.5], [224.5, 76.0], [225.0, 75.5], [225.5, 75.0], [226.0, 74.5], [226.5, 74.0], [226.5, 73.0], [226.5, 72.0], [226.0, 71.5], [225.0, 71.5], [224.5, 71.0], [224.0, 70.5], [223.5, 70.0], [223.0, 69.5], [222.0, 69.5], [221.5, 69.0], [221.5, 68.0], [221.5, 67.0], [221.0, 66.5], [220.5, 66.0], [220.5, 65.0], [220.0, 64.5], [219.5, 64.0], [219.0, 63.5], [218.5, 63.0], [218.0, 62.5], [217.0, 62.5], [216.5, 62.0], [216.0, 61.5], [215.0, 61.5], [214.5, 61.0], [214.0, 60.5], [213.0, 60.5], [212.0, 60.5], [211.5, 61.0], [211.0, 61.5], [210.0, 61.5], [209.0, 61.5], [208.0, 61.5], [207.0, 61.5], [206.5, 61.0], [206.0, 60.5], [205.5, 60.0], [205.0, 59.5], [204.5, 59.0], [204.5, 58.0], [204.5, 57.0], [204.5, 56.0], [204.0, 55.5], [203.0, 55.5], [202.0, 55.5], [201.0, 55.5], [200.5, 56.0], [200.0, 56.5], [199.0, 56.5], [198.5, 57.0], [198.0, 57.5], [197.0, 57.5], [196.5, 58.0], [196.0, 58.5], [195.0, 58.5], [194.5, 59.0], [194.0, 59.5], [193.5, 60.0]]"
SLICE,Z5,AB_L,-16.770339369782107,-0.0054903030401192154,-232.23098754883,0.0,,
SLICE,Z6,VL_R,-16.770339369782107,-0.0054903030401192154,-202.23098754883,948.0,0.31804819643405857,"[[48.0, 63.5], [47.5, 64.0], [47.5, 65.0], [47.5, 66.0], [47.5, 67.0], [47.5, 68.0], [47.5, 69.0], [47.5, 70.0], [47.5, 71.0], [47.5, 72.0], [48.0, 72.5], [48.5, 73.0], [48.5, 74.0], [48.5, 75.0], [48.5, 76.0], [48.5, 77.0], [49.0, 77.5], [49.5, 78.0], [49.5, 79.0], [50.0, 79.5], [50.5, 80.0], [51.0, 80.5], [51.5, 81.0], [52.0, 81.5], [53.0, 81.5], [53.5, 82.0], [54.0, 82.5], [54.5, 83.0], [55.0, 83.5], [56.0, 83.5], [57.0, 83.5], [58.0, 83.5], [58.5, 84.0], [59.0, 84.5], [60.0, 84.5], [61.0, 84.5], [62.0, 84.5], [63.0, 84.5], [64.0, 84.5], [65.0, 84.5], [66.0, 84.5], [67.0, 84.5], [68.0, 84.5], [69.0, 84.5], [70.0, 84.5], [71.0, 84.5], [71.5, 84.0], [72.0, 83.5], [72.5, 83.0], [73.0, 82.5], [73.5, 82.0], [73.0, 81.5], [72.5, 81.0], [72.0, 80.5], [71.5, 80.0], [71.5, 79.0], [71.0, 78.5], [70.5, 78.0], [70.0, 77.5], [69.5, 77.0], [69.0, 76.5], [68.5, 76.0], [68.5, 75.0], [68.0, 74.5], [67.0, 74.5], [66.5, 74.0], [66.5, 73.0], [66.0, 72.5], [65.5, 72.0], [65.0, 71.5], [64.5, 71.0], [64.5, 70.0], [64.5, 69.0], [64.5, 68.0], [64.5, 67.0], [64.5, 66.0], [64.5, 65.0], [65.0, 64.5], [65.5, 64.0], [65.5, 63.0], [65.5, 62.0], [66.0, 61.5], [66.5, 61.0], [67.0, 60.5], [67.5, 60.0], [68.0, 59.5], [68.5, 59.0], [69.0, 58.5], [69.5, 58.0], [69.5, 57.0], [70.0, 56.5], [71.0, 56.5], [71.5, 56.0], [71.5, 55.0], [72.0, 54.5], [73.0, 54.5], [73.5, 54.0], [74.0, 53.5], [74.5, 53.0], [74.5, 52.0], [75.0, 51.5], [76.0, 51.5], [76.5, 51.0], [76.5, 50.0], [77.0, 49.5], [78.0, 49.5], [79.0, 49.5], [79.5, 49.0], [80.0, 48.5], [81.0, 48.5], [81.5, 48.0], [81.5, 47.0], [81.5, 46.0], [81.0, 45.5], [80.5, 45.0], [80.0, 44.5], [79.5, 44.0], [79.5, 43.0], [79.5, 42.0], [79.0, 41.5], [78.0, 41.5], [77.5, 41.0], [77.0, 40.5], [76.5, 40.0], [76.0, 39.5], [75.5, 39.0], [75.0, 38.5], [74.5, 38.0], [74.0, 37.5], [73.5, 37.0], [73.0, 36.5], [72.0, 36.5], [71.5, 36.0], [71.0, 35.5], [70.5, 35.0], [70.0, 34.5], [69.0, 34.5], [68.0, 34.5], [67.0, 34.5], [66.0, 34.5], [65.0, 34.5], [64.0, 34.5], [63.5, 35.0], [63.0, 35.5], [62.0, 35.5], [61.5, 36.0], [61.0, 36.5], [60.5, 37.0], [60.5, 38.0], [60.0, 38.5], [59.5, 39.0], [59.5, 40.0], [59.0, 40.5], [58.5, 41.0], [58.5, 42.0], [58.5, 43.0], [58.0, 43.5], [57.5, 44.0], [57.0, 44.5], [56.5, 45.0], [56.0, 45.5], [55.5, 46.0], [55.5, 47.0], [55.5, 48.0], [55.5, 49.0], [55.0, 49.5], [54.5, 50.0], [54.0, 50.5], [53.5, 51.0], [53.5, 52.0], [53.5, 53.0], [53.5, 54.0], [53.0, 54.5], [52.5, 55.0], [52.0, 55.5], [51.5, 56.0], [51.0, 56.5], [50.5, 57.0], [50.5, 58.0], [50.0, 58.5], [49.5, 59.0], [49.0, 59.5], [48.5, 60.0], [48.5, 61.0], [48.5, 62.0], [48.5, 63.0]]"
SLICE,Z6,VI_R,-16.770339369782107,-0.0054903030401192154,-202.23098754883,397.0,0.23056488244058507,"[[65.0, 64.5], [64.5, 65.0], [64.5, 66.0], [64.5, 67.0], [64.5, 68.0], [64.5, 69.0], [64.5, 70.0], [64.5, 71.0], [65.0, 71.5], [65.5, 72.0], [66.0, 72.5], [66.5, 73.0], [66.5, 74.0], [67.0, 74.5], [68.0, 74.5], [68.5, 75.0], [68.5, 76.0], [69.0, 76.5], [69.5, 77.0], [70.0, 77.5], [70.5, 78.0], [71.0, 78.5], [71.5, 79.0], [71.5, 80.0], [72.0, 80.5], [72.5, 81.0], [73.0, 81.5], [73.5, 82.0], [74.0, 82.5], [74.5, 82.0], [75.0, 81.5], [76.0, 81.5], [76.5, 81.0], [76.5, 80.0], [76.5, 79.0], [76.5, 78.0], [76.0, 77.5], [75.5, 77.0], [75.5, 76.0], [75.0, 75.5], [74.5, 75.0], [74.5, 74.0], [74.0, 73.5], [73.5, 73.0], [73.0, 72.5], [72.5, 72.0], [72.5, 71.0], [72.0, 70.5], [71.5, 70.0], [71.5, 69.0], [71.5, 68.0], [71.5, 67.0], [71.5, 66.0], [71.5, 65.0], [71.5, 64.0], [71.5, 63.0], [71.5, 62.0], [72.0, 61.5], [72.5, 61.0], [73.0, 60.5], [73.5, 60.0], [74.0, 59.5], [75.0, 59.5], [76.0, 59.5], [77.0, 59.5], [78.0, 59.5], [79.0, 59.5], [79.5, 60.0], [80.0, 60.5], [81.0, 60.5], [82.0, 60.5], [83.0, 60.5], [83.5, 61.0], [84.0, 61.5], [85.0, 61.5], [86.0, 61.5], [87.0, 61.5], [88.0, 61.5], [89.0, 61.5], [89.5, 61.0], [90.0, 60.5], [90.5, 60.0], [91.0, 59.5], [92.0, 59.5], [92.5, 59.0], [93.0, 58.5], [93.5, 58.0], [94.0, 57.5], [94.5, 57.0], [94.5, 56.0], [95.0, 55.5], [95.5, 55.0], [96.0, 54.5], [96.5, 54.0], [96.5, 53.0], [97.0, 52.5], [97.5, 52.0], [98.0, 51.5], [98.5, 51.0], [98.0, 50.5], [97.5, 50.0], [97.0, 49.5], [96.0, 49.5], [95.0, 49.5], [94.0, 49.5], [93.0, 49.5], [92.0, 49.5], [91.0, 49.5], [90.0, 49.5], [89.0, 49.5], [88.0, 49.5], [87.0, 49.5], [86.5, 49.0], [86.0, 48.5], [85.0, 48.5], [84.0, 48.5], [83.0, 48.5], [82.0, 48.5], [81.0, 48.5], [80.0, 48.5], [79.5, 49.0], [79.0, 49.5], [78.0, 49.5], [77.0, 49.5], [76.5, 50.0], [76.5, 51.0], [76.0, 51.5], [75.0, 51.5], [74.5, 52.0], [74.5, 53.0], [74.0, 53.5], [73.5, 54.0], [73.0, 54.5], [72.0, 54.5], [71.5, 55.0], [71.5, 56.0], [71.0, 56.5], [70.0, 56.5], [69.5, 57.0], [69.5, 58.0], [69.0, 58.5], [68.5, 59.0], [68.0, 59.5], [67.5, 60.0], [67.0, 60.5], [66.5, 61.0], [66.0, 61.5], [65.5, 62.0], [65.5, 63.0], [65.5, 64.0]]"
SLICE,Z6,VM_R,-16.770339369782107,-0.0054903030401192154,-202.23098754883,142.0,0.5571315935449691,"[[88.0, 62.5], [87.5, 63.0], [87.5, 64.0], [87.5, 65.0], [88.0, 65.5], [88.5, 66.0], [88.5, 67.0], [88.5, 68.0], [88.5, 69.0], [88.5, 70.0], [88.5, 71.0], [89.0, 71.5], [90.0, 71.5], [91.0, 71.5], [91.5, 71.0], [91.5, 70.0], [92.0, 69.5], [92.5, 69.0], [93.0, 68.5], [93.5, 68.0], [93.5, 67.0], [94.0, 66.5], [94.5, 66.0], [95.0, 65.5], [95.5, 65.0], [96.0, 64.5], [97.0, 64.5], [97.5, 64.0], [98.0, 63.5], [98.5, 63.0], [99.0, 62.5], [99.5, 62.0], [99.5, 61.0], [100.0, 60.5], [100.5, 60.0], [101.0, 59.5], [101.5, 59.0], [101.5, 58.0], [101.5, 57.0], [101.5, 56.0], [102.0, 55.5], [102.5, 55.0], [102.5, 54.0], [102.0, 53.5], [101.5, 53.0], [101.5, 52.0], [101.5, 51.0], [101.0, 50.5], [100.0, 50.5], [99.0, 50.5], [98.5, 51.0], [98.0, 51.5], [97.5, 52.0], [97.0, 52.5], [96.5, 53.0], [96.5, 54.0], [96.0, 54.5], [95.5, 55.0], [95.0, 55.5], [94.5, 56.0], [94.5, 57.0], [94.0, 57.5], [93.5, 58.0], [93.0, 58.5], [92.5, 59.0], [92.0, 59.5], [91.0, 59.5], [90.5, 60.0], [90.0, 60.5], [89.5, 61.0], [89.0, 61.5], [88.5, 62.0]]"
SLICE,Z6,RF_R,-16.770339369782107,-0.0054903030401192154,-202.23098754883,513.0,0.1941186859032425,"[[70.0, 32.5], [69.5, 33.0], [69.5, 34.0], [70.0, 34.5], [70.5, 35.0], [71.0, 35.5], [71.5, 36.0], [72.0, 36.5], [73.0, 36.5], [73.5, 37.0], [74.0, 37.5], [74.5, 38.0], [75.0, 38.5], [75.5, 39.0], [76.0, 39.5], [76.5, 40.0], [77.0, 40.5], [77.5, 41.0], [78.0, 41.5], [79.0, 41.5], [79.5, 42.0], [79.5, 43.0], [79.5, 44.0], [80.0, 44.5], [80.5, 45.0], [81.0, 45.5], [81.5, 46.0], [81.5, 47.0], [82.0, 47.5], [83.0, 47.5], [83.5, 48.0], [84.0, 48.5], [85.0, 48.5], [86.0, 48.5], [86.5, 49.0], [87.0, 49.5], [88.0, 49.5], [89.0, 49.5], [90.0, 49.5], [91.0, 49.5], [92.0, 49.5], [93.0, 49.5], [94.0, 49.5], [95.0, 49.5], [96.0, 49.5], [97.0, 49.5], [98.0, 49.5], [99.0, 49.5], [100.0, 49.5], [100.5, 49.0], [100.5, 48.0], [100.5, 47.0], [101.0, 46.5], [101.5, 46.0], [101.5, 45.0], [101.5, 44.0], [101.5, 43.0], [101.5, 42.0], [101.5, 41.0], [101.5, 40.0], [101.5, 39.0], [101.5, 38.0], [101.5, 37.0], [101.5, 36.0], [101.5, 35.0], [101.0, 34.5], [100.0, 34.5], [99.5, 34.0], [99.5, 33.0], [99.5, 32.0], [99.0, 31.5], [98.0, 31.5], [97.0, 31.5], [96.5, 31.0], [96.0, 30.5], [95.5, 30.0], [95.0, 29.5], [94.0, 29.5], [93.0, 29.5], [92.0, 29.5], [91.0, 29.5], [90.5, 29.0], [90.0, 28.5], [89.0, 28.5], [88.0, 28.5], [87.0, 28.5], [86.5, 28.0], [86.0, 27.5], [85.0, 27.5], [84.0, 27.5], [83.0, 27.5], [82.0, 27.5], [81.0, 27.5], [80.0, 27.5], [79.0, 27.5], [78.0, 27.5], [77.0, 27.5], [76.5, 28.0], [76.0, 28.5], [75.0, 28.5], [74.0, 28.5], [73.5, 29.0], [73.0, 29.5], [72.5, 30.0], [72.0, 30.5], [71.0, 30.5], [70.5, 31.0], [70.5, 32.0]]"
SLICE,Z6,SAR_R,-16.770339369782107,-0.0054903030401192154,-202.23098754883,237.0,0.4971648595765336,"[[97.0, 30.5], [96.5, 31.0], [97.0, 31.5], [98.0, 31.5], [99.0, 31.5], [99.5, 32.0], [99.5, 33.0], [99.5, 34.0], [100.0, 34.5], [101.0, 34.5], [101.5, 35.0], [101.5, 36.0], [101.5, 37.0], [101.5, 38.0], [101.5, 39.0], [101.5, 40.0], [101.5, 41.0], [101.5, 42.0], [101.5, 43.0], [101.5, 44.0], [101.5, 45.0], [101.5, 46.0], [101.0, 46.5], [100.5, 47.0], [100.5, 48.0], [100.5, 49.0], [101.0, 49.5], [101.5, 50.0], [102.0, 50.5], [102.5, 51.0], [103.0, 51.5], [104.0, 51.5], [105.0, 51.5], [106.0, 51.5], [107.0, 51.5], [108.0, 51.5], [108.5, 52.0], [109.0, 52.5], [110.0, 52.5], [111.0, 52.5], [111.5, 52.0], [112.0, 51.5], [113.0, 51.5], [113.5, 51.0], [114.0, 50.5], [114.5, 50.0], [114.5, 49.0], [114.5, 48.0], [114.5, 47.0], [114.5, 46.0], [114.5, 45.0], [114.5, 44.0], [114.5, 43.0], [114.5, 42.0], [114.0, 41.5], [113.5, 41.0], [113.0, 40.5], [112.5, 40.0], [112.0, 39.5], [111.5, 39.0], [111.5, 38.0], [111.0, 37.5], [110.5, 37.0], [110.0, 36.5], [109.5, 36.0], [109.5, 35.0], [109.0, 34.5], [108.5, 34.0], [108.0, 33.5], [107.0, 33.5], [106.5, 33.0], [106.5, 32.0], [106.0, 31.5], [105.5, 31.0], [105.0, 30.5], [104.0, 30.5], [103.0, 30.5], [102.0, 30.5], [101.5, 30.0], [101.0, 29.5], [100.0, 29.5], [99.0, 29.5], [98.5, 30.0], [98.0, 30.5]]"
SLICE,Z6,GRA_R,-16.770339369782107,-0.0054903030401192154,-202.23098754883,145.0,0.8644431382747192,"[[122.0, 71.5], [121.5, 72.0], [121.5, 73.0], [122.0, 73.5], [122.5, 74.0], [123.0, 74.5], [124.0, 74.5], [124.5, 75.0], [124.5, 76.0], [125.0, 76.5], [126.0, 76.5], [127.0, 76.5], [128.0, 76.5], [128.5, 76.0], [129.0, 75.5], [130.0, 75.5], [131.0, 75.5], [131.5, 75.0], [132.0, 74.5], [133.0, 74.5], [133.5, 74.0], [134.0, 73.5], [134.5, 73.0], [134.5, 72.0], [135.0, 71.5], [135.5, 71.0], [135.5, 70.0], [135.5, 69.0], [135.5, 68.0], [135.5, 67.0], [135.5, 66.0], [135.5, 65.0], [136.0, 64.5], [136.5, 64.0], [136.5, 63.0], [136.5, 62.0], [136.5, 61.0], [136.5, 60.0], [136.5, 59.0], [136.5, 58.0], [136.0, 57.5], [135.5, 57.0], [135.0, 56.5], [134.5, 57.0], [134.0, 57.5], [133.5, 58.0], [133.0, 58.5], [132.5, 59.0], [132.0, 59.5], [131.5, 60.0], [131.0, 60.5], [130.5, 61.0], [130.5, 62.0], [130.5, 63.0], [130.0, 63.5], [129.5, 64.0], [129.0, 64.5], [128.5, 65.0], [128.5, 66.0], [128.5, 67.0], [128.5, 68.0], [128.0, 68.5], [127.5, 69.0], [127.0, 69.5], [126.0, 69.5], [125.5, 70.0], [125.0, 70.5], [124.0, 70.5], [123.0, 70.5], [122.5, 71.0]]"
SLICE,Z6,SM_R,-16.770339369782107,-0.0054903030401192154,-202.23098754883,0.0,,
SLICE,Z6,ST_R,-16.770339369782107,-0.0054903030401192154,-202.23098754883,203.0,0.5564288530144138,"[[86.0, 82.5], [85.5, 83.0], [85.5, 84.0], [85.5, 85.0], [85.5, 86.0], [85.5, 87.0], [85.5, 88.0], [85.5, 89.0], [85.5, 90.0], [85.5, 91.0], [85.5, 92.0], [85.5, 93.0], [85.5, 94.0], [85.5, 95.0], [85.5, 96.0], [86.0, 96.5], [87.0, 96.5], [88.0, 96.5], [89.0, 96.5], [90.0, 96.5], [90.5, 96.0], [91.0, 95.5], [92.0, 95.5], [92.5, 95.0], [93.0, 94.5], [94.0, 94.5], [95.0, 94.5], [95.5, 94.0], [96.0, 93.5], [96.5, 93.0], [96.5, 92.0], [97.0, 91.5], [97.5, 91.0], [98.0, 90.5], [98.5, 90.0], [99.0, 89.5], [100.0, 89.5], [100.5, 89.0], [101.0, 88.5], [101.5, 88.0], [101.5, 87.0], [101.5, 86.0], [101.5, 85.0], [101.5, 84.0], [101.5, 83.0], [101.5, 82.0], [101.0, 81.5], [100.0, 81.5], [99.0, 81.5], [98.0, 81.5], [97.5, 81.0], [97.0, 80.5], [96.0, 80.5], [95.0, 80.5], [94.0, 80.5], [93.0, 80.5], [92.0, 80.5], [91.0, 80.5], [90.0, 80.5], [89.5, 81.0], [89.0, 81.5], [88.0, 81.5], [87.0, 81.5], [86.5, 82.0]]"
SLICE,Z6,BF_R,-16.770339369782107,-0.0054903030401192154,-202.23098754883,31.0,0.5117814027411751,"[[81.0, 87.5], [80.5, 88.0], [80.5, 89.0], [80.5, 90.0], [80.5, 91.0], [80.5, 92.0], [80.5, 93.0], [80.5, 94.0], [81.0, 94.5], [82.0, 94.5], [83.0, 94.5], [84.0, 94.5], [84.5, 94.0], [84.5, 93.0], [84.5, 92.0], [84.5, 91.0], [84.5, 90.0], [84.5, 89.0], [84.5, 88.0], [84.5, 87.0], [84.5, 86.0], [84.0, 85.5], [83.5, 86.0], [83.0, 86.5], [82.5, 87.0], [82.0, 87.5]]"
SLICE,Z6,BF_SH_R,-16.770339369782107,-0.0054903030401192154,-202.23098754883,0.0,,
SLICE,Z6,AM_R,-16.770339369782107,-0.0054903030401192154,-202.23098754883,394.0,0.8446579797571447,"[[81.0, 78.5], [80.5, 79.0], [80.5, 80.0], [81.0, 80.5], [82.0, 80.5], [82.5, 81.0], [83.0, 81.5], [84.0, 81.5], [85.0, 81.5], [86.0, 81.5], [87.0, 81.5], [88.0, 81.5], [89.0, 81.5], [89.5, 81.0], [90.0, 80.5], [90.5, 80.0], [91.0, 79.5], [92.0, 79.5], [93.0, 79.5], [94.0, 79.5], [95.0, 79.5], [95.5, 80.0], [96.0, 80.5], [97.0, 80.5], [97.5, 81.0], [98.0, 81.5], [99.0, 81.5], [100.0, 81.5], [101.0, 81.5], [101.5, 82.0], [102.0, 82.5], [103.0, 82.5], [103.5, 83.0], [104.0, 83.5], [105.0, 83.5], [106.0, 83.5], [106.5, 84.0], [107.0, 84.5], [108.0, 84.5], [108.5, 84.0], [109.0, 83.5], [110.0, 83.5], [110.5, 83.0], [111.0, 82.5], [111.5, 82.0], [112.0, 81.5], [113.0, 81.5], [113.5, 81.0], [114.0, 80.5], [114.5, 80.0], [115.0, 79.5], [116.0, 79.5], [116.5, 79.0], [117.0, 78.5], [118.0, 78.5], [118.5, 78.0], [119.0, 77.5], [119.5, 77.0], [120.0, 76.5], [121.0, 76.5], [122.0, 76.5], [123.0, 76.5], [124.0, 76.5], [124.5, 76.0], [124.5, 75.0], [124.0, 74.5], [123.0, 74.5], [122.5, 74.0], [122.0, 73.5], [121.5, 73.0], [121.5, 72.0], [121.0, 71.5], [120.5, 71.0], [120.0, 70.5], [119.5, 70.0], [119.0, 69.5], [118.0, 69.5], [117.0, 69.5], [116.0, 69.5], [115.0, 69.5], [114.0, 69.5], [113.0, 69.5], [112.0, 69.5], [111.0, 69.5], [110.0, 69.5], [109.0, 69.5], [108.0, 69.5], [107.0, 69.5], [106.0, 69.5], [105.0, 69.5], [104.0, 69.5], [103.0, 69.5], [102.0, 69.5], [101.0, 69.5], [100.0, 69.5], [99.5, 69.0], [99.0, 68.5], [98.0, 68.5], [97.0, 68.5], [96.5, 69.0], [96.0, 69.5], [95.5, 70.0], [95.0, 70.5], [94.0, 70.5], [93.5, 71.0], [93.0, 71.5], [92.5, 72.0], [92.5, 73.0], [92.0, 73.5], [91.0, 73.5], [90.5, 74.0], [90.0, 74.5], [89.0, 74.5], [88.5, 75.0], [88.0, 75.5], [87.5, 76.0], [87.0, 76.5], [86.0, 76.5], [85.0, 76.5], [84.5, 77.0], [84.0, 77.5], [83.5, 78.0], [83.0, 78.5], [82.0, 78.5]]"
SLICE,Z6,AL_R,-16.770339369782107,-0.0054903030401192154,-202.23098754883,451.0,0.4862985537175397,"[[98.0, 63.5], [97.5, 64.0], [97.5, 65.0], [97.5, 66.0], [98.0, 66.5], [99.0, 66.5], [100.0, 66.5], [101.0, 66.5], [102.0, 66.5], [103.0, 66.5], [104.0, 66.5], [105.0, 66.5], [106.0, 66.5], [107.0, 66.5], [108.0, 66.5], [108.5, 67.0], [109.0, 67.5], [110.0, 67.5], [110.5, 68.0], [111.0, 68.5], [112.0, 68.5], [112.5, 69.0], [113.0, 69.5], [114.0, 69.5], [115.0, 69.5], [116.0, 69.5], [117.0, 69.5], [117.5, 69.0], [118.0, 68.5], [119.0, 68.5], [119.5, 68.0], [120.0, 67.5], [121.0, 67.5], [121.5, 67.0], [122.0, 66.5], [123.0, 66.5], [124.0, 66.5], [125.0, 66.5], [125.5, 66.0], [126.0, 65.5], [126.5, 65.0], [127.0, 64.5], [127.5, 64.0], [128.0, 63.5], [128.5, 63.0], [129.0, 62.5], [129.5, 62.0], [129.5, 61.0], [129.5, 60.0], [130.0, 59.5], [130.5, 59.0], [130.5, 58.0], [130.5, 57.0], [130.5, 56.0], [130.0, 55.5], [129.5, 55.0], [129.5, 54.0], [129.0, 53.5], [128.0, 53.5], [127.0, 53.5], [126.5, 53.0], [126.5, 52.0], [126.0, 51.5], [125.0, 51.5], [124.5, 51.0], [124.0, 50.5], [123.0, 50.5], [122.0, 50.5], [121.5, 50.0], [121.0, 49.5], [120.0, 49.5], [119.5, 49.0], [119.0, 48.5], [118.5, 49.0], [118.0, 49.5], [117.0, 49.5], [116.0, 49.5], [115.0, 49.5], [114.5, 50.0], [114.0, 50.5], [113.5, 51.0], [113.0, 51.5], [112.0, 51.5], [111.5, 52.0], [111.0, 52.5], [110.0, 52.5], [109.0, 52.5], [108.5, 53.0], [108.0, 53.5], [107.0, 53.5], [106.0, 53.5], [105.5, 54.0], [105.0, 54.5], [104.0, 54.5], [103.5, 55.0], [103.0, 55.5], [102.0, 55.5], [101.5, 56.0], [101.5, 57.0], [101.5, 58.0], [101.5, 59.0], [101.0, 59.5], [100.5, 60.0], [100.0, 60.5], [99.5, 61.0], [99.5, 62.0], [99.0, 62.5], [98.5, 63.0]]"
SLICE,Z6,AB_R,-16.770339369782107,-0.0054903030401192154,-202.23098754883,45.0,0.6183681968505126,"[[95.0, 67.5], [94.5, 68.0], [95.0, 68.5], [96.0, 68.5], [97.0, 68.5], [98.0, 68.5], [99.0, 68.5], [99.5, 69.0], [100.0, 69.5], [101.0, 69.5], [102.0, 69.5], [103.0, 69.5], [104.0, 69.5], [105.0, 69.5], [106.0, 69.5], [107.0, 69.5], [108.0, 69.5], [109.0, 69.5], [110.0, 69.5], [111.0, 69.5], [112.0, 69.5], [112.5, 69.0], [112.0, 68.5], [111.0, 68.5], [110.5, 68.0], [110.0, 67.5], [109.0, 67.5], [108.5, 67.0], [108.0, 66.5], [107.0, 66.5], [106.0, 66.5], [105.0, 66.5], [104.0, 66.5], [103.0, 66.5], [102.0, 66.5], [101.0, 66.5], [100.0, 66.5], [99.0, 66.5], [98.0, 66.5], [97.5, 66.0], [97.0, 65.5], [96.0, 65.5], [95.5, 66.0], [95.5, 67.0]]"
SLICE,Z6,VL_L,-16.770339369782107,-0.0054903030401192154,-202.23098754883,943.0,0.3336874751566308,"[[240.0, 50.5], [239.5, 51.0], [240.0, 51.5], [240.5, 51.0], [241.0, 50.5], [242.0, 50.5], [243.0, 50.5], [243.5, 51.0], [244.0, 51.5], [245.0, 51.5], [245.5, 52.0], [246.0, 52.5], [246.5, 53.0], [246.5, 54.0], [247.0, 54.5], [248.0, 54.5], [248.5, 55.0], [249.0, 55.5], [249.5, 56.0], [250.0, 56.5], [250.5, 57.0], [251.0, 57.5], [251.5, 58.0], [251.5, 59.0], [252.0, 59.5], [253.0, 59.5], [253.5, 60.0], [254.0, 60.5], [254.5, 61.0], [255.0, 61.5], [255.5, 62.0], [256.0, 62.5], [256.5, 63.0], [256.5, 64.0], [257.0, 64.5], [257.5, 65.0], [258.0, 65.5], [258.5, 66.0], [259.0, 66.5], [259.5, 67.0], [260.0, 67.5], [260.5, 68.0], [261.0, 68.5], [261.5, 69.0], [261.5, 70.0], [261.5, 71.0], [261.5, 72.0], [261.5, 73.0], [261.5, 74.0], [261.0, 74.5], [260.0, 74.5], [259.5, 75.0], [259.5, 76.0], [259.0, 76.5], [258.0, 76.5], [257.5, 77.0], [257.0, 77.5], [256.5, 78.0], [256.0, 78.5], [255.5, 79.0], [255.0, 79.5], [254.0, 79.5], [253.5, 80.0], [253.0, 80.5], [252.0, 80.5], [251.5, 81.0], [251.0, 81.5], [250.0, 81.5], [249.0, 81.5], [248.5, 82.0], [248.0, 82.5], [247.0, 82.5], [246.0, 82.5], [245.5, 83.0], [245.0, 83.5], [244.5, 84.0], [245.0, 84.5], [245.5, 85.0], [245.5, 86.0], [246.0, 86.5], [247.0, 86.5], [247.5, 87.0], [248.0, 87.5], [248.5, 88.0], [249.0, 88.5], [249.5, 89.0], [250.0, 89.5], [251.0, 89.5], [252.0, 89.5], [253.0, 89.5], [254.0, 89.5], [255.0, 89.5], [256.0, 89.5], [257.0, 89.5], [258.0, 89.5], [259.0, 89.5], [260.0, 89.5], [261.0, 89.5], [262.0, 89.5], [262.5, 89.0], [263.0, 88.5], [263.5, 88.0], [264.0, 87.5], [264.5, 87.0], [265.0, 86.5], [266.0, 86.5], [267.0, 86.5], [268.0, 86.5], [268.5, 86.0], [269.0, 85.5], [269.5, 85.0], [270.0, 84.5], [271.0, 84.5], [271.5, 84.0], [272.0, 83.5], [273.0, 83.5], [273.5, 83.0], [274.0, 82.5], [274.5, 82.0], [274.5, 81.0], [275.0, 80.5], [275.5, 80.0], [276.0, 79.5], [276.5, 79.0], [276.5, 78.0], [276.5, 77.0], [276.5, 76.0], [276.5, 75.0], [276.5, 74.0], [276.5, 73.0], [276.5, 72.0], [276.5, 71.0], [276.0, 70.5], [275.5, 70.0], [275.5, 69.0], [275.0, 68.5], [274.5, 68.0], [274.5, 67.0], [274.0, 66.5], [273.5, 66.0], [273.0, 65.5], [272.5, 65.0], [272.5, 64.0], [272.0, 63.5], [271.5, 63.0], [271.5, 62.0], [271.5, 61.0], [271.5, 60.0], [271.0, 59.5], [270.5, 59.0], [270.0, 58.5], [269.5, 58.0], [269.5, 57.0], [269.5, 56.0], [269.0, 55.5], [268.5, 55.0], [268.5, 54.0], [268.0, 53.5], [267.5, 53.0], [267.5, 52.0], [267.5, 51.0], [267.0, 50.5], [266.5, 50.0], [266.5, 49.0], [266.5, 48.0], [266.5, 47.0], [266.5, 46.0], [266.0, 45.5], [265.5, 45.0], [265.5, 44.0], [265.0, 43.5], [264.5, 43.0], [264.0, 42.5], [263.5, 42.0], [263.0, 41.5], [262.5, 41.0], [262.0, 40.5], [261.5, 40.0], [261.5, 39.0], [261.0, 38.5], [260.0, 38.5], [259.0, 38.5], [258.5, 38.0], [258.0, 37.5], [257.0, 37.5], [256.0, 37.5], [255.5, 38.0], [255.5, 39.0], [255.0, 39.5], [254.0, 39.5], [253.5, 40.0], [253.0, 40.5], [252.0, 40.5], [251.5, 41.0], [251.0, 41.5], [250.0, 41.5], [249.5, 42.0], [249.0, 42.5], [248.5, 43.0], [248.0, 43.5], [247.5, 44.0], [247.0, 44.5], [246.0, 44.5], [245.5, 45.0], [245.0, 45.5], [244.5, 46.0], [244.0, 46.5], [243.5, 47.0], [243.0, 47.5], [242.5, 48.0], [242.0, 48.5], [241.5, 49.0], [241.0, 49.5], [240.5, 50.0]]"
SLICE,Z6,VI_L,-16.770339369782107,-0.0054903030401192154,-202.23098754883,439.0,0.19416442005768852,"[[230.0, 51.5], [229.5, 52.0], [229.5, 53.0], [229.5, 54.0], [229.5, 55.0], [229.5, 56.0], [229.5, 57.0], [229.5, 58.0], [230.0, 58.5], [230.5, 59.0], [230.5, 60.0], [231.0, 60.5], [231.5, 61.0], [231.5, 62.0], [231.5, 63.0], [232.0, 63.5], [232.5, 64.0], [233.0, 64.5], [233.5, 65.0], [233.5, 66.0], [234.0, 66.5], [234.5, 66.0], [235.0, 65.5], [235.5, 65.0], [236.0, 64.5], [237.0, 64.5], [238.0, 64.5], [239.0, 64.5], [239.5, 64.0], [240.0, 63.5], [241.0, 63.5], [242.0, 63.5], [243.0, 63.5], [244.0, 63.5], [245.0, 63.5], [245.5, 64.0], [246.0, 64.5], [247.0, 64.5], [248.0, 64.5], [248.5, 65.0], [249.0, 65.5], [249.5, 66.0], [250.0, 66.5], [250.5, 67.0], [250.5, 68.0], [250.5, 69.0], [250.5, 70.0], [250.5, 71.0], [250.5, 72.0], [250.5, 73.0], [250.5, 74.0], [250.0, 74.5], [249.5, 75.0], [249.0, 75.5], [248.5, 76.0], [248.5, 77.0], [248.5, 78.0], [248.0, 78.5], [247.0, 78.5], [246.5, 79.0], [246.0, 79.5], [245.5, 80.0], [245.0, 80.5], [244.5, 81.0], [244.5, 82.0], [245.0, 82.5], [246.0, 82.5], [247.0, 82.5], [248.0, 82.5], [248.5, 82.0], [249.0, 81.5], [250.0, 81.5], [251.0, 81.5], [251.5, 81.0], [252.0, 80.5], [253.0, 80.5], [253.5, 80.0], [254.0, 79.5], [255.0, 79.5], [255.5, 79.0], [256.0, 78.5], [256.5, 78.0], [257.0, 77.5], [257.5, 77.0], [258.0, 76.5], [259.0, 76.5], [259.5, 76.0], [259.5, 75.0], [260.0, 74.5], [261.0, 74.5], [261.5, 74.0], [261.5, 73.0], [261.5, 72.0], [261.5, 71.0], [261.5, 70.0], [261.5, 69.0], [261.0, 68.5], [260.5, 68.0], [260.0, 67.5], [259.5, 67.0], [259.0, 66.5], [258.5, 66.0], [258.0, 65.5], [257.5, 65.0], [257.0, 64.5], [256.5, 64.0], [256.5, 63.0], [256.0, 62.5], [255.5, 62.0], [255.0, 61.5], [254.5, 61.0], [254.0, 60.5], [253.5, 60.0], [253.0, 59.5], [252.0, 59.5], [251.5, 59.0], [251.5, 58.0], [251.0, 57.5], [250.5, 57.0], [250.0, 56.5], [249.5, 56.0], [249.0, 55.5], [248.5, 55.0], [248.0, 54.5], [247.0, 54.5], [246.5, 54.0], [246.5, 53.0], [246.0, 52.5], [245.5, 52.0], [245.0, 51.5], [244.0, 51.5], [243.5, 51.0], [243.0, 50.5], [242.0, 50.5], [241.0, 50.5], [240.5, 51.0], [240.0, 51.5], [239.0, 51.5], [238.0, 51.5], [237.0, 51.5], [236.0, 51.5], [235.0, 51.5], [234.5, 52.0], [234.0, 52.5], [233.0, 52.5], [232.5, 52.0], [232.0, 51.5], [231.0, 51.5]]"
SLICE,Z6,VM_L,-16.770339369782107,-0.0054903030401192154,-202.23098754883,213.0,0.433500403718528,"[[219.0, 52.5], [218.5, 53.0], [218.5, 54.0], [218.5, 55.0], [218.5, 56.0], [219.0, 56.5], [220.0, 56.5], [220.5, 57.0], [220.5, 58.0], [220.5, 59.0], [220.5, 60.0], [220.5, 61.0], [221.0, 61.5], [221.5, 62.0], [221.5, 63.0], [222.0, 63.5], [222.5, 64.0], [223.0, 64.5], [223.5, 65.0], [223.5, 66.0], [224.0, 66.5], [225.0, 66.5], [225.5, 67.0], [225.5, 68.0], [226.0, 68.5], [226.5, 69.0], [227.0, 69.5], [227.5, 70.0], [228.0, 70.5], [228.5, 71.0], [229.0, 71.5], [229.5, 72.0], [230.0, 72.5], [230.5, 73.0], [231.0, 73.5], [231.5, 74.0], [232.0, 74.5], [233.0, 74.5], [234.0, 74.5], [234.5, 74.0], [234.5, 73.0], [234.5, 72.0], [234.5, 71.0], [234.0, 70.5], [233.5, 70.0], [234.0, 69.5], [234.5, 69.0], [234.5, 68.0], [234.5, 67.0], [234.0, 66.5], [233.5, 66.0], [233.5, 65.0], [233.0, 64.5], [232.5, 64.0], [232.0, 63.5], [231.5, 63.0], [231.5, 62.0], [231.5, 61.0], [231.0, 60.5], [230.5, 60.0], [230.5, 59.0], [230.0, 58.5], [229.5, 58.0], [229.5, 57.0], [229.5, 56.0], [229.5, 55.0], [229.5, 54.0], [229.5, 53.0], [229.5, 52.0], [229.0, 51.5], [228.0, 51.5], [227.5, 51.0], [227.0, 50.5], [226.0, 50.5], [225.0, 50.5], [224.5, 50.0], [224.0, 49.5], [223.0, 49.5], [222.0, 49.5], [221.5, 50.0], [221.0, 50.5], [220.5, 51.0], [220.0, 51.5], [219.5, 52.0]]"
SLICE,Z6,RF_L,-16.770339369782107,-0.0054903030401192154,-202.23098754883,486.0,0.20809446237432977,"[[221.0, 49.5], [220.5, 50.0], [221.0, 50.5], [221.5, 50.0], [222.0, 49.5], [223.0, 49.5], [224.0, 49.5], [224.5, 50.0], [225.0, 50.5], [226.0, 50.5], [227.0, 50.5], [227.5, 51.0], [228.0, 51.5], [229.0, 51.5], [230.0, 51.5], [231.0, 51.5], [232.0, 51.5], [232.5, 52.0], [233.0, 52.5], [234.0, 52.5], [234.5, 52.0], [235.0, 51.5], [236.0, 51.5], [237.0, 51.5], [238.0, 51.5], [239.0, 51.5], [239.5, 51.0], [240.0, 50.5], [240.5, 50.0], [241.0, 49.5], [241.5, 49.0], [242.0, 48.5], [242.5, 48.0], [243.0, 47.5], [243.5, 47.0], [244.0, 46.5], [244.5, 46.0], [245.0, 45.5], [245.5, 45.0], [246.0, 44.5], [247.0, 44.5], [247.5, 44.0], [248.0, 43.5], [248.5, 43.0], [249.0, 42.5], [249.5, 42.0], [250.0, 41.5], [251.0, 41.5], [251.5, 41.0], [252.0, 40.5], [253.0, 40.5], [253.5, 40.0], [254.0, 39.5], [255.0, 39.5], [255.5, 39.0], [255.5, 38.0], [255.0, 37.5], [254.5, 37.0], [254.5, 36.0], [254.0, 35.5], [253.5, 35.0], [253.0, 34.5], [252.5, 34.0], [252.0, 33.5], [251.0, 33.5], [250.0, 33.5], [249.0, 33.5], [248.0, 33.5], [247.5, 33.0], [247.0, 32.5], [246.0, 32.5], [245.0, 32.5], [244.0, 32.5], [243.5, 32.0], [243.0, 31.5], [242.0, 31.5], [241.0, 31.5], [240.0, 31.5], [239.0, 31.5], [238.5, 32.0], [238.0, 32.5], [237.0, 32.5], [236.0, 32.5], [235.5, 33.0], [235.0, 33.5], [234.0, 33.5], [233.0, 33.5], [232.0, 33.5], [231.0, 33.5], [230.0, 33.5], [229.0, 33.5], [228.0, 33.5], [227.0, 33.5], [226.0, 33.5], [225.5, 34.0], [225.0, 34.5], [224.5, 35.0], [224.5, 36.0], [224.0, 36.5], [223.0, 36.5], [222.5, 37.0], [222.5, 38.0], [222.0, 38.5], [221.5, 39.0], [221.5, 40.0], [221.5, 41.0], [221.5, 42.0], [221.5, 43.0], [221.5, 44.0], [221.5, 45.0], [221.5, 46.0], [221.5, 47.0], [221.5, 48.0], [221.5, 49.0]]"
SLICE,Z6,SAR_L,-16.770339369782107,-0.0054903030401192154,-202.23098754883,271.0,0.4459290975229945,"[[206.0, 43.5], [205.5, 44.0], [205.5, 45.0], [205.5, 46.0], [205.5, 47.0], [205.5, 48.0], [205.5, 49.0], [205.5, 50.0], [206.0, 50.5], [206.5, 51.0], [207.0, 51.5], [207.5, 52.0], [208.0, 52.5], [209.0, 52.5], [209.5, 53.0], [210.0, 53.5], [211.0, 53.5], [212.0, 53.5], [213.0, 53.5], [214.0, 53.5], [215.0, 53.5], [216.0, 53.5], [216.5, 53.0], [217.0, 52.5], [218.0, 52.5], [219.0, 52.5], [219.5, 52.0], [220.0, 51.5], [220.5, 51.0], [220.5, 50.0], [221.0, 49.5], [221.5, 49.0], [221.5, 48.0], [221.5, 47.0], [221.5, 46.0], [221.5, 45.0], [221.5, 44.0], [221.5, 43.0], [221.5, 42.0], [221.5, 41.0], [221.5, 40.0], [221.5, 39.0], [222.0, 38.5], [222.5, 38.0], [222.5, 37.0], [223.0, 36.5], [224.0, 36.5], [224.5, 36.0], [224.5, 35.0], [224.5, 34.0], [224.0, 33.5], [223.0, 33.5], [222.0, 33.5], [221.0, 33.5], [220.0, 33.5], [219.0, 33.5], [218.0, 33.5], [217.0, 33.5], [216.0, 33.5], [215.0, 33.5], [214.5, 34.0], [214.0, 34.5], [213.5, 35.0], [213.0, 35.5], [212.0, 35.5], [211.5, 36.0], [211.5, 37.0], [211.0, 37.5], [210.5, 38.0], [210.0, 38.5], [209.0, 38.5], [208.5, 39.0], [208.5, 40.0], [208.0, 40.5], [207.5, 41.0], [207.0, 41.5], [206.5, 42.0], [206.5, 43.0]]"
SLICE,Z6,GRA_L,-16.770339369782107,-0.0054903030401192154,-202.23098754883,137.0,0.7856736663510148,"[[180.0, 59.5], [179.5, 60.0], [179.5, 61.0], [179.5, 62.0], [179.5, 63.0], [179.5, 64.0], [180.0, 64.5], [180.5, 65.0], [180.5, 66.0], [180.5, 67.0], [180.5, 68.0], [181.0, 68.5], [181.5, 69.0], [181.5, 70.0], [181.5, 71.0], [182.0, 71.5], [182.5, 72.0], [182.5, 73.0], [183.0, 73.5], [183.5, 74.0], [184.0, 74.5], [184.5, 75.0], [185.0, 75.5], [185.5, 76.0], [186.0, 76.5], [187.0, 76.5], [188.0, 76.5], [189.0, 76.5], [190.0, 76.5], [191.0, 76.5], [192.0, 76.5], [193.0, 76.5], [194.0, 76.5], [194.5, 76.0], [194.5, 75.0], [194.0, 74.5], [193.0, 74.5], [192.5, 74.0], [192.0, 73.5], [191.5, 73.0], [191.5, 72.0], [191.0, 71.5], [190.0, 71.5], [189.5, 71.0], [189.5, 70.0], [189.5, 69.0], [189.5, 68.0], [189.5, 67.0], [189.5, 66.0], [189.5, 65.0], [189.0, 64.5], [188.0, 64.5], [187.5, 64.0], [187.0, 63.5], [186.5, 63.0], [186.0, 62.5], [185.5, 62.0], [185.0, 61.5], [184.5, 61.0], [184.0, 60.5], [183.5, 60.0], [183.0, 59.5], [182.0, 59.5], [181.5, 59.0], [181.0, 58.5], [180.5, 59.0]]"
SLICE,Z6,SM_L,-16.770339369782107,-0.0054903030401192154,-202.23098754883,0.0,,
SLICE,Z6,ST_L,-16.770339369782107,-0.0054903030401192154,-202.23098754883,193.0,0.456192373227838,"[[215.0, 86.5], [214.5, 87.0], [214.5, 88.0], [215.0, 88.5], [215.5, 89.0], [216.0, 89.5], [216.5, 90.0], [217.0, 90.5], [218.0, 90.5], [218.5, 91.0], [219.0, 91.5], [219.5, 92.0], [220.0, 92.5], [220.5, 93.0], [220.5, 94.0], [221.0, 94.5], [222.0, 94.5], [223.0, 94.5], [223.5, 95.0], [224.0, 95.5], [224.5, 96.0], [225.0, 96.5], [226.0, 96.5], [227.0, 96.5], [227.5, 97.0], [228.0, 97.5], [229.0, 97.5], [229.5, 97.0], [230.0, 96.5], [231.0, 96.5], [231.5, 96.0], [231.5, 95.0], [231.5, 94.0], [231.5, 93.0], [231.5, 92.0], [232.0, 91.5], [232.5, 91.0], [232.5, 90.0], [232.0, 89.5], [231.5, 89.0], [231.5, 88.0], [231.5, 87.0], [231.5, 86.0], [231.0, 85.5], [230.5, 85.0], [230.5, 84.0], [230.0, 83.5], [229.0, 83.5], [228.5, 83.0], [228.0, 82.5], [227.5, 82.0], [227.0, 81.5], [226.0, 81.5], [225.0, 81.5], [224.0, 81.5], [223.0, 81.5], [222.0, 81.5], [221.0, 81.5], [220.0, 81.5], [219.5, 82.0], [219.0, 82.5], [218.0, 82.5], [217.5, 83.0], [217.0, 83.5], [216.5, 84.0], [216.5, 85.0], [216.5, 86.0], [216.0, 86.5]]"
SLICE,Z6,BF_L,-16.770339369782107,-0.0054903030401192154,-202.23098754883,0.0,,
SLICE,Z6,BF_SH_L,-16.770339369782107,-0.0054903030401192154,-202.23098754883,0.0,,
SLICE,Z6,AM_L,-16.770339369782107,-0.0054903030401192154,-202.23098754883,461.0,0.689179807581211,"[[193.0, 69.5], [192.5, 70.0], [192.5, 71.0], [192.5, 72.0], [192.5, 73.0], [193.0, 73.5], [193.5, 74.0], [194.0, 74.5], [195.0, 74.5], [195.5, 75.0], [196.0, 75.5], [196.5, 76.0], [196.5, 77.0], [197.0, 77.5], [197.5, 78.0], [197.5, 79.0], [198.0, 79.5], [198.5, 80.0], [199.0, 80.5], [199.5, 81.0], [200.0, 81.5], [200.5, 82.0], [201.0, 82.5], [201.5, 83.0], [202.0, 83.5], [203.0, 83.5], [203.5, 84.0], [204.0, 84.5], [205.0, 84.5], [206.0, 84.5], [207.0, 84.5], [208.0, 84.5], [209.0, 84.5], [210.0, 84.5], [211.0, 84.5], [212.0, 84.5], [212.5, 85.0], [212.5, 86.0], [213.0, 86.5], [213.5, 87.0], [214.0, 87.5], [214.5, 87.0], [215.0, 86.5], [216.0, 86.5], [216.5, 86.0], [216.5, 85.0], [216.5, 84.0], [217.0, 83.5], [217.5, 83.0], [218.0, 82.5], [219.0, 82.5], [219.5, 82.0], [220.0, 81.5], [221.0, 81.5], [222.0, 81.5], [223.0, 81.5], [224.0, 81.5], [225.0, 81.5], [226.0, 81.5], [227.0, 81.5], [228.0, 81.5], [229.0, 81.5], [229.5, 82.0], [230.0, 82.5], [230.5, 83.0], [230.5, 84.0], [230.5, 85.0], [231.0, 85.5], [231.5, 86.0], [232.0, 86.5], [233.0, 86.5], [234.0, 86.5], [235.0, 86.5], [235.5, 86.0], [236.0, 85.5], [236.5, 85.0], [237.0, 84.5], [238.0, 84.5], [239.0, 84.5], [239.5, 84.0], [240.0, 83.5], [240.5, 83.0], [240.5, 82.0], [240.5, 81.0], [240.0, 80.5], [239.0, 80.5], [238.0, 80.5], [237.0, 80.5], [236.5, 80.0], [236.0, 79.5], [235.5, 79.0], [235.0, 78.5], [234.0, 78.5], [233.0, 78.5], [232.5, 78.0], [232.0, 77.5], [231.5, 77.0], [231.0, 76.5], [230.0, 76.5], [229.5, 76.0], [229.0, 75.5], [228.0, 75.5], [227.0, 75.5], [226.5, 75.0], [226.0, 74.5], [225.0, 74.5], [224.5, 74.0], [224.0, 73.5], [223.5, 74.0], [223.0, 74.5], [222.0, 74.5], [221.5, 74.0], [221.0, 73.5], [220.0, 73.5], [219.5, 73.0], [219.0, 72.5], [218.5, 72.0], [218.0, 71.5], [217.0, 71.5], [216.0, 71.5], [215.0, 71.5], [214.0, 71.5], [213.0, 71.5], [212.0, 71.5], [211.0, 71.5], [210.0, 71.5], [209.5, 71.0], [209.0, 70.5], [208.0, 70.5], [207.0, 70.5], [206.5, 70.0], [206.0, 69.5], [205.0, 69.5], [204.0, 69.5], [203.0, 69.5], [202.0, 69.5], [201.0, 69.5], [200.0, 69.5], [199.0, 69.5], [198.0, 69.5], [197.0, 69.5], [196.0, 69.5], [195.0, 69.5], [194.0, 69.5]]"
SLICE,Z6,AL_L,-16.770339369782107,-0.0054903030401192154,-202.23098754883,586.0,0.368278352114603,"[[184.0, 55.5], [183.5, 56.0], [183.5, 57.0], [183.5, 58.0], [183.5, 59.0], [183.5, 60.0], [184.0, 60.5], [184.5, 61.0], [185.0, 61.5], [185.5, 62.0], [186.0, 62.5], [186.5, 63.0], [187.0, 63.5], [187.5, 64.0], [188.0, 64.5], [189.0, 64.5], [189.5, 65.0], [190.0, 65.5], [191.0, 65.5], [191.5, 66.0], [192.0, 66.5], [193.0, 66.5], [194.0, 66.5], [194.5, 67.0], [195.0, 67.5], [195.5, 68.0], [196.0, 68.5], [196.5, 69.0], [197.0, 69.5], [198.0, 69.5], [199.0, 69.5], [200.0, 69.5], [201.0, 69.5], [202.0, 69.5], [203.0, 69.5], [204.0, 69.5], [205.0, 69.5], [206.0, 69.5], [207.0, 69.5], [208.0, 69.5], [209.0, 69.5], [210.0, 69.5], [211.0, 69.5], [212.0, 69.5], [212.5, 70.0], [213.0, 70.5], [214.0, 70.5], [215.0, 70.5], [216.0, 70.5], [216.5, 70.0], [217.0, 69.5], [218.0, 69.5], [219.0, 69.5], [220.0, 69.5], [221.0, 69.5], [222.0, 69.5], [222.5, 69.0], [223.0, 68.5], [223.5, 68.0], [223.5, 67.0], [223.5, 66.0], [223.0, 65.5], [222.5, 65.0], [222.5, 64.0], [222.0, 63.5], [221.5, 63.0], [221.5, 62.0], [221.0, 61.5], [220.5, 61.0], [220.0, 60.5], [219.5, 60.0], [219.5, 59.0], [219.0, 58.5], [218.0, 58.5], [217.5, 58.0], [217.0, 57.5], [216.5, 57.0], [216.5, 56.0], [216.0, 55.5], [215.0, 55.5], [214.0, 55.5], [213.5, 55.0], [213.0, 54.5], [212.0, 54.5], [211.5, 54.0], [211.0, 53.5], [210.0, 53.5], [209.5, 53.0], [209.0, 52.5], [208.0, 52.5], [207.5, 52.0], [207.0, 51.5], [206.5, 51.0], [206.0, 50.5], [205.0, 50.5], [204.0, 50.5], [203.5, 50.0], [203.0, 49.5], [202.0, 49.5], [201.0, 49.5], [200.5, 49.0], [200.0, 48.5], [199.0, 48.5], [198.5, 49.0], [198.0, 49.5], [197.0, 49.5], [196.0, 49.5], [195.0, 49.5], [194.5, 50.0], [194.0, 50.5], [193.0, 50.5], [192.0, 50.5], [191.0, 50.5], [190.5, 51.0], [190.0, 51.5], [189.5, 52.0], [189.0, 52.5], [188.5, 53.0], [188.0, 53.5], [187.0, 53.5], [186.0, 53.5], [185.5, 54.0], [185.5, 55.0], [185.0, 55.5]]"
SLICE,Z6,AB_L,-16.770339369782107,-0.0054903030401192154,-202.23098754883,85.0,0.5853286839959766,"[[207.0, 69.5], [206.5, 70.0], [207.0, 70.5], [208.0, 70.5], [209.0, 70.5], [209.5, 71.0], [210.0, 71.5], [211.0, 71.5], [212.0, 71.5], [213.0, 71.5], [214.0, 71.5], [215.0, 71.5], [216.0, 71.5], [217.0, 71.5], [218.0, 71.5], [218.5, 72.0], [219.0, 72.5], [219.5, 73.0], [220.0, 73.5], [221.0, 73.5], [221.5, 74.0], [222.0, 74.5], [223.0, 74.5], [223.5, 74.0], [224.0, 73.5], [224.5, 74.0], [225.0, 74.5], [226.0, 74.5], [227.0, 74.5], [228.0, 74.5], [229.0, 74.5], [229.5, 75.0], [230.0, 75.5], [230.5, 76.0], [231.0, 76.5], [231.5, 76.0], [231.5, 75.0], [231.5, 74.0], [231.0, 73.5], [230.0, 73.5], [229.5, 73.0], [229.5, 72.0], [229.0, 71.5], [228.5, 71.0], [228.0, 70.5], [227.0, 70.5], [226.5, 70.0], [226.5, 69.0], [226.0, 68.5], [225.0, 68.5], [224.5, 68.0], [224.0, 67.5], [223.5, 68.0], [223.0, 68.5], [222.5, 69.0], [222.0, 69.5], [221.0, 69.5], [220.0, 69.5], [219.0, 69.5], [218.0, 69.5], [217.0, 69.5], [216.5, 70.0], [216.0, 70.5], [215.0, 70.5], [214.0, 70.5], [213.0, 70.5], [212.5, 70.0], [212.0, 69.5], [211.0, 69.5], [210.0, 69.5], [209.0, 69.5], [208.0, 69.5]]"
SLICE,Z7,VL_R,-16.770339369782107,-0.0054903030401192154,-172.23098754883,761.0,0.3445583780543534,"[[48.0, 63.5], [47.5, 64.0], [47.5, 65.0], [47.5, 66.0], [47.5, 67.0], [47.5, 68.0], [47.5, 69.0], [47.5, 70.0], [48.0, 70.5], [48.5, 71.0], [48.5, 72.0], [48.5, 73.0], [49.0, 73.5], [49.5, 74.0], [50.0, 74.5], [50.5, 75.0], [50.5, 76.0], [51.0, 76.5], [51.5, 77.0], [52.0, 77.5], [52.5, 78.0], [53.0, 78.5], [53.5, 79.0], [54.0, 79.5], [55.0, 79.5], [56.0, 79.5], [57.0, 79.5], [58.0, 79.5], [59.0, 79.5], [60.0, 79.5], [61.0, 79.5], [61.5, 80.0], [62.0, 80.5], [63.0, 80.5], [64.0, 80.5], [65.0, 80.5], [66.0, 80.5], [66.5, 80.0], [67.0, 79.5], [68.0, 79.5], [69.0, 79.5], [70.0, 79.5], [70.5, 79.0], [70.0, 78.5], [69.5, 78.0], [69.5, 77.0], [69.5, 76.0], [69.5, 75.0], [69.5, 74.0], [69.0, 73.5], [68.5, 73.0], [68.0, 72.5], [67.5, 72.0], [67.0, 71.5], [66.5, 71.0], [66.5, 70.0], [66.5, 69.0], [66.5, 68.0], [66.5, 67.0], [66.5, 66.0], [66.5, 65.0], [66.5, 64.0], [67.0, 63.5], [67.5, 63.0], [67.5, 62.0], [68.0, 61.5], [68.5, 61.0], [69.0, 60.5], [69.5, 60.0], [69.5, 59.0], [69.5, 58.0], [69.5, 57.0], [70.0, 56.5], [70.5, 56.0], [70.5, 55.0], [71.0, 54.5], [72.0, 54.5], [72.5, 54.0], [73.0, 53.5], [74.0, 53.5], [74.5, 53.0], [74.5, 52.0], [75.0, 51.5], [76.0, 51.5], [76.5, 51.0], [77.0, 50.5], [77.5, 50.0], [78.0, 49.5], [79.0, 49.5], [80.0, 49.5], [81.0, 49.5], [82.0, 49.5], [82.5, 49.0], [82.5, 48.0], [82.5, 47.0], [82.0, 46.5], [81.0, 46.5], [80.5, 46.0], [80.0, 45.5], [79.5, 45.0], [79.0, 44.5], [78.0, 44.5], [77.5, 44.0], [77.0, 43.5], [76.5, 43.0], [76.0, 42.5], [75.0, 42.5], [74.5, 42.0], [74.0, 41.5], [73.0, 41.5], [72.0, 41.5], [71.5, 41.0], [71.0, 40.5], [70.5, 40.0], [70.0, 39.5], [69.0, 39.5], [68.0, 39.5], [67.0, 39.5], [66.5, 40.0], [66.0, 40.5], [65.0, 40.5], [64.0, 40.5], [63.0, 40.5], [62.5, 41.0], [62.0, 41.5], [61.5, 42.0], [61.0, 42.5], [60.5, 43.0], [60.0, 43.5], [59.5, 44.0], [59.0, 44.5], [58.5, 45.0], [58.5, 46.0], [58.5, 47.0], [58.0, 47.5], [57.5, 48.0], [57.0, 48.5], [56.5, 49.0], [56.0, 49.5], [55.5, 50.0], [55.5, 51.0], [55.0, 51.5], [54.5, 52.0], [54.0, 52.5], [53.5, 53.0], [53.5, 54.0], [53.0, 54.5], [52.5, 55.0], [52.0, 55.5], [51.0, 55.5], [50.5, 56.0], [50.5, 57.0], [50.5, 58.0], [50.0, 58.5], [49.5, 59.0], [49.0, 59.5], [48.5, 60.0], [48.5, 61.0], [48.5, 62.0], [48.5, 63.0]]"
SLICE,Z7,VI_R,-16.770339369782107,-0.0054903030401192154,-172.23098754883,294.0,0.3751915512592372,"[[67.0, 63.5], [66.5, 64.0], [66.5, 65.0], [66.5, 66.0], [66.5, 67.0], [66.5, 68.0], [66.5, 69.0], [66.5, 70.0], [66.5, 71.0], [67.0, 71.5], [67.5, 72.0], [68.0, 72.5], [68.5, 73.0], [69.0, 73.5], [69.5, 73.0], [69.5, 72.0], [69.5, 71.0], [69.5, 70.0], [69.5, 69.0], [69.5, 68.0], [69.5, 67.0], [69.5, 66.0], [69.5, 65.0], [69.5, 64.0], [69.5, 63.0], [70.0, 62.5], [70.5, 62.0], [71.0, 61.5], [72.0, 61.5], [73.0, 61.5], [74.0, 61.5], [75.0, 61.5], [76.0, 61.5], [77.0, 61.5], [78.0, 61.5], [79.0, 61.5], [80.0, 61.5], [81.0, 61.5], [82.0, 61.5], [83.0, 61.5], [84.0, 61.5], [85.0, 61.5], [85.5, 62.0], [86.0, 62.5], [87.0, 62.5], [87.5, 62.0], [88.0, 61.5], [89.0, 61.5], [89.5, 61.0], [89.5, 60.0], [90.0, 59.5], [90.5, 59.0], [91.0, 58.5], [91.5, 58.0], [92.0, 57.5], [92.5, 57.0], [93.0, 56.5], [94.0, 56.5], [94.5, 56.0], [94.5, 55.0], [95.0, 54.5], [95.5, 54.0], [96.0, 53.5], [96.5, 53.0], [96.0, 52.5], [95.5, 52.0], [95.5, 51.0], [95.0, 50.5], [94.0, 50.5], [93.5, 50.0], [93.0, 49.5], [92.0, 49.5], [91.0, 49.5], [90.0, 49.5], [89.0, 49.5], [88.0, 49.5], [87.0, 49.5], [86.5, 49.0], [86.0, 48.5], [85.0, 48.5], [84.0, 48.5], [83.0, 48.5], [82.5, 49.0], [82.0, 49.5], [81.0, 49.5], [80.0, 49.5], [79.0, 49.5], [78.0, 49.5], [77.5, 50.0], [77.0, 50.5], [76.5, 51.0], [76.0, 51.5], [75.0, 51.5], [74.5, 52.0], [74.5, 53.0], [74.0, 53.5], [73.0, 53.5], [72.5, 54.0], [72.0, 54.5], [71.0, 54.5], [70.5, 55.0], [70.5, 56.0], [70.0, 56.5], [69.5, 57.0], [69.5, 58.0], [69.5, 59.0], [69.5, 60.0], [69.0, 60.5], [68.5, 61.0], [68.0, 61.5], [67.5, 62.0], [67.5, 63.0]]"
SLICE,Z7,VM_R,-16.770339369782107,-0.0054903030401192154,-172.23098754883,67.0,0.5288207679066813,"[[87.0, 62.5], [86.5, 63.0], [86.5, 64.0], [87.0, 64.5], [87.5, 65.0], [87.5, 66.0], [87.5, 67.0], [87.5, 68.0], [87.5, 69.0], [87.5, 70.0], [87.0, 70.5], [86.5, 71.0], [86.5, 72.0], [87.0, 72.5], [88.0, 72.5], [88.5, 72.0], [89.0, 71.5], [89.5, 71.0], [89.5, 70.0], [89.5, 69.0], [90.0, 68.5], [90.5, 68.0], [90.5, 67.0], [91.0, 66.5], [91.5, 66.0], [91.5, 65.0], [91.5, 64.0], [92.0, 63.5], [92.5, 63.0], [92.5, 62.0], [93.0, 61.5], [94.0, 61.5], [94.5, 61.0], [94.5, 60.0], [95.0, 59.5], [95.5, 59.0], [95.5, 58.0], [96.0, 57.5], [96.5, 57.0], [96.5, 56.0], [96.5, 55.0], [96.5, 54.0], [96.0, 53.5], [95.5, 54.0], [95.0, 54.5], [94.5, 55.0], [94.5, 56.0], [94.0, 56.5], [93.0, 56.5], [92.5, 57.0], [92.0, 57.5], [91.5, 58.0], [91.0, 58.5], [90.5, 59.0], [90.0, 59.5], [89.5, 60.0], [89.5, 61.0], [89.0, 61.5], [88.0, 61.5], [87.5, 62.0]]"
SLICE,Z7,RF_R,-16.770339369782107,-0.0054903030401192154,-172.23098754883,459.0,0.25915615872045716,"[[69.0, 35.5], [68.5, 36.0], [68.5, 37.0], [69.0, 37.5], [69.5, 38.0], [69.5, 39.0], [70.0, 39.5], [70.5, 40.0], [71.0, 40.5], [71.5, 41.0], [72.0, 41.5], [73.0, 41.5], [74.0, 41.5], [74.5, 42.0], [75.0, 42.5], [76.0, 42.5], [76.5, 43.0], [77.0, 43.5], [77.5, 44.0], [78.0, 44.5], [79.0, 44.5], [79.5, 45.0], [80.0, 45.5], [80.5, 46.0], [81.0, 46.5], [82.0, 46.5], [82.5, 47.0], [83.0, 47.5], [83.5, 48.0], [84.0, 48.5], [85.0, 48.5], [86.0, 48.5], [86.5, 49.0], [87.0, 49.5], [88.0, 49.5], [89.0, 49.5], [90.0, 49.5], [91.0, 49.5], [92.0, 49.5], [93.0, 49.5], [94.0, 49.5], [95.0, 49.5], [96.0, 49.5], [97.0, 49.5], [98.0, 49.5], [98.5, 49.0], [99.0, 48.5], [99.5, 48.0], [99.5, 47.0], [99.5, 46.0], [99.5, 45.0], [99.5, 44.0], [99.5, 43.0], [99.0, 42.5], [98.5, 42.0], [98.5, 41.0], [98.0, 40.5], [97.5, 40.0], [97.0, 39.5], [96.5, 39.0], [96.5, 38.0], [96.5, 37.0], [96.0, 36.5], [95.5, 36.0], [95.5, 35.0], [95.0, 34.5], [94.5, 34.0], [94.5, 33.0], [94.0, 32.5], [93.0, 32.5], [92.5, 32.0], [92.0, 31.5], [91.0, 31.5], [90.5, 31.0], [90.0, 30.5], [89.0, 30.5], [88.0, 30.5], [87.0, 30.5], [86.5, 30.0], [86.0, 29.5], [85.0, 29.5], [84.5, 29.0], [84.0, 28.5], [83.0, 28.5], [82.0, 28.5], [81.0, 28.5], [80.0, 28.5], [79.0, 28.5], [78.0, 28.5], [77.0, 28.5], [76.0, 28.5], [75.0, 28.5], [74.0, 28.5], [73.5, 29.0], [73.0, 29.5], [72.5, 30.0], [72.0, 30.5], [71.0, 30.5], [70.5, 31.0], [70.5, 32.0], [70.0, 32.5], [69.5, 33.0], [69.5, 34.0], [69.5, 35.0]]"
SLICE,Z7,SAR_R,-16.770339369782107,-0.0054903030401192154,-172.23098754883,252.0,0.4588923917764783,"[[91.0, 26.5], [90.5, 27.0], [90.5, 28.0], [90.5, 29.0], [90.5, 30.0], [90.5, 31.0], [91.0, 31.5], [92.0, 31.5], [92.5, 32.0], [93.0, 32.5], [94.0, 32.5], [94.5, 33.0], [94.5, 34.0], [95.0, 34.5], [95.5, 35.0], [95.5, 36.0], [96.0, 36.5], [96.5, 37.0], [96.5, 38.0], [96.5, 39.0], [97.0, 39.5], [97.5, 40.0], [98.0, 40.5], [98.5, 41.0], [98.5, 42.0], [99.0, 42.5], [99.5, 43.0], [99.5, 44.0], [100.0, 44.5], [100.5, 45.0], [101.0, 45.5], [102.0, 45.5], [103.0, 45.5], [104.0, 45.5], [105.0, 45.5], [106.0, 45.5], [107.0, 45.5], [108.0, 45.5], [108.5, 45.0], [109.0, 44.5], [109.5, 44.0], [110.0, 43.5], [110.5, 43.0], [110.5, 42.0], [110.5, 41.0], [110.5, 40.0], [110.5, 39.0], [110.5, 38.0], [110.0, 37.5], [109.5, 37.0], [109.5, 36.0], [109.5, 35.0], [109.0, 34.5], [108.5, 34.0], [108.0, 33.5], [107.5, 33.0], [107.0, 32.5], [106.5, 32.0], [106.5, 31.0], [106.0, 30.5], [105.0, 30.5], [104.5, 30.0], [104.5, 29.0], [104.0, 28.5], [103.0, 28.5], [102.5, 28.0], [102.0, 27.5], [101.5, 27.0], [101.0, 26.5], [100.5, 26.0], [100.0, 25.5], [99.0, 25.5], [98.0, 25.5], [97.0, 25.5], [96.0, 25.5], [95.0, 25.5], [94.0, 25.5], [93.0, 25.5], [92.0, 25.5], [91.5, 26.0]]"
SLICE,Z7,GRA_R,-16.770339369782107,-0.0054903030401192154,-172.23098754883,62.0,0.8436352153705146,"[[129.0, 68.5], [128.5, 69.0], [129.0, 69.5], [130.0, 69.5], [131.0, 69.5], [131.5, 69.0], [132.0, 68.5], [132.5, 68.0], [133.0, 67.5], [134.0, 67.5], [134.5, 67.0], [134.5, 66.0], [134.5, 65.0], [135.0, 64.5], [135.5, 64.0], [136.0, 63.5], [136.5, 63.0], [136.5, 62.0], [136.5, 61.0], [136.5, 60.0], [136.5, 59.0], [136.5, 58.0], [136.5, 57.0], [136.5, 56.0], [136.5, 55.0], [137.0, 54.5], [137.5, 54.0], [137.5, 53.0], [137.5, 52.0], [137.5, 51.0], [137.0, 50.5], [136.0, 50.5], [135.5, 51.0], [135.0, 51.5], [134.5, 52.0], [134.5, 53.0], [134.5, 54.0], [134.5, 55.0], [134.5, 56.0], [134.5, 57.0], [134.0, 57.5], [133.5, 58.0], [133.5, 59.0], [133.0, 59.5], [132.5, 60.0], [132.5, 61.0], [132.5, 62.0], [132.0, 62.5], [131.5, 63.0], [131.5, 64.0], [131.5, 65.0], [131.0, 65.5], [130.5, 66.0], [130.0, 66.5], [129.5, 67.0], [129.5, 68.0]]"
SLICE,Z7,SM_R,-16.770339369782107,-0.0054903030401192154,-172.23098754883,0.0,,
SLICE,Z7,ST_R,-16.770339369782107,-0.0054903030401192154,-172.23098754883,154.0,0.47568829390652534,"[[86.0, 83.5], [85.5, 84.0], [85.5, 85.0], [85.5, 86.0], [85.5, 87.0], [85.5, 88.0], [85.5, 89.0], [85.5, 90.0], [85.5, 91.0], [86.0, 91.5], [86.5, 92.0], [87.0, 92.5], [88.0, 92.5], [89.0, 92.5], [90.0, 92.5], [91.0, 92.5], [91.5, 92.0], [92.0, 91.5], [93.0, 91.5], [94.0, 91.5], [94.5, 91.0], [95.0, 90.5], [96.0, 90.5], [96.5, 90.0], [97.0, 89.5], [98.0, 89.5], [98.5, 89.0], [99.0, 88.5], [99.5, 88.0], [100.0, 87.5], [100.5, 87.0], [101.0, 86.5], [101.5, 86.0], [102.0, 85.5], [102.5, 85.0], [102.5, 84.0], [102.5, 83.0], [102.5, 82.0], [102.0, 81.5], [101.5, 81.0], [101.5, 80.0], [101.0, 79.5], [100.0, 79.5], [99.0, 79.5], [98.5, 80.0], [98.0, 80.5], [97.0, 80.5], [96.5, 81.0], [96.0, 81.5], [95.0, 81.5], [94.0, 81.5], [93.0, 81.5], [92.0, 81.5], [91.0, 81.5], [90.0, 81.5], [89.0, 81.5], [88.5, 82.0], [88.0, 82.5], [87.5, 83.0], [87.0, 83.5]]"
SLICE,Z7,BF_R,-16.770339369782107,-0.0054903030401192154,-172.23098754883,0.0,,
SLICE,Z7,BF_SH_R,-16.770339369782107,-0.0054903030401192154,-172.23098754883,0.0,,
SLICE,Z7,AM_R,-16.770339369782107,-0.0054903030401192154,-172.23098754883,495.0,0.8913612605224228,"[[84.0, 78.5], [83.5, 79.0], [83.5, 80.0], [83.5, 81.0], [84.0, 81.5], [85.0, 81.5], [86.0, 81.5], [87.0, 81.5], [88.0, 81.5], [89.0, 81.5], [90.0, 81.5], [90.5, 81.0], [91.0, 80.5], [92.0, 80.5], [93.0, 80.5], [94.0, 80.5], [94.5, 80.0], [95.0, 79.5], [96.0, 79.5], [97.0, 79.5], [97.5, 80.0], [98.0, 80.5], [98.5, 80.0], [99.0, 79.5], [100.0, 79.5], [101.0, 79.5], [102.0, 79.5], [102.5, 80.0], [103.0, 80.5], [103.5, 81.0], [104.0, 81.5], [105.0, 81.5], [105.5, 82.0], [105.5, 83.0], [106.0, 83.5], [107.0, 83.5], [108.0, 83.5], [109.0, 83.5], [109.5, 83.0], [110.0, 82.5], [111.0, 82.5], [112.0, 82.5], [113.0, 82.5], [113.5, 82.0], [114.0, 81.5], [115.0, 81.5], [115.5, 81.0], [116.0, 80.5], [116.5, 80.0], [117.0, 79.5], [118.0, 79.5], [118.5, 79.0], [119.0, 78.5], [119.5, 78.0], [119.5, 77.0], [119.5, 76.0], [120.0, 75.5], [120.5, 75.0], [121.0, 74.5], [121.5, 74.0], [122.0, 73.5], [123.0, 73.5], [123.5, 73.0], [124.0, 72.5], [124.5, 72.0], [125.0, 71.5], [126.0, 71.5], [126.5, 71.0], [127.0, 70.5], [127.5, 70.0], [128.0, 69.5], [128.5, 69.0], [129.0, 68.5], [129.5, 68.0], [129.5, 67.0], [130.0, 66.5], [130.5, 66.0], [131.0, 65.5], [131.5, 65.0], [131.5, 64.0], [131.5, 63.0], [132.0, 62.5], [132.5, 62.0], [132.0, 61.5], [131.0, 61.5], [130.5, 62.0], [130.0, 62.5], [129.0, 62.5], [128.5, 63.0], [128.0, 63.5], [127.0, 63.5], [126.5, 64.0], [126.0, 64.5], [125.0, 64.5], [124.5, 65.0], [124.0, 65.5], [123.0, 65.5], [122.5, 66.0], [122.0, 66.5], [121.0, 66.5], [120.0, 66.5], [119.0, 66.5], [118.0, 66.5], [117.0, 66.5], [116.0, 66.5], [115.0, 66.5], [114.0, 66.5], [113.0, 66.5], [112.0, 66.5], [111.0, 66.5], [110.0, 66.5], [109.0, 66.5], [108.0, 66.5], [107.0, 66.5], [106.0, 66.5], [105.0, 66.5], [104.0, 66.5], [103.0, 66.5], [102.0, 66.5], [101.5, 67.0], [101.0, 67.5], [100.0, 67.5], [99.5, 68.0], [99.0, 68.5], [98.5, 69.0], [98.0, 69.5], [97.0, 69.5], [96.0, 69.5], [95.5, 70.0], [95.0, 70.5], [94.0, 70.5], [93.5, 71.0], [93.0, 71.5], [92.5, 72.0], [92.0, 72.5], [91.5, 73.0], [91.0, 73.5], [90.5, 74.0], [90.0, 74.5], [89.5, 75.0], [89.0, 75.5], [88.5, 76.0], [88.0, 76.5], [87.0, 76.5], [86.5, 77.0], [86.0, 77.5], [85.0, 77.5], [84.5, 78.0]]"
SLICE,Z7,AL_R,-16.770339369782107,-0.0054903030401192154,-172.23098754883,359.0,0.4933441883096636,"[[102.0, 57.5], [101.5, 58.0], [101.5, 59.0], [102.0, 59.5], [102.5, 60.0], [103.0, 60.5], [104.0, 60.5], [104.5, 61.0], [105.0, 61.5], [106.0, 61.5], [107.0, 61.5], [108.0, 61.5], [109.0, 61.5], [109.5, 61.0], [110.0, 60.5], [111.0, 60.5], [112.0, 60.5], [113.0, 60.5], [114.0, 60.5], [115.0, 60.5], [116.0, 60.5], [117.0, 60.5], [118.0, 60.5], [119.0, 60.5], [120.0, 60.5], [121.0, 60.5], [122.0, 60.5], [123.0, 60.5], [124.0, 60.5], [125.0, 60.5], [126.0, 60.5], [127.0, 60.5], [128.0, 60.5], [129.0, 60.5], [129.5, 60.0], [130.0, 59.5], [130.5, 59.0], [131.0, 58.5], [131.5, 58.0], [131.5, 57.0], [132.0, 56.5], [132.5, 56.0], [132.5, 55.0], [133.0, 54.5], [133.5, 54.0], [133.0, 53.5], [132.5, 53.0], [133.0, 52.5], [133.5, 52.0], [133.5, 51.0], [133.0, 50.5], [132.0, 50.5], [131.5, 50.0], [131.5, 49.0], [131.0, 48.5], [130.5, 48.0], [130.0, 47.5], [129.0, 47.5], [128.0, 47.5], [127.0, 47.5], [126.5, 47.0], [126.0, 46.5], [125.0, 46.5], [124.0, 46.5], [123.0, 46.5], [122.0, 46.5], [121.0, 46.5], [120.0, 46.5], [119.0, 46.5], [118.0, 46.5], [117.0, 46.5], [116.0, 46.5], [115.0, 46.5], [114.5, 47.0], [114.0, 47.5], [113.0, 47.5], [112.5, 48.0], [112.0, 48.5], [111.0, 48.5], [110.5, 49.0], [110.0, 49.5], [109.5, 50.0], [109.0, 50.5], [108.5, 51.0], [108.0, 51.5], [107.0, 51.5], [106.5, 52.0], [106.5, 53.0], [106.0, 53.5], [105.0, 53.5], [104.5, 54.0], [104.0, 54.5], [103.5, 55.0], [103.0, 55.5], [102.5, 56.0], [102.5, 57.0]]"
SLICE,Z7,AB_R,-16.770339369782107,-0.0054903030401192154,-172.23098754883,237.0,0.42174128027013724,"[[93.0, 67.5], [92.5, 68.0], [92.5, 69.0], [93.0, 69.5], [93.5, 70.0], [94.0, 70.5], [95.0, 70.5], [95.5, 70.0], [96.0, 69.5], [97.0, 69.5], [98.0, 69.5], [98.5, 69.0], [99.0, 68.5], [99.5, 68.0], [100.0, 67.5], [101.0, 67.5], [101.5, 67.0], [102.0, 66.5], [103.0, 66.5], [104.0, 66.5], [105.0, 66.5], [106.0, 66.5], [107.0, 66.5], [108.0, 66.5], [109.0, 66.5], [110.0, 66.5], [111.0, 66.5], [112.0, 66.5], [113.0, 66.5], [114.0, 66.5], [115.0, 66.5], [116.0, 66.5], [117.0, 66.5], [118.0, 66.5], [119.0, 66.5], [120.0, 66.5], [121.0, 66.5], [122.0, 66.5], [122.5, 66.0], [123.0, 65.5], [124.0, 65.5], [124.5, 65.0], [125.0, 64.5], [126.0, 64.5], [126.5, 64.0], [127.0, 63.5], [127.5, 63.0], [128.0, 62.5], [129.0, 62.5], [129.5, 62.0], [130.0, 61.5], [131.0, 61.5], [132.0, 61.5], [132.5, 61.0], [132.5, 60.0], [133.0, 59.5], [133.5, 59.0], [133.5, 58.0], [134.0, 57.5], [134.5, 57.0], [134.5, 56.0], [134.5, 55.0], [134.5, 54.0], [134.5, 53.0], [134.0, 52.5], [133.0, 52.5], [132.5, 53.0], [133.0, 53.5], [133.5, 54.0], [133.0, 54.5], [132.5, 55.0], [132.5, 56.0], [132.0, 56.5], [131.5, 57.0], [131.5, 58.0], [131.0, 58.5], [130.5, 59.0], [130.0, 59.5], [129.5, 60.0], [129.0, 60.5], [128.0, 60.5], [127.0, 60.5], [126.0, 60.5], [125.0, 60.5], [124.0, 60.5], [123.0, 60.5], [122.0, 60.5], [121.0, 60.5], [120.0, 60.5], [119.0, 60.5], [118.0, 60.5], [117.0, 60.5], [116.0, 60.5], [115.0, 60.5], [114.0, 60.5], [113.0, 60.5], [112.0, 60.5], [111.0, 60.5], [110.0, 60.5], [109.5, 61.0], [109.0, 61.5], [108.0, 61.5], [107.0, 61.5], [106.0, 61.5], [105.0, 61.5], [104.5, 61.0], [104.0, 60.5], [103.0, 60.5], [102.5, 60.0], [102.0, 59.5], [101.5, 59.0], [101.0, 58.5], [100.0, 58.5], [99.5, 59.0], [99.0, 59.5], [98.5, 60.0], [98.0, 60.5], [97.5, 61.0], [97.0, 61.5], [96.5, 62.0], [96.0, 62.5], [95.5, 63.0], [95.5, 64.0], [95.0, 64.5], [94.5, 65.0], [94.0, 65.5], [93.5, 66.0], [93.5, 67.0]]"
SLICE,Z7,VL_L,-16.770339369782107,-0.0054903030401192154,-172.23098754883,721.0,0.33488065409310946,"[[238.0, 50.5], [237.5, 51.0], [238.0, 51.5], [238.5, 52.0], [239.0, 52.5], [239.5, 53.0], [240.0, 53.5], [240.5, 54.0], [241.0, 54.5], [242.0, 54.5], [243.0, 54.5], [244.0, 54.5], [245.0, 54.5], [246.0, 54.5], [246.5, 55.0], [247.0, 55.5], [248.0, 55.5], [249.0, 55.5], [249.5, 56.0], [250.0, 56.5], [251.0, 56.5], [252.0, 56.5], [253.0, 56.5], [253.5, 57.0], [254.0, 57.5], [254.5, 58.0], [254.5, 59.0], [254.5, 60.0], [254.5, 61.0], [254.5, 62.0], [254.5, 63.0], [254.5, 64.0], [255.0, 64.5], [255.5, 65.0], [255.5, 66.0], [256.0, 66.5], [256.5, 67.0], [256.5, 68.0], [256.5, 69.0], [256.5, 70.0], [256.5, 71.0], [256.5, 72.0], [257.0, 72.5], [257.5, 73.0], [257.0, 73.5], [256.5, 74.0], [256.5, 75.0], [256.5, 76.0], [256.0, 76.5], [255.0, 76.5], [254.5, 77.0], [254.5, 78.0], [254.5, 79.0], [254.0, 79.5], [253.5, 80.0], [253.5, 81.0], [253.0, 81.5], [252.0, 81.5], [251.5, 82.0], [251.0, 82.5], [250.5, 83.0], [250.0, 83.5], [249.5, 84.0], [250.0, 84.5], [251.0, 84.5], [251.5, 85.0], [252.0, 85.5], [253.0, 85.5], [254.0, 85.5], [255.0, 85.5], [256.0, 85.5], [257.0, 85.5], [258.0, 85.5], [259.0, 85.5], [259.5, 85.0], [260.0, 84.5], [261.0, 84.5], [262.0, 84.5], [263.0, 84.5], [263.5, 84.0], [264.0, 83.5], [265.0, 83.5], [265.5, 83.0], [266.0, 82.5], [267.0, 82.5], [267.5, 82.0], [268.0, 81.5], [269.0, 81.5], [270.0, 81.5], [270.5, 81.0], [271.0, 80.5], [271.5, 80.0], [272.0, 79.5], [272.5, 79.0], [273.0, 78.5], [273.5, 78.0], [274.0, 77.5], [274.5, 77.0], [274.5, 76.0], [275.0, 75.5], [275.5, 75.0], [275.5, 74.0], [275.5, 73.0], [275.5, 72.0], [275.5, 71.0], [275.5, 70.0], [275.5, 69.0], [275.0, 68.5], [274.5, 68.0], [274.5, 67.0], [274.0, 66.5], [273.5, 66.0], [273.0, 65.5], [272.5, 65.0], [272.0, 64.5], [271.5, 64.0], [271.0, 63.5], [270.5, 63.0], [270.0, 62.5], [269.5, 62.0], [269.5, 61.0], [269.0, 60.5], [268.5, 60.0], [268.0, 59.5], [267.5, 59.0], [267.0, 58.5], [266.5, 58.0], [266.5, 57.0], [266.0, 56.5], [265.5, 56.0], [265.0, 55.5], [264.5, 55.0], [264.5, 54.0], [264.0, 53.5], [263.5, 53.0], [263.5, 52.0], [263.0, 51.5], [262.5, 51.0], [262.0, 50.5], [261.5, 50.0], [261.5, 49.0], [261.5, 48.0], [261.5, 47.0], [261.0, 46.5], [260.5, 46.0], [260.0, 45.5], [259.5, 45.0], [259.0, 44.5], [258.5, 44.0], [258.0, 43.5], [257.0, 43.5], [256.0, 43.5], [255.0, 43.5], [254.0, 43.5], [253.5, 44.0], [253.0, 44.5], [252.0, 44.5], [251.5, 45.0], [251.0, 45.5], [250.0, 45.5], [249.0, 45.5], [248.5, 46.0], [248.0, 46.5], [247.0, 46.5], [246.0, 46.5], [245.0, 46.5], [244.0, 46.5], [243.0, 46.5], [242.5, 47.0], [242.0, 47.5], [241.5, 48.0], [241.0, 48.5], [240.5, 49.0], [240.0, 49.5], [239.0, 49.5], [238.5, 50.0]]"
SLICE,Z7,VI_L,-16.770339369782107,-0.0054903030401192154,-172.23098754883,398.0,0.21903911688528174,"[[224.0, 51.5], [223.5, 52.0], [224.0, 52.5], [224.5, 53.0], [225.0, 53.5], [225.5, 54.0], [226.0, 54.5], [226.5, 55.0], [227.0, 55.5], [227.5, 56.0], [228.0, 56.5], [229.0, 56.5], [229.5, 57.0], [229.5, 58.0], [229.5, 59.0], [230.0, 59.5], [230.5, 60.0], [230.5, 61.0], [231.0, 61.5], [231.5, 62.0], [232.0, 62.5], [232.5, 63.0], [233.0, 63.5], [233.5, 64.0], [234.0, 64.5], [234.5, 65.0], [235.0, 65.5], [236.0, 65.5], [236.5, 65.0], [237.0, 64.5], [238.0, 64.5], [239.0, 64.5], [240.0, 64.5], [241.0, 64.5], [242.0, 64.5], [243.0, 64.5], [243.5, 65.0], [244.0, 65.5], [245.0, 65.5], [246.0, 65.5], [246.5, 66.0], [247.0, 66.5], [248.0, 66.5], [249.0, 66.5], [249.5, 67.0], [250.0, 67.5], [250.5, 68.0], [250.5, 69.0], [250.5, 70.0], [250.5, 71.0], [250.5, 72.0], [250.5, 73.0], [250.5, 74.0], [250.5, 75.0], [250.5, 76.0], [250.5, 77.0], [250.0, 77.5], [249.5, 78.0], [249.0, 78.5], [248.5, 79.0], [248.5, 80.0], [248.0, 80.5], [247.5, 81.0], [247.0, 81.5], [246.5, 82.0], [246.0, 82.5], [245.5, 83.0], [245.5, 84.0], [246.0, 84.5], [247.0, 84.5], [248.0, 84.5], [249.0, 84.5], [249.5, 84.0], [250.0, 83.5], [250.5, 83.0], [251.0, 82.5], [251.5, 82.0], [252.0, 81.5], [253.0, 81.5], [253.5, 81.0], [253.5, 80.0], [254.0, 79.5], [254.5, 79.0], [254.5, 78.0], [254.5, 77.0], [255.0, 76.5], [256.0, 76.5], [256.5, 76.0], [256.5, 75.0], [256.5, 74.0], [257.0, 73.5], [257.5, 73.0], [257.0, 72.5], [256.5, 72.0], [256.5, 71.0], [256.5, 70.0], [256.5, 69.0], [256.5, 68.0], [256.5, 67.0], [256.0, 66.5], [255.5, 66.0], [255.5, 65.0], [255.0, 64.5], [254.5, 64.0], [254.5, 63.0], [254.5, 62.0], [254.5, 61.0], [254.5, 60.0], [254.5, 59.0], [254.5, 58.0], [254.0, 57.5], [253.5, 57.0], [253.0, 56.5], [252.0, 56.5], [251.0, 56.5], [250.0, 56.5], [249.5, 56.0], [249.0, 55.5], [248.0, 55.5], [247.0, 55.5], [246.5, 55.0], [246.0, 54.5], [245.0, 54.5], [244.0, 54.5], [243.0, 54.5], [242.0, 54.5], [241.0, 54.5], [240.5, 54.0], [240.0, 53.5], [239.5, 53.0], [239.0, 52.5], [238.5, 52.0], [238.0, 51.5], [237.0, 51.5], [236.0, 51.5], [235.0, 51.5], [234.0, 51.5], [233.5, 52.0], [233.0, 52.5], [232.0, 52.5], [231.5, 52.0], [231.0, 51.5], [230.0, 51.5], [229.0, 51.5], [228.0, 51.5], [227.0, 51.5], [226.0, 51.5], [225.0, 51.5]]"
SLICE,Z7,VM_L,-16.770339369782107,-0.0054903030401192154,-172.23098754883,94.0,0.4974346971292685,"[[223.0, 53.5], [222.5, 54.0], [223.0, 54.5], [223.5, 55.0], [223.5, 56.0], [223.5, 57.0], [223.5, 58.0], [223.5, 59.0], [224.0, 59.5], [224.5, 60.0], [224.5, 61.0], [225.0, 61.5], [225.5, 62.0], [225.5, 63.0], [226.0, 63.5], [226.5, 64.0], [227.0, 64.5], [227.5, 65.0], [228.0, 65.5], [228.5, 66.0], [228.5, 67.0], [228.5, 68.0], [228.5, 69.0], [228.5, 70.0], [229.0, 70.5], [229.5, 71.0], [230.0, 71.5], [231.0, 71.5], [232.0, 71.5], [232.5, 71.0], [232.5, 70.0], [232.5, 69.0], [232.5, 68.0], [233.0, 67.5], [233.5, 67.0], [234.0, 66.5], [234.5, 66.0], [234.5, 65.0], [234.0, 64.5], [233.5, 64.0], [233.0, 63.5], [232.5, 63.0], [232.0, 62.5], [231.5, 62.0], [231.0, 61.5], [230.5, 61.0], [230.5, 60.0], [230.0, 59.5], [229.5, 59.0], [229.5, 58.0], [229.5, 57.0], [229.0, 56.5], [228.0, 56.5], [227.5, 56.0], [227.0, 55.5], [226.5, 55.0], [226.0, 54.5], [225.5, 54.0], [225.0, 53.5], [224.5, 53.0], [224.0, 52.5], [223.5, 53.0]]"
SLICE,Z7,RF_L,-16.770339369782107,-0.0054903030401192154,-172.23098754883,467.0,0.2407595847299227,"[[220.0, 46.5], [219.5, 47.0], [219.5, 48.0], [220.0, 48.5], [220.5, 49.0], [221.0, 49.5], [221.5, 50.0], [222.0, 50.5], [222.5, 51.0], [223.0, 51.5], [224.0, 51.5], [225.0, 51.5], [226.0, 51.5], [227.0, 51.5], [228.0, 51.5], [229.0, 51.5], [230.0, 51.5], [231.0, 51.5], [231.5, 52.0], [232.0, 52.5], [232.5, 52.0], [233.0, 51.5], [234.0, 51.5], [235.0, 51.5], [236.0, 51.5], [237.0, 51.5], [237.5, 51.0], [238.0, 50.5], [238.5, 50.0], [239.0, 49.5], [240.0, 49.5], [240.5, 49.0], [241.0, 48.5], [241.5, 48.0], [242.0, 47.5], [242.5, 47.0], [243.0, 46.5], [244.0, 46.5], [245.0, 46.5], [246.0, 46.5], [247.0, 46.5], [248.0, 46.5], [248.5, 46.0], [249.0, 45.5], [250.0, 45.5], [251.0, 45.5], [251.5, 45.0], [252.0, 44.5], [253.0, 44.5], [253.5, 44.0], [254.0, 43.5], [254.5, 43.0], [254.5, 42.0], [254.5, 41.0], [254.5, 40.0], [254.5, 39.0], [254.5, 38.0], [254.0, 37.5], [253.5, 37.0], [253.0, 36.5], [252.0, 36.5], [251.5, 36.0], [251.0, 35.5], [250.0, 35.5], [249.5, 35.0], [249.0, 34.5], [248.0, 34.5], [247.0, 34.5], [246.5, 34.0], [246.0, 33.5], [245.0, 33.5], [244.0, 33.5], [243.0, 33.5], [242.0, 33.5], [241.0, 33.5], [240.0, 33.5], [239.0, 33.5], [238.0, 33.5], [237.0, 33.5], [236.0, 33.5], [235.0, 33.5], [234.0, 33.5], [233.0, 33.5], [232.0, 33.5], [231.0, 33.5], [230.5, 34.0], [230.0, 34.5], [229.0, 34.5], [228.0, 34.5], [227.5, 35.0], [227.0, 35.5], [226.5, 36.0], [226.0, 36.5], [225.0, 36.5], [224.5, 37.0], [224.5, 38.0], [224.5, 39.0], [224.0, 39.5], [223.5, 40.0], [223.5, 41.0], [223.0, 41.5], [222.5, 42.0], [222.0, 42.5], [221.5, 43.0], [221.5, 44.0], [221.5, 45.0], [221.0, 45.5], [220.5, 46.0]]"
SLICE,Z7,SAR_L,-16.770339369782107,-0.0054903030401192154,-172.23098754883,268.0,0.4066012589766046,"[[208.0, 39.5], [207.5, 40.0], [207.5, 41.0], [207.5, 42.0], [207.5, 43.0], [207.5, 44.0], [208.0, 44.5], [209.0, 44.5], [209.5, 45.0], [210.0, 45.5], [210.5, 46.0], [211.0, 46.5], [212.0, 46.5], [213.0, 46.5], [214.0, 46.5], [215.0, 46.5], [216.0, 46.5], [217.0, 46.5], [218.0, 46.5], [219.0, 46.5], [220.0, 46.5], [220.5, 46.0], [221.0, 45.5], [221.5, 45.0], [221.5, 44.0], [221.5, 43.0], [222.0, 42.5], [222.5, 42.0], [223.0, 41.5], [223.5, 41.0], [223.5, 40.0], [224.0, 39.5], [224.5, 39.0], [224.5, 38.0], [224.5, 37.0], [225.0, 36.5], [226.0, 36.5], [226.5, 36.0], [227.0, 35.5], [227.5, 35.0], [227.5, 34.0], [227.5, 33.0], [227.5, 32.0], [227.5, 31.0], [227.5, 30.0], [227.0, 29.5], [226.5, 29.0], [226.0, 28.5], [225.0, 28.5], [224.5, 28.0], [224.0, 27.5], [223.0, 27.5], [222.0, 27.5], [221.0, 27.5], [220.0, 27.5], [219.0, 27.5], [218.5, 28.0], [218.0, 28.5], [217.0, 28.5], [216.0, 28.5], [215.5, 29.0], [215.5, 30.0], [215.0, 30.5], [214.0, 30.5], [213.5, 31.0], [213.5, 32.0], [213.0, 32.5], [212.5, 33.0], [212.0, 33.5], [211.0, 33.5], [210.5, 34.0], [210.5, 35.0], [210.0, 35.5], [209.5, 36.0], [209.0, 36.5], [208.5, 37.0], [208.5, 38.0], [208.5, 39.0]]"
SLICE,Z7,GRA_L,-16.770339369782107,-0.0054903030401192154,-172.23098754883,27.0,0.7361998156989115,"[[179.0, 62.5], [178.5, 63.0], [178.5, 64.0], [179.0, 64.5], [179.5, 65.0], [180.0, 65.5], [180.5, 66.0], [181.0, 66.5], [181.5, 67.0], [182.0, 67.5], [182.5, 68.0], [183.0, 68.5], [183.5, 69.0], [184.0, 69.5], [185.0, 69.5], [185.5, 70.0], [186.0, 70.5], [187.0, 70.5], [187.5, 70.0], [187.0, 69.5], [186.5, 69.0], [186.0, 68.5], [185.5, 68.0], [185.0, 67.5], [184.5, 67.0], [184.5, 66.0], [184.0, 65.5], [183.5, 65.0], [183.0, 64.5], [182.5, 64.0], [182.0, 63.5], [181.5, 63.0], [181.0, 62.5], [180.5, 62.0], [180.0, 61.5], [179.5, 62.0]]"
SLICE,Z7,SM_L,-16.770339369782107,-0.0054903030401192154,-172.23098754883,0.0,,
SLICE,Z7,ST_L,-16.770339369782107,-0.0054903030401192154,-172.23098754883,156.0,0.47824656567946877,"[[211.0, 81.5], [210.5, 82.0], [211.0, 82.5], [211.5, 83.0], [211.5, 84.0], [212.0, 84.5], [212.5, 85.0], [212.5, 86.0], [213.0, 86.5], [213.5, 87.0], [214.0, 87.5], [214.5, 88.0], [215.0, 88.5], [215.5, 89.0], [216.0, 89.5], [217.0, 89.5], [218.0, 89.5], [218.5, 90.0], [219.0, 90.5], [219.5, 91.0], [220.0, 91.5], [220.5, 92.0], [221.0, 92.5], [222.0, 92.5], [223.0, 92.5], [223.5, 93.0], [224.0, 93.5], [224.5, 93.0], [225.0, 92.5], [226.0, 92.5], [227.0, 92.5], [228.0, 92.5], [228.5, 92.0], [229.0, 91.5], [229.5, 91.0], [229.5, 90.0], [229.0, 89.5], [228.5, 89.0], [228.0, 88.5], [227.5, 88.0], [227.5, 87.0], [227.5, 86.0], [227.5, 85.0], [227.0, 84.5], [226.5, 84.0], [226.0, 83.5], [225.5, 83.0], [225.0, 82.5], [224.5, 82.0], [224.0, 81.5], [223.0, 81.5], [222.0, 81.5], [221.5, 81.0], [221.0, 80.5], [220.0, 80.5], [219.0, 80.5], [218.0, 80.5], [217.0, 80.5], [216.0, 80.5], [215.5, 80.0], [215.0, 79.5], [214.0, 79.5], [213.0, 79.5], [212.5, 80.0], [212.0, 80.5], [211.5, 81.0]]"
SLICE,Z7,BF_L,-16.770339369782107,-0.0054903030401192154,-172.23098754883,0.0,,
SLICE,Z7,BF_SH_L,-16.770339369782107,-0.0054903030401192154,-172.23098754883,0.0,,
SLICE,Z7,AM_L,-16.770339369782107,-0.0054903030401192154,-172.23098754883,499.0,0.7989349485093165,"[[179.0, 60.5], [178.5, 61.0], [178.5, 62.0], [179.0, 62.5], [179.5, 62.0], [180.0, 61.5], [180.5, 62.0], [181.0, 62.5], [181.5, 63.0], [182.0, 63.5], [182.5, 64.0], [183.0, 64.5], [183.5, 65.0], [184.0, 65.5], [184.5, 66.0], [184.5, 67.0], [185.0, 67.5], [185.5, 68.0], [186.0, 68.5], [186.5, 69.0], [187.0, 69.5], [187.5, 70.0], [187.5, 71.0], [188.0, 71.5], [189.0, 71.5], [189.5, 72.0], [190.0, 72.5], [190.5, 73.0], [191.0, 73.5], [192.0, 73.5], [192.5, 74.0], [193.0, 74.5], [193.5, 75.0], [194.0, 75.5], [194.5, 76.0], [195.0, 76.5], [195.5, 77.0], [196.0, 77.5], [197.0, 77.5], [197.5, 78.0], [198.0, 78.5], [199.0, 78.5], [199.5, 79.0], [200.0, 79.5], [201.0, 79.5], [202.0, 79.5], [203.0, 79.5], [203.5, 80.0], [204.0, 80.5], [205.0, 80.5], [206.0, 80.5], [207.0, 80.5], [207.5, 80.0], [208.0, 79.5], [209.0, 79.5], [210.0, 79.5], [210.5, 80.0], [210.5, 81.0], [211.0, 81.5], [211.5, 81.0], [212.0, 80.5], [212.5, 80.0], [213.0, 79.5], [214.0, 79.5], [214.5, 79.0], [214.0, 78.5], [213.0, 78.5], [212.0, 78.5], [211.5, 78.0], [211.5, 77.0], [212.0, 76.5], [213.0, 76.5], [214.0, 76.5], [215.0, 76.5], [216.0, 76.5], [216.5, 77.0], [217.0, 77.5], [217.5, 78.0], [218.0, 78.5], [218.5, 79.0], [219.0, 79.5], [219.5, 80.0], [220.0, 80.5], [221.0, 80.5], [221.5, 81.0], [222.0, 81.5], [223.0, 81.5], [224.0, 81.5], [224.5, 82.0], [225.0, 82.5], [225.5, 83.0], [226.0, 83.5], [226.5, 84.0], [227.0, 84.5], [228.0, 84.5], [228.5, 85.0], [228.0, 85.5], [227.5, 86.0], [227.5, 87.0], [227.5, 88.0], [228.0, 88.5], [228.5, 89.0], [229.0, 89.5], [229.5, 89.0], [230.0, 88.5], [231.0, 88.5], [232.0, 88.5], [233.0, 88.5], [234.0, 88.5], [234.5, 88.0], [234.5, 87.0], [235.0, 86.5], [235.5, 86.0], [236.0, 85.5], [236.5, 85.0], [236.5, 84.0], [236.5, 83.0], [236.5, 82.0], [236.0, 81.5], [235.5, 81.0], [235.0, 80.5], [234.5, 80.0], [234.0, 79.5], [233.5, 79.0], [233.0, 78.5], [232.0, 78.5], [231.5, 78.0], [231.0, 77.5], [230.5, 77.0], [230.5, 76.0], [230.0, 75.5], [229.0, 75.5], [228.5, 75.0], [228.0, 74.5], [227.0, 74.5], [226.5, 74.0], [226.5, 73.0], [226.0, 72.5], [225.0, 72.5], [224.5, 72.0], [224.0, 71.5], [223.0, 71.5], [222.0, 71.5], [221.0, 71.5], [220.0, 71.5], [219.0, 71.5], [218.0, 71.5], [217.0, 71.5], [216.5, 71.0], [216.0, 70.5], [215.0, 70.5], [214.0, 70.5], [213.5, 70.0], [213.0, 69.5], [212.0, 69.5], [211.0, 69.5], [210.0, 69.5], [209.0, 69.5], [208.0, 69.5], [207.5, 69.0], [207.0, 68.5], [206.0, 68.5], [205.0, 68.5], [204.0, 68.5], [203.5, 68.0], [203.0, 67.5], [202.0, 67.5], [201.0, 67.5], [200.0, 67.5], [199.0, 67.5], [198.0, 67.5], [197.0, 67.5], [196.0, 67.5], [195.0, 67.5], [194.0, 67.5], [193.0, 67.5], [192.5, 67.0], [192.0, 66.5], [191.0, 66.5], [190.0, 66.5], [189.5, 66.0], [189.5, 65.0], [189.0, 64.5], [188.0, 64.5], [187.5, 64.0], [187.0, 63.5], [186.5, 63.0], [186.0, 62.5], [185.0, 62.5], [184.5, 62.0], [184.0, 61.5], [183.0, 61.5], [182.5, 61.0], [182.0, 60.5], [181.0, 60.5], [180.0, 60.5]]"
SLICE,Z7,AL_L,-16.770339369782107,-0.0054903030401192154,-172.23098754883,529.0,0.31228821721766425,"[[178.0, 48.5], [177.5, 49.0], [177.5, 50.0], [177.5, 51.0], [177.5, 52.0], [177.5, 53.0], [178.0, 53.5], [178.5, 54.0], [179.0, 54.5], [179.5, 55.0], [179.5, 56.0], [180.0, 56.5], [180.5, 57.0], [181.0, 57.5], [181.5, 58.0], [181.5, 59.0], [182.0, 59.5], [182.5, 60.0], [183.0, 60.5], [183.5, 61.0], [184.0, 61.5], [185.0, 61.5], [186.0, 61.5], [186.5, 62.0], [187.0, 62.5], [188.0, 62.5], [189.0, 62.5], [190.0, 62.5], [191.0, 62.5], [192.0, 62.5], [192.5, 62.0], [193.0, 61.5], [194.0, 61.5], [195.0, 61.5], [196.0, 61.5], [197.0, 61.5], [198.0, 61.5], [199.0, 61.5], [200.0, 61.5], [200.5, 62.0], [201.0, 62.5], [202.0, 62.5], [203.0, 62.5], [204.0, 62.5], [205.0, 62.5], [206.0, 62.5], [207.0, 62.5], [208.0, 62.5], [209.0, 62.5], [210.0, 62.5], [211.0, 62.5], [212.0, 62.5], [213.0, 62.5], [214.0, 62.5], [214.5, 62.0], [215.0, 61.5], [216.0, 61.5], [216.5, 61.0], [217.0, 60.5], [217.5, 60.0], [217.5, 59.0], [217.0, 58.5], [216.5, 58.0], [216.5, 57.0], [216.5, 56.0], [216.0, 55.5], [215.0, 55.5], [214.5, 55.0], [214.0, 54.5], [213.5, 54.0], [213.0, 53.5], [212.0, 53.5], [211.5, 53.0], [211.0, 52.5], [210.5, 52.0], [210.0, 51.5], [209.5, 51.0], [209.0, 50.5], [208.0, 50.5], [207.5, 50.0], [207.0, 49.5], [206.5, 49.0], [206.0, 48.5], [205.0, 48.5], [204.5, 48.0], [204.0, 47.5], [203.0, 47.5], [202.5, 47.0], [202.0, 46.5], [201.0, 46.5], [200.5, 46.0], [200.0, 45.5], [199.0, 45.5], [198.0, 45.5], [197.0, 45.5], [196.0, 45.5], [195.0, 45.5], [194.0, 45.5], [193.0, 45.5], [192.0, 45.5], [191.0, 45.5], [190.0, 45.5], [189.0, 45.5], [188.0, 45.5], [187.0, 45.5], [186.0, 45.5], [185.0, 45.5], [184.0, 45.5], [183.0, 45.5], [182.0, 45.5], [181.0, 45.5], [180.5, 46.0], [180.0, 46.5], [179.5, 47.0], [179.0, 47.5], [178.5, 48.0]]"
SLICE,Z7,AB_L,-16.770339369782107,-0.0054903030401192154,-172.23098754883,274.0,0.38238094055494576,"[[186.0, 61.5], [185.5, 62.0], [186.0, 62.5], [186.5, 63.0], [187.0, 63.5], [187.5, 64.0], [188.0, 64.5], [189.0, 64.5], [189.5, 65.0], [189.5, 66.0], [190.0, 66.5], [191.0, 66.5], [192.0, 66.5], [192.5, 67.0], [193.0, 67.5], [194.0, 67.5], [195.0, 67.5], [196.0, 67.5], [197.0, 67.5], [198.0, 67.5], [199.0, 67.5], [200.0, 67.5], [201.0, 67.5], [202.0, 67.5], [203.0, 67.5], [203.5, 68.0], [204.0, 68.5], [205.0, 68.5], [206.0, 68.5], [207.0, 68.5], [207.5, 69.0], [208.0, 69.5], [209.0, 69.5], [210.0, 69.5], [211.0, 69.5], [212.0, 69.5], [213.0, 69.5], [213.5, 70.0], [214.0, 70.5], [215.0, 70.5], [216.0, 70.5], [216.5, 71.0], [217.0, 71.5], [218.0, 71.5], [219.0, 71.5], [220.0, 71.5], [221.0, 71.5], [222.0, 71.5], [223.0, 71.5], [224.0, 71.5], [224.5, 72.0], [225.0, 72.5], [226.0, 72.5], [226.5, 73.0], [226.5, 74.0], [227.0, 74.5], [228.0, 74.5], [228.5, 75.0], [229.0, 75.5], [229.5, 75.0], [230.0, 74.5], [230.5, 74.0], [230.0, 73.5], [229.5, 73.0], [229.5, 72.0], [229.0, 71.5], [228.5, 71.0], [228.0, 70.5], [227.5, 70.0], [227.0, 69.5], [226.5, 69.0], [226.0, 68.5], [225.0, 68.5], [224.5, 68.0], [224.5, 67.0], [224.5, 66.0], [224.0, 65.5], [223.5, 65.0], [223.0, 64.5], [222.0, 64.5], [221.5, 64.0], [221.0, 63.5], [220.5, 63.0], [220.0, 62.5], [219.5, 62.0], [219.5, 61.0], [219.0, 60.5], [218.0, 60.5], [217.0, 60.5], [216.5, 61.0], [216.0, 61.5], [215.0, 61.5], [214.5, 62.0], [214.0, 62.5], [213.0, 62.5], [212.0, 62.5], [211.0, 62.5], [210.0, 62.5], [209.0, 62.5], [208.0, 62.5], [207.0, 62.5], [206.0, 62.5], [205.0, 62.5], [204.0, 62.5], [203.0, 62.5], [202.0, 62.5], [201.0, 62.5], [200.5, 62.0], [200.0, 61.5], [199.0, 61.5], [198.0, 61.5], [197.0, 61.5], [196.0, 61.5], [195.0, 61.5], [194.0, 61.5], [193.0, 61.5], [192.5, 62.0], [192.0, 62.5], [191.0, 62.5], [190.0, 62.5], [189.0, 62.5], [188.0, 62.5], [187.0, 62.5], [186.5, 62.0]]"
SLICE,Z8,VL_R,-16.770339369782107,-0.0054903030401192154,-142.23098754883,497.0,0.5152503527146086,"[[50.0, 63.5], [49.5, 64.0], [49.5, 65.0], [49.5, 66.0], [49.5, 67.0], [49.5, 68.0], [49.5, 69.0], [50.0, 69.5], [50.5, 70.0], [50.5, 71.0], [50.5, 72.0], [51.0, 72.5], [51.5, 73.0], [52.0, 73.5], [52.5, 74.0], [53.0, 74.5], [53.5, 75.0], [54.0, 75.5], [54.5, 76.0], [55.0, 76.5], [55.5, 77.0], [56.0, 77.5], [57.0, 77.5], [57.5, 78.0], [58.0, 78.5], [59.0, 78.5], [59.5, 79.0], [60.0, 79.5], [61.0, 79.5], [62.0, 79.5], [63.0, 79.5], [64.0, 79.5], [64.5, 79.0], [65.0, 78.5], [65.5, 78.0], [65.5, 77.0], [65.5, 76.0], [65.0, 75.5], [64.5, 75.0], [64.5, 74.0], [64.5, 73.0], [64.5, 72.0], [64.5, 71.0], [64.0, 70.5], [63.5, 70.0], [63.5, 69.0], [63.5, 68.0], [64.0, 67.5], [64.5, 67.0], [64.5, 66.0], [64.5, 65.0], [64.5, 64.0], [65.0, 63.5], [65.5, 63.0], [66.0, 62.5], [66.5, 62.0], [66.5, 61.0], [66.5, 60.0], [67.0, 59.5], [68.0, 59.5], [68.5, 59.0], [68.5, 58.0], [69.0, 57.5], [69.5, 57.0], [69.5, 56.0], [70.0, 55.5], [71.0, 55.5], [71.5, 55.0], [72.0, 54.5], [72.5, 54.0], [73.0, 53.5], [74.0, 53.5], [74.5, 53.0], [75.0, 52.5], [75.5, 52.0], [76.0, 51.5], [77.0, 51.5], [77.5, 51.0], [78.0, 50.5], [79.0, 50.5], [79.5, 50.0], [79.5, 49.0], [79.5, 48.0], [79.5, 47.0], [79.0, 46.5], [78.5, 46.0], [78.0, 45.5], [77.0, 45.5], [76.0, 45.5], [75.5, 45.0], [75.0, 44.5], [74.5, 44.0], [74.0, 43.5], [73.0, 43.5], [72.0, 43.5], [71.0, 43.5], [70.0, 43.5], [69.5, 44.0], [69.0, 44.5], [68.5, 45.0], [68.0, 45.5], [67.0, 45.5], [66.0, 45.5], [65.5, 46.0], [65.0, 46.5], [64.5, 47.0], [64.0, 47.5], [63.5, 48.0], [63.0, 48.5], [62.5, 49.0], [62.0, 49.5], [61.5, 50.0], [61.0, 50.5], [60.0, 50.5], [59.5, 51.0], [59.0, 51.5], [58.5, 52.0], [58.5, 53.0], [58.0, 53.5], [57.0, 53.5], [56.5, 54.0], [56.0, 54.5], [55.5, 55.0], [55.0, 55.5], [54.5, 56.0], [54.0, 56.5], [53.5, 57.0], [53.5, 58.0], [53.0, 58.5], [52.5, 59.0], [52.0, 59.5], [51.5, 60.0], [51.0, 60.5], [50.5, 61.0], [50.5, 62.0], [50.5, 63.0]]"
SLICE,Z8,VI_R,-16.770339369782107,-0.0054903030401192154,-142.23098754883,160.0,0.31724147782666406,"[[67.0, 59.5], [66.5, 60.0], [66.5, 61.0], [67.0, 61.5], [68.0, 61.5], [69.0, 61.5], [70.0, 61.5], [71.0, 61.5], [72.0, 61.5], [73.0, 61.5], [74.0, 61.5], [75.0, 61.5], [76.0, 61.5], [77.0, 61.5], [78.0, 61.5], [78.5, 61.0], [79.0, 60.5], [80.0, 60.5], [81.0, 60.5], [81.5, 60.0], [82.0, 59.5], [83.0, 59.5], [83.5, 60.0], [84.0, 60.5], [85.0, 60.5], [86.0, 60.5], [86.5, 60.0], [86.5, 59.0], [86.5, 58.0], [87.0, 57.5], [87.5, 57.0], [87.5, 56.0], [87.0, 55.5], [86.5, 55.0], [86.5, 54.0], [86.5, 53.0], [86.0, 52.5], [85.5, 52.0], [85.0, 51.5], [84.5, 51.0], [84.0, 50.5], [83.0, 50.5], [82.0, 50.5], [81.0, 50.5], [80.0, 50.5], [79.0, 50.5], [78.0, 50.5], [77.5, 51.0], [77.0, 51.5], [76.0, 51.5], [75.5, 52.0], [75.0, 52.5], [74.5, 53.0], [74.0, 53.5], [73.0, 53.5], [72.5, 54.0], [72.0, 54.5], [71.5, 55.0], [71.0, 55.5], [70.0, 55.5], [69.5, 56.0], [69.5, 57.0], [69.0, 57.5], [68.5, 58.0], [68.5, 59.0], [68.0, 59.5]]"
SLICE,Z8,VM_R,-16.770339369782107,-0.0054903030401192154,-142.23098754883,0.0,,
SLICE,Z8,RF_R,-16.770339369782107,-0.0054903030401192154,-142.23098754883,364.0,0.306745712898721,"[[71.0, 33.5], [70.5, 34.0], [70.5, 35.0], [70.5, 36.0], [70.5, 37.0], [70.5, 38.0], [70.5, 39.0], [71.0, 39.5], [71.5, 40.0], [71.5, 41.0], [72.0, 41.5], [73.0, 41.5], [73.5, 42.0], [73.5, 43.0], [74.0, 43.5], [74.5, 44.0], [75.0, 44.5], [76.0, 44.5], [76.5, 45.0], [77.0, 45.5], [78.0, 45.5], [78.5, 46.0], [79.0, 46.5], [80.0, 46.5], [81.0, 46.5], [81.5, 47.0], [82.0, 47.5], [83.0, 47.5], [83.5, 48.0], [84.0, 48.5], [85.0, 48.5], [86.0, 48.5], [87.0, 48.5], [88.0, 48.5], [89.0, 48.5], [90.0, 48.5], [90.5, 48.0], [91.0, 47.5], [92.0, 47.5], [92.5, 47.0], [93.0, 46.5], [94.0, 46.5], [94.5, 46.0], [95.0, 45.5], [96.0, 45.5], [96.5, 45.0], [97.0, 44.5], [97.5, 44.0], [98.0, 43.5], [98.5, 43.0], [98.5, 42.0], [98.5, 41.0], [98.5, 40.0], [98.0, 39.5], [97.0, 39.5], [96.5, 39.0], [96.0, 38.5], [95.0, 38.5], [94.5, 38.0], [94.5, 37.0], [94.0, 36.5], [93.0, 36.5], [92.0, 36.5], [91.5, 36.0], [91.5, 35.0], [91.0, 34.5], [90.0, 34.5], [89.5, 34.0], [89.0, 33.5], [88.0, 33.5], [87.5, 33.0], [87.0, 32.5], [86.5, 32.0], [86.0, 31.5], [85.5, 31.0], [85.0, 30.5], [84.0, 30.5], [83.5, 30.0], [83.0, 29.5], [82.0, 29.5], [81.0, 29.5], [80.0, 29.5], [79.0, 29.5], [78.0, 29.5], [77.5, 30.0], [77.0, 30.5], [76.0, 30.5], [75.0, 30.5], [74.0, 30.5], [73.5, 31.0], [73.0, 31.5], [72.5, 32.0], [72.0, 32.5], [71.5, 33.0]]"
SLICE,Z8,SAR_R,-16.770339369782107,-0.0054903030401192154,-142.23098754883,272.0,0.45860819562071664,"[[85.0, 24.5], [84.5, 25.0], [84.5, 26.0], [84.5, 27.0], [84.5, 28.0], [84.5, 29.0], [84.5, 30.0], [85.0, 30.5], [85.5, 31.0], [86.0, 31.5], [86.5, 32.0], [87.0, 32.5], [87.5, 33.0], [88.0, 33.5], [89.0, 33.5], [89.5, 34.0], [90.0, 34.5], [91.0, 34.5], [91.5, 35.0], [91.5, 36.0], [92.0, 36.5], [93.0, 36.5], [94.0, 36.5], [94.5, 37.0], [94.5, 38.0], [95.0, 38.5], [96.0, 38.5], [96.5, 39.0], [97.0, 39.5], [98.0, 39.5], [98.5, 40.0], [99.0, 40.5], [100.0, 40.5], [101.0, 40.5], [101.5, 40.0], [102.0, 39.5], [103.0, 39.5], [104.0, 39.5], [104.5, 39.0], [104.5, 38.0], [105.0, 37.5], [105.5, 37.0], [106.0, 36.5], [106.5, 36.0], [106.5, 35.0], [106.5, 34.0], [106.0, 33.5], [105.5, 33.0], [105.5, 32.0], [105.0, 31.5], [104.5, 31.0], [104.5, 30.0], [104.5, 29.0], [104.0, 28.5], [103.0, 28.5], [102.5, 28.0], [102.0, 27.5], [101.5, 27.0], [101.5, 26.0], [101.0, 25.5], [100.0, 25.5], [99.5, 25.0], [99.0, 24.5], [98.5, 24.0], [98.0, 23.5], [97.0, 23.5], [96.5, 23.0], [96.0, 22.5], [95.0, 22.5], [94.5, 22.0], [94.0, 21.5], [93.0, 21.5], [92.0, 21.5], [91.0, 21.5], [90.0, 21.5], [89.0, 21.5], [88.0, 21.5], [87.5, 22.0], [87.0, 22.5], [86.5, 23.0], [86.0, 23.5], [85.5, 24.0]]"
SLICE,Z8,GRA_R,-16.770339369782107,-0.0054903030401192154,-142.23098754883,0.0,,
SLICE,Z8,SM_R,-16.770339369782107,-0.0054903030401192154,-142.23098754883,0.0,,
SLICE,Z8,ST_R,-16.770339369782107,-0.0054903030401192154,-142.23098754883,84.0,0.40911472909453844,"[[89.0, 89.5], [88.5, 90.0], [88.5, 91.0], [89.0, 91.5], [89.5, 92.0], [90.0, 92.5], [90.5, 93.0], [90.5, 94.0], [91.0, 94.5], [92.0, 94.5], [93.0, 94.5], [94.0, 94.5], [94.5, 94.0], [95.0, 93.5], [96.0, 93.5], [96.5, 93.0], [96.5, 92.0], [97.0, 91.5], [98.0, 91.5], [98.5, 91.0], [99.0, 90.5], [99.5, 90.0], [100.0, 89.5], [100.5, 89.0], [101.0, 88.5], [101.5, 88.0], [101.5, 87.0], [101.5, 86.0], [101.0, 85.5], [100.5, 85.0], [100.0, 84.5], [99.5, 84.0], [99.0, 83.5], [98.0, 83.5], [97.5, 84.0], [97.0, 84.5], [96.0, 84.5], [95.5, 85.0], [95.0, 85.5], [94.0, 85.5], [93.5, 86.0], [93.0, 86.5], [92.5, 87.0], [92.0, 87.5], [91.0, 87.5], [90.5, 88.0], [90.0, 88.5], [89.5, 89.0]]"
SLICE,Z8,BF_R,-16.770339369782107,-0.0054903030401192154,-142.23098754883,0.0,,
SLICE,Z8,BF_SH_R,-16.770339369782107,-0.0054903030401192154,-142.23098754883,0.0,,
SLICE,Z8,AM_R,-16.770339369782107,-0.0054903030401192154,-142.23098754883,584.0,0.5260682798271721,"[[87.0, 80.5], [86.5, 81.0], [87.0, 81.5], [88.0, 81.5], [89.0, 81.5], [90.0, 81.5], [90.5, 81.0], [91.0, 80.5], [91.5, 80.0], [92.0, 79.5], [93.0, 79.5], [93.5, 79.0], [94.0, 78.5], [94.5, 78.0], [94.5, 77.0], [95.0, 76.5], [96.0, 76.5], [97.0, 76.5], [98.0, 76.5], [99.0, 76.5], [100.0, 76.5], [100.5, 77.0], [101.0, 77.5], [101.5, 78.0], [102.0, 78.5], [102.5, 79.0], [103.0, 79.5], [103.5, 80.0], [103.5, 81.0], [104.0, 81.5], [104.5, 82.0], [105.0, 82.5], [105.5, 83.0], [105.5, 84.0], [106.0, 84.5], [107.0, 84.5], [108.0, 84.5], [109.0, 84.5], [109.5, 84.0], [110.0, 83.5], [111.0, 83.5], [112.0, 83.5], [113.0, 83.5], [113.5, 83.0], [114.0, 82.5], [114.5, 82.0], [115.0, 81.5], [116.0, 81.5], [116.5, 81.0], [116.5, 80.0], [117.0, 79.5], [118.0, 79.5], [119.0, 79.5], [119.5, 79.0], [120.0, 78.5], [121.0, 78.5], [121.5, 78.0], [122.0, 77.5], [122.5, 77.0], [123.0, 76.5], [124.0, 76.5], [124.5, 76.0], [124.5, 75.0], [125.0, 74.5], [126.0, 74.5], [126.5, 74.0], [126.5, 73.0], [127.0, 72.5], [127.5, 72.0], [128.0, 71.5], [129.0, 71.5], [129.5, 71.0], [130.0, 70.5], [131.0, 70.5], [131.5, 70.0], [132.0, 69.5], [132.5, 69.0], [133.0, 68.5], [133.5, 68.0], [134.0, 67.5], [134.5, 67.0], [135.0, 66.5], [136.0, 66.5], [136.5, 66.0], [136.5, 65.0], [137.0, 64.5], [138.0, 64.5], [139.0, 64.5], [139.5, 64.0], [139.5, 63.0], [140.0, 62.5], [140.5, 62.0], [141.0, 61.5], [141.5, 61.0], [142.0, 60.5], [142.5, 60.0], [143.0, 59.5], [143.5, 59.0], [143.5, 58.0], [144.0, 57.5], [144.5, 57.0], [144.5, 56.0], [144.5, 55.0], [144.5, 54.0], [144.5, 53.0], [144.0, 52.5], [143.0, 52.5], [142.5, 53.0], [143.0, 53.5], [143.5, 54.0], [143.0, 54.5], [142.5, 55.0], [142.0, 55.5], [141.5, 56.0], [141.0, 56.5], [140.5, 57.0], [140.0, 57.5], [139.0, 57.5], [138.5, 58.0], [138.0, 58.5], [137.5, 59.0], [137.0, 59.5], [136.0, 59.5], [135.0, 59.5], [134.0, 59.5], [133.5, 60.0], [133.0, 60.5], [132.0, 60.5], [131.5, 61.0], [131.0, 61.5], [130.0, 61.5], [129.0, 61.5], [128.0, 61.5], [127.0, 61.5], [126.5, 62.0], [126.0, 62.5], [125.0, 62.5], [124.5, 63.0], [124.0, 63.5], [123.0, 63.5], [122.5, 64.0], [122.0, 64.5], [121.0, 64.5], [120.0, 64.5], [119.0, 64.5], [118.0, 64.5], [117.0, 64.5], [116.0, 64.5], [115.0, 64.5], [114.0, 64.5], [113.0, 64.5], [112.0, 64.5], [111.0, 64.5], [110.5, 65.0], [110.0, 65.5], [109.5, 66.0], [109.0, 66.5], [108.0, 66.5], [107.0, 66.5], [106.0, 66.5], [105.5, 67.0], [105.0, 67.5], [104.5, 68.0], [104.0, 68.5], [103.5, 69.0], [103.0, 69.5], [102.0, 69.5], [101.0, 69.5], [100.5, 70.0], [100.0, 70.5], [99.0, 70.5], [98.0, 70.5], [97.0, 70.5], [96.5, 71.0], [96.0, 71.5], [95.5, 72.0], [95.0, 72.5], [94.5, 73.0], [94.0, 73.5], [93.5, 74.0], [93.0, 74.5], [92.5, 75.0], [92.0, 75.5], [91.0, 75.5], [90.5, 76.0], [90.5, 77.0], [90.0, 77.5], [89.5, 78.0], [89.0, 78.5], [88.5, 79.0], [88.0, 79.5], [87.5, 80.0]]"
SLICE,Z8,AL_R,-16.770339369782107,-0.0054903030401192154,-142.23098754883,0.0,,
SLICE,Z8,AB_R,-16.770339369782107,-0.0054903030401192154,-142.23098754883,586.0,0.377645144919926,"[[96.0, 68.5], [95.5, 69.0], [96.0, 69.5], [97.0, 69.5], [98.0, 69.5], [99.0, 69.5], [100.0, 69.5], [101.0, 69.5], [102.0, 69.5], [103.0, 69.5], [103.5, 69.0], [104.0, 68.5], [104.5, 68.0], [105.0, 67.5], [105.5, 67.0], [106.0, 66.5], [107.0, 66.5], [108.0, 66.5], [109.0, 66.5], [109.5, 66.0], [110.0, 65.5], [110.5, 65.0], [111.0, 64.5], [112.0, 64.5], [113.0, 64.5], [114.0, 64.5], [115.0, 64.5], [116.0, 64.5], [117.0, 64.5], [118.0, 64.5], [119.0, 64.5], [120.0, 64.5], [121.0, 64.5], [122.0, 64.5], [122.5, 64.0], [123.0, 63.5], [124.0, 63.5], [124.5, 63.0], [125.0, 62.5], [126.0, 62.5], [126.5, 62.0], [127.0, 61.5], [128.0, 61.5], [129.0, 61.5], [130.0, 61.5], [131.0, 61.5], [131.5, 61.0], [132.0, 60.5], [133.0, 60.5], [133.5, 60.0], [134.0, 59.5], [135.0, 59.5], [136.0, 59.5], [137.0, 59.5], [137.5, 59.0], [138.0, 58.5], [138.5, 58.0], [139.0, 57.5], [140.0, 57.5], [140.5, 57.0], [141.0, 56.5], [141.5, 56.0], [142.0, 55.5], [142.5, 55.0], [143.0, 54.5], [143.5, 54.0], [143.0, 53.5], [142.5, 53.0], [143.0, 52.5], [144.0, 52.5], [144.5, 52.0], [145.0, 51.5], [145.5, 51.0], [145.5, 50.0], [145.5, 49.0], [145.5, 48.0], [145.0, 47.5], [144.5, 47.0], [144.5, 46.0], [144.5, 45.0], [144.5, 44.0], [144.5, 43.0], [144.0, 42.5], [143.5, 42.0], [143.0, 41.5], [142.0, 41.5], [141.5, 41.0], [141.0, 40.5], [140.0, 40.5], [139.0, 40.5], [138.0, 40.5], [137.0, 40.5], [136.5, 41.0], [136.0, 41.5], [135.5, 42.0], [135.0, 42.5], [134.5, 43.0], [134.0, 43.5], [133.5, 44.0], [133.0, 44.5], [132.5, 45.0], [132.0, 45.5], [131.0, 45.5], [130.5, 46.0], [130.5, 47.0], [130.0, 47.5], [129.0, 47.5], [128.5, 48.0], [128.0, 48.5], [127.5, 49.0], [127.0, 49.5], [126.0, 49.5], [125.5, 50.0], [125.0, 50.5], [124.0, 50.5], [123.5, 51.0], [123.0, 51.5], [122.0, 51.5], [121.5, 52.0], [121.0, 52.5], [120.5, 53.0], [120.0, 53.5], [119.5, 53.0], [119.5, 52.0], [119.5, 51.0], [119.0, 50.5], [118.0, 50.5], [117.0, 50.5], [116.0, 50.5], [115.0, 50.5], [114.0, 50.5], [113.0, 50.5], [112.5, 51.0], [112.0, 51.5], [111.0, 51.5], [110.5, 52.0], [110.5, 53.0], [110.0, 53.5], [109.5, 54.0], [109.5, 55.0], [109.0, 55.5], [108.5, 56.0], [108.5, 57.0], [108.5, 58.0], [108.0, 58.5], [107.0, 58.5], [106.5, 59.0], [106.0, 59.5], [105.5, 60.0], [105.0, 60.5], [104.0, 60.5], [103.5, 61.0], [103.0, 61.5], [102.5, 62.0], [102.0, 62.5], [101.0, 62.5], [100.5, 63.0], [100.5, 64.0], [100.0, 64.5], [99.5, 65.0], [99.0, 65.5], [98.5, 66.0], [98.0, 66.5], [97.5, 67.0], [97.0, 67.5], [96.5, 68.0]]"
SLICE,Z8,VL_L,-16.770339369782107,-0.0054903030401192154,-142.23098754883,671.0,0.4014931634094818,"[[237.0, 51.5], [236.5, 52.0], [236.5, 53.0], [237.0, 53.5], [237.5, 54.0], [238.0, 54.5], [239.0, 54.5], [239.5, 55.0], [240.0, 55.5], [240.5, 56.0], [241.0, 56.5], [242.0, 56.5], [242.5, 57.0], [243.0, 57.5], [243.5, 58.0], [244.0, 58.5], [244.5, 59.0], [245.0, 59.5], [246.0, 59.5], [246.5, 60.0], [246.5, 61.0], [246.5, 62.0], [247.0, 62.5], [247.5, 63.0], [248.0, 63.5], [248.5, 64.0], [249.0, 64.5], [249.5, 65.0], [249.5, 66.0], [250.0, 66.5], [250.5, 67.0], [251.0, 67.5], [251.5, 68.0], [251.0, 68.5], [250.5, 69.0], [251.0, 69.5], [251.5, 70.0], [251.5, 71.0], [252.0, 71.5], [252.5, 72.0], [252.5, 73.0], [252.5, 74.0], [252.5, 75.0], [252.5, 76.0], [252.0, 76.5], [251.5, 77.0], [251.5, 78.0], [251.0, 78.5], [250.5, 79.0], [250.5, 80.0], [250.0, 80.5], [249.5, 81.0], [249.0, 81.5], [248.5, 82.0], [248.5, 83.0], [248.5, 84.0], [249.0, 84.5], [250.0, 84.5], [251.0, 84.5], [252.0, 84.5], [253.0, 84.5], [254.0, 84.5], [255.0, 84.5], [256.0, 84.5], [257.0, 84.5], [258.0, 84.5], [258.5, 84.0], [259.0, 83.5], [259.5, 83.0], [260.0, 82.5], [261.0, 82.5], [261.5, 82.0], [262.0, 81.5], [263.0, 81.5], [264.0, 81.5], [264.5, 81.0], [265.0, 80.5], [265.5, 80.0], [266.0, 79.5], [266.5, 79.0], [267.0, 78.5], [267.5, 78.0], [268.0, 77.5], [268.5, 77.0], [269.0, 76.5], [269.5, 76.0], [270.0, 75.5], [270.5, 75.0], [271.0, 74.5], [271.5, 74.0], [271.5, 73.0], [271.5, 72.0], [271.5, 71.0], [271.5, 70.0], [271.5, 69.0], [271.5, 68.0], [271.5, 67.0], [271.5, 66.0], [271.0, 65.5], [270.5, 65.0], [270.0, 64.5], [269.5, 64.0], [269.0, 63.5], [268.5, 63.0], [268.0, 62.5], [267.5, 62.0], [267.0, 61.5], [266.5, 61.0], [266.5, 60.0], [266.0, 59.5], [265.0, 59.5], [264.5, 59.0], [264.0, 58.5], [263.5, 58.0], [263.0, 57.5], [262.5, 57.0], [262.0, 56.5], [261.5, 56.0], [261.0, 55.5], [260.5, 55.0], [260.0, 54.5], [259.5, 54.0], [259.5, 53.0], [259.0, 52.5], [258.5, 52.0], [258.0, 51.5], [257.5, 51.0], [257.0, 50.5], [256.0, 50.5], [255.5, 50.0], [255.0, 49.5], [254.5, 49.0], [254.0, 48.5], [253.0, 48.5], [252.0, 48.5], [251.5, 48.0], [251.0, 47.5], [250.0, 47.5], [249.0, 47.5], [248.0, 47.5], [247.0, 47.5], [246.5, 48.0], [246.0, 48.5], [245.0, 48.5], [244.5, 49.0], [244.0, 49.5], [243.0, 49.5], [242.0, 49.5], [241.5, 50.0], [241.0, 50.5], [240.0, 50.5], [239.0, 50.5], [238.0, 50.5], [237.5, 51.0]]"
SLICE,Z8,VI_L,-16.770339369782107,-0.0054903030401192154,-142.23098754883,164.0,0.36421102778278647,"[[229.0, 54.5], [228.5, 55.0], [228.5, 56.0], [228.5, 57.0], [228.5, 58.0], [229.0, 58.5], [229.5, 59.0], [230.0, 59.5], [230.5, 60.0], [231.0, 60.5], [231.5, 61.0], [232.0, 61.5], [233.0, 61.5], [233.5, 62.0], [233.5, 63.0], [234.0, 63.5], [234.5, 64.0], [235.0, 64.5], [236.0, 64.5], [237.0, 64.5], [238.0, 64.5], [239.0, 64.5], [240.0, 64.5], [240.5, 65.0], [241.0, 65.5], [242.0, 65.5], [242.5, 66.0], [243.0, 66.5], [244.0, 66.5], [245.0, 66.5], [246.0, 66.5], [247.0, 66.5], [248.0, 66.5], [249.0, 66.5], [249.5, 66.0], [249.5, 65.0], [249.0, 64.5], [248.5, 64.0], [248.0, 63.5], [247.5, 63.0], [247.0, 62.5], [246.5, 62.0], [246.5, 61.0], [246.5, 60.0], [246.0, 59.5], [245.0, 59.5], [244.5, 59.0], [244.0, 58.5], [243.5, 58.0], [243.0, 57.5], [242.5, 57.0], [242.0, 56.5], [241.0, 56.5], [240.5, 56.0], [240.0, 55.5], [239.5, 55.0], [239.0, 54.5], [238.0, 54.5], [237.5, 54.0], [237.0, 53.5], [236.0, 53.5], [235.0, 53.5], [234.0, 53.5], [233.0, 53.5], [232.0, 53.5], [231.0, 53.5], [230.0, 53.5], [229.5, 54.0]]"
SLICE,Z8,VM_L,-16.770339369782107,-0.0054903030401192154,-142.23098754883,33.0,0.07144108120633304,"[[227.0, 59.5], [226.5, 60.0], [226.5, 61.0], [227.0, 61.5], [227.5, 62.0], [227.5, 63.0], [228.0, 63.5], [228.5, 64.0], [228.5, 65.0], [228.5, 66.0], [229.0, 66.5], [229.5, 67.0], [230.0, 67.5], [231.0, 67.5], [231.5, 67.0], [232.0, 66.5], [232.5, 66.0], [233.0, 65.5], [233.5, 65.0], [234.0, 64.5], [234.5, 64.0], [234.0, 63.5], [233.0, 63.5], [232.5, 63.0], [232.0, 62.5], [231.5, 62.0], [231.0, 61.5], [230.5, 61.0], [230.0, 60.5], [229.5, 60.0], [229.0, 59.5], [228.0, 59.5]]"
SLICE,Z8,RF_L,-16.770339369782107,-0.0054903030401192154,-142.23098754883,416.0,0.2877496664029022,"[[219.0, 41.5], [218.5, 42.0], [218.5, 43.0], [219.0, 43.5], [219.5, 44.0], [219.5, 45.0], [220.0, 45.5], [220.5, 46.0], [221.0, 46.5], [222.0, 46.5], [222.5, 47.0], [223.0, 47.5], [223.5, 48.0], [224.0, 48.5], [224.5, 49.0], [225.0, 49.5], [226.0, 49.5], [226.5, 50.0], [227.0, 50.5], [227.5, 51.0], [228.0, 51.5], [229.0, 51.5], [230.0, 51.5], [231.0, 51.5], [232.0, 51.5], [233.0, 51.5], [234.0, 51.5], [235.0, 51.5], [236.0, 51.5], [236.5, 51.0], [237.0, 50.5], [238.0, 50.5], [239.0, 50.5], [240.0, 50.5], [241.0, 50.5], [241.5, 50.0], [242.0, 49.5], [243.0, 49.5], [244.0, 49.5], [244.5, 49.0], [245.0, 48.5], [246.0, 48.5], [246.5, 48.0], [246.5, 47.0], [247.0, 46.5], [247.5, 46.0], [248.0, 45.5], [248.5, 45.0], [248.5, 44.0], [249.0, 43.5], [249.5, 43.0], [249.5, 42.0], [250.0, 41.5], [250.5, 41.0], [250.5, 40.0], [250.5, 39.0], [250.0, 38.5], [249.5, 38.0], [249.5, 37.0], [249.0, 36.5], [248.5, 36.0], [248.0, 35.5], [247.0, 35.5], [246.0, 35.5], [245.0, 35.5], [244.5, 35.0], [244.0, 34.5], [243.0, 34.5], [242.0, 34.5], [241.5, 34.0], [241.0, 33.5], [240.0, 33.5], [239.0, 33.5], [238.0, 33.5], [237.0, 33.5], [236.0, 33.5], [235.0, 33.5], [234.0, 33.5], [233.0, 33.5], [232.0, 33.5], [231.0, 33.5], [230.5, 34.0], [230.0, 34.5], [229.5, 35.0], [229.0, 35.5], [228.5, 36.0], [228.0, 36.5], [227.0, 36.5], [226.5, 37.0], [226.0, 37.5], [225.5, 38.0], [225.0, 38.5], [224.5, 39.0], [224.0, 39.5], [223.0, 39.5], [222.0, 39.5], [221.5, 40.0], [221.0, 40.5], [220.5, 41.0], [220.0, 41.5]]"
SLICE,Z8,SAR_L,-16.770339369782107,-0.0054903030401192154,-142.23098754883,282.0,0.4200925371909988,"[[210.0, 35.5], [209.5, 36.0], [209.5, 37.0], [210.0, 37.5], [210.5, 38.0], [210.5, 39.0], [211.0, 39.5], [212.0, 39.5], [212.5, 40.0], [213.0, 40.5], [214.0, 40.5], [214.5, 41.0], [215.0, 41.5], [216.0, 41.5], [217.0, 41.5], [218.0, 41.5], [219.0, 41.5], [220.0, 41.5], [220.5, 41.0], [221.0, 40.5], [221.5, 40.0], [222.0, 39.5], [223.0, 39.5], [224.0, 39.5], [224.5, 39.0], [225.0, 38.5], [225.5, 38.0], [226.0, 37.5], [226.5, 37.0], [227.0, 36.5], [228.0, 36.5], [228.5, 36.0], [229.0, 35.5], [229.5, 35.0], [230.0, 34.5], [230.5, 34.0], [230.5, 33.0], [231.0, 32.5], [231.5, 32.0], [231.5, 31.0], [231.5, 30.0], [231.5, 29.0], [231.5, 28.0], [231.5, 27.0], [231.5, 26.0], [231.0, 25.5], [230.5, 25.0], [230.0, 24.5], [229.5, 24.0], [229.0, 23.5], [228.0, 23.5], [227.0, 23.5], [226.0, 23.5], [225.0, 23.5], [224.0, 23.5], [223.0, 23.5], [222.0, 23.5], [221.0, 23.5], [220.5, 24.0], [220.0, 24.5], [219.0, 24.5], [218.5, 25.0], [218.0, 25.5], [217.0, 25.5], [216.5, 26.0], [216.0, 26.5], [215.5, 27.0], [215.0, 27.5], [214.5, 28.0], [214.0, 28.5], [213.5, 29.0], [213.5, 30.0], [213.0, 30.5], [212.5, 31.0], [212.0, 31.5], [211.5, 32.0], [211.5, 33.0], [211.0, 33.5], [210.5, 34.0], [210.5, 35.0]]"
SLICE,Z8,GRA_L,-16.770339369782107,-0.0054903030401192154,-142.23098754883,0.0,,
SLICE,Z8,SM_L,-16.770339369782107,-0.0054903030401192154,-142.23098754883,0.0,,
SLICE,Z8,ST_L,-16.770339369782107,-0.0054903030401192154,-142.23098754883,100.0,0.5565300735006191,"[[213.0, 83.5], [212.5, 84.0], [212.5, 85.0], [212.5, 86.0], [213.0, 86.5], [213.5, 87.0], [213.5, 88.0], [213.5, 89.0], [214.0, 89.5], [214.5, 90.0], [214.5, 91.0], [215.0, 91.5], [215.5, 92.0], [216.0, 92.5], [216.5, 93.0], [217.0, 93.5], [217.5, 94.0], [218.0, 94.5], [219.0, 94.5], [219.5, 95.0], [220.0, 95.5], [221.0, 95.5], [222.0, 95.5], [222.5, 95.0], [223.0, 94.5], [224.0, 94.5], [224.5, 94.0], [224.5, 93.0], [225.0, 92.5], [225.5, 92.0], [225.5, 91.0], [225.0, 90.5], [224.5, 90.0], [224.5, 89.0], [224.0, 88.5], [223.5, 88.0], [223.0, 87.5], [222.5, 87.0], [222.0, 86.5], [221.5, 86.0], [221.0, 85.5], [220.0, 85.5], [219.5, 85.0], [219.0, 84.5], [218.0, 84.5], [217.5, 84.0], [217.0, 83.5], [216.0, 83.5], [215.0, 83.5], [214.0, 83.5]]"
SLICE,Z8,BF_L,-16.770339369782107,-0.0054903030401192154,-142.23098754883,0.0,,
SLICE,Z8,BF_SH_L,-16.770339369782107,-0.0054903030401192154,-142.23098754883,0.0,,
SLICE,Z8,AM_L,-16.770339369782107,-0.0054903030401192154,-142.23098754883,553.0,0.5467446482835304,"[[171.0, 53.5], [170.5, 54.0], [170.5, 55.0], [170.5, 56.0], [171.0, 56.5], [171.5, 57.0], [171.5, 58.0], [172.0, 58.5], [172.5, 59.0], [173.0, 59.5], [173.5, 60.0], [174.0, 60.5], [174.5, 61.0], [175.0, 61.5], [175.5, 62.0], [176.0, 62.5], [176.5, 63.0], [176.5, 64.0], [177.0, 64.5], [178.0, 64.5], [178.5, 65.0], [179.0, 65.5], [179.5, 66.0], [180.0, 66.5], [180.5, 67.0], [181.0, 67.5], [182.0, 67.5], [182.5, 68.0], [183.0, 68.5], [183.5, 69.0], [184.0, 69.5], [185.0, 69.5], [185.5, 70.0], [185.5, 71.0], [186.0, 71.5], [187.0, 71.5], [188.0, 71.5], [188.5, 72.0], [188.5, 73.0], [189.0, 73.5], [190.0, 73.5], [190.5, 74.0], [191.0, 74.5], [191.5, 75.0], [192.0, 75.5], [192.5, 76.0], [193.0, 76.5], [193.5, 77.0], [194.0, 77.5], [194.5, 78.0], [195.0, 78.5], [195.5, 79.0], [196.0, 79.5], [197.0, 79.5], [198.0, 79.5], [199.0, 79.5], [200.0, 79.5], [201.0, 79.5], [201.5, 80.0], [202.0, 80.5], [202.5, 81.0], [203.0, 81.5], [204.0, 81.5], [205.0, 81.5], [206.0, 81.5], [207.0, 81.5], [208.0, 81.5], [208.5, 81.0], [209.0, 80.5], [209.5, 80.0], [210.0, 79.5], [210.5, 79.0], [210.5, 78.0], [211.0, 77.5], [211.5, 77.0], [211.5, 76.0], [211.5, 75.0], [212.0, 74.5], [213.0, 74.5], [214.0, 74.5], [215.0, 74.5], [215.5, 75.0], [216.0, 75.5], [216.5, 76.0], [217.0, 76.5], [218.0, 76.5], [218.5, 77.0], [219.0, 77.5], [219.5, 78.0], [220.0, 78.5], [220.5, 79.0], [220.5, 80.0], [221.0, 80.5], [222.0, 80.5], [222.5, 81.0], [223.0, 81.5], [224.0, 81.5], [225.0, 81.5], [226.0, 81.5], [226.5, 82.0], [227.0, 82.5], [227.5, 83.0], [228.0, 83.5], [228.5, 84.0], [229.0, 84.5], [230.0, 84.5], [230.5, 84.0], [231.0, 83.5], [231.5, 83.0], [231.5, 82.0], [231.0, 81.5], [230.5, 81.0], [230.0, 80.5], [229.0, 80.5], [228.5, 80.0], [228.0, 79.5], [227.5, 79.0], [227.0, 78.5], [226.5, 78.0], [226.0, 77.5], [225.5, 77.0], [225.0, 76.5], [224.5, 76.0], [224.0, 75.5], [223.0, 75.5], [222.5, 75.0], [222.0, 74.5], [221.5, 74.0], [221.0, 73.5], [220.0, 73.5], [219.5, 73.0], [219.0, 72.5], [218.0, 72.5], [217.5, 72.0], [217.0, 71.5], [216.0, 71.5], [215.0, 71.5], [214.5, 71.0], [214.0, 70.5], [213.5, 70.0], [213.0, 69.5], [212.0, 69.5], [211.0, 69.5], [210.0, 69.5], [209.5, 69.0], [209.0, 68.5], [208.0, 68.5], [207.5, 68.0], [207.0, 67.5], [206.5, 67.0], [206.0, 66.5], [205.0, 66.5], [204.5, 66.0], [204.0, 65.5], [203.0, 65.5], [202.0, 65.5], [201.5, 65.0], [201.0, 64.5], [200.0, 64.5], [199.0, 64.5], [198.0, 64.5], [197.0, 64.5], [196.5, 64.0], [196.0, 63.5], [195.0, 63.5], [194.0, 63.5], [193.5, 63.0], [193.0, 62.5], [192.0, 62.5], [191.5, 62.0], [191.0, 61.5], [190.0, 61.5], [189.0, 61.5], [188.0, 61.5], [187.0, 61.5], [186.5, 61.0], [186.0, 60.5], [185.0, 60.5], [184.5, 60.0], [184.0, 59.5], [183.0, 59.5], [182.0, 59.5], [181.5, 59.0], [181.0, 58.5], [180.0, 58.5], [179.5, 58.0], [179.0, 57.5], [178.5, 57.0], [178.0, 56.5], [177.0, 56.5], [176.0, 56.5], [175.5, 56.0], [175.0, 55.5], [174.5, 55.0], [174.0, 54.5], [173.5, 54.0], [173.0, 53.5], [172.0, 53.5]]"
SLICE,Z8,AL_L,-16.770339369782107,-0.0054903030401192154,-142.23098754883,187.0,0.1623969794071453,"[[178.0, 41.5], [177.5, 42.0], [178.0, 42.5], [179.0, 42.5], [179.5, 43.0], [180.0, 43.5], [180.5, 44.0], [181.0, 44.5], [181.5, 45.0], [181.0, 45.5], [180.0, 45.5], [179.5, 46.0], [180.0, 46.5], [180.5, 47.0], [180.5, 48.0], [181.0, 48.5], [181.5, 49.0], [181.5, 50.0], [182.0, 50.5], [182.5, 51.0], [183.0, 51.5], [184.0, 51.5], [185.0, 51.5], [186.0, 51.5], [187.0, 51.5], [188.0, 51.5], [189.0, 51.5], [190.0, 51.5], [191.0, 51.5], [191.5, 52.0], [192.0, 52.5], [193.0, 52.5], [194.0, 52.5], [195.0, 52.5], [196.0, 52.5], [197.0, 52.5], [198.0, 52.5], [199.0, 52.5], [200.0, 52.5], [200.5, 52.0], [201.0, 51.5], [202.0, 51.5], [203.0, 51.5], [203.5, 51.0], [203.5, 50.0], [203.5, 49.0], [203.0, 48.5], [202.0, 48.5], [201.5, 48.0], [201.5, 47.0], [201.0, 46.5], [200.0, 46.5], [199.5, 46.0], [199.0, 45.5], [198.0, 45.5], [197.0, 45.5], [196.5, 45.0], [196.0, 44.5], [195.0, 44.5], [194.5, 44.0], [194.0, 43.5], [193.0, 43.5], [192.0, 43.5], [191.0, 43.5], [190.5, 43.0], [190.0, 42.5], [189.0, 42.5], [188.0, 42.5], [187.0, 42.5], [186.5, 42.0], [186.0, 41.5], [185.0, 41.5], [184.0, 41.5], [183.0, 41.5], [182.0, 41.5], [181.5, 41.0], [181.0, 40.5], [180.0, 40.5], [179.5, 41.0], [179.0, 41.5]]"
SLICE,Z8,AB_L,-16.770339369782107,-0.0054903030401192154,-142.23098754883,564.0,0.3037949243291398,"[[169.0, 41.5], [168.5, 42.0], [168.5, 43.0], [168.5, 44.0], [168.5, 45.0], [168.5, 46.0], [169.0, 46.5], [169.5, 47.0], [169.5, 48.0], [170.0, 48.5], [170.5, 49.0], [171.0, 49.5], [171.5, 50.0], [172.0, 50.5], [172.5, 51.0], [172.5, 52.0], [173.0, 52.5], [173.5, 53.0], [173.5, 54.0], [174.0, 54.5], [174.5, 55.0], [175.0, 55.5], [175.5, 56.0], [176.0, 56.5], [177.0, 56.5], [178.0, 56.5], [178.5, 57.0], [179.0, 57.5], [179.5, 58.0], [180.0, 58.5], [181.0, 58.5], [181.5, 59.0], [182.0, 59.5], [183.0, 59.5], [184.0, 59.5], [184.5, 60.0], [185.0, 60.5], [186.0, 60.5], [186.5, 61.0], [187.0, 61.5], [188.0, 61.5], [189.0, 61.5], [190.0, 61.5], [191.0, 61.5], [191.5, 62.0], [192.0, 62.5], [193.0, 62.5], [193.5, 63.0], [194.0, 63.5], [195.0, 63.5], [196.0, 63.5], [196.5, 64.0], [197.0, 64.5], [198.0, 64.5], [199.0, 64.5], [200.0, 64.5], [201.0, 64.5], [201.5, 65.0], [202.0, 65.5], [203.0, 65.5], [204.0, 65.5], [204.5, 66.0], [205.0, 66.5], [206.0, 66.5], [206.5, 67.0], [207.0, 67.5], [208.0, 67.5], [208.5, 68.0], [209.0, 68.5], [209.5, 69.0], [210.0, 69.5], [211.0, 69.5], [212.0, 69.5], [213.0, 69.5], [213.5, 70.0], [214.0, 70.5], [214.5, 71.0], [215.0, 71.5], [216.0, 71.5], [217.0, 71.5], [218.0, 71.5], [218.5, 72.0], [219.0, 72.5], [220.0, 72.5], [221.0, 72.5], [222.0, 72.5], [223.0, 72.5], [224.0, 72.5], [224.5, 72.0], [224.0, 71.5], [223.5, 71.0], [223.0, 70.5], [222.5, 70.0], [222.5, 69.0], [222.0, 68.5], [221.5, 68.0], [221.0, 67.5], [220.0, 67.5], [219.5, 67.0], [219.0, 66.5], [218.5, 66.0], [218.0, 65.5], [217.0, 65.5], [216.5, 65.0], [216.0, 64.5], [215.5, 64.0], [215.0, 63.5], [214.5, 63.0], [214.5, 62.0], [214.0, 61.5], [213.5, 61.0], [213.0, 60.5], [212.0, 60.5], [211.5, 60.0], [211.5, 59.0], [211.0, 58.5], [210.0, 58.5], [209.5, 58.0], [209.5, 57.0], [209.5, 56.0], [209.0, 55.5], [208.0, 55.5], [207.5, 55.0], [207.0, 54.5], [206.5, 54.0], [206.0, 53.5], [205.0, 53.5], [204.5, 53.0], [204.0, 52.5], [203.0, 52.5], [202.5, 52.0], [202.0, 51.5], [201.0, 51.5], [200.5, 52.0], [200.0, 52.5], [199.0, 52.5], [198.0, 52.5], [197.0, 52.5], [196.0, 52.5], [195.0, 52.5], [194.0, 52.5], [193.0, 52.5], [192.0, 52.5], [191.5, 52.0], [191.0, 51.5], [190.0, 51.5], [189.0, 51.5], [188.0, 51.5], [187.0, 51.5], [186.0, 51.5], [185.0, 51.5], [184.0, 51.5], [183.0, 51.5], [182.5, 51.0], [182.0, 50.5], [181.5, 50.0], [181.5, 49.0], [181.0, 48.5], [180.5, 48.0], [180.5, 47.0], [180.0, 46.5], [179.5, 46.0], [180.0, 45.5], [181.0, 45.5], [181.5, 45.0], [181.0, 44.5], [180.5, 44.0], [180.0, 43.5], [179.5, 43.0], [179.0, 42.5], [178.0, 42.5], [177.0, 42.5], [176.5, 42.0], [176.0, 41.5], [175.0, 41.5], [174.5, 41.0], [174.0, 40.5], [173.0, 40.5], [172.0, 40.5], [171.0, 40.5], [170.5, 41.0], [170.0, 41.5]]"
