HOW,INDEX,LABEL,X,Y,Z,NPIX,T2,T2STD,T2CINT,FF,OUTLINE
VOLUME,NA,TA_R,19.69243776797788,33.089429497716395,-551.73564910889,1921.0,36.69338885996876,10.577455474237906,7.693767065846879,0.2947827734167969,
VOLUME,NA,ED_R,19.69243776797788,33.089429497716395,-551.73564910889,968.0,37.06818181818182,9.0155684904842,7.0357485977542,0.3111086585224398,
VOLUME,NA,PER_R,19.69243776797788,33.089429497716395,-551.73564910889,1827.0,36.54351395730706,10.298162792036935,7.510697998426455,0.3360980421608176,
VOLUME,NA,DLPC_R,19.69243776797788,33.089429497716395,-551.73564910889,2571.0,38.37339556592765,8.867220109840247,7.089463061467859,0.23664448185480344,
VOLUME,NA,POP_R,19.69243776797788,33.089429497716395,-551.73564910889,303.0,38.165016501650165,10.90428643348523,11.098373536250344,0.41594643647458424,
VOLUME,NA,SOL_R,19.69243776797788,33.089429497716395,-551.73564910889,5827.0,38.669469709970826,6.730913734526019,6.825658180068086,0.3396943104404953,
VOLUME,NA,GAS_MED_R,19.69243776797788,33.089429497716395,-551.73564910889,2359.0,35.48791860958033,10.540489077643365,8.373247932549122,0.48657915126917267,
VOLUME,NA,GAS_LAT_R,19.69243776797788,33.089429497716395,-551.73564910889,1607.0,35.45115121344119,9.462923929249477,8.390584117007208,0.4940348593256531,
VOLUME,NA,TA_L,19.69243776797788,33.089429497716395,-551.73564910889,1572.0,34.64440203562341,10.968559646729535,6.191194201227536,0.29235989434545806,
VOLUME,NA,ED_L,19.69243776797788,33.089429497716395,-551.73564910889,955.0,36.94031413612566,8.452243291295229,6.0050158522521455,0.2796523033044451,
VOLUME,NA,PER_L,19.69243776797788,33.089429497716395,-551.73564910889,1573.0,35.91926255562619,9.613138205432602,6.5109698511805645,0.320382027345427,
VOLUME,NA,DLPC_L,19.69243776797788,33.089429497716395,-551.73564910889,2509.0,38.18174571542447,8.956542793388046,6.300365191293651,0.24426309292788567,
VOLUME,NA,POP_L,19.69243776797788,33.089429497716395,-551.73564910889,332.0,37.68674698795181,11.293379776103794,9.990567533930657,0.42351055110916086,
VOLUME,NA,SOL_L,19.69243776797788,33.089429497716395,-551.73564910889,5787.0,38.38655607395887,8.90646317224527,7.194595602341471,0.3641904484428914,
VOLUME,NA,GAS_MED_L,19.69243776797788,33.089429497716395,-551.73564910889,1395.0,25.44731182795699,17.67493978371526,12.07386219095434,0.9392332762958326,
VOLUME,NA,GAS_LAT_L,19.69243776797788,33.089429497716395,-551.73564910889,683.0,35.29868228404099,14.181993657129363,14.913520008107934,0.7721629398483973,
SLICE,Z0,TA_R,19.69243776797788,33.089429497716395,-671.73564910889,,24.883333333333333,17.703193371693015,,,"[[88.0, 63.5], [87.5, 64.0], [88.0, 64.5], [88.5, 65.0], [88.5, 66.0], [89.0, 66.5], [90.0, 66.5], [91.0, 66.5], [92.0, 66.5], [93.0, 66.5], [94.0, 66.5], [95.0, 66.5], [95.5, 67.0], [96.0, 67.5], [97.0, 67.5], [97.5, 67.0], [98.0, 66.5], [98.5, 66.0], [98.5, 65.0], [99.0, 64.5], [99.5, 64.0], [99.0, 63.5], [98.5, 63.0], [98.5, 62.0], [98.0, 61.5], [97.0, 61.5], [96.5, 61.0], [96.0, 60.5], [95.0, 60.5], [94.0, 60.5], [93.0, 60.5], [92.0, 60.5], [91.0, 60.5], [90.5, 61.0], [90.0, 61.5], [89.0, 61.5], [88.5, 62.0], [88.5, 63.0]]"
SLICE,Z0,ED_R,19.69243776797788,33.089429497716395,-671.73564910889,,38.167597765363126,10.5753407877361,,,"[[83.0, 70.5], [82.5, 71.0], [82.5, 72.0], [82.5, 73.0], [82.5, 74.0], [82.5, 75.0], [83.0, 75.5], [83.5, 76.0], [83.5, 77.0], [83.5, 78.0], [84.0, 78.5], [84.5, 79.0], [85.0, 79.5], [86.0, 79.5], [87.0, 79.5], [88.0, 79.5], [88.5, 80.0], [89.0, 80.5], [90.0, 80.5], [91.0, 80.5], [92.0, 80.5], [93.0, 80.5], [94.0, 80.5], [95.0, 80.5], [95.5, 80.0], [96.0, 79.5], [96.5, 79.0], [96.5, 78.0], [96.5, 77.0], [97.0, 76.5], [97.5, 76.0], [97.5, 75.0], [97.5, 74.0], [97.0, 73.5], [96.5, 73.0], [96.5, 72.0], [96.5, 71.0], [96.5, 70.0], [96.5, 69.0], [96.5, 68.0], [96.0, 67.5], [95.5, 67.0], [95.0, 66.5], [94.0, 66.5], [93.0, 66.5], [92.0, 66.5], [91.0, 66.5], [90.0, 66.5], [89.0, 66.5], [88.0, 66.5], [87.0, 66.5], [86.0, 66.5], [85.5, 67.0], [85.0, 67.5], [84.5, 68.0], [84.0, 68.5], [83.5, 69.0], [83.5, 70.0]]"
SLICE,Z0,PER_R,19.69243776797788,33.089429497716395,-671.73564910889,,36.601851851851855,11.154587010977123,,,"[[83.0, 81.5], [82.5, 82.0], [82.5, 83.0], [82.5, 84.0], [82.5, 85.0], [82.5, 86.0], [82.5, 87.0], [82.5, 88.0], [83.0, 88.5], [83.5, 89.0], [83.5, 90.0], [83.5, 91.0], [84.0, 91.5], [84.5, 92.0], [84.5, 93.0], [85.0, 93.5], [85.5, 94.0], [86.0, 94.5], [86.5, 95.0], [87.0, 95.5], [87.5, 96.0], [88.0, 96.5], [89.0, 96.5], [90.0, 96.5], [90.5, 97.0], [91.0, 97.5], [92.0, 97.5], [93.0, 97.5], [94.0, 97.5], [95.0, 97.5], [96.0, 97.5], [96.5, 97.0], [97.0, 96.5], [98.0, 96.5], [98.5, 96.0], [98.5, 95.0], [99.0, 94.5], [100.0, 94.5], [101.0, 94.5], [101.5, 94.0], [101.5, 93.0], [101.5, 92.0], [101.5, 91.0], [101.0, 90.5], [100.5, 90.0], [100.0, 89.5], [99.5, 89.0], [99.0, 88.5], [98.0, 88.5], [97.0, 88.5], [96.5, 88.0], [96.0, 87.5], [95.0, 87.5], [94.5, 87.0], [94.5, 86.0], [94.0, 85.5], [93.0, 85.5], [92.5, 85.0], [92.0, 84.5], [91.5, 84.0], [91.5, 83.0], [91.0, 82.5], [90.5, 82.0], [90.5, 81.0], [90.0, 80.5], [89.0, 80.5], [88.5, 80.0], [88.0, 79.5], [87.0, 79.5], [86.0, 79.5], [85.0, 79.5], [84.0, 79.5], [83.5, 80.0], [83.5, 81.0]]"
SLICE,Z0,DLPC_R,19.69243776797788,33.089429497716395,-671.73564910889,,41.23762376237624,11.101599666064974,,,"[[96.0, 79.5], [95.5, 80.0], [95.5, 81.0], [95.5, 82.0], [96.0, 82.5], [96.5, 83.0], [96.5, 84.0], [96.5, 85.0], [96.0, 85.5], [95.5, 86.0], [95.5, 87.0], [96.0, 87.5], [96.5, 88.0], [97.0, 88.5], [98.0, 88.5], [99.0, 88.5], [99.5, 89.0], [100.0, 89.5], [100.5, 90.0], [101.0, 90.5], [101.5, 91.0], [101.5, 92.0], [101.5, 93.0], [101.5, 94.0], [101.0, 94.5], [100.0, 94.5], [99.0, 94.5], [98.5, 95.0], [98.5, 96.0], [99.0, 96.5], [99.5, 97.0], [100.0, 97.5], [101.0, 97.5], [101.5, 97.0], [102.0, 96.5], [103.0, 96.5], [104.0, 96.5], [104.5, 96.0], [105.0, 95.5], [106.0, 95.5], [106.5, 95.0], [107.0, 94.5], [108.0, 94.5], [108.5, 94.0], [109.0, 93.5], [109.5, 93.0], [110.0, 92.5], [110.5, 92.0], [111.0, 91.5], [111.5, 91.0], [112.0, 90.5], [112.5, 90.0], [113.0, 89.5], [114.0, 89.5], [114.5, 89.0], [114.5, 88.0], [114.5, 87.0], [114.5, 86.0], [114.5, 85.0], [114.5, 84.0], [115.0, 83.5], [115.5, 83.0], [116.0, 82.5], [116.5, 82.0], [116.5, 81.0], [116.5, 80.0], [116.5, 79.0], [116.5, 78.0], [116.0, 77.5], [115.5, 77.0], [115.5, 76.0], [115.0, 75.5], [114.5, 75.0], [114.5, 74.0], [114.0, 73.5], [113.5, 73.0], [113.0, 72.5], [112.5, 72.0], [112.5, 71.0], [112.0, 70.5], [111.5, 70.0], [111.0, 69.5], [110.0, 69.5], [109.0, 69.5], [108.0, 69.5], [107.0, 69.5], [106.5, 70.0], [106.0, 70.5], [105.0, 70.5], [104.0, 70.5], [103.5, 71.0], [103.0, 71.5], [102.0, 71.5], [101.0, 71.5], [100.5, 72.0], [100.0, 72.5], [99.0, 72.5], [98.0, 72.5], [97.5, 73.0], [97.5, 74.0], [97.5, 75.0], [97.5, 76.0], [97.0, 76.5], [96.5, 77.0], [96.5, 78.0], [96.5, 79.0]]"
SLICE,Z0,POP_R,19.69243776797788,33.089429497716395,-671.73564910889,,,,,,
SLICE,Z0,SOL_R,19.69243776797788,33.089429497716395,-671.73564910889,,53.07194244604317,13.762967874557873,,,"[[94.0, 97.5], [93.5, 98.0], [94.0, 98.5], [94.5, 99.0], [95.0, 99.5], [96.0, 99.5], [97.0, 99.5], [98.0, 99.5], [99.0, 99.5], [99.5, 100.0], [100.0, 100.5], [100.5, 101.0], [101.0, 101.5], [101.5, 102.0], [102.0, 102.5], [103.0, 102.5], [104.0, 102.5], [105.0, 102.5], [106.0, 102.5], [106.5, 102.0], [107.0, 101.5], [108.0, 101.5], [109.0, 101.5], [110.0, 101.5], [110.5, 101.0], [111.0, 100.5], [111.5, 100.0], [112.0, 99.5], [113.0, 99.5], [114.0, 99.5], [114.5, 99.0], [114.5, 98.0], [114.5, 97.0], [115.0, 96.5], [115.5, 96.0], [116.0, 95.5], [116.5, 95.0], [116.5, 94.0], [116.5, 93.0], [116.5, 92.0], [116.5, 91.0], [116.5, 90.0], [116.5, 89.0], [116.0, 88.5], [115.5, 88.0], [115.5, 87.0], [115.0, 86.5], [114.5, 87.0], [114.5, 88.0], [114.5, 89.0], [114.0, 89.5], [113.0, 89.5], [112.5, 90.0], [112.0, 90.5], [111.5, 91.0], [111.0, 91.5], [110.5, 92.0], [110.0, 92.5], [109.5, 93.0], [109.0, 93.5], [108.5, 94.0], [108.0, 94.5], [107.0, 94.5], [106.5, 95.0], [106.0, 95.5], [105.0, 95.5], [104.5, 96.0], [104.0, 96.5], [103.0, 96.5], [102.0, 96.5], [101.5, 97.0], [101.0, 97.5], [100.0, 97.5], [99.5, 97.0], [99.0, 96.5], [98.0, 96.5], [97.0, 96.5], [96.5, 97.0], [96.0, 97.5], [95.0, 97.5]]"
SLICE,Z0,GAS_MED_R,19.69243776797788,33.089429497716395,-671.73564910889,,,,,,
SLICE,Z0,GAS_LAT_R,19.69243776797788,33.089429497716395,-671.73564910889,,,,,,
SLICE,Z0,TA_L,19.69243776797788,33.089429497716395,-671.73564910889,,28.81578947368421,16.652572526344162,,,"[[219.0, 56.5], [218.5, 57.0], [218.5, 58.0], [218.5, 59.0], [218.5, 60.0], [219.0, 60.5], [219.5, 61.0], [220.0, 61.5], [221.0, 61.5], [221.5, 61.0], [221.5, 60.0], [222.0, 59.5], [223.0, 59.5], [224.0, 59.5], [225.0, 59.5], [225.5, 60.0], [226.0, 60.5], [226.5, 61.0], [227.0, 61.5], [228.0, 61.5], [229.0, 61.5], [229.5, 61.0], [229.5, 60.0], [229.5, 59.0], [229.0, 58.5], [228.0, 58.5], [227.0, 58.5], [226.5, 58.0], [226.0, 57.5], [225.5, 57.0], [225.0, 56.5], [224.0, 56.5], [223.0, 56.5], [222.0, 56.5], [221.0, 56.5], [220.0, 56.5]]"
SLICE,Z0,ED_L,19.69243776797788,33.089429497716395,-671.73564910889,,39.285714285714285,9.733270219464812,,,"[[221.0, 61.5], [220.5, 62.0], [221.0, 62.5], [221.5, 63.0], [221.5, 64.0], [222.0, 64.5], [222.5, 65.0], [222.5, 66.0], [223.0, 66.5], [223.5, 67.0], [223.0, 67.5], [222.5, 68.0], [222.5, 69.0], [222.5, 70.0], [223.0, 70.5], [223.5, 71.0], [224.0, 71.5], [224.5, 72.0], [225.0, 72.5], [225.5, 73.0], [226.0, 73.5], [226.5, 74.0], [227.0, 74.5], [228.0, 74.5], [229.0, 74.5], [230.0, 74.5], [231.0, 74.5], [231.5, 74.0], [232.0, 73.5], [233.0, 73.5], [233.5, 73.0], [234.0, 72.5], [234.5, 72.0], [234.5, 71.0], [234.5, 70.0], [235.0, 69.5], [235.5, 69.0], [235.5, 68.0], [235.5, 67.0], [235.0, 66.5], [234.5, 66.0], [234.5, 65.0], [234.5, 64.0], [234.0, 63.5], [233.0, 63.5], [232.5, 63.0], [232.0, 62.5], [231.5, 62.0], [231.5, 61.0], [231.0, 60.5], [230.0, 60.5], [229.5, 61.0], [229.0, 61.5], [228.0, 61.5], [227.0, 61.5], [226.5, 61.0], [226.0, 60.5], [225.5, 60.0], [225.0, 59.5], [224.0, 59.5], [223.0, 59.5], [222.0, 59.5], [221.5, 60.0], [221.5, 61.0]]"
SLICE,Z0,PER_L,19.69243776797788,33.089429497716395,-671.73564910889,,40.732394366197184,11.402937287122683,,,"[[229.0, 81.5], [228.5, 82.0], [228.5, 83.0], [229.0, 83.5], [229.5, 84.0], [230.0, 84.5], [230.5, 85.0], [230.5, 86.0], [231.0, 86.5], [232.0, 86.5], [233.0, 86.5], [233.5, 87.0], [234.0, 87.5], [235.0, 87.5], [235.5, 87.0], [236.0, 86.5], [236.5, 86.0], [236.5, 85.0], [236.5, 84.0], [236.5, 83.0], [236.5, 82.0], [236.5, 81.0], [236.5, 80.0], [236.5, 79.0], [236.0, 78.5], [235.5, 78.0], [235.5, 77.0], [235.0, 76.5], [234.5, 76.0], [234.5, 75.0], [234.0, 74.5], [233.5, 74.0], [233.0, 73.5], [232.0, 73.5], [231.5, 74.0], [231.5, 75.0], [231.5, 76.0], [231.5, 77.0], [231.5, 78.0], [231.5, 79.0], [231.0, 79.5], [230.5, 80.0], [230.0, 80.5], [229.5, 81.0]]"
SLICE,Z0,DLPC_L,19.69243776797788,33.089429497716395,-671.73564910889,,40.78758949880668,10.489009529969655,,,"[[205.0, 74.5], [204.5, 75.0], [204.5, 76.0], [205.0, 76.5], [205.5, 77.0], [205.5, 78.0], [205.5, 79.0], [206.0, 79.5], [206.5, 80.0], [206.5, 81.0], [206.5, 82.0], [207.0, 82.5], [207.5, 83.0], [208.0, 83.5], [209.0, 83.5], [209.5, 84.0], [210.0, 84.5], [210.5, 85.0], [211.0, 85.5], [211.5, 86.0], [212.0, 86.5], [212.5, 87.0], [213.0, 87.5], [213.5, 88.0], [214.0, 88.5], [214.5, 89.0], [215.0, 89.5], [216.0, 89.5], [217.0, 89.5], [218.0, 89.5], [218.5, 90.0], [219.0, 90.5], [220.0, 90.5], [220.5, 91.0], [221.0, 91.5], [222.0, 91.5], [223.0, 91.5], [224.0, 91.5], [225.0, 91.5], [226.0, 91.5], [227.0, 91.5], [228.0, 91.5], [229.0, 91.5], [230.0, 91.5], [230.5, 91.0], [231.0, 90.5], [231.5, 90.0], [232.0, 89.5], [233.0, 89.5], [233.5, 89.0], [233.5, 88.0], [233.5, 87.0], [233.0, 86.5], [232.0, 86.5], [231.0, 86.5], [230.5, 86.0], [230.5, 85.0], [230.0, 84.5], [229.5, 84.0], [229.0, 83.5], [228.5, 83.0], [228.5, 82.0], [228.0, 81.5], [227.5, 81.0], [227.0, 80.5], [226.5, 80.0], [226.5, 79.0], [226.0, 78.5], [225.5, 78.0], [225.5, 77.0], [226.0, 76.5], [226.5, 76.0], [226.5, 75.0], [226.5, 74.0], [226.0, 73.5], [225.5, 73.0], [225.0, 72.5], [224.5, 72.0], [224.0, 71.5], [223.5, 71.0], [223.0, 70.5], [222.0, 70.5], [221.5, 70.0], [221.0, 69.5], [220.0, 69.5], [219.0, 69.5], [218.0, 69.5], [217.0, 69.5], [216.0, 69.5], [215.0, 69.5], [214.0, 69.5], [213.0, 69.5], [212.0, 69.5], [211.5, 69.0], [211.0, 68.5], [210.0, 68.5], [209.0, 68.5], [208.5, 69.0], [208.5, 70.0], [208.0, 70.5], [207.5, 71.0], [207.5, 72.0], [207.5, 73.0], [207.0, 73.5], [206.0, 73.5], [205.5, 74.0]]"
SLICE,Z0,POP_L,19.69243776797788,33.089429497716395,-671.73564910889,,,,,,
SLICE,Z0,SOL_L,19.69243776797788,33.089429497716395,-671.73564910889,,35.71910112359551,21.713915573408215,,,"[[206.0, 79.5], [205.5, 80.0], [205.5, 81.0], [205.5, 82.0], [205.5, 83.0], [205.5, 84.0], [205.5, 85.0], [205.5, 86.0], [205.5, 87.0], [206.0, 87.5], [206.5, 88.0], [207.0, 88.5], [207.5, 89.0], [208.0, 89.5], [208.5, 90.0], [208.5, 91.0], [209.0, 91.5], [209.5, 92.0], [209.5, 93.0], [210.0, 93.5], [210.5, 94.0], [211.0, 94.5], [211.5, 95.0], [212.0, 95.5], [212.5, 96.0], [213.0, 96.5], [213.5, 97.0], [214.0, 97.5], [215.0, 97.5], [215.5, 98.0], [216.0, 98.5], [217.0, 98.5], [218.0, 98.5], [218.5, 99.0], [219.0, 99.5], [220.0, 99.5], [220.5, 99.0], [221.0, 98.5], [222.0, 98.5], [223.0, 98.5], [223.5, 98.0], [224.0, 97.5], [224.5, 98.0], [225.0, 98.5], [225.5, 98.0], [226.0, 97.5], [226.5, 97.0], [227.0, 96.5], [228.0, 96.5], [228.5, 96.0], [228.5, 95.0], [228.5, 94.0], [228.5, 93.0], [229.0, 92.5], [229.5, 92.0], [229.0, 91.5], [228.0, 91.5], [227.0, 91.5], [226.0, 91.5], [225.0, 91.5], [224.0, 91.5], [223.0, 91.5], [222.0, 91.5], [221.0, 91.5], [220.5, 91.0], [220.0, 90.5], [219.0, 90.5], [218.5, 90.0], [218.0, 89.5], [217.0, 89.5], [216.0, 89.5], [215.0, 89.5], [214.5, 89.0], [214.0, 88.5], [213.5, 88.0], [213.0, 87.5], [212.5, 87.0], [212.0, 86.5], [211.5, 86.0], [211.0, 85.5], [210.5, 85.0], [210.0, 84.5], [209.5, 84.0], [209.0, 83.5], [208.0, 83.5], [207.5, 83.0], [207.0, 82.5], [206.5, 82.0], [206.5, 81.0], [206.5, 80.0]]"
SLICE,Z0,GAS_MED_L,19.69243776797788,33.089429497716395,-671.73564910889,,,,,,
SLICE,Z0,GAS_LAT_L,19.69243776797788,33.089429497716395,-671.73564910889,,,,,,
SLICE,Z1,TA_R,19.69243776797788,33.089429497716395,-641.73564910889,,35.32592592592592,11.880160635919609,,,"[[81.0, 62.5], [80.5, 63.0], [80.5, 64.0], [80.5, 65.0], [81.0, 65.5], [81.5, 66.0], [82.0, 66.5], [83.0, 66.5], [84.0, 66.5], [85.0, 66.5], [86.0, 66.5], [87.0, 66.5], [87.5, 67.0], [88.0, 67.5], [88.5, 68.0], [89.0, 68.5], [89.5, 69.0], [90.0, 69.5], [91.0, 69.5], [91.5, 70.0], [92.0, 70.5], [92.5, 71.0], [93.0, 71.5], [94.0, 71.5], [94.5, 72.0], [95.0, 72.5], [95.5, 72.0], [96.0, 71.5], [96.5, 71.0], [96.5, 70.0], [96.0, 69.5], [95.5, 69.0], [95.0, 68.5], [94.5, 68.0], [94.5, 67.0], [94.5, 66.0], [94.5, 65.0], [94.5, 64.0], [94.5, 63.0], [94.5, 62.0], [94.5, 61.0], [94.0, 60.5], [93.5, 60.0], [93.0, 59.5], [92.5, 59.0], [92.0, 58.5], [91.5, 58.0], [91.5, 57.0], [91.0, 56.5], [90.0, 56.5], [89.0, 56.5], [88.5, 57.0], [88.0, 57.5], [87.0, 57.5], [86.5, 58.0], [86.0, 58.5], [85.0, 58.5], [84.5, 59.0], [84.0, 59.5], [83.5, 60.0], [83.0, 60.5], [82.5, 61.0], [82.0, 61.5], [81.5, 62.0]]"
SLICE,Z1,ED_R,19.69243776797788,33.089429497716395,-641.73564910889,,36.275862068965516,10.631972660218878,,,"[[78.0, 70.5], [77.5, 71.0], [77.5, 72.0], [77.5, 73.0], [77.5, 74.0], [78.0, 74.5], [78.5, 75.0], [78.5, 76.0], [79.0, 76.5], [80.0, 76.5], [81.0, 76.5], [82.0, 76.5], [82.5, 77.0], [83.0, 77.5], [83.5, 78.0], [84.0, 78.5], [84.5, 79.0], [85.0, 79.5], [86.0, 79.5], [87.0, 79.5], [88.0, 79.5], [89.0, 79.5], [90.0, 79.5], [91.0, 79.5], [92.0, 79.5], [93.0, 79.5], [93.5, 79.0], [94.0, 78.5], [94.5, 78.0], [94.5, 77.0], [95.0, 76.5], [95.5, 76.0], [95.5, 75.0], [95.0, 74.5], [94.5, 74.0], [94.0, 73.5], [93.5, 73.0], [93.5, 72.0], [93.0, 71.5], [92.5, 71.0], [92.0, 70.5], [91.5, 70.0], [91.0, 69.5], [90.0, 69.5], [89.5, 69.0], [89.0, 68.5], [88.5, 68.0], [88.0, 67.5], [87.5, 67.0], [87.0, 66.5], [86.0, 66.5], [85.0, 66.5], [84.0, 66.5], [83.0, 66.5], [82.0, 66.5], [81.5, 66.0], [81.0, 65.5], [80.0, 65.5], [79.5, 66.0], [79.5, 67.0], [79.0, 67.5], [78.5, 68.0], [78.5, 69.0], [78.5, 70.0]]"
SLICE,Z1,PER_R,19.69243776797788,33.089429497716395,-641.73564910889,,36.67088607594937,12.009196390643572,,,"[[77.0, 78.5], [76.5, 79.0], [76.5, 80.0], [76.5, 81.0], [76.5, 82.0], [76.5, 83.0], [76.5, 84.0], [76.5, 85.0], [76.5, 86.0], [77.0, 86.5], [77.5, 87.0], [77.5, 88.0], [77.5, 89.0], [78.0, 89.5], [78.5, 90.0], [78.5, 91.0], [78.5, 92.0], [79.0, 92.5], [79.5, 93.0], [80.0, 93.5], [80.5, 94.0], [81.0, 94.5], [82.0, 94.5], [82.5, 95.0], [83.0, 95.5], [84.0, 95.5], [84.5, 96.0], [85.0, 96.5], [86.0, 96.5], [87.0, 96.5], [88.0, 96.5], [89.0, 96.5], [90.0, 96.5], [91.0, 96.5], [91.5, 96.0], [91.5, 95.0], [91.5, 94.0], [91.5, 93.0], [91.5, 92.0], [92.0, 91.5], [92.5, 91.0], [92.5, 90.0], [93.0, 89.5], [93.5, 89.0], [93.0, 88.5], [92.5, 88.0], [92.0, 87.5], [91.5, 87.0], [91.0, 86.5], [90.5, 86.0], [90.5, 85.0], [90.0, 84.5], [89.5, 84.0], [89.5, 83.0], [89.5, 82.0], [89.5, 81.0], [89.5, 80.0], [89.0, 79.5], [88.0, 79.5], [87.0, 79.5], [86.0, 79.5], [85.0, 79.5], [84.5, 79.0], [84.0, 78.5], [83.5, 78.0], [83.0, 77.5], [82.5, 77.0], [82.0, 76.5], [81.0, 76.5], [80.0, 76.5], [79.0, 76.5], [78.0, 76.5], [77.5, 77.0], [77.5, 78.0]]"
SLICE,Z1,DLPC_R,19.69243776797788,33.089429497716395,-641.73564910889,,39.52,8.956973695271063,,,"[[92.0, 79.5], [91.5, 80.0], [92.0, 80.5], [93.0, 80.5], [93.5, 81.0], [94.0, 81.5], [94.5, 82.0], [94.5, 83.0], [94.0, 83.5], [93.5, 84.0], [93.5, 85.0], [93.0, 85.5], [92.0, 85.5], [91.5, 86.0], [91.5, 87.0], [92.0, 87.5], [92.5, 88.0], [93.0, 88.5], [93.5, 89.0], [93.0, 89.5], [92.5, 90.0], [92.5, 91.0], [92.0, 91.5], [91.5, 92.0], [91.5, 93.0], [91.5, 94.0], [92.0, 94.5], [93.0, 94.5], [94.0, 94.5], [95.0, 94.5], [96.0, 94.5], [97.0, 94.5], [98.0, 94.5], [99.0, 94.5], [100.0, 94.5], [101.0, 94.5], [102.0, 94.5], [102.5, 94.0], [103.0, 93.5], [104.0, 93.5], [104.5, 93.0], [105.0, 92.5], [106.0, 92.5], [106.5, 92.0], [107.0, 91.5], [107.5, 91.0], [108.0, 90.5], [108.5, 90.0], [109.0, 89.5], [109.5, 89.0], [109.5, 88.0], [109.5, 87.0], [110.0, 86.5], [110.5, 86.0], [110.5, 85.0], [110.5, 84.0], [110.0, 83.5], [109.5, 83.0], [109.5, 82.0], [110.0, 81.5], [110.5, 81.0], [111.0, 80.5], [111.5, 81.0], [112.0, 81.5], [112.5, 81.0], [113.0, 80.5], [113.5, 80.0], [114.0, 79.5], [114.5, 79.0], [114.5, 78.0], [114.5, 77.0], [114.5, 76.0], [114.5, 75.0], [114.5, 74.0], [114.0, 73.5], [113.5, 73.0], [113.5, 72.0], [113.5, 71.0], [113.0, 70.5], [112.0, 70.5], [111.5, 70.0], [111.5, 69.0], [111.5, 68.0], [111.0, 67.5], [110.5, 67.0], [110.0, 66.5], [109.0, 66.5], [108.0, 66.5], [107.0, 66.5], [106.0, 66.5], [105.5, 67.0], [105.0, 67.5], [104.0, 67.5], [103.5, 68.0], [103.0, 68.5], [102.0, 68.5], [101.0, 68.5], [100.5, 69.0], [100.0, 69.5], [99.0, 69.5], [98.5, 70.0], [98.0, 70.5], [97.0, 70.5], [96.5, 71.0], [96.0, 71.5], [95.5, 72.0], [95.5, 73.0], [95.0, 73.5], [94.5, 74.0], [95.0, 74.5], [95.5, 75.0], [95.5, 76.0], [95.0, 76.5], [94.5, 77.0], [94.5, 78.0], [94.0, 78.5], [93.5, 79.0], [93.0, 79.5]]"
SLICE,Z1,POP_R,19.69243776797788,33.089429497716395,-641.73564910889,,,,,,
SLICE,Z1,SOL_R,19.69243776797788,33.089429497716395,-641.73564910889,,40.554455445544555,7.923177239892314,,,"[[84.0, 97.5], [83.5, 98.0], [83.5, 99.0], [84.0, 99.5], [84.5, 100.0], [85.0, 100.5], [85.5, 101.0], [86.0, 101.5], [86.5, 102.0], [87.0, 102.5], [88.0, 102.5], [88.5, 103.0], [89.0, 103.5], [90.0, 103.5], [90.5, 104.0], [91.0, 104.5], [92.0, 104.5], [93.0, 104.5], [94.0, 104.5], [95.0, 104.5], [96.0, 104.5], [97.0, 104.5], [98.0, 104.5], [98.5, 105.0], [99.0, 105.5], [100.0, 105.5], [101.0, 105.5], [102.0, 105.5], [103.0, 105.5], [104.0, 105.5], [104.5, 105.0], [105.0, 104.5], [106.0, 104.5], [107.0, 104.5], [107.5, 104.0], [108.0, 103.5], [109.0, 103.5], [109.5, 103.0], [109.5, 102.0], [110.0, 101.5], [111.0, 101.5], [111.5, 101.0], [112.0, 100.5], [113.0, 100.5], [113.5, 100.0], [114.0, 99.5], [114.5, 99.0], [114.5, 98.0], [115.0, 97.5], [115.5, 97.0], [116.0, 96.5], [116.5, 96.0], [116.5, 95.0], [116.5, 94.0], [116.5, 93.0], [116.5, 92.0], [116.5, 91.0], [117.0, 90.5], [117.5, 90.0], [117.5, 89.0], [117.5, 88.0], [117.5, 87.0], [117.5, 86.0], [117.5, 85.0], [117.5, 84.0], [117.5, 83.0], [117.5, 82.0], [117.5, 81.0], [117.5, 80.0], [117.5, 79.0], [117.0, 78.5], [116.5, 78.0], [116.5, 77.0], [116.5, 76.0], [116.5, 75.0], [116.0, 74.5], [115.5, 74.0], [115.0, 73.5], [114.5, 73.0], [114.5, 72.0], [114.0, 71.5], [113.5, 72.0], [113.5, 73.0], [114.0, 73.5], [114.5, 74.0], [114.5, 75.0], [114.5, 76.0], [114.5, 77.0], [114.5, 78.0], [114.5, 79.0], [114.0, 79.5], [113.5, 80.0], [113.0, 80.5], [112.5, 81.0], [112.0, 81.5], [111.5, 81.0], [111.0, 80.5], [110.5, 81.0], [110.0, 81.5], [109.5, 82.0], [109.5, 83.0], [110.0, 83.5], [110.5, 84.0], [110.5, 85.0], [110.5, 86.0], [110.0, 86.5], [109.5, 87.0], [109.5, 88.0], [109.5, 89.0], [109.0, 89.5], [108.5, 90.0], [108.0, 90.5], [107.5, 91.0], [107.0, 91.5], [106.5, 92.0], [106.0, 92.5], [105.0, 92.5], [104.5, 93.0], [104.0, 93.5], [103.0, 93.5], [102.5, 94.0], [102.0, 94.5], [101.0, 94.5], [100.0, 94.5], [99.0, 94.5], [98.0, 94.5], [97.0, 94.5], [96.0, 94.5], [95.0, 94.5], [94.0, 94.5], [93.0, 94.5], [92.0, 94.5], [91.5, 95.0], [91.5, 96.0], [91.0, 96.5], [90.0, 96.5], [89.0, 96.5], [88.0, 96.5], [87.0, 96.5], [86.0, 96.5], [85.0, 96.5], [84.5, 97.0]]"
SLICE,Z1,GAS_MED_R,19.69243776797788,33.089429497716395,-641.73564910889,,,,,,
SLICE,Z1,GAS_LAT_R,19.69243776797788,33.089429497716395,-641.73564910889,,,,,,
SLICE,Z1,TA_L,19.69243776797788,33.089429497716395,-641.73564910889,,32.850467289719624,17.77733711034674,,,"[[222.0, 56.5], [221.5, 57.0], [221.5, 58.0], [221.5, 59.0], [222.0, 59.5], [222.5, 60.0], [222.5, 61.0], [223.0, 61.5], [223.5, 62.0], [223.5, 63.0], [223.5, 64.0], [223.0, 64.5], [222.5, 65.0], [222.5, 66.0], [222.5, 67.0], [222.5, 68.0], [223.0, 68.5], [223.5, 69.0], [224.0, 69.5], [224.5, 69.0], [225.0, 68.5], [225.5, 68.0], [225.5, 67.0], [226.0, 66.5], [226.5, 66.0], [226.5, 65.0], [227.0, 64.5], [227.5, 64.0], [228.0, 63.5], [228.5, 63.0], [229.0, 62.5], [229.5, 62.0], [230.0, 61.5], [231.0, 61.5], [232.0, 61.5], [233.0, 61.5], [233.5, 61.0], [234.0, 60.5], [234.5, 60.0], [234.5, 59.0], [234.0, 58.5], [233.5, 58.0], [233.0, 57.5], [232.5, 57.0], [232.0, 56.5], [231.5, 56.0], [231.0, 55.5], [230.0, 55.5], [229.5, 55.0], [229.0, 54.5], [228.0, 54.5], [227.0, 54.5], [226.5, 54.0], [226.0, 53.5], [225.0, 53.5], [224.0, 53.5], [223.5, 54.0], [223.5, 55.0], [223.0, 55.5], [222.5, 56.0]]"
SLICE,Z1,ED_L,19.69243776797788,33.089429497716395,-641.73564910889,,37.06206896551724,10.857205260296467,,,"[[225.0, 68.5], [224.5, 69.0], [224.5, 70.0], [224.5, 71.0], [225.0, 71.5], [225.5, 72.0], [226.0, 72.5], [226.5, 73.0], [226.5, 74.0], [227.0, 74.5], [228.0, 74.5], [229.0, 74.5], [230.0, 74.5], [231.0, 74.5], [232.0, 74.5], [233.0, 74.5], [234.0, 74.5], [234.5, 74.0], [234.5, 73.0], [235.0, 72.5], [236.0, 72.5], [236.5, 72.0], [237.0, 71.5], [237.5, 71.0], [238.0, 70.5], [238.5, 70.0], [238.5, 69.0], [238.5, 68.0], [238.5, 67.0], [239.0, 66.5], [239.5, 66.0], [239.0, 65.5], [238.5, 65.0], [238.5, 64.0], [238.0, 63.5], [237.0, 63.5], [236.5, 63.0], [236.5, 62.0], [236.0, 61.5], [235.0, 61.5], [234.0, 61.5], [233.0, 61.5], [232.0, 61.5], [231.0, 61.5], [230.0, 61.5], [229.5, 62.0], [229.0, 62.5], [228.5, 63.0], [228.0, 63.5], [227.5, 64.0], [227.0, 64.5], [226.5, 65.0], [226.5, 66.0], [226.0, 66.5], [225.5, 67.0], [225.5, 68.0]]"
SLICE,Z1,PER_L,19.69243776797788,33.089429497716395,-641.73564910889,,38.69565217391305,13.037631539849256,,,"[[232.0, 74.5], [231.5, 75.0], [231.5, 76.0], [232.0, 76.5], [232.5, 77.0], [232.5, 78.0], [232.5, 79.0], [232.0, 79.5], [231.5, 80.0], [231.5, 81.0], [231.5, 82.0], [231.5, 83.0], [232.0, 83.5], [232.5, 84.0], [233.0, 84.5], [233.5, 85.0], [233.5, 86.0], [234.0, 86.5], [234.5, 87.0], [235.0, 87.5], [236.0, 87.5], [237.0, 87.5], [238.0, 87.5], [239.0, 87.5], [240.0, 87.5], [240.5, 87.0], [241.0, 86.5], [241.5, 86.0], [241.5, 85.0], [241.5, 84.0], [241.5, 83.0], [241.5, 82.0], [241.5, 81.0], [241.5, 80.0], [241.5, 79.0], [241.5, 78.0], [241.5, 77.0], [241.5, 76.0], [241.5, 75.0], [241.5, 74.0], [241.5, 73.0], [241.0, 72.5], [240.5, 72.0], [240.0, 71.5], [239.5, 71.0], [239.0, 70.5], [238.0, 70.5], [237.5, 71.0], [237.0, 71.5], [236.5, 72.0], [236.0, 72.5], [235.0, 72.5], [234.5, 73.0], [234.5, 74.0], [234.0, 74.5], [233.0, 74.5]]"
SLICE,Z1,DLPC_L,19.69243776797788,33.089429497716395,-641.73564910889,,39.54929577464789,7.37357685620089,,,"[[206.0, 70.5], [205.5, 71.0], [206.0, 71.5], [206.5, 72.0], [206.5, 73.0], [206.5, 74.0], [206.5, 75.0], [206.5, 76.0], [206.5, 77.0], [207.0, 77.5], [207.5, 78.0], [208.0, 78.5], [208.5, 79.0], [209.0, 79.5], [209.5, 80.0], [210.0, 80.5], [211.0, 80.5], [212.0, 80.5], [213.0, 80.5], [213.5, 81.0], [213.0, 81.5], [212.5, 82.0], [212.5, 83.0], [212.5, 84.0], [213.0, 84.5], [213.5, 85.0], [214.0, 85.5], [214.5, 86.0], [215.0, 86.5], [215.5, 87.0], [216.0, 87.5], [216.5, 88.0], [217.0, 88.5], [217.5, 89.0], [218.0, 89.5], [219.0, 89.5], [219.5, 90.0], [220.0, 90.5], [220.5, 91.0], [221.0, 91.5], [222.0, 91.5], [223.0, 91.5], [223.5, 91.0], [224.0, 90.5], [225.0, 90.5], [226.0, 90.5], [226.5, 90.0], [227.0, 89.5], [228.0, 89.5], [229.0, 89.5], [230.0, 89.5], [231.0, 89.5], [232.0, 89.5], [233.0, 89.5], [234.0, 89.5], [234.5, 89.0], [235.0, 88.5], [235.5, 88.0], [235.0, 87.5], [234.5, 87.0], [234.0, 86.5], [233.5, 86.0], [233.5, 85.0], [233.0, 84.5], [232.5, 84.0], [232.0, 83.5], [231.5, 83.0], [231.5, 82.0], [231.0, 81.5], [230.5, 81.0], [230.0, 80.5], [229.0, 80.5], [228.5, 80.0], [228.0, 79.5], [227.5, 79.0], [227.0, 78.5], [226.5, 78.0], [226.5, 77.0], [227.0, 76.5], [227.5, 76.0], [228.0, 75.5], [228.5, 75.0], [228.0, 74.5], [227.0, 74.5], [226.5, 74.0], [226.5, 73.0], [226.0, 72.5], [225.5, 72.0], [225.0, 71.5], [224.5, 71.0], [224.5, 70.0], [224.0, 69.5], [223.5, 69.0], [223.0, 68.5], [222.0, 68.5], [221.0, 68.5], [220.0, 68.5], [219.0, 68.5], [218.0, 68.5], [217.0, 68.5], [216.0, 68.5], [215.0, 68.5], [214.5, 68.0], [214.0, 67.5], [213.0, 67.5], [212.5, 67.0], [212.0, 66.5], [211.5, 66.0], [211.0, 65.5], [210.0, 65.5], [209.0, 65.5], [208.5, 66.0], [208.0, 66.5], [207.5, 67.0], [207.5, 68.0], [207.5, 69.0], [207.0, 69.5], [206.5, 70.0]]"
SLICE,Z1,POP_L,19.69243776797788,33.089429497716395,-641.73564910889,,,,,,
SLICE,Z1,SOL_L,19.69243776797788,33.089429497716395,-641.73564910889,,40.83474576271186,11.653099370354798,,,"[[203.0, 78.5], [202.5, 79.0], [202.5, 80.0], [202.5, 81.0], [202.5, 82.0], [202.5, 83.0], [202.5, 84.0], [202.5, 85.0], [202.5, 86.0], [203.0, 86.5], [203.5, 87.0], [203.5, 88.0], [203.5, 89.0], [204.0, 89.5], [204.5, 90.0], [205.0, 90.5], [205.5, 91.0], [205.5, 92.0], [205.5, 93.0], [206.0, 93.5], [206.5, 94.0], [207.0, 94.5], [207.5, 95.0], [207.5, 96.0], [208.0, 96.5], [208.5, 97.0], [209.0, 97.5], [209.5, 98.0], [210.0, 98.5], [210.5, 99.0], [211.0, 99.5], [212.0, 99.5], [213.0, 99.5], [213.5, 100.0], [214.0, 100.5], [214.5, 101.0], [215.0, 101.5], [216.0, 101.5], [217.0, 101.5], [218.0, 101.5], [219.0, 101.5], [220.0, 101.5], [221.0, 101.5], [222.0, 101.5], [223.0, 101.5], [224.0, 101.5], [225.0, 101.5], [226.0, 101.5], [226.5, 101.0], [227.0, 100.5], [228.0, 100.5], [228.5, 101.0], [229.0, 101.5], [230.0, 101.5], [231.0, 101.5], [231.5, 101.0], [232.0, 100.5], [232.5, 100.0], [233.0, 99.5], [234.0, 99.5], [234.5, 99.0], [235.0, 98.5], [235.5, 98.0], [236.0, 97.5], [236.5, 97.0], [237.0, 96.5], [237.5, 96.0], [238.0, 95.5], [238.5, 95.0], [239.0, 94.5], [239.5, 94.0], [239.5, 93.0], [239.5, 92.0], [239.5, 91.0], [239.5, 90.0], [239.5, 89.0], [239.5, 88.0], [239.0, 87.5], [238.0, 87.5], [237.0, 87.5], [236.0, 87.5], [235.5, 88.0], [235.0, 88.5], [234.5, 89.0], [234.0, 89.5], [233.0, 89.5], [232.0, 89.5], [231.0, 89.5], [230.0, 89.5], [229.0, 89.5], [228.0, 89.5], [227.0, 89.5], [226.5, 90.0], [226.0, 90.5], [225.0, 90.5], [224.0, 90.5], [223.5, 91.0], [223.0, 91.5], [222.0, 91.5], [221.0, 91.5], [220.5, 91.0], [220.0, 90.5], [219.5, 90.0], [219.0, 89.5], [218.0, 89.5], [217.5, 89.0], [217.0, 88.5], [216.5, 88.0], [216.0, 87.5], [215.5, 87.0], [215.0, 86.5], [214.5, 86.0], [214.0, 85.5], [213.5, 85.0], [213.0, 84.5], [212.5, 84.0], [212.5, 83.0], [212.0, 82.5], [211.5, 82.0], [211.5, 81.0], [211.0, 80.5], [210.0, 80.5], [209.5, 80.0], [209.0, 79.5], [208.5, 79.0], [208.0, 78.5], [207.5, 78.0], [207.0, 77.5], [206.5, 77.0], [206.5, 76.0], [206.5, 75.0], [206.5, 74.0], [206.5, 73.0], [206.5, 72.0], [206.0, 71.5], [205.5, 72.0], [205.5, 73.0], [205.0, 73.5], [204.5, 74.0], [204.0, 74.5], [203.5, 75.0], [203.5, 76.0], [203.5, 77.0], [203.5, 78.0]]"
SLICE,Z1,GAS_MED_L,19.69243776797788,33.089429497716395,-641.73564910889,,,,,,
SLICE,Z1,GAS_LAT_L,19.69243776797788,33.089429497716395,-641.73564910889,,,,,,
SLICE,Z2,TA_R,19.69243776797788,33.089429497716395,-611.73564910889,,39.901185770750985,9.399463790161882,,,"[[74.0, 63.5], [73.5, 64.0], [73.5, 65.0], [74.0, 65.5], [74.5, 66.0], [75.0, 66.5], [76.0, 66.5], [77.0, 66.5], [78.0, 66.5], [79.0, 66.5], [80.0, 66.5], [81.0, 66.5], [81.5, 67.0], [82.0, 67.5], [83.0, 67.5], [83.5, 68.0], [84.0, 68.5], [84.5, 69.0], [85.0, 69.5], [86.0, 69.5], [87.0, 69.5], [87.5, 70.0], [88.0, 70.5], [89.0, 70.5], [89.5, 71.0], [90.0, 71.5], [91.0, 71.5], [92.0, 71.5], [93.0, 71.5], [94.0, 71.5], [95.0, 71.5], [95.5, 71.0], [96.0, 70.5], [96.5, 70.0], [96.0, 69.5], [95.0, 69.5], [94.5, 69.0], [94.5, 68.0], [94.5, 67.0], [94.5, 66.0], [94.0, 65.5], [93.5, 65.0], [93.0, 64.5], [92.5, 64.0], [92.5, 63.0], [92.0, 62.5], [91.5, 62.0], [91.5, 61.0], [91.5, 60.0], [91.5, 59.0], [91.5, 58.0], [91.5, 57.0], [91.5, 56.0], [91.5, 55.0], [91.0, 54.5], [90.5, 54.0], [90.0, 53.5], [89.5, 53.0], [89.0, 52.5], [88.0, 52.5], [87.0, 52.5], [86.0, 52.5], [85.5, 53.0], [85.0, 53.5], [84.0, 53.5], [83.0, 53.5], [82.5, 54.0], [82.0, 54.5], [81.0, 54.5], [80.5, 55.0], [80.0, 55.5], [79.0, 55.5], [78.5, 56.0], [78.5, 57.0], [78.0, 57.5], [77.5, 58.0], [77.0, 58.5], [76.5, 59.0], [76.0, 59.5], [75.5, 60.0], [75.5, 61.0], [75.0, 61.5], [74.5, 62.0], [74.5, 63.0]]"
SLICE,Z2,ED_R,19.69243776797788,33.089429497716395,-611.73564910889,,38.90277777777778,9.096183146765801,,,"[[73.0, 70.5], [72.5, 71.0], [73.0, 71.5], [73.5, 72.0], [73.5, 73.0], [74.0, 73.5], [74.5, 74.0], [75.0, 74.5], [76.0, 74.5], [77.0, 74.5], [77.5, 75.0], [78.0, 75.5], [79.0, 75.5], [79.5, 76.0], [80.0, 76.5], [81.0, 76.5], [82.0, 76.5], [83.0, 76.5], [83.5, 77.0], [84.0, 77.5], [85.0, 77.5], [86.0, 77.5], [87.0, 77.5], [88.0, 77.5], [89.0, 77.5], [89.5, 77.0], [90.0, 76.5], [91.0, 76.5], [91.5, 76.0], [91.5, 75.0], [91.5, 74.0], [91.5, 73.0], [91.5, 72.0], [91.0, 71.5], [90.0, 71.5], [89.5, 71.0], [89.0, 70.5], [88.0, 70.5], [87.5, 70.0], [87.0, 69.5], [86.0, 69.5], [85.0, 69.5], [84.5, 69.0], [84.0, 68.5], [83.5, 68.0], [83.0, 67.5], [82.0, 67.5], [81.5, 67.0], [81.0, 66.5], [80.0, 66.5], [79.0, 66.5], [78.0, 66.5], [77.0, 66.5], [76.0, 66.5], [75.0, 66.5], [74.5, 67.0], [74.0, 67.5], [73.5, 68.0], [73.5, 69.0], [73.5, 70.0]]"
SLICE,Z2,PER_R,19.69243776797788,33.089429497716395,-611.73564910889,,37.71955719557196,10.895119992745503,,,"[[71.0, 80.5], [70.5, 81.0], [70.5, 82.0], [70.5, 83.0], [70.5, 84.0], [70.5, 85.0], [70.5, 86.0], [71.0, 86.5], [71.5, 87.0], [71.5, 88.0], [71.5, 89.0], [72.0, 89.5], [72.5, 90.0], [72.5, 91.0], [73.0, 91.5], [74.0, 91.5], [74.5, 92.0], [75.0, 92.5], [75.5, 93.0], [76.0, 93.5], [77.0, 93.5], [78.0, 93.5], [78.5, 94.0], [79.0, 94.5], [80.0, 94.5], [81.0, 94.5], [82.0, 94.5], [83.0, 94.5], [84.0, 94.5], [84.5, 94.0], [84.5, 93.0], [84.5, 92.0], [85.0, 91.5], [85.5, 91.0], [86.0, 90.5], [86.5, 90.0], [87.0, 89.5], [87.5, 89.0], [88.0, 88.5], [88.5, 88.0], [88.5, 87.0], [88.0, 86.5], [87.5, 86.0], [87.5, 85.0], [87.5, 84.0], [87.5, 83.0], [87.5, 82.0], [87.5, 81.0], [87.0, 80.5], [86.5, 80.0], [86.5, 79.0], [86.0, 78.5], [85.5, 78.0], [85.0, 77.5], [84.0, 77.5], [83.5, 77.0], [83.0, 76.5], [82.0, 76.5], [81.0, 76.5], [80.0, 76.5], [79.5, 76.0], [79.0, 75.5], [78.0, 75.5], [77.5, 75.0], [77.0, 74.5], [76.0, 74.5], [75.0, 74.5], [74.5, 74.0], [74.0, 73.5], [73.5, 74.0], [73.0, 74.5], [72.5, 75.0], [72.5, 76.0], [72.5, 77.0], [72.5, 78.0], [72.0, 78.5], [71.5, 79.0], [71.5, 80.0]]"
SLICE,Z2,DLPC_R,19.69243776797788,33.089429497716395,-611.73564910889,,37.02459016393443,9.269386520767092,,,"[[85.0, 91.5], [84.5, 92.0], [84.5, 93.0], [84.5, 94.0], [85.0, 94.5], [86.0, 94.5], [86.5, 94.0], [87.0, 93.5], [88.0, 93.5], [89.0, 93.5], [90.0, 93.5], [91.0, 93.5], [92.0, 93.5], [93.0, 93.5], [94.0, 93.5], [94.5, 93.0], [95.0, 92.5], [95.5, 92.0], [96.0, 91.5], [97.0, 91.5], [98.0, 91.5], [99.0, 91.5], [99.5, 91.0], [100.0, 90.5], [101.0, 90.5], [101.5, 90.0], [102.0, 89.5], [103.0, 89.5], [104.0, 89.5], [104.5, 89.0], [104.5, 88.0], [104.5, 87.0], [105.0, 86.5], [106.0, 86.5], [106.5, 86.0], [106.5, 85.0], [107.0, 84.5], [107.5, 84.0], [107.5, 83.0], [107.5, 82.0], [107.5, 81.0], [108.0, 80.5], [108.5, 80.0], [109.0, 79.5], [109.5, 79.0], [110.0, 78.5], [110.5, 78.0], [110.5, 77.0], [111.0, 76.5], [111.5, 76.0], [111.5, 75.0], [111.5, 74.0], [111.5, 73.0], [112.0, 72.5], [112.5, 72.0], [113.0, 71.5], [113.5, 71.0], [113.0, 70.5], [112.5, 70.0], [112.0, 69.5], [111.5, 69.0], [111.5, 68.0], [111.5, 67.0], [111.0, 66.5], [110.5, 66.0], [110.0, 65.5], [109.5, 65.0], [109.0, 64.5], [108.5, 64.0], [108.0, 63.5], [107.0, 63.5], [106.0, 63.5], [105.0, 63.5], [104.5, 64.0], [104.0, 64.5], [103.5, 65.0], [103.0, 65.5], [102.0, 65.5], [101.5, 66.0], [101.0, 66.5], [100.5, 67.0], [100.0, 67.5], [99.0, 67.5], [98.5, 68.0], [98.0, 68.5], [97.0, 68.5], [96.0, 68.5], [95.0, 68.5], [94.5, 69.0], [95.0, 69.5], [96.0, 69.5], [96.5, 70.0], [96.0, 70.5], [95.5, 71.0], [95.0, 71.5], [94.0, 71.5], [93.0, 71.5], [92.0, 71.5], [91.5, 72.0], [91.5, 73.0], [91.5, 74.0], [91.5, 75.0], [91.5, 76.0], [91.0, 76.5], [90.0, 76.5], [89.5, 77.0], [89.0, 77.5], [88.0, 77.5], [87.0, 77.5], [86.0, 77.5], [85.5, 78.0], [86.0, 78.5], [86.5, 79.0], [87.0, 79.5], [88.0, 79.5], [88.5, 80.0], [89.0, 80.5], [89.5, 81.0], [90.0, 81.5], [90.5, 82.0], [90.5, 83.0], [90.0, 83.5], [89.5, 84.0], [89.0, 84.5], [88.5, 85.0], [88.0, 85.5], [87.5, 86.0], [88.0, 86.5], [88.5, 87.0], [88.5, 88.0], [88.0, 88.5], [87.5, 89.0], [87.0, 89.5], [86.5, 90.0], [86.0, 90.5], [85.5, 91.0]]"
SLICE,Z2,POP_R,19.69243776797788,33.089429497716395,-611.73564910889,,,,,,
SLICE,Z2,SOL_R,19.69243776797788,33.089429497716395,-611.73564910889,,38.25034013605442,8.227044948934608,,,"[[76.0, 94.5], [75.5, 95.0], [75.5, 96.0], [76.0, 96.5], [76.5, 97.0], [76.5, 98.0], [76.5, 99.0], [77.0, 99.5], [78.0, 99.5], [78.5, 100.0], [78.5, 101.0], [79.0, 101.5], [79.5, 102.0], [80.0, 102.5], [80.5, 103.0], [80.5, 104.0], [81.0, 104.5], [82.0, 104.5], [83.0, 104.5], [83.5, 105.0], [84.0, 105.5], [84.5, 106.0], [85.0, 106.5], [86.0, 106.5], [87.0, 106.5], [88.0, 106.5], [89.0, 106.5], [90.0, 106.5], [91.0, 106.5], [92.0, 106.5], [93.0, 106.5], [94.0, 106.5], [95.0, 106.5], [96.0, 106.5], [97.0, 106.5], [98.0, 106.5], [99.0, 106.5], [100.0, 106.5], [101.0, 106.5], [102.0, 106.5], [103.0, 106.5], [103.5, 106.0], [104.0, 105.5], [105.0, 105.5], [105.5, 105.0], [106.0, 104.5], [107.0, 104.5], [108.0, 104.5], [109.0, 104.5], [109.5, 104.0], [110.0, 103.5], [110.5, 103.0], [111.0, 102.5], [111.5, 102.0], [112.0, 101.5], [113.0, 101.5], [113.5, 101.0], [114.0, 100.5], [114.5, 100.0], [115.0, 99.5], [115.5, 99.0], [116.0, 98.5], [116.5, 98.0], [116.5, 97.0], [116.5, 96.0], [117.0, 95.5], [117.5, 95.0], [118.0, 94.5], [118.5, 94.0], [118.5, 93.0], [118.5, 92.0], [118.5, 91.0], [119.0, 90.5], [119.5, 90.0], [119.5, 89.0], [119.5, 88.0], [119.5, 87.0], [120.0, 86.5], [120.5, 86.0], [120.5, 85.0], [120.5, 84.0], [120.5, 83.0], [120.5, 82.0], [120.0, 81.5], [119.5, 81.0], [119.5, 80.0], [119.5, 79.0], [119.5, 78.0], [119.5, 77.0], [119.5, 76.0], [119.0, 75.5], [118.5, 75.0], [118.5, 74.0], [118.0, 73.5], [117.5, 73.0], [117.5, 72.0], [117.0, 71.5], [116.5, 71.0], [116.0, 70.5], [115.5, 70.0], [115.0, 69.5], [114.5, 69.0], [114.5, 68.0], [114.0, 67.5], [113.5, 67.0], [113.0, 66.5], [112.5, 66.0], [112.0, 65.5], [111.0, 65.5], [110.5, 66.0], [111.0, 66.5], [111.5, 67.0], [111.5, 68.0], [111.5, 69.0], [112.0, 69.5], [112.5, 70.0], [113.0, 70.5], [113.5, 71.0], [113.0, 71.5], [112.5, 72.0], [112.0, 72.5], [111.5, 73.0], [111.5, 74.0], [111.5, 75.0], [111.5, 76.0], [111.0, 76.5], [110.5, 77.0], [110.5, 78.0], [110.0, 78.5], [109.5, 79.0], [109.0, 79.5], [108.5, 80.0], [108.0, 80.5], [107.5, 81.0], [107.5, 82.0], [107.5, 83.0], [107.5, 84.0], [107.0, 84.5], [106.5, 85.0], [106.5, 86.0], [106.0, 86.5], [105.0, 86.5], [104.5, 87.0], [104.5, 88.0], [104.5, 89.0], [104.0, 89.5], [103.0, 89.5], [102.0, 89.5], [101.5, 90.0], [101.0, 90.5], [100.0, 90.5], [99.5, 91.0], [99.0, 91.5], [98.0, 91.5], [97.0, 91.5], [96.0, 91.5], [95.5, 92.0], [95.0, 92.5], [94.5, 93.0], [94.0, 93.5], [93.0, 93.5], [92.0, 93.5], [91.0, 93.5], [90.0, 93.5], [89.0, 93.5], [88.0, 93.5], [87.0, 93.5], [86.5, 94.0], [86.0, 94.5], [85.0, 94.5], [84.0, 94.5], [83.0, 94.5], [82.0, 94.5], [81.0, 94.5], [80.0, 94.5], [79.0, 94.5], [78.5, 94.0], [78.0, 93.5], [77.0, 93.5], [76.5, 94.0]]"
SLICE,Z2,GAS_MED_R,19.69243776797788,33.089429497716395,-611.73564910889,,17.571428571428573,7.423074889580902,,,"[[115.0, 100.5], [114.5, 101.0], [115.0, 101.5], [115.5, 101.0], [116.0, 100.5], [116.5, 100.0], [116.5, 99.0], [116.0, 98.5], [115.5, 99.0], [115.5, 100.0]]"
SLICE,Z2,GAS_LAT_R,19.69243776797788,33.089429497716395,-611.73564910889,,,,,,
SLICE,Z2,TA_L,19.69243776797788,33.089429497716395,-611.73564910889,,36.47159090909091,11.015964127157751,,,"[[223.0, 64.5], [222.5, 65.0], [222.5, 66.0], [222.5, 67.0], [222.5, 68.0], [223.0, 68.5], [223.5, 69.0], [224.0, 69.5], [224.5, 69.0], [225.0, 68.5], [226.0, 68.5], [226.5, 68.0], [226.5, 67.0], [226.5, 66.0], [227.0, 65.5], [227.5, 65.0], [228.0, 64.5], [229.0, 64.5], [229.5, 64.0], [230.0, 63.5], [230.5, 63.0], [231.0, 62.5], [232.0, 62.5], [232.5, 62.0], [233.0, 61.5], [234.0, 61.5], [235.0, 61.5], [236.0, 61.5], [236.5, 61.0], [237.0, 60.5], [238.0, 60.5], [239.0, 60.5], [239.5, 60.0], [239.5, 59.0], [239.5, 58.0], [239.0, 57.5], [238.5, 57.0], [238.0, 56.5], [237.5, 56.0], [237.0, 55.5], [236.0, 55.5], [235.5, 55.0], [235.0, 54.5], [234.5, 54.0], [234.0, 53.5], [233.0, 53.5], [232.5, 53.0], [232.0, 52.5], [231.5, 52.0], [231.0, 51.5], [230.0, 51.5], [229.5, 51.0], [229.0, 50.5], [228.0, 50.5], [227.0, 50.5], [226.0, 50.5], [225.0, 50.5], [224.0, 50.5], [223.5, 51.0], [223.5, 52.0], [223.5, 53.0], [223.5, 54.0], [223.5, 55.0], [223.5, 56.0], [223.5, 57.0], [223.5, 58.0], [223.5, 59.0], [223.5, 60.0], [223.5, 61.0], [223.5, 62.0], [223.5, 63.0], [223.5, 64.0]]"
SLICE,Z2,ED_L,19.69243776797788,33.089429497716395,-611.73564910889,,37.61971830985915,8.371423890164666,,,"[[227.0, 65.5], [226.5, 66.0], [226.5, 67.0], [226.5, 68.0], [226.5, 69.0], [226.5, 70.0], [226.5, 71.0], [227.0, 71.5], [227.5, 72.0], [228.0, 72.5], [229.0, 72.5], [230.0, 72.5], [231.0, 72.5], [232.0, 72.5], [233.0, 72.5], [234.0, 72.5], [234.5, 72.0], [235.0, 71.5], [236.0, 71.5], [237.0, 71.5], [238.0, 71.5], [238.5, 71.0], [239.0, 70.5], [239.5, 70.0], [239.5, 69.0], [240.0, 68.5], [240.5, 68.0], [241.0, 67.5], [241.5, 67.0], [242.0, 66.5], [242.5, 66.0], [242.5, 65.0], [242.5, 64.0], [242.0, 63.5], [241.5, 63.0], [241.5, 62.0], [241.0, 61.5], [240.5, 61.0], [240.0, 60.5], [239.0, 60.5], [238.0, 60.5], [237.0, 60.5], [236.5, 61.0], [236.0, 61.5], [235.0, 61.5], [234.0, 61.5], [233.0, 61.5], [232.5, 62.0], [232.0, 62.5], [231.0, 62.5], [230.5, 63.0], [230.0, 63.5], [229.5, 64.0], [229.0, 64.5], [228.0, 64.5], [227.5, 65.0]]"
SLICE,Z2,PER_L,19.69243776797788,33.089429497716395,-611.73564910889,,36.27522935779817,10.936322411266723,,,"[[233.0, 73.5], [232.5, 74.0], [232.5, 75.0], [232.5, 76.0], [233.0, 76.5], [233.5, 77.0], [233.5, 78.0], [233.5, 79.0], [233.5, 80.0], [234.0, 80.5], [234.5, 81.0], [234.5, 82.0], [234.5, 83.0], [235.0, 83.5], [235.5, 84.0], [236.0, 84.5], [236.5, 85.0], [237.0, 85.5], [237.5, 86.0], [238.0, 86.5], [239.0, 86.5], [239.5, 87.0], [240.0, 87.5], [241.0, 87.5], [241.5, 87.0], [242.0, 86.5], [243.0, 86.5], [244.0, 86.5], [244.5, 86.0], [245.0, 85.5], [246.0, 85.5], [246.5, 85.0], [246.5, 84.0], [246.5, 83.0], [247.0, 82.5], [247.5, 82.0], [247.5, 81.0], [247.5, 80.0], [247.5, 79.0], [247.5, 78.0], [247.5, 77.0], [247.5, 76.0], [247.0, 75.5], [246.5, 75.0], [246.5, 74.0], [246.5, 73.0], [246.5, 72.0], [246.5, 71.0], [246.5, 70.0], [246.0, 69.5], [245.5, 69.0], [245.0, 68.5], [244.5, 68.0], [244.0, 67.5], [243.0, 67.5], [242.5, 67.0], [242.0, 66.5], [241.5, 67.0], [241.0, 67.5], [240.5, 68.0], [240.0, 68.5], [239.5, 69.0], [239.5, 70.0], [239.0, 70.5], [238.5, 71.0], [238.0, 71.5], [237.0, 71.5], [236.0, 71.5], [235.0, 71.5], [234.5, 72.0], [234.0, 72.5], [233.5, 73.0]]"
SLICE,Z2,DLPC_L,19.69243776797788,33.089429497716395,-611.73564910889,,37.98241758241758,7.463885112224201,,,"[[207.0, 65.5], [206.5, 66.0], [206.5, 67.0], [206.5, 68.0], [206.5, 69.0], [206.5, 70.0], [206.5, 71.0], [206.5, 72.0], [207.0, 72.5], [207.5, 73.0], [207.5, 74.0], [208.0, 74.5], [208.5, 75.0], [208.5, 76.0], [209.0, 76.5], [209.5, 77.0], [209.5, 78.0], [210.0, 78.5], [211.0, 78.5], [211.5, 79.0], [212.0, 79.5], [213.0, 79.5], [213.5, 80.0], [213.5, 81.0], [214.0, 81.5], [214.5, 82.0], [214.0, 82.5], [213.5, 83.0], [214.0, 83.5], [214.5, 84.0], [215.0, 84.5], [215.5, 85.0], [216.0, 85.5], [216.5, 86.0], [217.0, 86.5], [218.0, 86.5], [218.5, 87.0], [219.0, 87.5], [220.0, 87.5], [220.5, 88.0], [221.0, 88.5], [221.5, 89.0], [222.0, 89.5], [223.0, 89.5], [224.0, 89.5], [225.0, 89.5], [226.0, 89.5], [227.0, 89.5], [228.0, 89.5], [229.0, 89.5], [230.0, 89.5], [230.5, 89.0], [231.0, 88.5], [232.0, 88.5], [232.5, 88.0], [233.0, 87.5], [234.0, 87.5], [235.0, 87.5], [236.0, 87.5], [236.5, 87.0], [237.0, 86.5], [237.5, 86.0], [237.0, 85.5], [236.5, 85.0], [236.0, 84.5], [235.5, 84.0], [235.0, 83.5], [234.5, 83.0], [234.5, 82.0], [234.5, 81.0], [234.0, 80.5], [233.0, 80.5], [232.0, 80.5], [231.5, 80.0], [231.0, 79.5], [230.0, 79.5], [229.5, 79.0], [229.0, 78.5], [228.5, 78.0], [228.5, 77.0], [229.0, 76.5], [229.5, 76.0], [230.0, 75.5], [230.5, 75.0], [231.0, 74.5], [231.5, 74.0], [231.5, 73.0], [231.0, 72.5], [230.0, 72.5], [229.0, 72.5], [228.0, 72.5], [227.5, 72.0], [227.0, 71.5], [226.5, 71.0], [226.5, 70.0], [226.5, 69.0], [226.0, 68.5], [225.0, 68.5], [224.5, 69.0], [224.0, 69.5], [223.5, 69.0], [223.0, 68.5], [222.5, 68.0], [222.5, 67.0], [222.0, 66.5], [221.0, 66.5], [220.0, 66.5], [219.0, 66.5], [218.0, 66.5], [217.0, 66.5], [216.0, 66.5], [215.0, 66.5], [214.5, 66.0], [214.0, 65.5], [213.0, 65.5], [212.0, 65.5], [211.5, 65.0], [211.0, 64.5], [210.5, 64.0], [210.0, 63.5], [209.0, 63.5], [208.5, 64.0], [208.0, 64.5], [207.5, 65.0]]"
SLICE,Z2,POP_L,19.69243776797788,33.089429497716395,-611.73564910889,,,,,,
SLICE,Z2,SOL_L,19.69243776797788,33.089429497716395,-611.73564910889,,38.432918395574,8.76064825643678,,,"[[201.0, 79.5], [200.5, 80.0], [200.5, 81.0], [200.5, 82.0], [200.5, 83.0], [200.5, 84.0], [200.5, 85.0], [201.0, 85.5], [201.5, 86.0], [201.5, 87.0], [201.5, 88.0], [201.5, 89.0], [202.0, 89.5], [202.5, 90.0], [202.5, 91.0], [203.0, 91.5], [203.5, 92.0], [203.5, 93.0], [204.0, 93.5], [204.5, 94.0], [205.0, 94.5], [205.5, 95.0], [205.5, 96.0], [206.0, 96.5], [207.0, 96.5], [207.5, 97.0], [207.5, 98.0], [208.0, 98.5], [208.5, 99.0], [209.0, 99.5], [209.5, 100.0], [210.0, 100.5], [210.5, 101.0], [211.0, 101.5], [212.0, 101.5], [213.0, 101.5], [213.5, 102.0], [214.0, 102.5], [215.0, 102.5], [215.5, 103.0], [216.0, 103.5], [217.0, 103.5], [218.0, 103.5], [219.0, 103.5], [220.0, 103.5], [221.0, 103.5], [222.0, 103.5], [223.0, 103.5], [223.5, 104.0], [224.0, 104.5], [225.0, 104.5], [226.0, 104.5], [226.5, 104.0], [227.0, 103.5], [228.0, 103.5], [229.0, 103.5], [229.5, 103.0], [230.0, 102.5], [231.0, 102.5], [231.5, 102.0], [232.0, 101.5], [233.0, 101.5], [234.0, 101.5], [235.0, 101.5], [236.0, 101.5], [237.0, 101.5], [237.5, 101.0], [238.0, 100.5], [239.0, 100.5], [239.5, 100.0], [240.0, 99.5], [241.0, 99.5], [241.5, 99.0], [241.5, 98.0], [242.0, 97.5], [242.5, 97.0], [243.0, 96.5], [243.5, 96.0], [244.0, 95.5], [244.5, 95.0], [244.5, 94.0], [244.5, 93.0], [245.0, 92.5], [245.5, 92.0], [245.5, 91.0], [245.5, 90.0], [245.5, 89.0], [245.5, 88.0], [245.5, 87.0], [245.0, 86.5], [244.0, 86.5], [243.0, 86.5], [242.0, 86.5], [241.5, 87.0], [241.0, 87.5], [240.0, 87.5], [239.5, 87.0], [239.0, 86.5], [238.0, 86.5], [237.0, 86.5], [236.5, 87.0], [236.0, 87.5], [235.0, 87.5], [234.0, 87.5], [233.0, 87.5], [232.5, 88.0], [232.0, 88.5], [231.0, 88.5], [230.5, 89.0], [230.0, 89.5], [229.0, 89.5], [228.0, 89.5], [227.0, 89.5], [226.0, 89.5], [225.0, 89.5], [224.0, 89.5], [223.0, 89.5], [222.0, 89.5], [221.5, 89.0], [221.0, 88.5], [220.5, 88.0], [220.0, 87.5], [219.0, 87.5], [218.5, 87.0], [218.0, 86.5], [217.0, 86.5], [216.5, 86.0], [216.0, 85.5], [215.5, 85.0], [215.0, 84.5], [214.5, 84.0], [214.0, 83.5], [213.5, 83.0], [214.0, 82.5], [214.5, 82.0], [214.0, 81.5], [213.0, 81.5], [212.5, 81.0], [212.0, 80.5], [211.5, 80.0], [211.5, 79.0], [211.0, 78.5], [210.0, 78.5], [209.5, 78.0], [209.5, 77.0], [209.0, 76.5], [208.5, 76.0], [208.5, 75.0], [208.0, 74.5], [207.5, 74.0], [207.5, 73.0], [207.0, 72.5], [206.5, 72.0], [206.5, 71.0], [206.5, 70.0], [206.5, 69.0], [206.5, 68.0], [206.0, 67.5], [205.5, 68.0], [205.5, 69.0], [205.0, 69.5], [204.5, 70.0], [204.0, 70.5], [203.5, 71.0], [203.5, 72.0], [203.5, 73.0], [203.0, 73.5], [202.5, 74.0], [202.5, 75.0], [202.0, 75.5], [201.5, 76.0], [201.5, 77.0], [201.5, 78.0], [201.5, 79.0]]"
SLICE,Z2,GAS_MED_L,19.69243776797788,33.089429497716395,-611.73564910889,,,,,,
SLICE,Z2,GAS_LAT_L,19.69243776797788,33.089429497716395,-611.73564910889,,,,,,
SLICE,Z3,TA_R,19.69243776797788,33.089429497716395,-581.73564910889,,38.174731182795696,7.915148548235878,,,"[[69.0, 63.5], [68.5, 64.0], [69.0, 64.5], [70.0, 64.5], [71.0, 64.5], [71.5, 65.0], [72.0, 65.5], [72.5, 66.0], [73.0, 66.5], [74.0, 66.5], [75.0, 66.5], [76.0, 66.5], [77.0, 66.5], [78.0, 66.5], [78.5, 67.0], [79.0, 67.5], [80.0, 67.5], [81.0, 67.5], [81.5, 68.0], [82.0, 68.5], [83.0, 68.5], [84.0, 68.5], [84.5, 69.0], [85.0, 69.5], [86.0, 69.5], [86.5, 70.0], [87.0, 70.5], [88.0, 70.5], [89.0, 70.5], [89.5, 71.0], [90.0, 71.5], [91.0, 71.5], [91.5, 71.0], [92.0, 70.5], [92.5, 70.0], [93.0, 69.5], [93.5, 69.0], [93.5, 68.0], [93.5, 67.0], [93.5, 66.0], [93.0, 65.5], [92.5, 65.0], [92.0, 64.5], [91.5, 64.0], [91.5, 63.0], [91.5, 62.0], [91.5, 61.0], [91.0, 60.5], [90.5, 60.0], [90.5, 59.0], [90.5, 58.0], [90.5, 57.0], [90.0, 56.5], [89.5, 56.0], [89.5, 55.0], [89.5, 54.0], [90.0, 53.5], [90.5, 53.0], [90.5, 52.0], [91.0, 51.5], [91.5, 51.0], [91.5, 50.0], [91.0, 49.5], [90.5, 49.0], [90.0, 48.5], [89.0, 48.5], [88.0, 48.5], [87.0, 48.5], [86.0, 48.5], [85.0, 48.5], [84.0, 48.5], [83.0, 48.5], [82.0, 48.5], [81.0, 48.5], [80.5, 49.0], [80.0, 49.5], [79.5, 50.0], [79.0, 50.5], [78.0, 50.5], [77.0, 50.5], [76.5, 51.0], [76.0, 51.5], [75.5, 52.0], [75.5, 53.0], [75.0, 53.5], [74.0, 53.5], [73.5, 54.0], [73.5, 55.0], [73.0, 55.5], [72.0, 55.5], [71.5, 56.0], [71.0, 56.5], [70.5, 57.0], [70.5, 58.0], [70.5, 59.0], [70.5, 60.0], [70.0, 60.5], [69.5, 61.0], [69.5, 62.0], [69.5, 63.0]]"
SLICE,Z3,ED_R,19.69243776797788,33.089429497716395,-581.73564910889,,38.34126984126984,7.997184721317135,,,"[[69.0, 65.5], [68.5, 66.0], [68.5, 67.0], [68.5, 68.0], [68.5, 69.0], [68.5, 70.0], [69.0, 70.5], [69.5, 71.0], [70.0, 71.5], [71.0, 71.5], [71.5, 72.0], [72.0, 72.5], [72.5, 73.0], [73.0, 73.5], [74.0, 73.5], [74.5, 74.0], [75.0, 74.5], [76.0, 74.5], [77.0, 74.5], [78.0, 74.5], [79.0, 74.5], [80.0, 74.5], [81.0, 74.5], [81.5, 75.0], [82.0, 75.5], [83.0, 75.5], [84.0, 75.5], [85.0, 75.5], [85.5, 75.0], [86.0, 74.5], [87.0, 74.5], [87.5, 74.0], [87.5, 73.0], [87.0, 72.5], [86.5, 72.0], [86.5, 71.0], [86.5, 70.0], [86.0, 69.5], [85.0, 69.5], [84.5, 69.0], [84.0, 68.5], [83.0, 68.5], [82.0, 68.5], [81.5, 68.0], [81.0, 67.5], [80.0, 67.5], [79.0, 67.5], [78.5, 67.0], [78.0, 66.5], [77.0, 66.5], [76.0, 66.5], [75.0, 66.5], [74.0, 66.5], [73.0, 66.5], [72.5, 66.0], [72.0, 65.5], [71.5, 65.0], [71.0, 64.5], [70.5, 65.0], [70.0, 65.5]]"
SLICE,Z3,PER_R,19.69243776797788,33.089429497716395,-581.73564910889,,38.090322580645164,10.074155846768203,,,"[[66.0, 75.5], [65.5, 76.0], [65.5, 77.0], [65.5, 78.0], [65.5, 79.0], [65.5, 80.0], [65.5, 81.0], [65.5, 82.0], [65.5, 83.0], [65.5, 84.0], [65.5, 85.0], [65.5, 86.0], [65.5, 87.0], [65.5, 88.0], [66.0, 88.5], [66.5, 89.0], [67.0, 89.5], [67.5, 90.0], [68.0, 90.5], [68.5, 91.0], [69.0, 91.5], [70.0, 91.5], [71.0, 91.5], [72.0, 91.5], [73.0, 91.5], [74.0, 91.5], [74.5, 92.0], [75.0, 92.5], [76.0, 92.5], [77.0, 92.5], [78.0, 92.5], [78.5, 92.0], [79.0, 91.5], [79.5, 91.0], [80.0, 90.5], [80.5, 90.0], [81.0, 89.5], [81.5, 89.0], [81.5, 88.0], [82.0, 87.5], [82.5, 87.0], [83.0, 86.5], [83.5, 86.0], [83.5, 85.0], [84.0, 84.5], [84.5, 84.0], [84.5, 83.0], [84.5, 82.0], [84.5, 81.0], [84.5, 80.0], [84.5, 79.0], [84.0, 78.5], [83.5, 78.0], [83.0, 77.5], [82.5, 77.0], [82.0, 76.5], [81.5, 76.0], [81.5, 75.0], [81.0, 74.5], [80.0, 74.5], [79.0, 74.5], [78.0, 74.5], [77.0, 74.5], [76.0, 74.5], [75.0, 74.5], [74.5, 74.0], [74.0, 73.5], [73.0, 73.5], [72.5, 73.0], [72.0, 72.5], [71.5, 72.0], [71.0, 71.5], [70.0, 71.5], [69.5, 71.0], [69.0, 70.5], [68.5, 71.0], [68.0, 71.5], [67.5, 72.0], [67.5, 73.0], [67.0, 73.5], [66.5, 74.0], [66.5, 75.0]]"
SLICE,Z3,DLPC_R,19.69243776797788,33.089429497716395,-581.73564910889,,37.585152838427945,8.268050128309495,,,"[[82.0, 75.5], [81.5, 76.0], [82.0, 76.5], [82.5, 77.0], [83.0, 77.5], [83.5, 78.0], [84.0, 78.5], [84.5, 79.0], [85.0, 79.5], [85.5, 80.0], [86.0, 80.5], [86.5, 81.0], [87.0, 81.5], [88.0, 81.5], [88.5, 82.0], [88.5, 83.0], [88.0, 83.5], [87.5, 84.0], [87.0, 84.5], [86.0, 84.5], [85.0, 84.5], [84.0, 84.5], [83.5, 85.0], [83.5, 86.0], [83.0, 86.5], [82.5, 87.0], [82.0, 87.5], [81.5, 88.0], [81.5, 89.0], [81.5, 90.0], [82.0, 90.5], [83.0, 90.5], [84.0, 90.5], [85.0, 90.5], [85.5, 90.0], [86.0, 89.5], [87.0, 89.5], [88.0, 89.5], [89.0, 89.5], [90.0, 89.5], [91.0, 89.5], [92.0, 89.5], [93.0, 89.5], [94.0, 89.5], [95.0, 89.5], [95.5, 89.0], [96.0, 88.5], [96.5, 88.0], [97.0, 87.5], [98.0, 87.5], [98.5, 87.0], [98.0, 86.5], [97.0, 86.5], [96.5, 86.0], [96.5, 85.0], [96.5, 84.0], [97.0, 83.5], [98.0, 83.5], [99.0, 83.5], [100.0, 83.5], [101.0, 83.5], [101.5, 84.0], [102.0, 84.5], [103.0, 84.5], [103.5, 84.0], [104.0, 83.5], [104.5, 83.0], [104.5, 82.0], [104.5, 81.0], [105.0, 80.5], [105.5, 80.0], [105.5, 79.0], [106.0, 78.5], [106.5, 78.0], [107.0, 77.5], [107.5, 77.0], [108.0, 76.5], [108.5, 76.0], [108.5, 75.0], [109.0, 74.5], [109.5, 74.0], [109.5, 73.0], [109.5, 72.0], [109.5, 71.0], [109.5, 70.0], [109.5, 69.0], [109.5, 68.0], [109.5, 67.0], [109.5, 66.0], [109.5, 65.0], [109.0, 64.5], [108.5, 64.0], [108.0, 63.5], [107.5, 63.0], [107.0, 62.5], [106.0, 62.5], [105.0, 62.5], [104.0, 62.5], [103.5, 63.0], [103.0, 63.5], [102.5, 64.0], [102.0, 64.5], [101.0, 64.5], [100.5, 65.0], [100.0, 65.5], [99.0, 65.5], [98.5, 66.0], [98.0, 66.5], [97.0, 66.5], [96.0, 66.5], [95.0, 66.5], [94.0, 66.5], [93.5, 67.0], [93.5, 68.0], [93.5, 69.0], [93.0, 69.5], [92.5, 70.0], [92.0, 70.5], [91.5, 71.0], [91.0, 71.5], [90.0, 71.5], [89.5, 71.0], [89.0, 70.5], [88.0, 70.5], [87.0, 70.5], [86.5, 71.0], [86.5, 72.0], [87.0, 72.5], [87.5, 73.0], [87.5, 74.0], [87.0, 74.5], [86.0, 74.5], [85.5, 75.0], [85.0, 75.5], [84.0, 75.5], [83.0, 75.5]]"
SLICE,Z3,POP_R,19.69243776797788,33.089429497716395,-581.73564910889,,,,,,
SLICE,Z3,SOL_R,19.69243776797788,33.089429497716395,-581.73564910889,,38.10652591170825,6.576522515080682,,,"[[69.0, 94.5], [68.5, 95.0], [69.0, 95.5], [69.5, 96.0], [69.5, 97.0], [70.0, 97.5], [70.5, 98.0], [70.5, 99.0], [71.0, 99.5], [71.5, 100.0], [72.0, 100.5], [72.5, 101.0], [73.0, 101.5], [73.5, 102.0], [74.0, 102.5], [74.5, 103.0], [75.0, 103.5], [75.5, 104.0], [76.0, 104.5], [77.0, 104.5], [78.0, 104.5], [78.5, 105.0], [79.0, 105.5], [80.0, 105.5], [80.5, 106.0], [81.0, 106.5], [82.0, 106.5], [83.0, 106.5], [84.0, 106.5], [85.0, 106.5], [86.0, 106.5], [87.0, 106.5], [88.0, 106.5], [89.0, 106.5], [90.0, 106.5], [91.0, 106.5], [92.0, 106.5], [93.0, 106.5], [94.0, 106.5], [95.0, 106.5], [96.0, 106.5], [97.0, 106.5], [98.0, 106.5], [99.0, 106.5], [100.0, 106.5], [101.0, 106.5], [102.0, 106.5], [102.5, 106.0], [103.0, 105.5], [104.0, 105.5], [105.0, 105.5], [105.5, 105.0], [106.0, 104.5], [107.0, 104.5], [108.0, 104.5], [109.0, 104.5], [109.5, 104.0], [110.0, 103.5], [110.5, 103.0], [111.0, 102.5], [111.5, 102.0], [112.0, 101.5], [113.0, 101.5], [113.5, 101.0], [114.0, 100.5], [114.5, 100.0], [115.0, 99.5], [115.5, 99.0], [115.5, 98.0], [116.0, 97.5], [116.5, 97.0], [116.5, 96.0], [117.0, 95.5], [117.5, 95.0], [117.5, 94.0], [117.5, 93.0], [117.5, 92.0], [118.0, 91.5], [118.5, 91.0], [118.5, 90.0], [119.0, 89.5], [119.5, 89.0], [119.5, 88.0], [119.5, 87.0], [120.0, 86.5], [120.5, 86.0], [120.5, 85.0], [120.5, 84.0], [121.0, 83.5], [121.5, 83.0], [121.5, 82.0], [121.0, 81.5], [120.5, 81.0], [120.5, 80.0], [120.5, 79.0], [120.0, 78.5], [119.5, 78.0], [119.5, 77.0], [119.5, 76.0], [119.5, 75.0], [119.5, 74.0], [119.5, 73.0], [119.0, 72.5], [118.5, 72.0], [118.5, 71.0], [118.0, 70.5], [117.5, 70.0], [117.0, 69.5], [116.5, 69.0], [116.5, 68.0], [116.0, 67.5], [115.5, 67.0], [115.0, 66.5], [114.5, 66.0], [114.0, 65.5], [113.5, 65.0], [113.0, 64.5], [112.5, 64.0], [112.0, 63.5], [111.5, 63.0], [111.0, 62.5], [110.5, 62.0], [110.0, 61.5], [109.0, 61.5], [108.0, 61.5], [107.0, 61.5], [106.0, 61.5], [105.5, 62.0], [106.0, 62.5], [107.0, 62.5], [107.5, 63.0], [108.0, 63.5], [108.5, 64.0], [109.0, 64.5], [109.5, 65.0], [109.5, 66.0], [109.5, 67.0], [109.5, 68.0], [109.5, 69.0], [109.5, 70.0], [109.5, 71.0], [109.5, 72.0], [109.5, 73.0], [109.5, 74.0], [109.0, 74.5], [108.5, 75.0], [108.5, 76.0], [108.0, 76.5], [107.5, 77.0], [107.0, 77.5], [106.5, 78.0], [106.0, 78.5], [105.5, 79.0], [105.5, 80.0], [105.0, 80.5], [104.5, 81.0], [104.5, 82.0], [104.5, 83.0], [104.0, 83.5], [103.5, 84.0], [103.0, 84.5], [102.0, 84.5], [101.5, 84.0], [101.0, 83.5], [100.0, 83.5], [99.0, 83.5], [98.0, 83.5], [97.0, 83.5], [96.5, 84.0], [96.5, 85.0], [96.5, 86.0], [97.0, 86.5], [98.0, 86.5], [98.5, 87.0], [98.0, 87.5], [97.0, 87.5], [96.5, 88.0], [96.0, 88.5], [95.5, 89.0], [95.0, 89.5], [94.0, 89.5], [93.0, 89.5], [92.0, 89.5], [91.0, 89.5], [90.0, 89.5], [89.0, 89.5], [88.0, 89.5], [87.0, 89.5], [86.0, 89.5], [85.5, 90.0], [85.0, 90.5], [84.0, 90.5], [83.0, 90.5], [82.0, 90.5], [81.5, 90.0], [81.0, 89.5], [80.5, 90.0], [80.0, 90.5], [79.5, 91.0], [79.0, 91.5], [78.5, 92.0], [78.0, 92.5], [77.0, 92.5], [76.0, 92.5], [75.0, 92.5], [74.5, 92.0], [74.0, 91.5], [73.0, 91.5], [72.0, 91.5], [71.0, 91.5], [70.5, 92.0], [70.0, 92.5], [69.5, 93.0], [69.5, 94.0]]"
SLICE,Z3,GAS_MED_R,19.69243776797788,33.089429497716395,-581.73564910889,,32.410628019323674,14.575158639412672,,,"[[106.0, 104.5], [105.5, 105.0], [105.5, 106.0], [106.0, 106.5], [106.5, 107.0], [107.0, 107.5], [108.0, 107.5], [108.5, 108.0], [109.0, 108.5], [110.0, 108.5], [111.0, 108.5], [112.0, 108.5], [113.0, 108.5], [113.5, 108.0], [114.0, 107.5], [115.0, 107.5], [115.5, 107.0], [116.0, 106.5], [117.0, 106.5], [117.5, 106.0], [118.0, 105.5], [119.0, 105.5], [119.5, 105.0], [119.5, 104.0], [120.0, 103.5], [120.5, 103.0], [120.5, 102.0], [121.0, 101.5], [121.5, 101.0], [122.0, 100.5], [122.5, 100.0], [122.5, 99.0], [122.5, 98.0], [123.0, 97.5], [123.5, 97.0], [123.5, 96.0], [123.5, 95.0], [124.0, 94.5], [124.5, 94.0], [124.5, 93.0], [125.0, 92.5], [125.5, 92.0], [125.5, 91.0], [125.5, 90.0], [125.5, 89.0], [125.5, 88.0], [125.5, 87.0], [125.0, 86.5], [124.5, 86.0], [124.5, 85.0], [124.5, 84.0], [124.5, 83.0], [124.5, 82.0], [124.5, 81.0], [124.0, 80.5], [123.5, 80.0], [123.5, 79.0], [123.0, 78.5], [122.5, 78.0], [122.0, 77.5], [121.5, 77.0], [121.0, 76.5], [120.5, 76.0], [120.0, 75.5], [119.5, 76.0], [119.5, 77.0], [119.5, 78.0], [120.0, 78.5], [120.5, 79.0], [120.5, 80.0], [120.5, 81.0], [121.0, 81.5], [121.5, 82.0], [121.5, 83.0], [121.0, 83.5], [120.5, 84.0], [120.5, 85.0], [120.5, 86.0], [120.0, 86.5], [119.5, 87.0], [119.5, 88.0], [119.5, 89.0], [119.0, 89.5], [118.5, 90.0], [118.5, 91.0], [118.0, 91.5], [117.5, 92.0], [117.5, 93.0], [117.5, 94.0], [117.5, 95.0], [117.0, 95.5], [116.5, 96.0], [116.5, 97.0], [116.0, 97.5], [115.5, 98.0], [115.5, 99.0], [115.0, 99.5], [114.5, 100.0], [114.0, 100.5], [113.5, 101.0], [113.0, 101.5], [112.0, 101.5], [111.5, 102.0], [111.0, 102.5], [110.5, 103.0], [110.0, 103.5], [109.5, 104.0], [109.0, 104.5], [108.0, 104.5], [107.0, 104.5]]"
SLICE,Z3,GAS_LAT_R,19.69243776797788,33.089429497716395,-581.73564910889,,31.169014084507044,11.753316481901834,,,"[[86.0, 106.5], [85.5, 107.0], [85.5, 108.0], [85.5, 109.0], [86.0, 109.5], [87.0, 109.5], [87.5, 110.0], [88.0, 110.5], [89.0, 110.5], [90.0, 110.5], [91.0, 110.5], [92.0, 110.5], [93.0, 110.5], [94.0, 110.5], [95.0, 110.5], [96.0, 110.5], [97.0, 110.5], [98.0, 110.5], [98.5, 110.0], [99.0, 109.5], [100.0, 109.5], [101.0, 109.5], [102.0, 109.5], [103.0, 109.5], [104.0, 109.5], [104.5, 109.0], [104.5, 108.0], [104.5, 107.0], [105.0, 106.5], [105.5, 106.0], [105.0, 105.5], [104.0, 105.5], [103.0, 105.5], [102.5, 106.0], [102.0, 106.5], [101.0, 106.5], [100.0, 106.5], [99.0, 106.5], [98.0, 106.5], [97.0, 106.5], [96.0, 106.5], [95.0, 106.5], [94.0, 106.5], [93.0, 106.5], [92.0, 106.5], [91.0, 106.5], [90.0, 106.5], [89.0, 106.5], [88.0, 106.5], [87.0, 106.5]]"
SLICE,Z3,TA_L,19.69243776797788,33.089429497716395,-581.73564910889,,34.98939929328622,10.521552539289592,,,"[[222.0, 48.5], [221.5, 49.0], [222.0, 49.5], [222.5, 50.0], [222.5, 51.0], [223.0, 51.5], [223.5, 52.0], [223.5, 53.0], [223.5, 54.0], [223.5, 55.0], [223.5, 56.0], [223.5, 57.0], [223.5, 58.0], [223.5, 59.0], [223.5, 60.0], [223.5, 61.0], [223.5, 62.0], [223.5, 63.0], [223.5, 64.0], [223.5, 65.0], [223.5, 66.0], [224.0, 66.5], [224.5, 67.0], [224.5, 68.0], [225.0, 68.5], [226.0, 68.5], [227.0, 68.5], [227.5, 68.0], [228.0, 67.5], [228.5, 67.0], [229.0, 66.5], [230.0, 66.5], [231.0, 66.5], [231.5, 66.0], [231.5, 65.0], [231.5, 64.0], [232.0, 63.5], [232.5, 63.0], [233.0, 62.5], [234.0, 62.5], [234.5, 62.0], [235.0, 61.5], [236.0, 61.5], [237.0, 61.5], [237.5, 61.0], [238.0, 60.5], [239.0, 60.5], [239.5, 60.0], [240.0, 59.5], [241.0, 59.5], [242.0, 59.5], [242.5, 59.0], [243.0, 58.5], [243.5, 58.0], [243.5, 57.0], [243.0, 56.5], [242.5, 56.0], [242.0, 55.5], [241.5, 55.0], [241.5, 54.0], [241.0, 53.5], [240.5, 53.0], [240.0, 52.5], [239.5, 52.0], [239.5, 51.0], [239.0, 50.5], [238.0, 50.5], [237.0, 50.5], [236.5, 50.0], [236.5, 49.0], [236.0, 48.5], [235.0, 48.5], [234.0, 48.5], [233.0, 48.5], [232.5, 48.0], [232.0, 47.5], [231.0, 47.5], [230.0, 47.5], [229.0, 47.5], [228.0, 47.5], [227.0, 47.5], [226.0, 47.5], [225.0, 47.5], [224.0, 47.5], [223.5, 48.0], [223.0, 48.5]]"
SLICE,Z3,ED_L,19.69243776797788,33.089429497716395,-581.73564910889,,36.73504273504273,8.14126679320692,,,"[[230.0, 66.5], [229.5, 67.0], [229.5, 68.0], [229.5, 69.0], [229.5, 70.0], [230.0, 70.5], [230.5, 71.0], [231.0, 71.5], [232.0, 71.5], [233.0, 71.5], [234.0, 71.5], [234.5, 71.0], [234.5, 70.0], [235.0, 69.5], [236.0, 69.5], [236.5, 69.0], [237.0, 68.5], [237.5, 68.0], [238.0, 67.5], [239.0, 67.5], [240.0, 67.5], [240.5, 67.0], [241.0, 66.5], [242.0, 66.5], [243.0, 66.5], [244.0, 66.5], [244.5, 66.0], [244.5, 65.0], [245.0, 64.5], [246.0, 64.5], [246.5, 64.0], [246.5, 63.0], [246.5, 62.0], [246.5, 61.0], [246.0, 60.5], [245.0, 60.5], [244.5, 60.0], [244.0, 59.5], [243.5, 59.0], [243.0, 58.5], [242.5, 59.0], [242.0, 59.5], [241.0, 59.5], [240.0, 59.5], [239.5, 60.0], [239.0, 60.5], [238.0, 60.5], [237.5, 61.0], [237.0, 61.5], [236.0, 61.5], [235.0, 61.5], [234.5, 62.0], [234.0, 62.5], [233.0, 62.5], [232.5, 63.0], [232.0, 63.5], [231.5, 64.0], [231.5, 65.0], [231.5, 66.0], [231.0, 66.5]]"
SLICE,Z3,PER_L,19.69243776797788,33.089429497716395,-581.73564910889,,36.17391304347826,8.40670284975226,,,"[[235.0, 69.5], [234.5, 70.0], [234.5, 71.0], [234.5, 72.0], [234.5, 73.0], [234.5, 74.0], [234.5, 75.0], [234.5, 76.0], [235.0, 76.5], [235.5, 77.0], [235.5, 78.0], [235.5, 79.0], [236.0, 79.5], [236.5, 80.0], [236.5, 81.0], [237.0, 81.5], [237.5, 82.0], [238.0, 82.5], [238.5, 83.0], [239.0, 83.5], [239.5, 84.0], [240.0, 84.5], [241.0, 84.5], [242.0, 84.5], [242.5, 85.0], [243.0, 85.5], [244.0, 85.5], [244.5, 85.0], [245.0, 84.5], [246.0, 84.5], [247.0, 84.5], [248.0, 84.5], [249.0, 84.5], [250.0, 84.5], [250.5, 84.0], [250.5, 83.0], [251.0, 82.5], [251.5, 82.0], [251.5, 81.0], [251.5, 80.0], [251.5, 79.0], [251.5, 78.0], [251.5, 77.0], [251.5, 76.0], [251.5, 75.0], [251.5, 74.0], [251.5, 73.0], [251.5, 72.0], [251.0, 71.5], [250.5, 71.0], [250.5, 70.0], [250.0, 69.5], [249.5, 69.0], [249.5, 68.0], [249.5, 67.0], [249.5, 66.0], [249.0, 65.5], [248.0, 65.5], [247.5, 65.0], [247.0, 64.5], [246.0, 64.5], [245.0, 64.5], [244.5, 65.0], [244.5, 66.0], [244.0, 66.5], [243.0, 66.5], [242.0, 66.5], [241.0, 66.5], [240.5, 67.0], [240.0, 67.5], [239.0, 67.5], [238.0, 67.5], [237.5, 68.0], [237.0, 68.5], [236.5, 69.0], [236.0, 69.5]]"
SLICE,Z3,DLPC_L,19.69243776797788,33.089429497716395,-581.73564910889,,37.579081632653065,7.31917185941291,,,"[[207.0, 66.5], [206.5, 67.0], [207.0, 67.5], [207.5, 68.0], [207.5, 69.0], [208.0, 69.5], [208.5, 70.0], [208.5, 71.0], [208.5, 72.0], [209.0, 72.5], [209.5, 73.0], [209.5, 74.0], [209.5, 75.0], [209.5, 76.0], [210.0, 76.5], [211.0, 76.5], [211.5, 77.0], [211.5, 78.0], [212.0, 78.5], [213.0, 78.5], [213.5, 79.0], [214.0, 79.5], [215.0, 79.5], [215.5, 80.0], [215.5, 81.0], [216.0, 81.5], [216.5, 82.0], [217.0, 82.5], [217.5, 83.0], [218.0, 83.5], [219.0, 83.5], [220.0, 83.5], [220.5, 83.0], [220.5, 82.0], [221.0, 81.5], [222.0, 81.5], [223.0, 81.5], [223.5, 81.0], [224.0, 80.5], [225.0, 80.5], [225.5, 81.0], [225.5, 82.0], [225.0, 82.5], [224.0, 82.5], [223.5, 83.0], [223.5, 84.0], [224.0, 84.5], [224.5, 85.0], [225.0, 85.5], [225.5, 86.0], [226.0, 86.5], [227.0, 86.5], [228.0, 86.5], [229.0, 86.5], [229.5, 86.0], [230.0, 85.5], [231.0, 85.5], [231.5, 85.0], [232.0, 84.5], [233.0, 84.5], [234.0, 84.5], [235.0, 84.5], [236.0, 84.5], [236.5, 84.0], [237.0, 83.5], [237.5, 83.0], [237.0, 82.5], [236.5, 82.0], [236.5, 81.0], [236.0, 80.5], [235.0, 80.5], [234.5, 80.0], [234.0, 79.5], [233.0, 79.5], [232.0, 79.5], [231.5, 79.0], [231.0, 78.5], [230.5, 78.0], [230.5, 77.0], [231.0, 76.5], [231.5, 76.0], [231.5, 75.0], [232.0, 74.5], [233.0, 74.5], [233.5, 74.0], [234.0, 73.5], [234.5, 73.0], [234.5, 72.0], [234.0, 71.5], [233.0, 71.5], [232.0, 71.5], [231.0, 71.5], [230.5, 71.0], [230.0, 70.5], [229.5, 70.0], [229.5, 69.0], [229.5, 68.0], [229.0, 67.5], [228.0, 67.5], [227.5, 68.0], [227.0, 68.5], [226.0, 68.5], [225.0, 68.5], [224.5, 68.0], [224.5, 67.0], [224.0, 66.5], [223.5, 66.0], [223.0, 65.5], [222.0, 65.5], [221.0, 65.5], [220.0, 65.5], [219.5, 66.0], [219.0, 66.5], [218.0, 66.5], [217.0, 66.5], [216.5, 66.0], [216.0, 65.5], [215.0, 65.5], [214.0, 65.5], [213.0, 65.5], [212.5, 65.0], [212.0, 64.5], [211.5, 64.0], [211.0, 63.5], [210.0, 63.5], [209.0, 63.5], [208.5, 64.0], [208.0, 64.5], [207.5, 65.0], [207.5, 66.0]]"
SLICE,Z3,POP_L,19.69243776797788,33.089429497716395,-581.73564910889,,,,,,
SLICE,Z3,SOL_L,19.69243776797788,33.089429497716395,-581.73564910889,,38.97976570820021,7.094720137695448,,,"[[201.0, 76.5], [200.5, 77.0], [200.5, 78.0], [200.5, 79.0], [200.5, 80.0], [200.5, 81.0], [200.5, 82.0], [200.5, 83.0], [200.5, 84.0], [200.5, 85.0], [200.5, 86.0], [200.5, 87.0], [201.0, 87.5], [201.5, 88.0], [201.5, 89.0], [202.0, 89.5], [202.5, 90.0], [202.5, 91.0], [203.0, 91.5], [204.0, 91.5], [204.5, 92.0], [204.5, 93.0], [204.5, 94.0], [205.0, 94.5], [205.5, 95.0], [206.0, 95.5], [206.5, 96.0], [207.0, 96.5], [207.5, 97.0], [207.5, 98.0], [208.0, 98.5], [208.5, 99.0], [209.0, 99.5], [209.5, 100.0], [210.0, 100.5], [211.0, 100.5], [211.5, 101.0], [212.0, 101.5], [213.0, 101.5], [214.0, 101.5], [214.5, 102.0], [215.0, 102.5], [215.5, 103.0], [216.0, 103.5], [217.0, 103.5], [218.0, 103.5], [219.0, 103.5], [220.0, 103.5], [221.0, 103.5], [222.0, 103.5], [223.0, 103.5], [224.0, 103.5], [225.0, 103.5], [226.0, 103.5], [227.0, 103.5], [228.0, 103.5], [229.0, 103.5], [229.5, 103.0], [230.0, 102.5], [231.0, 102.5], [232.0, 102.5], [232.5, 102.0], [233.0, 101.5], [234.0, 101.5], [235.0, 101.5], [236.0, 101.5], [237.0, 101.5], [238.0, 101.5], [239.0, 101.5], [239.5, 101.0], [240.0, 100.5], [241.0, 100.5], [241.5, 100.0], [242.0, 99.5], [243.0, 99.5], [244.0, 99.5], [244.5, 99.0], [245.0, 98.5], [246.0, 98.5], [246.5, 98.0], [246.5, 97.0], [247.0, 96.5], [248.0, 96.5], [248.5, 96.0], [248.5, 95.0], [249.0, 94.5], [249.5, 94.0], [249.5, 93.0], [249.5, 92.0], [250.0, 91.5], [250.5, 91.0], [250.5, 90.0], [250.5, 89.0], [250.5, 88.0], [250.5, 87.0], [250.5, 86.0], [250.5, 85.0], [250.0, 84.5], [249.0, 84.5], [248.0, 84.5], [247.0, 84.5], [246.0, 84.5], [245.0, 84.5], [244.5, 85.0], [244.0, 85.5], [243.0, 85.5], [242.5, 85.0], [242.0, 84.5], [241.0, 84.5], [240.0, 84.5], [239.5, 84.0], [239.0, 83.5], [238.5, 83.0], [238.0, 82.5], [237.5, 82.0], [237.0, 81.5], [236.5, 82.0], [237.0, 82.5], [237.5, 83.0], [237.0, 83.5], [236.5, 84.0], [236.0, 84.5], [235.0, 84.5], [234.0, 84.5], [233.0, 84.5], [232.0, 84.5], [231.5, 85.0], [231.0, 85.5], [230.0, 85.5], [229.5, 86.0], [229.0, 86.5], [228.0, 86.5], [227.0, 86.5], [226.0, 86.5], [225.5, 86.0], [225.0, 85.5], [224.5, 85.0], [224.0, 84.5], [223.5, 84.0], [223.0, 83.5], [222.0, 83.5], [221.0, 83.5], [220.0, 83.5], [219.0, 83.5], [218.0, 83.5], [217.5, 83.0], [217.0, 82.5], [216.5, 82.0], [216.0, 81.5], [215.5, 81.0], [215.0, 80.5], [214.5, 80.0], [214.0, 79.5], [213.5, 79.0], [213.0, 78.5], [212.0, 78.5], [211.5, 78.0], [211.5, 77.0], [211.0, 76.5], [210.0, 76.5], [209.5, 76.0], [209.5, 75.0], [209.5, 74.0], [209.5, 73.0], [209.0, 72.5], [208.5, 72.0], [208.5, 71.0], [208.5, 70.0], [208.0, 69.5], [207.5, 69.0], [207.5, 68.0], [207.0, 67.5], [206.5, 67.0], [207.0, 66.5], [207.5, 66.0], [207.5, 65.0], [207.0, 64.5], [206.5, 65.0], [206.0, 65.5], [205.5, 66.0], [205.5, 67.0], [205.5, 68.0], [205.0, 68.5], [204.5, 69.0], [204.0, 69.5], [203.5, 70.0], [203.5, 71.0], [203.5, 72.0], [203.0, 72.5], [202.5, 73.0], [202.5, 74.0], [202.0, 74.5], [201.5, 75.0], [201.5, 76.0]]"
SLICE,Z3,GAS_MED_L,19.69243776797788,33.089429497716395,-581.73564910889,,25.324074074074073,18.807420080079748,,,"[[201.0, 87.5], [200.5, 88.0], [200.5, 89.0], [200.5, 90.0], [200.5, 91.0], [200.5, 92.0], [200.5, 93.0], [200.5, 94.0], [200.5, 95.0], [200.5, 96.0], [201.0, 96.5], [201.5, 97.0], [201.5, 98.0], [202.0, 98.5], [202.5, 99.0], [203.0, 99.5], [203.5, 100.0], [203.5, 101.0], [204.0, 101.5], [204.5, 102.0], [205.0, 102.5], [205.5, 103.0], [205.5, 104.0], [206.0, 104.5], [207.0, 104.5], [208.0, 104.5], [208.5, 105.0], [209.0, 105.5], [210.0, 105.5], [211.0, 105.5], [211.5, 106.0], [212.0, 106.5], [213.0, 106.5], [214.0, 106.5], [214.5, 106.0], [215.0, 105.5], [216.0, 105.5], [216.5, 105.0], [217.0, 104.5], [218.0, 104.5], [219.0, 104.5], [220.0, 104.5], [221.0, 104.5], [221.5, 104.0], [221.0, 103.5], [220.0, 103.5], [219.0, 103.5], [218.0, 103.5], [217.0, 103.5], [216.0, 103.5], [215.5, 103.0], [215.0, 102.5], [214.5, 102.0], [214.0, 101.5], [213.0, 101.5], [212.0, 101.5], [211.5, 101.0], [211.0, 100.5], [210.0, 100.5], [209.5, 100.0], [209.0, 99.5], [208.5, 99.0], [208.0, 98.5], [207.5, 98.0], [207.5, 97.0], [207.0, 96.5], [206.5, 96.0], [206.0, 95.5], [205.5, 95.0], [205.0, 94.5], [204.5, 94.0], [204.5, 93.0], [204.5, 92.0], [204.0, 91.5], [203.0, 91.5], [202.5, 91.0], [202.5, 90.0], [202.0, 89.5], [201.5, 89.0], [201.5, 88.0]]"
SLICE,Z3,GAS_LAT_L,19.69243776797788,33.089429497716395,-581.73564910889,,,,,,
SLICE,Z4,TA_R,19.69243776797788,33.089429497716395,-551.73564910889,,36.31591448931116,8.580896776233496,,,"[[66.0, 60.5], [65.5, 61.0], [65.5, 62.0], [66.0, 62.5], [67.0, 62.5], [67.5, 63.0], [68.0, 63.5], [68.5, 64.0], [69.0, 64.5], [70.0, 64.5], [71.0, 64.5], [72.0, 64.5], [73.0, 64.5], [74.0, 64.5], [75.0, 64.5], [75.5, 65.0], [76.0, 65.5], [77.0, 65.5], [77.5, 66.0], [78.0, 66.5], [79.0, 66.5], [79.5, 67.0], [80.0, 67.5], [81.0, 67.5], [81.5, 68.0], [82.0, 68.5], [82.5, 69.0], [83.0, 69.5], [84.0, 69.5], [85.0, 69.5], [86.0, 69.5], [87.0, 69.5], [87.5, 69.0], [88.0, 68.5], [88.5, 68.0], [89.0, 67.5], [89.5, 67.0], [90.0, 66.5], [90.5, 66.0], [90.5, 65.0], [90.5, 64.0], [90.5, 63.0], [90.0, 62.5], [89.5, 62.0], [89.5, 61.0], [89.5, 60.0], [89.5, 59.0], [89.0, 58.5], [88.5, 58.0], [88.5, 57.0], [88.5, 56.0], [88.5, 55.0], [88.5, 54.0], [89.0, 53.5], [89.5, 53.0], [89.5, 52.0], [90.0, 51.5], [90.5, 51.0], [91.0, 50.5], [91.5, 50.0], [91.5, 49.0], [91.0, 48.5], [90.5, 48.0], [90.0, 47.5], [89.5, 47.0], [89.5, 46.0], [89.0, 45.5], [88.0, 45.5], [87.0, 45.5], [86.0, 45.5], [85.0, 45.5], [84.0, 45.5], [83.0, 45.5], [82.0, 45.5], [81.0, 45.5], [80.5, 46.0], [80.0, 46.5], [79.0, 46.5], [78.5, 47.0], [78.0, 47.5], [77.0, 47.5], [76.0, 47.5], [75.5, 48.0], [75.0, 48.5], [74.0, 48.5], [73.5, 49.0], [73.5, 50.0], [73.0, 50.5], [72.0, 50.5], [71.5, 51.0], [71.0, 51.5], [70.5, 52.0], [70.5, 53.0], [70.0, 53.5], [69.0, 53.5], [68.5, 54.0], [68.5, 55.0], [68.0, 55.5], [67.5, 56.0], [67.5, 57.0], [67.0, 57.5], [66.5, 58.0], [66.5, 59.0], [66.5, 60.0]]"
SLICE,Z4,ED_R,19.69243776797788,33.089429497716395,-551.73564910889,,35.869565217391305,5.929325409434371,,,"[[66.0, 62.5], [65.5, 63.0], [65.5, 64.0], [65.5, 65.0], [65.5, 66.0], [65.5, 67.0], [66.0, 67.5], [66.5, 68.0], [67.0, 68.5], [67.5, 69.0], [68.0, 69.5], [69.0, 69.5], [69.5, 70.0], [70.0, 70.5], [71.0, 70.5], [71.5, 71.0], [72.0, 71.5], [73.0, 71.5], [74.0, 71.5], [74.5, 72.0], [75.0, 72.5], [76.0, 72.5], [76.5, 73.0], [77.0, 73.5], [77.5, 74.0], [78.0, 74.5], [79.0, 74.5], [80.0, 74.5], [81.0, 74.5], [82.0, 74.5], [82.5, 74.0], [83.0, 73.5], [83.5, 73.0], [83.5, 72.0], [83.0, 71.5], [82.5, 71.0], [82.5, 70.0], [82.0, 69.5], [81.5, 69.0], [81.5, 68.0], [81.0, 67.5], [80.0, 67.5], [79.5, 67.0], [79.0, 66.5], [78.0, 66.5], [77.5, 66.0], [77.0, 65.5], [76.0, 65.5], [75.5, 65.0], [75.0, 64.5], [74.0, 64.5], [73.0, 64.5], [72.0, 64.5], [71.0, 64.5], [70.0, 64.5], [69.0, 64.5], [68.5, 64.0], [68.0, 63.5], [67.5, 63.0], [67.0, 62.5]]"
SLICE,Z4,PER_R,19.69243776797788,33.089429497716395,-551.73564910889,,36.61073825503356,7.028906193268726,,,"[[63.0, 74.5], [62.5, 75.0], [62.5, 76.0], [62.5, 77.0], [62.5, 78.0], [62.5, 79.0], [62.5, 80.0], [63.0, 80.5], [63.5, 81.0], [63.5, 82.0], [63.5, 83.0], [63.5, 84.0], [63.5, 85.0], [64.0, 85.5], [64.5, 86.0], [65.0, 86.5], [65.5, 87.0], [65.5, 88.0], [66.0, 88.5], [66.5, 89.0], [67.0, 89.5], [68.0, 89.5], [69.0, 89.5], [69.5, 90.0], [70.0, 90.5], [71.0, 90.5], [71.5, 90.0], [72.0, 89.5], [73.0, 89.5], [74.0, 89.5], [75.0, 89.5], [75.5, 89.0], [76.0, 88.5], [76.5, 88.0], [76.5, 87.0], [77.0, 86.5], [78.0, 86.5], [78.5, 86.0], [79.0, 85.5], [79.5, 85.0], [79.5, 84.0], [80.0, 83.5], [80.5, 83.0], [80.5, 82.0], [81.0, 81.5], [81.5, 81.0], [81.5, 80.0], [81.5, 79.0], [81.5, 78.0], [81.0, 77.5], [80.5, 77.0], [80.5, 76.0], [80.0, 75.5], [79.5, 75.0], [79.0, 74.5], [78.0, 74.5], [77.5, 74.0], [77.0, 73.5], [76.5, 73.0], [76.0, 72.5], [75.0, 72.5], [74.5, 72.0], [74.0, 71.5], [73.0, 71.5], [72.0, 71.5], [71.5, 71.0], [71.0, 70.5], [70.0, 70.5], [69.5, 70.0], [69.0, 69.5], [68.0, 69.5], [67.5, 69.0], [67.0, 68.5], [66.5, 68.0], [66.0, 67.5], [65.5, 68.0], [65.0, 68.5], [64.0, 68.5], [63.5, 69.0], [63.5, 70.0], [63.5, 71.0], [63.5, 72.0], [63.5, 73.0], [63.5, 74.0]]"
SLICE,Z4,DLPC_R,19.69243776797788,33.089429497716395,-551.73564910889,,37.870870870870874,6.371258531689007,,,"[[80.0, 74.5], [79.5, 75.0], [80.0, 75.5], [80.5, 76.0], [81.0, 76.5], [81.5, 77.0], [82.0, 77.5], [82.5, 78.0], [82.5, 79.0], [83.0, 79.5], [84.0, 79.5], [84.5, 80.0], [85.0, 80.5], [86.0, 80.5], [86.5, 81.0], [87.0, 81.5], [88.0, 81.5], [88.5, 82.0], [89.0, 82.5], [89.5, 83.0], [90.0, 83.5], [91.0, 83.5], [91.5, 83.0], [91.5, 82.0], [92.0, 81.5], [93.0, 81.5], [94.0, 81.5], [95.0, 81.5], [95.5, 81.0], [95.5, 80.0], [96.0, 79.5], [97.0, 79.5], [98.0, 79.5], [99.0, 79.5], [100.0, 79.5], [101.0, 79.5], [101.5, 79.0], [102.0, 78.5], [102.5, 78.0], [102.5, 77.0], [102.5, 76.0], [103.0, 75.5], [104.0, 75.5], [104.5, 75.0], [105.0, 74.5], [105.5, 74.0], [105.5, 73.0], [106.0, 72.5], [106.5, 72.0], [106.5, 71.0], [106.5, 70.0], [106.5, 69.0], [106.5, 68.0], [106.5, 67.0], [106.5, 66.0], [106.5, 65.0], [106.5, 64.0], [106.0, 63.5], [105.5, 63.0], [105.5, 62.0], [105.0, 61.5], [104.5, 62.0], [104.5, 63.0], [104.0, 63.5], [103.0, 63.5], [102.0, 63.5], [101.0, 63.5], [100.5, 64.0], [100.0, 64.5], [99.0, 64.5], [98.5, 65.0], [98.0, 65.5], [97.0, 65.5], [96.0, 65.5], [95.0, 65.5], [94.5, 66.0], [94.0, 66.5], [93.5, 66.0], [93.0, 65.5], [92.0, 65.5], [91.0, 65.5], [90.5, 66.0], [90.0, 66.5], [89.5, 67.0], [89.0, 67.5], [88.5, 68.0], [88.0, 68.5], [87.5, 69.0], [87.0, 69.5], [86.0, 69.5], [85.0, 69.5], [84.0, 69.5], [83.0, 69.5], [82.5, 70.0], [82.5, 71.0], [83.0, 71.5], [83.5, 72.0], [83.5, 73.0], [83.0, 73.5], [82.5, 74.0], [82.0, 74.5], [81.0, 74.5]]"
SLICE,Z4,POP_R,19.69243776797788,33.089429497716395,-551.73564910889,,,,,,
SLICE,Z4,SOL_R,19.69243776797788,33.089429497716395,-551.73564910889,,38.369127516778526,4.91569735102017,,,"[[64.0, 86.5], [63.5, 87.0], [63.5, 88.0], [63.5, 89.0], [63.5, 90.0], [63.5, 91.0], [64.0, 91.5], [64.5, 92.0], [64.5, 93.0], [65.0, 93.5], [65.5, 94.0], [65.5, 95.0], [65.5, 96.0], [66.0, 96.5], [66.5, 97.0], [67.0, 97.5], [67.5, 98.0], [67.5, 99.0], [68.0, 99.5], [68.5, 100.0], [69.0, 100.5], [69.5, 101.0], [70.0, 101.5], [71.0, 101.5], [71.5, 102.0], [72.0, 102.5], [73.0, 102.5], [73.5, 103.0], [74.0, 103.5], [74.5, 104.0], [75.0, 104.5], [76.0, 104.5], [77.0, 104.5], [78.0, 104.5], [79.0, 104.5], [80.0, 104.5], [81.0, 104.5], [82.0, 104.5], [83.0, 104.5], [84.0, 104.5], [85.0, 104.5], [86.0, 104.5], [87.0, 104.5], [88.0, 104.5], [89.0, 104.5], [90.0, 104.5], [91.0, 104.5], [92.0, 104.5], [93.0, 104.5], [94.0, 104.5], [95.0, 104.5], [96.0, 104.5], [97.0, 104.5], [98.0, 104.5], [99.0, 104.5], [100.0, 104.5], [100.5, 104.0], [101.0, 103.5], [102.0, 103.5], [103.0, 103.5], [104.0, 103.5], [104.5, 103.0], [105.0, 102.5], [105.5, 102.0], [106.0, 101.5], [107.0, 101.5], [107.5, 101.0], [108.0, 100.5], [108.5, 100.0], [109.0, 99.5], [109.5, 99.0], [110.0, 98.5], [110.5, 98.0], [111.0, 97.5], [111.5, 97.0], [112.0, 96.5], [112.5, 96.0], [113.0, 95.5], [113.5, 95.0], [114.0, 94.5], [114.5, 94.0], [114.5, 93.0], [114.5, 92.0], [114.5, 91.0], [115.0, 90.5], [115.5, 90.0], [115.5, 89.0], [116.0, 88.5], [116.5, 88.0], [116.5, 87.0], [116.5, 86.0], [116.5, 85.0], [116.5, 84.0], [116.5, 83.0], [116.5, 82.0], [116.5, 81.0], [116.5, 80.0], [116.5, 79.0], [116.5, 78.0], [116.5, 77.0], [117.0, 76.5], [117.5, 76.0], [117.5, 75.0], [118.0, 74.5], [118.5, 74.0], [118.5, 73.0], [118.0, 72.5], [117.5, 72.0], [117.5, 71.0], [117.5, 70.0], [117.0, 69.5], [116.5, 69.0], [116.5, 68.0], [116.0, 67.5], [115.5, 67.0], [115.0, 66.5], [114.5, 66.0], [114.5, 65.0], [114.0, 64.5], [113.5, 64.0], [113.0, 63.5], [112.0, 63.5], [111.5, 63.0], [111.0, 62.5], [110.5, 62.0], [110.0, 61.5], [109.5, 61.0], [109.0, 60.5], [108.0, 60.5], [107.0, 60.5], [106.0, 60.5], [105.0, 60.5], [104.0, 60.5], [103.5, 61.0], [103.5, 62.0], [103.5, 63.0], [104.0, 63.5], [104.5, 63.0], [104.5, 62.0], [105.0, 61.5], [105.5, 62.0], [105.5, 63.0], [106.0, 63.5], [106.5, 64.0], [106.5, 65.0], [106.5, 66.0], [106.5, 67.0], [106.5, 68.0], [106.5, 69.0], [106.5, 70.0], [106.5, 71.0], [106.5, 72.0], [106.0, 72.5], [105.5, 73.0], [105.5, 74.0], [105.0, 74.5], [104.5, 75.0], [104.0, 75.5], [103.0, 75.5], [102.5, 76.0], [102.5, 77.0], [102.5, 78.0], [102.0, 78.5], [101.5, 79.0], [101.0, 79.5], [100.0, 79.5], [99.0, 79.5], [98.0, 79.5], [97.0, 79.5], [96.5, 80.0], [96.0, 80.5], [95.5, 81.0], [95.0, 81.5], [94.0, 81.5], [93.0, 81.5], [92.0, 81.5], [91.5, 82.0], [91.5, 83.0], [91.0, 83.5], [90.0, 83.5], [89.5, 83.0], [89.0, 82.5], [88.5, 82.0], [88.0, 81.5], [87.0, 81.5], [86.5, 81.0], [86.0, 80.5], [85.0, 80.5], [84.5, 81.0], [84.0, 81.5], [83.0, 81.5], [82.5, 82.0], [82.0, 82.5], [81.0, 82.5], [80.5, 83.0], [80.0, 83.5], [79.5, 84.0], [79.5, 85.0], [79.0, 85.5], [78.5, 86.0], [78.0, 86.5], [77.0, 86.5], [76.5, 87.0], [76.5, 88.0], [76.0, 88.5], [75.5, 89.0], [75.0, 89.5], [74.0, 89.5], [73.0, 89.5], [72.0, 89.5], [71.5, 90.0], [71.0, 90.5], [70.0, 90.5], [69.5, 90.0], [69.0, 89.5], [68.0, 89.5], [67.0, 89.5], [66.5, 89.0], [66.0, 88.5], [65.5, 88.0], [65.5, 87.0], [65.0, 86.5]]"
SLICE,Z4,GAS_MED_R,19.69243776797788,33.089429497716395,-551.73564910889,,36.879396984924625,6.500523955549609,,,"[[106.0, 101.5], [105.5, 102.0], [105.5, 103.0], [105.5, 104.0], [106.0, 104.5], [106.5, 105.0], [106.5, 106.0], [106.5, 107.0], [106.5, 108.0], [107.0, 108.5], [108.0, 108.5], [108.5, 109.0], [109.0, 109.5], [110.0, 109.5], [111.0, 109.5], [112.0, 109.5], [113.0, 109.5], [114.0, 109.5], [114.5, 109.0], [115.0, 108.5], [116.0, 108.5], [116.5, 108.0], [116.5, 107.0], [117.0, 106.5], [118.0, 106.5], [119.0, 106.5], [119.5, 106.0], [119.5, 105.0], [120.0, 104.5], [121.0, 104.5], [121.5, 104.0], [121.5, 103.0], [121.5, 102.0], [122.0, 101.5], [122.5, 101.0], [123.0, 100.5], [123.5, 100.0], [124.0, 99.5], [124.5, 99.0], [124.5, 98.0], [124.5, 97.0], [124.5, 96.0], [124.5, 95.0], [125.0, 94.5], [125.5, 94.0], [125.5, 93.0], [125.5, 92.0], [126.0, 91.5], [126.5, 91.0], [126.5, 90.0], [126.5, 89.0], [126.5, 88.0], [126.5, 87.0], [126.0, 86.5], [125.5, 86.0], [125.5, 85.0], [125.5, 84.0], [125.5, 83.0], [125.0, 82.5], [124.5, 82.0], [124.5, 81.0], [124.5, 80.0], [124.5, 79.0], [124.5, 78.0], [124.0, 77.5], [123.5, 77.0], [123.5, 76.0], [123.0, 75.5], [122.5, 75.0], [122.5, 74.0], [122.0, 73.5], [121.5, 73.0], [121.5, 72.0], [121.5, 71.0], [121.0, 70.5], [120.0, 70.5], [119.5, 70.0], [119.5, 69.0], [119.0, 68.5], [118.0, 68.5], [117.5, 68.0], [117.0, 67.5], [116.5, 67.0], [116.0, 66.5], [115.5, 67.0], [116.0, 67.5], [116.5, 68.0], [116.5, 69.0], [117.0, 69.5], [117.5, 70.0], [117.5, 71.0], [117.5, 72.0], [118.0, 72.5], [118.5, 73.0], [118.5, 74.0], [118.0, 74.5], [117.5, 75.0], [117.5, 76.0], [117.0, 76.5], [116.5, 77.0], [116.5, 78.0], [116.5, 79.0], [116.5, 80.0], [116.5, 81.0], [116.5, 82.0], [116.5, 83.0], [116.5, 84.0], [116.5, 85.0], [116.5, 86.0], [116.5, 87.0], [116.5, 88.0], [116.0, 88.5], [115.5, 89.0], [115.5, 90.0], [115.0, 90.5], [114.5, 91.0], [114.5, 92.0], [114.5, 93.0], [114.5, 94.0], [114.0, 94.5], [113.5, 95.0], [113.0, 95.5], [112.5, 96.0], [112.0, 96.5], [111.5, 97.0], [111.0, 97.5], [110.5, 98.0], [110.0, 98.5], [109.5, 99.0], [109.0, 99.5], [108.5, 100.0], [108.0, 100.5], [107.5, 101.0], [107.0, 101.5]]"
SLICE,Z4,GAS_LAT_R,19.69243776797788,33.089429497716395,-551.73564910889,,37.67934782608695,4.56837041737219,,,"[[74.0, 103.5], [73.5, 104.0], [74.0, 104.5], [74.5, 105.0], [75.0, 105.5], [75.5, 106.0], [76.0, 106.5], [77.0, 106.5], [77.5, 107.0], [78.0, 107.5], [78.5, 108.0], [79.0, 108.5], [80.0, 108.5], [80.5, 109.0], [81.0, 109.5], [82.0, 109.5], [83.0, 109.5], [83.5, 110.0], [84.0, 110.5], [85.0, 110.5], [85.5, 111.0], [86.0, 111.5], [87.0, 111.5], [88.0, 111.5], [89.0, 111.5], [90.0, 111.5], [91.0, 111.5], [92.0, 111.5], [93.0, 111.5], [94.0, 111.5], [95.0, 111.5], [96.0, 111.5], [97.0, 111.5], [98.0, 111.5], [99.0, 111.5], [99.5, 111.0], [100.0, 110.5], [101.0, 110.5], [101.5, 110.0], [102.0, 109.5], [103.0, 109.5], [104.0, 109.5], [105.0, 109.5], [105.5, 109.0], [106.0, 108.5], [106.5, 108.0], [106.5, 107.0], [106.5, 106.0], [106.5, 105.0], [106.0, 104.5], [105.5, 104.0], [105.5, 103.0], [105.0, 102.5], [104.5, 103.0], [104.0, 103.5], [103.0, 103.5], [102.0, 103.5], [101.0, 103.5], [100.5, 104.0], [100.0, 104.5], [99.0, 104.5], [98.0, 104.5], [97.0, 104.5], [96.0, 104.5], [95.0, 104.5], [94.0, 104.5], [93.0, 104.5], [92.0, 104.5], [91.0, 104.5], [90.0, 104.5], [89.0, 104.5], [88.0, 104.5], [87.0, 104.5], [86.0, 104.5], [85.0, 104.5], [84.0, 104.5], [83.0, 104.5], [82.0, 104.5], [81.0, 104.5], [80.0, 104.5], [79.0, 104.5], [78.0, 104.5], [77.0, 104.5], [76.0, 104.5], [75.0, 104.5], [74.5, 104.0]]"
SLICE,Z4,TA_L,19.69243776797788,33.089429497716395,-551.73564910889,,34.98285714285714,8.172059915670351,,,"[[222.0, 45.5], [221.5, 46.0], [221.5, 47.0], [221.5, 48.0], [221.5, 49.0], [222.0, 49.5], [222.5, 50.0], [223.0, 50.5], [223.5, 51.0], [223.5, 52.0], [223.5, 53.0], [224.0, 53.5], [224.5, 54.0], [224.5, 55.0], [224.5, 56.0], [224.5, 57.0], [224.5, 58.0], [224.5, 59.0], [224.5, 60.0], [224.5, 61.0], [224.0, 61.5], [223.5, 62.0], [223.5, 63.0], [224.0, 63.5], [224.5, 64.0], [225.0, 64.5], [225.5, 65.0], [226.0, 65.5], [226.5, 66.0], [227.0, 66.5], [228.0, 66.5], [229.0, 66.5], [230.0, 66.5], [231.0, 66.5], [232.0, 66.5], [232.5, 66.0], [233.0, 65.5], [233.5, 65.0], [234.0, 64.5], [234.5, 64.0], [234.5, 63.0], [235.0, 62.5], [235.5, 62.0], [236.0, 61.5], [236.5, 61.0], [236.5, 60.0], [237.0, 59.5], [238.0, 59.5], [239.0, 59.5], [240.0, 59.5], [241.0, 59.5], [242.0, 59.5], [243.0, 59.5], [243.5, 59.0], [244.0, 58.5], [244.5, 58.0], [244.5, 57.0], [244.5, 56.0], [244.5, 55.0], [244.5, 54.0], [244.5, 53.0], [244.5, 52.0], [244.0, 51.5], [243.5, 51.0], [243.0, 50.5], [242.0, 50.5], [241.5, 50.0], [241.5, 49.0], [241.0, 48.5], [240.0, 48.5], [239.5, 48.0], [239.0, 47.5], [238.5, 47.0], [238.0, 46.5], [237.0, 46.5], [236.5, 46.0], [236.0, 45.5], [235.0, 45.5], [234.0, 45.5], [233.5, 45.0], [233.0, 44.5], [232.0, 44.5], [231.0, 44.5], [230.0, 44.5], [229.0, 44.5], [228.0, 44.5], [227.0, 44.5], [226.0, 44.5], [225.0, 44.5], [224.5, 45.0], [224.0, 45.5], [223.0, 45.5]]"
SLICE,Z4,ED_L,19.69243776797788,33.089429497716395,-551.73564910889,,37.29245283018868,6.408966273948178,,,"[[233.0, 65.5], [232.5, 66.0], [232.5, 67.0], [232.5, 68.0], [232.5, 69.0], [233.0, 69.5], [234.0, 69.5], [235.0, 69.5], [236.0, 69.5], [236.5, 69.0], [237.0, 68.5], [237.5, 68.0], [238.0, 67.5], [239.0, 67.5], [239.5, 67.0], [240.0, 66.5], [241.0, 66.5], [241.5, 66.0], [242.0, 65.5], [242.5, 65.0], [243.0, 64.5], [244.0, 64.5], [245.0, 64.5], [245.5, 64.0], [246.0, 63.5], [246.5, 63.0], [246.5, 62.0], [247.0, 61.5], [247.5, 61.0], [248.0, 60.5], [248.5, 60.0], [248.5, 59.0], [248.0, 58.5], [247.5, 58.0], [247.0, 57.5], [246.5, 57.0], [246.5, 56.0], [246.5, 55.0], [246.0, 54.5], [245.5, 54.0], [245.0, 53.5], [244.5, 54.0], [244.5, 55.0], [244.5, 56.0], [244.5, 57.0], [244.5, 58.0], [244.0, 58.5], [243.5, 59.0], [243.0, 59.5], [242.0, 59.5], [241.0, 59.5], [240.0, 59.5], [239.0, 59.5], [238.0, 59.5], [237.0, 59.5], [236.5, 60.0], [236.5, 61.0], [236.0, 61.5], [235.5, 62.0], [235.0, 62.5], [234.5, 63.0], [234.5, 64.0], [234.0, 64.5], [233.5, 65.0]]"
SLICE,Z4,PER_L,19.69243776797788,33.089429497716395,-551.73564910889,,36.24652777777778,8.439222360785616,,,"[[236.0, 69.5], [235.5, 70.0], [235.5, 71.0], [235.5, 72.0], [235.5, 73.0], [235.5, 74.0], [235.5, 75.0], [236.0, 75.5], [236.5, 76.0], [237.0, 76.5], [237.5, 77.0], [237.5, 78.0], [238.0, 78.5], [238.5, 79.0], [239.0, 79.5], [239.5, 80.0], [239.5, 81.0], [240.0, 81.5], [241.0, 81.5], [242.0, 81.5], [242.5, 82.0], [243.0, 82.5], [244.0, 82.5], [245.0, 82.5], [246.0, 82.5], [247.0, 82.5], [248.0, 82.5], [249.0, 82.5], [249.5, 82.0], [250.0, 81.5], [251.0, 81.5], [251.5, 81.0], [251.5, 80.0], [252.0, 79.5], [252.5, 79.0], [253.0, 78.5], [253.5, 78.0], [253.5, 77.0], [254.0, 76.5], [254.5, 76.0], [254.5, 75.0], [254.5, 74.0], [254.5, 73.0], [254.0, 72.5], [253.5, 72.0], [253.5, 71.0], [253.5, 70.0], [253.5, 69.0], [253.0, 68.5], [252.5, 68.0], [252.5, 67.0], [252.5, 66.0], [252.0, 65.5], [251.5, 65.0], [251.5, 64.0], [251.5, 63.0], [251.0, 62.5], [250.5, 62.0], [250.0, 61.5], [249.5, 61.0], [249.0, 60.5], [248.0, 60.5], [247.5, 61.0], [247.0, 61.5], [246.5, 62.0], [246.5, 63.0], [246.0, 63.5], [245.5, 64.0], [245.0, 64.5], [244.0, 64.5], [243.0, 64.5], [242.5, 65.0], [242.0, 65.5], [241.5, 66.0], [241.0, 66.5], [240.0, 66.5], [239.5, 67.0], [239.0, 67.5], [238.0, 67.5], [237.5, 68.0], [237.0, 68.5], [236.5, 69.0]]"
SLICE,Z4,DLPC_L,19.69243776797788,33.089429497716395,-551.73564910889,,38.111111111111114,6.715812120322141,,,"[[210.0, 64.5], [209.5, 65.0], [209.5, 66.0], [209.5, 67.0], [209.5, 68.0], [209.5, 69.0], [209.5, 70.0], [209.5, 71.0], [209.5, 72.0], [210.0, 72.5], [210.5, 73.0], [210.5, 74.0], [211.0, 74.5], [211.5, 75.0], [211.5, 76.0], [212.0, 76.5], [212.5, 77.0], [213.0, 77.5], [214.0, 77.5], [215.0, 77.5], [215.5, 77.0], [216.0, 76.5], [216.5, 77.0], [217.0, 77.5], [218.0, 77.5], [219.0, 77.5], [219.5, 78.0], [220.0, 78.5], [221.0, 78.5], [222.0, 78.5], [223.0, 78.5], [223.5, 79.0], [224.0, 79.5], [225.0, 79.5], [226.0, 79.5], [227.0, 79.5], [228.0, 79.5], [229.0, 79.5], [229.5, 79.0], [230.0, 78.5], [230.5, 78.0], [231.0, 77.5], [231.5, 77.0], [232.0, 76.5], [232.5, 76.0], [233.0, 75.5], [233.5, 75.0], [234.0, 74.5], [234.5, 74.0], [234.5, 73.0], [234.5, 72.0], [235.0, 71.5], [235.5, 71.0], [235.5, 70.0], [235.0, 69.5], [234.0, 69.5], [233.0, 69.5], [232.5, 69.0], [232.5, 68.0], [232.5, 67.0], [232.0, 66.5], [231.0, 66.5], [230.0, 66.5], [229.0, 66.5], [228.0, 66.5], [227.0, 66.5], [226.5, 66.0], [226.0, 65.5], [225.5, 65.0], [225.0, 64.5], [224.5, 64.0], [224.0, 63.5], [223.5, 64.0], [223.0, 64.5], [222.5, 65.0], [222.0, 65.5], [221.0, 65.5], [220.0, 65.5], [219.0, 65.5], [218.0, 65.5], [217.0, 65.5], [216.0, 65.5], [215.0, 65.5], [214.0, 65.5], [213.0, 65.5], [212.5, 65.0], [212.0, 64.5], [211.5, 64.0], [211.0, 63.5], [210.5, 64.0]]"
SLICE,Z4,POP_L,19.69243776797788,33.089429497716395,-551.73564910889,,,,,,
SLICE,Z4,SOL_L,19.69243776797788,33.089429497716395,-551.73564910889,,37.72995391705069,7.243867674929296,,,"[[201.0, 76.5], [200.5, 77.0], [200.5, 78.0], [200.5, 79.0], [200.5, 80.0], [200.5, 81.0], [200.5, 82.0], [200.5, 83.0], [201.0, 83.5], [201.5, 84.0], [201.5, 85.0], [201.5, 86.0], [202.0, 86.5], [203.0, 86.5], [203.5, 87.0], [203.5, 88.0], [204.0, 88.5], [204.5, 89.0], [204.5, 90.0], [205.0, 90.5], [205.5, 91.0], [206.0, 91.5], [206.5, 92.0], [206.5, 93.0], [207.0, 93.5], [207.5, 94.0], [208.0, 94.5], [208.5, 95.0], [209.0, 95.5], [209.5, 96.0], [209.5, 97.0], [210.0, 97.5], [210.5, 98.0], [211.0, 98.5], [211.5, 99.0], [212.0, 99.5], [213.0, 99.5], [213.5, 100.0], [214.0, 100.5], [214.5, 101.0], [215.0, 101.5], [216.0, 101.5], [217.0, 101.5], [218.0, 101.5], [219.0, 101.5], [220.0, 101.5], [221.0, 101.5], [222.0, 101.5], [223.0, 101.5], [224.0, 101.5], [225.0, 101.5], [226.0, 101.5], [227.0, 101.5], [228.0, 101.5], [229.0, 101.5], [230.0, 101.5], [231.0, 101.5], [231.5, 101.0], [232.0, 100.5], [233.0, 100.5], [234.0, 100.5], [234.5, 100.0], [235.0, 99.5], [236.0, 99.5], [237.0, 99.5], [238.0, 99.5], [239.0, 99.5], [240.0, 99.5], [241.0, 99.5], [242.0, 99.5], [243.0, 99.5], [244.0, 99.5], [244.5, 99.0], [245.0, 98.5], [246.0, 98.5], [246.5, 98.0], [247.0, 97.5], [247.5, 97.0], [248.0, 96.5], [249.0, 96.5], [249.5, 96.0], [249.5, 95.0], [250.0, 94.5], [251.0, 94.5], [251.5, 94.0], [251.5, 93.0], [251.5, 92.0], [252.0, 91.5], [252.5, 91.0], [253.0, 90.5], [253.5, 90.0], [253.5, 89.0], [253.5, 88.0], [254.0, 87.5], [254.5, 87.0], [254.5, 86.0], [254.5, 85.0], [254.5, 84.0], [254.5, 83.0], [254.5, 82.0], [254.5, 81.0], [254.0, 80.5], [253.5, 80.0], [253.5, 79.0], [253.0, 78.5], [252.5, 79.0], [252.0, 79.5], [251.5, 80.0], [251.5, 81.0], [251.0, 81.5], [250.0, 81.5], [249.5, 82.0], [249.0, 82.5], [248.0, 82.5], [247.0, 82.5], [246.0, 82.5], [245.0, 82.5], [244.0, 82.5], [243.0, 82.5], [242.5, 82.0], [242.0, 81.5], [241.0, 81.5], [240.0, 81.5], [239.5, 81.0], [239.5, 80.0], [239.0, 79.5], [238.5, 79.0], [238.0, 78.5], [237.5, 78.0], [237.0, 77.5], [236.0, 77.5], [235.0, 77.5], [234.0, 77.5], [233.0, 77.5], [232.5, 77.0], [232.0, 76.5], [231.5, 77.0], [231.0, 77.5], [230.5, 78.0], [230.0, 78.5], [229.5, 79.0], [229.0, 79.5], [228.0, 79.5], [227.0, 79.5], [226.0, 79.5], [225.0, 79.5], [224.5, 80.0], [224.0, 80.5], [223.0, 80.5], [222.0, 80.5], [221.0, 80.5], [220.0, 80.5], [219.5, 80.0], [219.0, 79.5], [218.0, 79.5], [217.5, 79.0], [217.0, 78.5], [216.5, 78.0], [216.5, 77.0], [216.0, 76.5], [215.5, 77.0], [215.0, 77.5], [214.0, 77.5], [213.0, 77.5], [212.5, 77.0], [212.0, 76.5], [211.5, 76.0], [211.5, 75.0], [211.0, 74.5], [210.5, 74.0], [210.5, 73.0], [210.0, 72.5], [209.5, 72.0], [209.5, 71.0], [209.5, 70.0], [209.5, 69.0], [209.5, 68.0], [209.5, 67.0], [209.5, 66.0], [209.5, 65.0], [210.0, 64.5], [210.5, 64.0], [210.0, 63.5], [209.5, 64.0], [209.0, 64.5], [208.0, 64.5], [207.0, 64.5], [206.5, 65.0], [206.0, 65.5], [205.5, 66.0], [205.5, 67.0], [205.5, 68.0], [205.0, 68.5], [204.0, 68.5], [203.5, 69.0], [203.5, 70.0], [203.5, 71.0], [203.5, 72.0], [203.0, 72.5], [202.5, 73.0], [202.0, 73.5], [201.5, 74.0], [201.5, 75.0], [201.5, 76.0]]"
SLICE,Z4,GAS_MED_L,19.69243776797788,33.089429497716395,-551.73564910889,,25.72139303482587,14.989946549669266,,,"[[200.0, 83.5], [199.5, 84.0], [199.5, 85.0], [199.5, 86.0], [199.5, 87.0], [199.5, 88.0], [199.5, 89.0], [199.5, 90.0], [199.5, 91.0], [199.5, 92.0], [199.5, 93.0], [199.5, 94.0], [200.0, 94.5], [200.5, 95.0], [200.5, 96.0], [200.5, 97.0], [200.5, 98.0], [201.0, 98.5], [201.5, 99.0], [202.0, 99.5], [202.5, 100.0], [202.5, 101.0], [203.0, 101.5], [203.5, 102.0], [204.0, 102.5], [204.5, 103.0], [205.0, 103.5], [205.5, 104.0], [206.0, 104.5], [206.5, 105.0], [207.0, 105.5], [208.0, 105.5], [208.5, 106.0], [209.0, 106.5], [210.0, 106.5], [211.0, 106.5], [212.0, 106.5], [213.0, 106.5], [214.0, 106.5], [215.0, 106.5], [216.0, 106.5], [217.0, 106.5], [218.0, 106.5], [219.0, 106.5], [220.0, 106.5], [221.0, 106.5], [221.5, 106.0], [221.5, 105.0], [222.0, 104.5], [222.5, 104.0], [222.0, 103.5], [221.5, 103.0], [221.5, 102.0], [221.0, 101.5], [220.0, 101.5], [219.0, 101.5], [218.0, 101.5], [217.0, 101.5], [216.0, 101.5], [215.0, 101.5], [214.5, 101.0], [214.0, 100.5], [213.5, 100.0], [213.0, 99.5], [212.0, 99.5], [211.5, 99.0], [211.0, 98.5], [210.5, 98.0], [210.0, 97.5], [209.5, 97.0], [209.5, 96.0], [209.0, 95.5], [208.5, 95.0], [208.0, 94.5], [207.5, 94.0], [207.0, 93.5], [206.5, 93.0], [206.5, 92.0], [206.0, 91.5], [205.5, 91.0], [205.0, 90.5], [204.5, 90.0], [204.5, 89.0], [204.0, 88.5], [203.5, 88.0], [203.5, 87.0], [203.0, 86.5], [202.0, 86.5], [201.5, 86.0], [201.5, 85.0], [201.5, 84.0], [201.0, 83.5]]"
SLICE,Z4,GAS_LAT_L,19.69243776797788,33.089429497716395,-551.73564910889,,29.1875,16.69438060396372,,,"[[222.0, 101.5], [221.5, 102.0], [221.5, 103.0], [222.0, 103.5], [222.5, 104.0], [223.0, 104.5], [224.0, 104.5], [225.0, 104.5], [225.5, 105.0], [226.0, 105.5], [226.5, 105.0], [227.0, 104.5], [228.0, 104.5], [229.0, 104.5], [229.5, 105.0], [230.0, 105.5], [230.5, 106.0], [231.0, 106.5], [232.0, 106.5], [233.0, 106.5], [234.0, 106.5], [235.0, 106.5], [235.5, 106.0], [236.0, 105.5], [236.5, 105.0], [237.0, 104.5], [237.5, 104.0], [238.0, 103.5], [238.5, 103.0], [239.0, 102.5], [239.5, 102.0], [240.0, 101.5], [241.0, 101.5], [241.5, 101.0], [241.5, 100.0], [241.0, 99.5], [240.0, 99.5], [239.0, 99.5], [238.0, 99.5], [237.0, 99.5], [236.0, 99.5], [235.0, 99.5], [234.5, 100.0], [234.0, 100.5], [233.0, 100.5], [232.0, 100.5], [231.5, 101.0], [231.0, 101.5], [230.0, 101.5], [229.0, 101.5], [228.0, 101.5], [227.0, 101.5], [226.0, 101.5], [225.0, 101.5], [224.0, 101.5], [223.0, 101.5]]"
SLICE,Z5,TA_R,19.69243776797788,33.089429497716395,-521.73564910889,,36.40643274853801,7.220525050961261,,,"[[66.0, 57.5], [65.5, 58.0], [65.5, 59.0], [65.5, 60.0], [65.5, 61.0], [66.0, 61.5], [66.5, 62.0], [67.0, 62.5], [68.0, 62.5], [69.0, 62.5], [70.0, 62.5], [70.5, 63.0], [71.0, 63.5], [72.0, 63.5], [73.0, 63.5], [74.0, 63.5], [75.0, 63.5], [76.0, 63.5], [76.5, 64.0], [77.0, 64.5], [78.0, 64.5], [79.0, 64.5], [79.5, 65.0], [80.0, 65.5], [80.5, 66.0], [81.0, 66.5], [82.0, 66.5], [83.0, 66.5], [84.0, 66.5], [84.5, 66.0], [84.5, 65.0], [85.0, 64.5], [86.0, 64.5], [86.5, 64.0], [86.5, 63.0], [86.5, 62.0], [86.5, 61.0], [86.5, 60.0], [86.5, 59.0], [86.5, 58.0], [86.5, 57.0], [86.5, 56.0], [86.5, 55.0], [86.0, 54.5], [85.5, 54.0], [85.5, 53.0], [85.5, 52.0], [86.0, 51.5], [86.5, 51.0], [86.5, 50.0], [87.0, 49.5], [87.5, 49.0], [88.0, 48.5], [88.5, 48.0], [89.0, 47.5], [89.5, 47.0], [89.5, 46.0], [89.0, 45.5], [88.0, 45.5], [87.0, 45.5], [86.0, 45.5], [85.0, 45.5], [84.5, 45.0], [84.0, 44.5], [83.0, 44.5], [82.0, 44.5], [81.0, 44.5], [80.5, 45.0], [80.0, 45.5], [79.0, 45.5], [78.0, 45.5], [77.0, 45.5], [76.0, 45.5], [75.5, 46.0], [75.5, 47.0], [75.0, 47.5], [74.0, 47.5], [73.5, 48.0], [73.0, 48.5], [72.5, 49.0], [72.0, 49.5], [71.5, 50.0], [71.0, 50.5], [70.5, 51.0], [70.0, 51.5], [69.5, 52.0], [69.0, 52.5], [68.5, 53.0], [68.0, 53.5], [67.5, 54.0], [67.5, 55.0], [67.0, 55.5], [66.5, 56.0], [66.5, 57.0]]"
SLICE,Z5,ED_R,19.69243776797788,33.089429497716395,-521.73564910889,,35.37234042553192,4.952936035673402,,,"[[65.0, 62.5], [64.5, 63.0], [64.5, 64.0], [64.5, 65.0], [64.5, 66.0], [65.0, 66.5], [66.0, 66.5], [66.5, 67.0], [67.0, 67.5], [68.0, 67.5], [68.5, 68.0], [69.0, 68.5], [69.5, 69.0], [70.0, 69.5], [71.0, 69.5], [72.0, 69.5], [73.0, 69.5], [74.0, 69.5], [74.5, 70.0], [75.0, 70.5], [76.0, 70.5], [76.5, 71.0], [77.0, 71.5], [78.0, 71.5], [79.0, 71.5], [79.5, 71.0], [79.5, 70.0], [79.5, 69.0], [80.0, 68.5], [80.5, 68.0], [80.5, 67.0], [80.5, 66.0], [80.0, 65.5], [79.5, 65.0], [79.0, 64.5], [78.0, 64.5], [77.0, 64.5], [76.5, 64.0], [76.0, 63.5], [75.0, 63.5], [74.0, 63.5], [73.0, 63.5], [72.0, 63.5], [71.0, 63.5], [70.5, 63.0], [70.0, 62.5], [69.0, 62.5], [68.0, 62.5], [67.0, 62.5], [66.5, 62.0], [66.0, 61.5], [65.5, 62.0]]"
SLICE,Z5,PER_R,19.69243776797788,33.089429497716395,-521.73564910889,,36.11290322580645,7.55112646736357,,,"[[62.0, 70.5], [61.5, 71.0], [61.5, 72.0], [61.5, 73.0], [61.5, 74.0], [61.5, 75.0], [61.5, 76.0], [61.5, 77.0], [61.5, 78.0], [61.5, 79.0], [62.0, 79.5], [62.5, 80.0], [62.5, 81.0], [62.5, 82.0], [63.0, 82.5], [63.5, 83.0], [63.5, 84.0], [64.0, 84.5], [65.0, 84.5], [65.5, 85.0], [66.0, 85.5], [67.0, 85.5], [68.0, 85.5], [69.0, 85.5], [70.0, 85.5], [71.0, 85.5], [72.0, 85.5], [72.5, 85.0], [73.0, 84.5], [74.0, 84.5], [74.5, 84.0], [75.0, 83.5], [75.5, 83.0], [76.0, 82.5], [76.5, 82.0], [77.0, 81.5], [77.5, 81.0], [77.5, 80.0], [78.0, 79.5], [78.5, 79.0], [78.5, 78.0], [78.5, 77.0], [78.0, 76.5], [77.5, 76.0], [77.5, 75.0], [77.5, 74.0], [77.5, 73.0], [77.5, 72.0], [77.0, 71.5], [76.5, 71.0], [76.0, 70.5], [75.0, 70.5], [74.5, 70.0], [74.0, 69.5], [73.0, 69.5], [72.0, 69.5], [71.0, 69.5], [70.0, 69.5], [69.5, 69.0], [69.0, 68.5], [68.5, 68.0], [68.0, 67.5], [67.0, 67.5], [66.5, 67.0], [66.0, 66.5], [65.0, 66.5], [64.5, 66.0], [64.0, 65.5], [63.5, 66.0], [63.5, 67.0], [63.5, 68.0], [63.0, 68.5], [62.5, 69.0], [62.5, 70.0]]"
SLICE,Z5,DLPC_R,19.69243776797788,33.089429497716395,-521.73564910889,,37.08058608058608,6.981458202329118,,,"[[78.0, 71.5], [77.5, 72.0], [77.5, 73.0], [78.0, 73.5], [78.5, 74.0], [78.5, 75.0], [79.0, 75.5], [79.5, 76.0], [80.0, 76.5], [80.5, 77.0], [81.0, 77.5], [82.0, 77.5], [83.0, 77.5], [83.5, 78.0], [83.5, 79.0], [84.0, 79.5], [85.0, 79.5], [86.0, 79.5], [87.0, 79.5], [88.0, 79.5], [89.0, 79.5], [90.0, 79.5], [90.5, 79.0], [91.0, 78.5], [91.5, 78.0], [92.0, 77.5], [92.5, 77.0], [93.0, 76.5], [93.5, 76.0], [94.0, 75.5], [94.5, 75.0], [95.0, 74.5], [96.0, 74.5], [97.0, 74.5], [98.0, 74.5], [99.0, 74.5], [100.0, 74.5], [101.0, 74.5], [101.5, 74.0], [101.5, 73.0], [101.5, 72.0], [101.5, 71.0], [101.5, 70.0], [102.0, 69.5], [102.5, 69.0], [102.5, 68.0], [102.5, 67.0], [102.5, 66.0], [102.5, 65.0], [102.0, 64.5], [101.0, 64.5], [100.0, 64.5], [99.5, 64.0], [99.0, 63.5], [98.5, 64.0], [98.0, 64.5], [97.0, 64.5], [96.5, 65.0], [96.0, 65.5], [95.0, 65.5], [94.0, 65.5], [93.0, 65.5], [92.0, 65.5], [91.0, 65.5], [90.5, 65.0], [90.0, 64.5], [89.5, 64.0], [89.0, 63.5], [88.0, 63.5], [87.5, 63.0], [87.0, 62.5], [86.5, 63.0], [86.5, 64.0], [86.0, 64.5], [85.0, 64.5], [84.5, 65.0], [84.5, 66.0], [84.0, 66.5], [83.0, 66.5], [82.0, 66.5], [81.0, 66.5], [80.5, 67.0], [80.5, 68.0], [80.5, 69.0], [80.0, 69.5], [79.5, 70.0], [79.5, 71.0], [79.0, 71.5]]"
SLICE,Z5,POP_R,19.69243776797788,33.089429497716395,-521.73564910889,,33.608695652173914,10.53664054387596,,,"[[100.0, 63.5], [99.5, 64.0], [100.0, 64.5], [101.0, 64.5], [102.0, 64.5], [102.5, 64.0], [103.0, 63.5], [103.5, 63.0], [104.0, 62.5], [105.0, 62.5], [105.5, 62.0], [106.0, 61.5], [106.5, 61.0], [106.0, 60.5], [105.5, 60.0], [105.5, 59.0], [105.0, 58.5], [104.5, 58.0], [104.0, 57.5], [103.5, 58.0], [103.0, 58.5], [102.5, 59.0], [102.5, 60.0], [102.0, 60.5], [101.5, 61.0], [101.0, 61.5], [100.5, 62.0], [100.5, 63.0]]"
SLICE,Z5,SOL_R,19.69243776797788,33.089429497716395,-521.73564910889,,37.88093023255814,4.142885082775769,,,"[[62.0, 83.5], [61.5, 84.0], [61.5, 85.0], [62.0, 85.5], [62.5, 86.0], [62.5, 87.0], [62.5, 88.0], [62.5, 89.0], [63.0, 89.5], [63.5, 90.0], [63.5, 91.0], [63.5, 92.0], [63.5, 93.0], [64.0, 93.5], [64.5, 94.0], [65.0, 94.5], [65.5, 95.0], [65.5, 96.0], [66.0, 96.5], [66.5, 97.0], [66.5, 98.0], [67.0, 98.5], [67.5, 99.0], [68.0, 99.5], [69.0, 99.5], [69.5, 100.0], [70.0, 100.5], [71.0, 100.5], [72.0, 100.5], [73.0, 100.5], [74.0, 100.5], [75.0, 100.5], [76.0, 100.5], [76.5, 100.0], [77.0, 99.5], [78.0, 99.5], [79.0, 99.5], [80.0, 99.5], [81.0, 99.5], [82.0, 99.5], [82.5, 100.0], [83.0, 100.5], [84.0, 100.5], [85.0, 100.5], [86.0, 100.5], [87.0, 100.5], [88.0, 100.5], [89.0, 100.5], [90.0, 100.5], [91.0, 100.5], [92.0, 100.5], [93.0, 100.5], [94.0, 100.5], [95.0, 100.5], [95.5, 100.0], [96.0, 99.5], [97.0, 99.5], [98.0, 99.5], [99.0, 99.5], [100.0, 99.5], [100.5, 100.0], [101.0, 100.5], [101.5, 100.0], [102.0, 99.5], [103.0, 99.5], [104.0, 99.5], [104.5, 99.0], [104.5, 98.0], [104.5, 97.0], [105.0, 96.5], [105.5, 96.0], [106.0, 95.5], [106.5, 95.0], [107.0, 94.5], [107.5, 94.0], [108.0, 93.5], [108.5, 93.0], [109.0, 92.5], [109.5, 92.0], [110.0, 91.5], [110.5, 91.0], [110.5, 90.0], [111.0, 89.5], [111.5, 89.0], [111.5, 88.0], [111.5, 87.0], [112.0, 86.5], [112.5, 86.0], [112.5, 85.0], [112.5, 84.0], [112.5, 83.0], [112.5, 82.0], [112.5, 81.0], [112.5, 80.0], [112.5, 79.0], [112.5, 78.0], [112.5, 77.0], [112.0, 76.5], [111.5, 76.0], [111.5, 75.0], [111.5, 74.0], [111.5, 73.0], [111.5, 72.0], [111.5, 71.0], [111.5, 70.0], [111.5, 69.0], [111.5, 68.0], [111.5, 67.0], [111.5, 66.0], [111.5, 65.0], [111.0, 64.5], [110.0, 64.5], [109.5, 64.0], [109.0, 63.5], [108.0, 63.5], [107.5, 63.0], [107.0, 62.5], [106.0, 62.5], [105.0, 62.5], [104.0, 62.5], [103.5, 63.0], [103.0, 63.5], [102.5, 64.0], [102.5, 65.0], [102.5, 66.0], [102.5, 67.0], [102.5, 68.0], [102.5, 69.0], [102.0, 69.5], [101.5, 70.0], [101.5, 71.0], [101.5, 72.0], [101.5, 73.0], [101.5, 74.0], [101.0, 74.5], [100.0, 74.5], [99.0, 74.5], [98.0, 74.5], [97.0, 74.5], [96.0, 74.5], [95.5, 75.0], [95.0, 75.5], [94.0, 75.5], [93.5, 76.0], [93.5, 77.0], [93.5, 78.0], [93.0, 78.5], [92.0, 78.5], [91.0, 78.5], [90.5, 79.0], [90.0, 79.5], [89.0, 79.5], [88.0, 79.5], [87.0, 79.5], [86.0, 79.5], [85.0, 79.5], [84.0, 79.5], [83.5, 79.0], [83.5, 78.0], [83.0, 77.5], [82.0, 77.5], [81.5, 78.0], [81.0, 78.5], [80.0, 78.5], [79.0, 78.5], [78.5, 79.0], [78.0, 79.5], [77.5, 80.0], [77.5, 81.0], [77.0, 81.5], [76.5, 82.0], [76.0, 82.5], [75.5, 83.0], [75.0, 83.5], [74.5, 84.0], [74.0, 84.5], [73.0, 84.5], [72.5, 85.0], [72.0, 85.5], [71.0, 85.5], [70.0, 85.5], [69.0, 85.5], [68.0, 85.5], [67.0, 85.5], [66.0, 85.5], [65.5, 85.0], [65.0, 84.5], [64.0, 84.5], [63.5, 84.0], [63.5, 83.0], [63.0, 82.5], [62.5, 83.0]]"
SLICE,Z5,GAS_MED_R,19.69243776797788,33.089429497716395,-521.73564910889,,36.553228621291446,9.122745151806027,,,"[[105.0, 96.5], [104.5, 97.0], [104.5, 98.0], [104.5, 99.0], [104.5, 100.0], [105.0, 100.5], [105.5, 101.0], [105.5, 102.0], [106.0, 102.5], [106.5, 103.0], [106.5, 104.0], [106.5, 105.0], [106.5, 106.0], [107.0, 106.5], [107.5, 107.0], [108.0, 107.5], [108.5, 108.0], [108.5, 109.0], [109.0, 109.5], [110.0, 109.5], [111.0, 109.5], [112.0, 109.5], [113.0, 109.5], [114.0, 109.5], [114.5, 109.0], [115.0, 108.5], [115.5, 108.0], [116.0, 107.5], [116.5, 107.0], [117.0, 106.5], [117.5, 106.0], [118.0, 105.5], [118.5, 105.0], [119.0, 104.5], [119.5, 104.0], [120.0, 103.5], [120.5, 103.0], [121.0, 102.5], [121.5, 102.0], [122.0, 101.5], [122.5, 101.0], [122.5, 100.0], [123.0, 99.5], [123.5, 99.0], [123.5, 98.0], [124.0, 97.5], [124.5, 97.0], [124.5, 96.0], [124.5, 95.0], [124.5, 94.0], [124.5, 93.0], [124.5, 92.0], [124.5, 91.0], [124.5, 90.0], [124.5, 89.0], [124.5, 88.0], [124.5, 87.0], [124.5, 86.0], [124.5, 85.0], [124.5, 84.0], [124.5, 83.0], [124.5, 82.0], [124.5, 81.0], [124.5, 80.0], [124.5, 79.0], [124.5, 78.0], [124.0, 77.5], [123.5, 77.0], [123.5, 76.0], [123.0, 75.5], [122.5, 75.0], [122.5, 74.0], [122.0, 73.5], [121.5, 73.0], [121.5, 72.0], [121.5, 71.0], [121.0, 70.5], [120.0, 70.5], [119.5, 70.0], [119.5, 69.0], [119.0, 68.5], [118.5, 68.0], [118.0, 67.5], [117.5, 67.0], [117.0, 66.5], [116.5, 66.0], [116.0, 65.5], [115.5, 65.0], [115.0, 64.5], [114.5, 64.0], [114.0, 63.5], [113.0, 63.5], [112.5, 63.0], [112.0, 62.5], [111.5, 62.0], [111.0, 61.5], [110.5, 61.0], [110.0, 60.5], [109.0, 60.5], [108.0, 60.5], [107.5, 61.0], [107.0, 61.5], [106.0, 61.5], [105.5, 62.0], [106.0, 62.5], [107.0, 62.5], [107.5, 63.0], [108.0, 63.5], [109.0, 63.5], [109.5, 64.0], [110.0, 64.5], [111.0, 64.5], [111.5, 65.0], [111.5, 66.0], [111.5, 67.0], [111.5, 68.0], [111.5, 69.0], [111.5, 70.0], [111.5, 71.0], [111.5, 72.0], [111.5, 73.0], [111.5, 74.0], [111.5, 75.0], [111.5, 76.0], [112.0, 76.5], [112.5, 77.0], [112.5, 78.0], [112.5, 79.0], [112.5, 80.0], [112.5, 81.0], [112.5, 82.0], [112.5, 83.0], [112.5, 84.0], [112.5, 85.0], [112.5, 86.0], [112.0, 86.5], [111.5, 87.0], [111.5, 88.0], [111.5, 89.0], [111.0, 89.5], [110.5, 90.0], [110.5, 91.0], [110.0, 91.5], [109.5, 92.0], [109.0, 92.5], [108.5, 93.0], [108.0, 93.5], [107.5, 94.0], [107.0, 94.5], [106.5, 95.0], [106.0, 95.5], [105.5, 96.0]]"
SLICE,Z5,GAS_LAT_R,19.69243776797788,33.089429497716395,-521.73564910889,,36.532710280373834,6.973895817435821,,,"[[71.0, 100.5], [70.5, 101.0], [71.0, 101.5], [71.5, 102.0], [72.0, 102.5], [72.5, 103.0], [73.0, 103.5], [73.5, 104.0], [74.0, 104.5], [74.5, 105.0], [75.0, 105.5], [75.5, 106.0], [76.0, 106.5], [77.0, 106.5], [77.5, 107.0], [78.0, 107.5], [78.5, 108.0], [79.0, 108.5], [79.5, 109.0], [80.0, 109.5], [81.0, 109.5], [82.0, 109.5], [83.0, 109.5], [84.0, 109.5], [85.0, 109.5], [85.5, 110.0], [86.0, 110.5], [87.0, 110.5], [88.0, 110.5], [89.0, 110.5], [90.0, 110.5], [90.5, 111.0], [91.0, 111.5], [92.0, 111.5], [93.0, 111.5], [94.0, 111.5], [95.0, 111.5], [96.0, 111.5], [97.0, 111.5], [98.0, 111.5], [99.0, 111.5], [99.5, 111.0], [100.0, 110.5], [101.0, 110.5], [101.5, 110.0], [102.0, 109.5], [103.0, 109.5], [104.0, 109.5], [105.0, 109.5], [105.5, 109.0], [106.0, 108.5], [106.5, 108.0], [106.5, 107.0], [106.5, 106.0], [106.5, 105.0], [106.5, 104.0], [106.5, 103.0], [106.0, 102.5], [105.5, 102.0], [105.5, 101.0], [105.0, 100.5], [104.5, 100.0], [104.0, 99.5], [103.0, 99.5], [102.0, 99.5], [101.5, 100.0], [101.0, 100.5], [100.5, 100.0], [100.0, 99.5], [99.0, 99.5], [98.0, 99.5], [97.0, 99.5], [96.0, 99.5], [95.5, 100.0], [95.0, 100.5], [94.0, 100.5], [93.0, 100.5], [92.0, 100.5], [91.0, 100.5], [90.0, 100.5], [89.0, 100.5], [88.0, 100.5], [87.0, 100.5], [86.0, 100.5], [85.0, 100.5], [84.0, 100.5], [83.0, 100.5], [82.5, 100.0], [82.0, 99.5], [81.0, 99.5], [80.0, 99.5], [79.0, 99.5], [78.0, 99.5], [77.0, 99.5], [76.5, 100.0], [76.0, 100.5], [75.0, 100.5], [74.0, 100.5], [73.0, 100.5], [72.0, 100.5]]"
SLICE,Z5,TA_L,19.69243776797788,33.089429497716395,-521.73564910889,,33.9486301369863,7.758386856597576,,,"[[222.0, 45.5], [221.5, 46.0], [221.5, 47.0], [222.0, 47.5], [223.0, 47.5], [223.5, 48.0], [223.5, 49.0], [224.0, 49.5], [225.0, 49.5], [225.5, 50.0], [225.5, 51.0], [225.5, 52.0], [225.5, 53.0], [225.5, 54.0], [225.5, 55.0], [225.5, 56.0], [225.5, 57.0], [225.5, 58.0], [225.5, 59.0], [225.5, 60.0], [225.5, 61.0], [226.0, 61.5], [227.0, 61.5], [227.5, 62.0], [228.0, 62.5], [229.0, 62.5], [229.5, 63.0], [230.0, 63.5], [231.0, 63.5], [232.0, 63.5], [233.0, 63.5], [233.5, 63.0], [234.0, 62.5], [234.5, 62.0], [234.5, 61.0], [235.0, 60.5], [235.5, 60.0], [236.0, 59.5], [236.5, 59.0], [237.0, 58.5], [237.5, 58.0], [238.0, 57.5], [238.5, 57.0], [239.0, 56.5], [240.0, 56.5], [240.5, 56.0], [241.0, 55.5], [241.5, 55.0], [242.0, 54.5], [243.0, 54.5], [244.0, 54.5], [245.0, 54.5], [245.5, 54.0], [245.5, 53.0], [245.5, 52.0], [245.0, 51.5], [244.5, 51.0], [244.0, 50.5], [243.5, 50.0], [243.0, 49.5], [242.5, 49.0], [242.0, 48.5], [241.5, 48.0], [241.0, 47.5], [240.5, 47.0], [240.0, 46.5], [239.5, 46.0], [239.0, 45.5], [238.0, 45.5], [237.0, 45.5], [236.5, 45.0], [236.0, 44.5], [235.0, 44.5], [234.5, 44.0], [234.0, 43.5], [233.0, 43.5], [232.0, 43.5], [231.0, 43.5], [230.0, 43.5], [229.0, 43.5], [228.0, 43.5], [227.0, 43.5], [226.0, 43.5], [225.0, 43.5], [224.0, 43.5], [223.5, 44.0], [223.5, 45.0], [223.0, 45.5]]"
SLICE,Z5,ED_L,19.69243776797788,33.089429497716395,-521.73564910889,,36.04545454545455,5.221261365602557,,,"[[234.0, 62.5], [233.5, 63.0], [233.5, 64.0], [234.0, 64.5], [234.5, 65.0], [235.0, 65.5], [235.5, 66.0], [236.0, 66.5], [236.5, 67.0], [237.0, 67.5], [237.5, 67.0], [238.0, 66.5], [239.0, 66.5], [239.5, 66.0], [239.5, 65.0], [240.0, 64.5], [241.0, 64.5], [241.5, 64.0], [241.5, 63.0], [242.0, 62.5], [243.0, 62.5], [243.5, 62.0], [244.0, 61.5], [245.0, 61.5], [246.0, 61.5], [246.5, 61.0], [247.0, 60.5], [248.0, 60.5], [248.5, 60.0], [249.0, 59.5], [249.5, 59.0], [249.5, 58.0], [249.0, 57.5], [248.5, 57.0], [248.5, 56.0], [248.0, 55.5], [247.5, 55.0], [247.0, 54.5], [246.5, 54.0], [246.0, 53.5], [245.5, 54.0], [245.0, 54.5], [244.0, 54.5], [243.0, 54.5], [242.0, 54.5], [241.5, 55.0], [241.0, 55.5], [240.5, 56.0], [240.0, 56.5], [239.0, 56.5], [238.5, 57.0], [238.0, 57.5], [237.5, 58.0], [237.0, 58.5], [236.5, 59.0], [236.0, 59.5], [235.5, 60.0], [235.0, 60.5], [234.5, 61.0], [234.5, 62.0]]"
SLICE,Z5,PER_L,19.69243776797788,33.089429497716395,-521.73564910889,,35.848837209302324,5.287510753251217,,,"[[237.0, 67.5], [236.5, 68.0], [237.0, 68.5], [237.5, 69.0], [238.0, 69.5], [238.5, 70.0], [238.0, 70.5], [237.5, 71.0], [238.0, 71.5], [238.5, 72.0], [238.5, 73.0], [238.5, 74.0], [239.0, 74.5], [239.5, 75.0], [239.5, 76.0], [240.0, 76.5], [241.0, 76.5], [241.5, 77.0], [241.5, 78.0], [242.0, 78.5], [243.0, 78.5], [243.5, 79.0], [244.0, 79.5], [245.0, 79.5], [246.0, 79.5], [247.0, 79.5], [248.0, 79.5], [249.0, 79.5], [249.5, 79.0], [250.0, 78.5], [251.0, 78.5], [251.5, 78.0], [252.0, 77.5], [252.5, 77.0], [253.0, 76.5], [254.0, 76.5], [254.5, 76.0], [254.5, 75.0], [254.5, 74.0], [254.5, 73.0], [254.5, 72.0], [254.5, 71.0], [254.5, 70.0], [254.5, 69.0], [254.5, 68.0], [254.5, 67.0], [254.5, 66.0], [254.0, 65.5], [253.5, 65.0], [253.5, 64.0], [253.0, 63.5], [252.5, 63.0], [252.0, 62.5], [251.5, 62.0], [251.5, 61.0], [251.0, 60.5], [250.5, 60.0], [250.5, 59.0], [250.0, 58.5], [249.5, 59.0], [249.0, 59.5], [248.5, 60.0], [248.0, 60.5], [247.0, 60.5], [246.5, 61.0], [246.0, 61.5], [245.0, 61.5], [244.0, 61.5], [243.5, 62.0], [243.0, 62.5], [242.0, 62.5], [241.5, 63.0], [241.5, 64.0], [241.0, 64.5], [240.0, 64.5], [239.5, 65.0], [239.5, 66.0], [239.0, 66.5], [238.0, 66.5], [237.5, 67.0]]"
SLICE,Z5,DLPC_L,19.69243776797788,33.089429497716395,-521.73564910889,,37.12830188679245,6.863531665821342,,,"[[212.0, 65.5], [211.5, 66.0], [211.5, 67.0], [211.5, 68.0], [211.5, 69.0], [212.0, 69.5], [212.5, 70.0], [212.5, 71.0], [213.0, 71.5], [213.5, 72.0], [214.0, 72.5], [214.5, 73.0], [214.5, 74.0], [215.0, 74.5], [215.5, 75.0], [216.0, 75.5], [216.5, 76.0], [217.0, 76.5], [217.5, 76.0], [218.0, 75.5], [219.0, 75.5], [219.5, 75.0], [220.0, 74.5], [220.5, 75.0], [220.5, 76.0], [221.0, 76.5], [222.0, 76.5], [223.0, 76.5], [224.0, 76.5], [225.0, 76.5], [226.0, 76.5], [227.0, 76.5], [228.0, 76.5], [229.0, 76.5], [230.0, 76.5], [231.0, 76.5], [231.5, 76.0], [232.0, 75.5], [232.5, 75.0], [233.0, 74.5], [234.0, 74.5], [234.5, 74.0], [235.0, 73.5], [235.5, 73.0], [235.5, 72.0], [235.5, 71.0], [236.0, 70.5], [236.5, 70.0], [236.5, 69.0], [236.5, 68.0], [236.5, 67.0], [236.0, 66.5], [235.5, 66.0], [235.0, 65.5], [234.5, 65.0], [234.0, 64.5], [233.5, 64.0], [233.0, 63.5], [232.0, 63.5], [231.0, 63.5], [230.0, 63.5], [229.5, 63.0], [229.0, 62.5], [228.0, 62.5], [227.5, 62.0], [227.0, 61.5], [226.0, 61.5], [225.5, 62.0], [225.0, 62.5], [224.5, 63.0], [224.0, 63.5], [223.5, 64.0], [223.0, 64.5], [222.5, 65.0], [222.0, 65.5], [221.0, 65.5], [220.5, 66.0], [220.0, 66.5], [219.5, 66.0], [219.0, 65.5], [218.0, 65.5], [217.0, 65.5], [216.0, 65.5], [215.0, 65.5], [214.0, 65.5], [213.0, 65.5]]"
SLICE,Z5,POP_L,19.69243776797788,33.089429497716395,-521.73564910889,,32.6875,10.51617058391504,,,"[[209.0, 60.5], [208.5, 61.0], [208.5, 62.0], [208.5, 63.0], [208.5, 64.0], [209.0, 64.5], [210.0, 64.5], [211.0, 64.5], [211.5, 65.0], [212.0, 65.5], [213.0, 65.5], [213.5, 65.0], [213.5, 64.0], [213.0, 63.5], [212.0, 63.5], [211.5, 63.0], [211.5, 62.0], [211.5, 61.0], [211.0, 60.5], [210.0, 60.5]]"
SLICE,Z5,SOL_L,19.69243776797788,33.089429497716395,-521.73564910889,,37.84660194174757,7.731901077900753,,,"[[204.0, 70.5], [203.5, 71.0], [203.5, 72.0], [203.5, 73.0], [203.5, 74.0], [204.0, 74.5], [204.5, 75.0], [204.5, 76.0], [204.5, 77.0], [204.5, 78.0], [205.0, 78.5], [205.5, 79.0], [206.0, 79.5], [206.5, 80.0], [206.5, 81.0], [206.5, 82.0], [206.5, 83.0], [206.5, 84.0], [207.0, 84.5], [207.5, 85.0], [207.5, 86.0], [208.0, 86.5], [208.5, 87.0], [209.0, 87.5], [209.5, 88.0], [209.5, 89.0], [209.5, 90.0], [210.0, 90.5], [210.5, 91.0], [211.0, 91.5], [211.5, 92.0], [211.5, 93.0], [212.0, 93.5], [212.5, 94.0], [213.0, 94.5], [214.0, 94.5], [214.5, 95.0], [215.0, 95.5], [215.5, 96.0], [216.0, 96.5], [216.5, 97.0], [217.0, 97.5], [217.5, 98.0], [218.0, 98.5], [219.0, 98.5], [219.5, 99.0], [220.0, 99.5], [221.0, 99.5], [222.0, 99.5], [223.0, 99.5], [224.0, 99.5], [225.0, 99.5], [226.0, 99.5], [227.0, 99.5], [228.0, 99.5], [229.0, 99.5], [230.0, 99.5], [231.0, 99.5], [232.0, 99.5], [233.0, 99.5], [233.5, 99.0], [234.0, 98.5], [235.0, 98.5], [236.0, 98.5], [236.5, 98.0], [237.0, 97.5], [238.0, 97.5], [238.5, 97.0], [239.0, 96.5], [240.0, 96.5], [241.0, 96.5], [241.5, 96.0], [242.0, 95.5], [243.0, 95.5], [243.5, 95.0], [244.0, 94.5], [245.0, 94.5], [246.0, 94.5], [247.0, 94.5], [248.0, 94.5], [249.0, 94.5], [249.5, 94.0], [250.0, 93.5], [251.0, 93.5], [251.5, 93.0], [251.5, 92.0], [252.0, 91.5], [253.0, 91.5], [253.5, 91.0], [253.5, 90.0], [254.0, 89.5], [254.5, 89.0], [254.5, 88.0], [254.5, 87.0], [255.0, 86.5], [255.5, 86.0], [255.5, 85.0], [256.0, 84.5], [256.5, 84.0], [256.5, 83.0], [256.5, 82.0], [256.5, 81.0], [256.5, 80.0], [256.5, 79.0], [256.5, 78.0], [256.5, 77.0], [256.5, 76.0], [256.0, 75.5], [255.5, 75.0], [255.0, 74.5], [254.5, 75.0], [254.5, 76.0], [254.0, 76.5], [253.0, 76.5], [252.5, 77.0], [252.0, 77.5], [251.5, 78.0], [251.0, 78.5], [250.0, 78.5], [249.5, 79.0], [249.0, 79.5], [248.0, 79.5], [247.0, 79.5], [246.0, 79.5], [245.0, 79.5], [244.0, 79.5], [243.5, 79.0], [243.0, 78.5], [242.0, 78.5], [241.5, 78.0], [241.5, 77.0], [241.0, 76.5], [240.0, 76.5], [239.5, 76.0], [239.5, 75.0], [239.0, 74.5], [238.0, 74.5], [237.5, 75.0], [237.0, 75.5], [236.0, 75.5], [235.5, 75.0], [235.0, 74.5], [234.0, 74.5], [233.0, 74.5], [232.5, 75.0], [232.0, 75.5], [231.5, 76.0], [231.0, 76.5], [230.0, 76.5], [229.0, 76.5], [228.0, 76.5], [227.0, 76.5], [226.0, 76.5], [225.5, 77.0], [225.5, 78.0], [225.0, 78.5], [224.0, 78.5], [223.0, 78.5], [222.0, 78.5], [221.5, 78.0], [221.5, 77.0], [221.0, 76.5], [220.5, 76.0], [220.0, 75.5], [219.0, 75.5], [218.0, 75.5], [217.5, 76.0], [217.0, 76.5], [216.5, 76.0], [216.0, 75.5], [215.5, 75.0], [215.0, 74.5], [214.5, 74.0], [214.5, 73.0], [214.0, 72.5], [213.5, 72.0], [213.0, 71.5], [212.5, 71.0], [212.5, 70.0], [212.0, 69.5], [211.5, 69.0], [211.5, 68.0], [211.5, 67.0], [211.5, 66.0], [211.5, 65.0], [211.0, 64.5], [210.0, 64.5], [209.0, 64.5], [208.5, 65.0], [208.0, 65.5], [207.5, 66.0], [207.0, 66.5], [206.5, 67.0], [206.5, 68.0], [206.0, 68.5], [205.5, 69.0], [205.0, 69.5], [204.5, 70.0]]"
SLICE,Z5,GAS_MED_L,19.69243776797788,33.089429497716395,-521.73564910889,,29.019354838709678,21.124964888000427,,,"[[200.0, 88.5], [199.5, 89.0], [199.5, 90.0], [199.5, 91.0], [200.0, 91.5], [200.5, 92.0], [200.5, 93.0], [200.5, 94.0], [200.5, 95.0], [200.5, 96.0], [201.0, 96.5], [201.5, 97.0], [201.5, 98.0], [202.0, 98.5], [202.5, 99.0], [203.0, 99.5], [203.5, 100.0], [203.5, 101.0], [204.0, 101.5], [204.5, 102.0], [205.0, 102.5], [205.5, 103.0], [206.0, 103.5], [206.5, 104.0], [207.0, 104.5], [208.0, 104.5], [208.5, 105.0], [209.0, 105.5], [210.0, 105.5], [210.5, 106.0], [211.0, 106.5], [212.0, 106.5], [213.0, 106.5], [214.0, 106.5], [215.0, 106.5], [216.0, 106.5], [216.5, 106.0], [217.0, 105.5], [217.5, 105.0], [218.0, 104.5], [219.0, 104.5], [219.5, 104.0], [219.5, 103.0], [220.0, 102.5], [221.0, 102.5], [221.5, 102.0], [222.0, 101.5], [223.0, 101.5], [223.5, 101.0], [223.0, 100.5], [222.5, 100.0], [222.0, 99.5], [221.0, 99.5], [220.0, 99.5], [219.5, 99.0], [219.0, 98.5], [218.0, 98.5], [217.5, 98.0], [217.0, 97.5], [216.5, 97.0], [216.0, 96.5], [215.5, 96.0], [215.0, 95.5], [214.5, 95.0], [214.0, 94.5], [213.0, 94.5], [212.5, 94.0], [212.0, 93.5], [211.5, 93.0], [211.5, 92.0], [211.0, 91.5], [210.5, 91.0], [210.0, 90.5], [209.5, 90.0], [209.5, 89.0], [209.5, 88.0], [209.0, 87.5], [208.5, 87.0], [208.0, 86.5], [207.5, 86.0], [207.5, 85.0], [207.0, 84.5], [206.5, 84.0], [206.5, 83.0], [206.5, 82.0], [206.5, 81.0], [206.5, 80.0], [206.0, 79.5], [205.5, 79.0], [205.0, 78.5], [204.5, 78.0], [204.5, 77.0], [204.5, 76.0], [204.5, 75.0], [204.0, 74.5], [203.5, 75.0], [203.5, 76.0], [203.5, 77.0], [203.0, 77.5], [202.5, 78.0], [202.0, 78.5], [201.5, 79.0], [201.0, 79.5], [200.5, 80.0], [200.5, 81.0], [200.5, 82.0], [200.5, 83.0], [200.5, 84.0], [200.5, 85.0], [200.5, 86.0], [200.5, 87.0], [200.5, 88.0]]"
SLICE,Z5,GAS_LAT_L,19.69243776797788,33.089429497716395,-521.73564910889,,36.24031007751938,14.086540496504664,,,"[[224.0, 100.5], [223.5, 101.0], [224.0, 101.5], [225.0, 101.5], [225.5, 102.0], [225.5, 103.0], [226.0, 103.5], [227.0, 103.5], [227.5, 104.0], [228.0, 104.5], [229.0, 104.5], [229.5, 105.0], [230.0, 105.5], [230.5, 106.0], [231.0, 106.5], [232.0, 106.5], [233.0, 106.5], [233.5, 106.0], [234.0, 105.5], [235.0, 105.5], [236.0, 105.5], [236.5, 105.0], [237.0, 104.5], [238.0, 104.5], [238.5, 104.0], [239.0, 103.5], [239.5, 103.0], [240.0, 102.5], [241.0, 102.5], [241.5, 102.0], [242.0, 101.5], [243.0, 101.5], [244.0, 101.5], [244.5, 101.0], [244.5, 100.0], [245.0, 99.5], [245.5, 99.0], [246.0, 98.5], [246.5, 98.0], [246.5, 97.0], [246.5, 96.0], [246.5, 95.0], [246.0, 94.5], [245.0, 94.5], [244.0, 94.5], [243.5, 95.0], [243.0, 95.5], [242.0, 95.5], [241.5, 96.0], [241.0, 96.5], [240.0, 96.5], [239.0, 96.5], [238.5, 97.0], [238.0, 97.5], [237.0, 97.5], [236.5, 98.0], [236.0, 98.5], [235.0, 98.5], [234.0, 98.5], [233.5, 99.0], [233.0, 99.5], [232.0, 99.5], [231.0, 99.5], [230.0, 99.5], [229.0, 99.5], [228.0, 99.5], [227.0, 99.5], [226.0, 99.5], [225.5, 100.0], [225.0, 100.5]]"
SLICE,Z6,TA_R,19.69243776797788,33.089429497716395,-491.73564910889,,38.48672566371681,10.007178878271876,,,"[[66.0, 58.5], [65.5, 59.0], [66.0, 59.5], [66.5, 60.0], [67.0, 60.5], [68.0, 60.5], [69.0, 60.5], [70.0, 60.5], [71.0, 60.5], [71.5, 61.0], [72.0, 61.5], [73.0, 61.5], [74.0, 61.5], [75.0, 61.5], [76.0, 61.5], [76.5, 62.0], [76.5, 63.0], [77.0, 63.5], [77.5, 64.0], [78.0, 64.5], [79.0, 64.5], [79.5, 64.0], [80.0, 63.5], [80.5, 63.0], [81.0, 62.5], [81.5, 62.0], [82.0, 61.5], [82.5, 61.0], [83.0, 60.5], [83.5, 60.0], [83.5, 59.0], [83.0, 58.5], [82.5, 58.0], [82.5, 57.0], [82.5, 56.0], [82.5, 55.0], [82.5, 54.0], [82.0, 53.5], [81.5, 53.0], [81.5, 52.0], [81.5, 51.0], [81.5, 50.0], [81.5, 49.0], [81.5, 48.0], [81.5, 47.0], [81.5, 46.0], [81.5, 45.0], [81.0, 44.5], [80.0, 44.5], [79.5, 45.0], [79.0, 45.5], [78.0, 45.5], [77.0, 45.5], [76.0, 45.5], [75.0, 45.5], [74.0, 45.5], [73.5, 46.0], [73.0, 46.5], [72.5, 47.0], [72.0, 47.5], [71.5, 48.0], [71.0, 48.5], [70.5, 49.0], [70.0, 49.5], [69.5, 50.0], [69.0, 50.5], [68.5, 51.0], [68.5, 52.0], [68.5, 53.0], [68.0, 53.5], [67.5, 54.0], [67.5, 55.0], [67.0, 55.5], [66.5, 56.0], [66.5, 57.0], [66.5, 58.0]]"
SLICE,Z6,ED_R,19.69243776797788,33.089429497716395,-491.73564910889,,36.926829268292686,5.400497916983071,,,"[[65.0, 63.5], [64.5, 64.0], [65.0, 64.5], [65.5, 65.0], [66.0, 65.5], [67.0, 65.5], [67.5, 66.0], [68.0, 66.5], [69.0, 66.5], [70.0, 66.5], [70.5, 67.0], [71.0, 67.5], [71.5, 68.0], [71.5, 69.0], [72.0, 69.5], [73.0, 69.5], [74.0, 69.5], [75.0, 69.5], [76.0, 69.5], [76.5, 69.0], [77.0, 68.5], [77.5, 68.0], [77.5, 67.0], [77.5, 66.0], [77.5, 65.0], [77.5, 64.0], [77.0, 63.5], [76.5, 63.0], [76.5, 62.0], [76.0, 61.5], [75.0, 61.5], [74.0, 61.5], [73.0, 61.5], [72.0, 61.5], [71.5, 61.0], [71.0, 60.5], [70.0, 60.5], [69.0, 60.5], [68.0, 60.5], [67.0, 60.5], [66.5, 60.0], [66.0, 59.5], [65.5, 60.0], [65.5, 61.0], [65.5, 62.0], [65.5, 63.0]]"
SLICE,Z6,PER_R,19.69243776797788,33.089429497716395,-491.73564910889,,35.74418604651163,9.205263972455977,,,"[[62.0, 69.5], [61.5, 70.0], [61.5, 71.0], [61.5, 72.0], [61.5, 73.0], [61.5, 74.0], [61.5, 75.0], [61.5, 76.0], [61.5, 77.0], [62.0, 77.5], [62.5, 78.0], [62.5, 79.0], [63.0, 79.5], [63.5, 80.0], [63.5, 81.0], [64.0, 81.5], [65.0, 81.5], [66.0, 81.5], [67.0, 81.5], [68.0, 81.5], [68.5, 81.0], [69.0, 80.5], [70.0, 80.5], [71.0, 80.5], [71.5, 80.0], [72.0, 79.5], [73.0, 79.5], [73.5, 79.0], [74.0, 78.5], [74.5, 78.0], [74.5, 77.0], [74.5, 76.0], [74.5, 75.0], [74.5, 74.0], [74.5, 73.0], [74.5, 72.0], [75.0, 71.5], [75.5, 71.0], [75.0, 70.5], [74.5, 70.0], [74.0, 69.5], [73.0, 69.5], [72.0, 69.5], [71.5, 69.0], [71.5, 68.0], [71.0, 67.5], [70.5, 67.0], [70.0, 66.5], [69.0, 66.5], [68.0, 66.5], [67.5, 66.0], [67.0, 65.5], [66.0, 65.5], [65.5, 65.0], [65.0, 64.5], [64.0, 64.5], [63.5, 65.0], [63.5, 66.0], [63.5, 67.0], [63.0, 67.5], [62.5, 68.0], [62.5, 69.0]]"
SLICE,Z6,DLPC_R,19.69243776797788,33.089429497716395,-491.73564910889,,37.73170731707317,7.6923287420203454,,,"[[78.0, 70.5], [77.5, 71.0], [77.5, 72.0], [77.5, 73.0], [78.0, 73.5], [78.5, 74.0], [79.0, 74.5], [79.5, 75.0], [80.0, 75.5], [81.0, 75.5], [82.0, 75.5], [83.0, 75.5], [83.5, 75.0], [84.0, 74.5], [85.0, 74.5], [86.0, 74.5], [87.0, 74.5], [88.0, 74.5], [89.0, 74.5], [89.5, 74.0], [89.5, 73.0], [90.0, 72.5], [90.5, 72.0], [91.0, 71.5], [92.0, 71.5], [93.0, 71.5], [94.0, 71.5], [94.5, 71.0], [94.5, 70.0], [95.0, 69.5], [96.0, 69.5], [96.5, 69.0], [96.5, 68.0], [96.5, 67.0], [96.0, 66.5], [95.0, 66.5], [94.0, 66.5], [93.0, 66.5], [92.0, 66.5], [91.5, 66.0], [91.0, 65.5], [90.0, 65.5], [89.5, 65.0], [89.0, 64.5], [88.0, 64.5], [87.5, 64.0], [87.0, 63.5], [86.0, 63.5], [85.5, 63.0], [85.0, 62.5], [84.5, 62.0], [84.5, 61.0], [84.0, 60.5], [83.0, 60.5], [82.5, 61.0], [82.0, 61.5], [81.5, 62.0], [81.0, 62.5], [80.5, 63.0], [80.0, 63.5], [79.5, 64.0], [79.0, 64.5], [78.5, 65.0], [78.5, 66.0], [78.5, 67.0], [79.0, 67.5], [79.5, 68.0], [80.0, 68.5], [80.5, 69.0], [80.5, 70.0], [80.0, 70.5], [79.0, 70.5]]"
SLICE,Z6,POP_R,19.69243776797788,33.089429497716395,-491.73564910889,,37.53164556962025,7.287644204514535,,,"[[92.0, 65.5], [91.5, 66.0], [92.0, 66.5], [93.0, 66.5], [94.0, 66.5], [95.0, 66.5], [96.0, 66.5], [96.5, 67.0], [96.5, 68.0], [96.5, 69.0], [97.0, 69.5], [98.0, 69.5], [99.0, 69.5], [99.5, 69.0], [100.0, 68.5], [101.0, 68.5], [101.5, 68.0], [102.0, 67.5], [103.0, 67.5], [103.5, 67.0], [104.0, 66.5], [104.5, 66.0], [104.5, 65.0], [104.5, 64.0], [105.0, 63.5], [105.5, 63.0], [105.5, 62.0], [106.0, 61.5], [106.5, 61.0], [106.5, 60.0], [106.0, 59.5], [105.5, 59.0], [105.5, 58.0], [105.0, 57.5], [104.0, 57.5], [103.5, 58.0], [103.0, 58.5], [102.5, 59.0], [102.5, 60.0], [102.0, 60.5], [101.0, 60.5], [100.5, 61.0], [100.5, 62.0], [100.0, 62.5], [99.0, 62.5], [98.5, 63.0], [98.0, 63.5], [97.0, 63.5], [96.5, 64.0], [96.0, 64.5], [95.0, 64.5], [94.5, 65.0], [94.0, 65.5], [93.0, 65.5]]"
SLICE,Z6,SOL_R,19.69243776797788,33.089429497716395,-491.73564910889,,37.982142857142854,4.241550724796346,,,"[[63.0, 80.5], [62.5, 81.0], [62.5, 82.0], [62.5, 83.0], [62.5, 84.0], [62.5, 85.0], [62.5, 86.0], [62.5, 87.0], [62.5, 88.0], [62.5, 89.0], [63.0, 89.5], [63.5, 90.0], [63.5, 91.0], [63.5, 92.0], [64.0, 92.5], [64.5, 93.0], [65.0, 93.5], [65.5, 94.0], [66.0, 94.5], [67.0, 94.5], [67.5, 95.0], [68.0, 95.5], [69.0, 95.5], [70.0, 95.5], [71.0, 95.5], [72.0, 95.5], [73.0, 95.5], [74.0, 95.5], [75.0, 95.5], [76.0, 95.5], [77.0, 95.5], [78.0, 95.5], [79.0, 95.5], [80.0, 95.5], [81.0, 95.5], [81.5, 96.0], [82.0, 96.5], [83.0, 96.5], [84.0, 96.5], [84.5, 96.0], [85.0, 95.5], [86.0, 95.5], [87.0, 95.5], [88.0, 95.5], [89.0, 95.5], [90.0, 95.5], [91.0, 95.5], [92.0, 95.5], [93.0, 95.5], [94.0, 95.5], [95.0, 95.5], [96.0, 95.5], [96.5, 96.0], [97.0, 96.5], [98.0, 96.5], [99.0, 96.5], [100.0, 96.5], [100.5, 96.0], [100.5, 95.0], [101.0, 94.5], [101.5, 94.0], [101.5, 93.0], [101.5, 92.0], [102.0, 91.5], [102.5, 91.0], [103.0, 90.5], [104.0, 90.5], [104.5, 90.0], [105.0, 89.5], [105.5, 89.0], [106.0, 88.5], [106.5, 88.0], [106.5, 87.0], [107.0, 86.5], [107.5, 86.0], [108.0, 85.5], [108.5, 85.0], [109.0, 84.5], [109.5, 84.0], [109.5, 83.0], [109.5, 82.0], [109.5, 81.0], [109.5, 80.0], [109.5, 79.0], [109.0, 78.5], [108.5, 78.0], [108.5, 77.0], [108.0, 76.5], [107.5, 76.0], [107.5, 75.0], [107.0, 74.5], [106.5, 74.0], [106.5, 73.0], [106.5, 72.0], [106.5, 71.0], [106.5, 70.0], [106.0, 69.5], [105.5, 69.0], [105.0, 68.5], [104.5, 68.0], [104.5, 67.0], [104.0, 66.5], [103.5, 67.0], [103.0, 67.5], [102.0, 67.5], [101.5, 68.0], [101.0, 68.5], [100.0, 68.5], [99.5, 69.0], [99.0, 69.5], [98.0, 69.5], [97.0, 69.5], [96.0, 69.5], [95.0, 69.5], [94.5, 70.0], [94.5, 71.0], [94.5, 72.0], [94.5, 73.0], [94.0, 73.5], [93.5, 74.0], [93.5, 75.0], [93.0, 75.5], [92.0, 75.5], [91.0, 75.5], [90.5, 76.0], [90.0, 76.5], [89.5, 76.0], [89.0, 75.5], [88.0, 75.5], [87.0, 75.5], [86.0, 75.5], [85.0, 75.5], [84.5, 75.0], [84.0, 74.5], [83.5, 75.0], [83.0, 75.5], [82.0, 75.5], [81.0, 75.5], [80.0, 75.5], [79.0, 75.5], [78.0, 75.5], [77.0, 75.5], [76.0, 75.5], [75.0, 75.5], [74.5, 76.0], [74.5, 77.0], [74.5, 78.0], [74.0, 78.5], [73.5, 79.0], [73.0, 79.5], [72.0, 79.5], [71.5, 80.0], [71.0, 80.5], [70.0, 80.5], [69.0, 80.5], [68.5, 81.0], [68.0, 81.5], [67.0, 81.5], [66.0, 81.5], [65.0, 81.5], [64.0, 81.5], [63.5, 81.0]]"
SLICE,Z6,GAS_MED_R,19.69243776797788,33.089429497716395,-491.73564910889,,36.06563706563706,11.430144418515638,,,"[[105.0, 63.5], [104.5, 64.0], [104.5, 65.0], [104.5, 66.0], [104.5, 67.0], [104.5, 68.0], [105.0, 68.5], [105.5, 69.0], [106.0, 69.5], [106.5, 70.0], [106.5, 71.0], [106.5, 72.0], [106.5, 73.0], [106.5, 74.0], [107.0, 74.5], [107.5, 75.0], [107.5, 76.0], [108.0, 76.5], [108.5, 77.0], [108.5, 78.0], [109.0, 78.5], [109.5, 79.0], [109.5, 80.0], [109.5, 81.0], [109.5, 82.0], [109.5, 83.0], [109.5, 84.0], [109.0, 84.5], [108.5, 85.0], [108.0, 85.5], [107.5, 86.0], [107.0, 86.5], [106.5, 87.0], [106.5, 88.0], [106.0, 88.5], [105.5, 89.0], [105.5, 90.0], [105.5, 91.0], [105.5, 92.0], [105.5, 93.0], [105.0, 93.5], [104.5, 94.0], [104.5, 95.0], [104.5, 96.0], [104.5, 97.0], [104.5, 98.0], [104.5, 99.0], [104.5, 100.0], [105.0, 100.5], [105.5, 101.0], [105.5, 102.0], [106.0, 102.5], [107.0, 102.5], [107.5, 103.0], [108.0, 103.5], [109.0, 103.5], [110.0, 103.5], [111.0, 103.5], [112.0, 103.5], [112.5, 103.0], [113.0, 102.5], [114.0, 102.5], [114.5, 102.0], [114.5, 101.0], [115.0, 100.5], [115.5, 100.0], [116.0, 99.5], [116.5, 99.0], [116.5, 98.0], [117.0, 97.5], [117.5, 97.0], [118.0, 96.5], [118.5, 96.0], [119.0, 95.5], [119.5, 95.0], [119.5, 94.0], [119.5, 93.0], [119.5, 92.0], [119.5, 91.0], [120.0, 90.5], [120.5, 90.0], [120.5, 89.0], [121.0, 88.5], [121.5, 88.0], [121.5, 87.0], [121.5, 86.0], [121.5, 85.0], [121.5, 84.0], [121.5, 83.0], [121.5, 82.0], [121.5, 81.0], [121.5, 80.0], [121.5, 79.0], [121.5, 78.0], [121.5, 77.0], [121.5, 76.0], [121.0, 75.5], [120.5, 75.0], [120.5, 74.0], [120.0, 73.5], [119.5, 73.0], [119.5, 72.0], [119.5, 71.0], [119.0, 70.5], [118.5, 70.0], [118.5, 69.0], [118.0, 68.5], [117.0, 68.5], [116.5, 68.0], [116.5, 67.0], [116.0, 66.5], [115.5, 66.0], [115.0, 65.5], [114.5, 65.0], [114.5, 64.0], [114.0, 63.5], [113.0, 63.5], [112.5, 63.0], [112.0, 62.5], [111.5, 62.0], [111.0, 61.5], [110.0, 61.5], [109.5, 61.0], [109.0, 60.5], [108.0, 60.5], [107.0, 60.5], [106.5, 61.0], [106.0, 61.5], [105.5, 62.0], [105.5, 63.0]]"
SLICE,Z6,GAS_LAT_R,19.69243776797788,33.089429497716395,-491.73564910889,,34.80160857908847,10.034968222411358,,,"[[70.0, 95.5], [69.5, 96.0], [69.5, 97.0], [69.5, 98.0], [69.5, 99.0], [70.0, 99.5], [70.5, 100.0], [71.0, 100.5], [71.5, 101.0], [72.0, 101.5], [73.0, 101.5], [73.5, 102.0], [74.0, 102.5], [74.5, 103.0], [75.0, 103.5], [75.5, 104.0], [76.0, 104.5], [77.0, 104.5], [77.5, 105.0], [78.0, 105.5], [79.0, 105.5], [79.5, 106.0], [80.0, 106.5], [81.0, 106.5], [82.0, 106.5], [83.0, 106.5], [84.0, 106.5], [85.0, 106.5], [86.0, 106.5], [87.0, 106.5], [88.0, 106.5], [88.5, 107.0], [89.0, 107.5], [90.0, 107.5], [90.5, 108.0], [91.0, 108.5], [92.0, 108.5], [93.0, 108.5], [94.0, 108.5], [94.5, 108.0], [95.0, 107.5], [96.0, 107.5], [97.0, 107.5], [98.0, 107.5], [99.0, 107.5], [99.5, 107.0], [100.0, 106.5], [101.0, 106.5], [102.0, 106.5], [102.5, 106.0], [103.0, 105.5], [103.5, 105.0], [104.0, 104.5], [104.5, 104.0], [104.5, 103.0], [104.5, 102.0], [104.5, 101.0], [104.5, 100.0], [104.5, 99.0], [104.5, 98.0], [104.5, 97.0], [104.5, 96.0], [104.5, 95.0], [104.5, 94.0], [105.0, 93.5], [105.5, 93.0], [105.5, 92.0], [105.5, 91.0], [105.5, 90.0], [105.0, 89.5], [104.5, 90.0], [104.0, 90.5], [103.0, 90.5], [102.5, 91.0], [102.0, 91.5], [101.5, 92.0], [101.5, 93.0], [101.5, 94.0], [101.0, 94.5], [100.5, 95.0], [100.5, 96.0], [100.0, 96.5], [99.0, 96.5], [98.0, 96.5], [97.0, 96.5], [96.5, 96.0], [96.0, 95.5], [95.0, 95.5], [94.0, 95.5], [93.0, 95.5], [92.0, 95.5], [91.0, 95.5], [90.0, 95.5], [89.0, 95.5], [88.0, 95.5], [87.0, 95.5], [86.0, 95.5], [85.0, 95.5], [84.5, 96.0], [84.0, 96.5], [83.0, 96.5], [82.0, 96.5], [81.5, 96.0], [81.0, 95.5], [80.0, 95.5], [79.0, 95.5], [78.0, 95.5], [77.0, 95.5], [76.0, 95.5], [75.0, 95.5], [74.0, 95.5], [73.0, 95.5], [72.0, 95.5], [71.0, 95.5]]"
SLICE,Z6,TA_L,19.69243776797788,33.089429497716395,-491.73564910889,,35.18407960199005,9.48688255280827,,,"[[226.0, 43.5], [225.5, 44.0], [225.5, 45.0], [226.0, 45.5], [226.5, 46.0], [227.0, 46.5], [227.5, 47.0], [227.5, 48.0], [228.0, 48.5], [228.5, 49.0], [228.5, 50.0], [228.5, 51.0], [228.5, 52.0], [228.5, 53.0], [228.5, 54.0], [228.5, 55.0], [228.5, 56.0], [228.5, 57.0], [228.5, 58.0], [229.0, 58.5], [229.5, 59.0], [230.0, 59.5], [231.0, 59.5], [231.5, 60.0], [232.0, 60.5], [233.0, 60.5], [234.0, 60.5], [234.5, 60.0], [235.0, 59.5], [235.5, 59.0], [236.0, 58.5], [236.5, 58.0], [236.5, 57.0], [237.0, 56.5], [238.0, 56.5], [238.5, 56.0], [239.0, 55.5], [239.5, 55.0], [240.0, 54.5], [241.0, 54.5], [242.0, 54.5], [242.5, 54.0], [243.0, 53.5], [244.0, 53.5], [245.0, 53.5], [245.5, 53.0], [245.0, 52.5], [244.5, 52.0], [244.5, 51.0], [244.0, 50.5], [243.5, 50.0], [243.0, 49.5], [242.5, 49.0], [242.0, 48.5], [241.5, 48.0], [241.0, 47.5], [240.5, 47.0], [240.0, 46.5], [239.5, 46.0], [239.0, 45.5], [238.0, 45.5], [237.0, 45.5], [236.5, 45.0], [236.0, 44.5], [235.5, 44.0], [235.0, 43.5], [234.0, 43.5], [233.0, 43.5], [232.0, 43.5], [231.0, 43.5], [230.0, 43.5], [229.5, 43.0], [229.0, 42.5], [228.0, 42.5], [227.5, 43.0], [227.0, 43.5]]"
SLICE,Z6,ED_L,19.69243776797788,33.089429497716395,-491.73564910889,,36.03030303030303,6.259464826019286,,,"[[235.0, 59.5], [234.5, 60.0], [234.5, 61.0], [234.5, 62.0], [234.5, 63.0], [235.0, 63.5], [235.5, 64.0], [235.5, 65.0], [236.0, 65.5], [237.0, 65.5], [238.0, 65.5], [239.0, 65.5], [239.5, 65.0], [240.0, 64.5], [240.5, 64.0], [241.0, 63.5], [241.5, 63.0], [241.5, 62.0], [242.0, 61.5], [243.0, 61.5], [243.5, 61.0], [244.0, 60.5], [244.5, 60.0], [245.0, 59.5], [246.0, 59.5], [247.0, 59.5], [247.5, 59.0], [248.0, 58.5], [248.5, 58.0], [248.5, 57.0], [248.5, 56.0], [248.0, 55.5], [247.0, 55.5], [246.5, 55.0], [246.5, 54.0], [246.0, 53.5], [245.0, 53.5], [244.0, 53.5], [243.0, 53.5], [242.5, 54.0], [242.0, 54.5], [241.0, 54.5], [240.0, 54.5], [239.5, 55.0], [239.0, 55.5], [238.5, 56.0], [238.0, 56.5], [237.0, 56.5], [236.5, 57.0], [236.5, 58.0], [236.0, 58.5], [235.5, 59.0]]"
SLICE,Z6,PER_L,19.69243776797788,33.089429497716395,-491.73564910889,,35.74874371859296,6.951893992290769,,,"[[239.0, 65.5], [238.5, 66.0], [238.5, 67.0], [238.5, 68.0], [239.0, 68.5], [239.5, 69.0], [240.0, 69.5], [240.5, 70.0], [240.5, 71.0], [241.0, 71.5], [241.5, 72.0], [241.5, 73.0], [242.0, 73.5], [242.5, 74.0], [243.0, 74.5], [244.0, 74.5], [245.0, 74.5], [245.5, 75.0], [246.0, 75.5], [247.0, 75.5], [248.0, 75.5], [249.0, 75.5], [249.5, 75.0], [250.0, 74.5], [251.0, 74.5], [252.0, 74.5], [253.0, 74.5], [253.5, 74.0], [254.0, 73.5], [254.5, 73.0], [254.5, 72.0], [254.5, 71.0], [254.5, 70.0], [254.5, 69.0], [254.5, 68.0], [254.5, 67.0], [254.5, 66.0], [254.0, 65.5], [253.5, 65.0], [253.5, 64.0], [253.0, 63.5], [252.5, 63.0], [252.0, 62.5], [251.5, 62.0], [251.5, 61.0], [251.5, 60.0], [251.0, 59.5], [250.5, 59.0], [250.0, 58.5], [249.5, 58.0], [249.0, 57.5], [248.5, 58.0], [248.0, 58.5], [247.5, 59.0], [247.0, 59.5], [246.0, 59.5], [245.0, 59.5], [244.5, 60.0], [244.0, 60.5], [243.5, 61.0], [243.0, 61.5], [242.0, 61.5], [241.5, 62.0], [241.5, 63.0], [241.0, 63.5], [240.5, 64.0], [240.0, 64.5], [239.5, 65.0]]"
SLICE,Z6,DLPC_L,19.69243776797788,33.089429497716395,-491.73564910889,,35.84324324324324,12.001453527746985,,,"[[217.0, 65.5], [216.5, 66.0], [216.5, 67.0], [216.5, 68.0], [216.5, 69.0], [217.0, 69.5], [218.0, 69.5], [218.5, 70.0], [218.5, 71.0], [219.0, 71.5], [219.5, 72.0], [220.0, 72.5], [220.5, 72.0], [221.0, 71.5], [222.0, 71.5], [223.0, 71.5], [224.0, 71.5], [224.5, 72.0], [225.0, 72.5], [225.5, 73.0], [225.5, 74.0], [226.0, 74.5], [227.0, 74.5], [227.5, 74.0], [228.0, 73.5], [229.0, 73.5], [229.5, 73.0], [230.0, 72.5], [231.0, 72.5], [232.0, 72.5], [233.0, 72.5], [234.0, 72.5], [234.5, 72.0], [235.0, 71.5], [235.5, 71.0], [236.0, 70.5], [236.5, 70.0], [236.5, 69.0], [236.5, 68.0], [236.5, 67.0], [236.5, 66.0], [236.0, 65.5], [235.0, 65.5], [234.5, 65.0], [234.5, 64.0], [234.5, 63.0], [234.5, 62.0], [234.5, 61.0], [234.0, 60.5], [233.0, 60.5], [232.0, 60.5], [231.5, 60.0], [231.0, 59.5], [230.0, 59.5], [229.5, 59.0], [229.0, 58.5], [228.5, 59.0], [228.0, 59.5], [227.5, 60.0], [227.0, 60.5], [226.0, 60.5], [225.5, 61.0], [225.5, 62.0], [225.5, 63.0], [225.0, 63.5], [224.0, 63.5], [223.5, 64.0], [223.5, 65.0], [223.0, 65.5], [222.0, 65.5], [221.0, 65.5], [220.5, 66.0], [220.0, 66.5], [219.5, 66.0], [219.0, 65.5], [218.0, 65.5]]"
SLICE,Z6,POP_L,19.69243776797788,33.089429497716395,-491.73564910889,,36.6078431372549,6.65414048123584,,,"[[208.0, 60.5], [207.5, 61.0], [207.5, 62.0], [207.5, 63.0], [207.5, 64.0], [207.5, 65.0], [208.0, 65.5], [208.5, 66.0], [208.5, 67.0], [208.5, 68.0], [209.0, 68.5], [209.5, 69.0], [210.0, 69.5], [210.5, 69.0], [211.0, 68.5], [212.0, 68.5], [213.0, 68.5], [214.0, 68.5], [214.5, 69.0], [215.0, 69.5], [216.0, 69.5], [216.5, 69.0], [216.5, 68.0], [216.5, 67.0], [216.5, 66.0], [216.0, 65.5], [215.0, 65.5], [214.5, 65.0], [214.0, 64.5], [213.5, 64.0], [213.0, 63.5], [212.0, 63.5], [211.5, 63.0], [211.5, 62.0], [211.0, 61.5], [210.5, 61.0], [210.0, 60.5], [209.0, 60.5]]"
SLICE,Z6,SOL_L,19.69243776797788,33.089429497716395,-491.73564910889,,37.77383592017738,5.864873688225756,,,"[[210.0, 69.5], [209.5, 70.0], [209.5, 71.0], [209.5, 72.0], [209.5, 73.0], [209.5, 74.0], [209.5, 75.0], [209.5, 76.0], [209.5, 77.0], [209.5, 78.0], [209.5, 79.0], [210.0, 79.5], [210.5, 80.0], [210.5, 81.0], [210.5, 82.0], [211.0, 82.5], [211.5, 83.0], [211.5, 84.0], [211.5, 85.0], [211.5, 86.0], [212.0, 86.5], [213.0, 86.5], [213.5, 87.0], [213.5, 88.0], [214.0, 88.5], [214.5, 89.0], [215.0, 89.5], [216.0, 89.5], [216.5, 90.0], [216.5, 91.0], [217.0, 91.5], [218.0, 91.5], [219.0, 91.5], [219.5, 92.0], [220.0, 92.5], [220.5, 93.0], [221.0, 93.5], [221.5, 94.0], [222.0, 94.5], [223.0, 94.5], [223.5, 95.0], [224.0, 95.5], [225.0, 95.5], [225.5, 96.0], [226.0, 96.5], [227.0, 96.5], [228.0, 96.5], [229.0, 96.5], [230.0, 96.5], [231.0, 96.5], [232.0, 96.5], [232.5, 96.0], [233.0, 95.5], [234.0, 95.5], [235.0, 95.5], [236.0, 95.5], [236.5, 95.0], [237.0, 94.5], [238.0, 94.5], [239.0, 94.5], [239.5, 94.0], [240.0, 93.5], [241.0, 93.5], [241.5, 93.0], [242.0, 92.5], [243.0, 92.5], [243.5, 92.0], [244.0, 91.5], [245.0, 91.5], [246.0, 91.5], [247.0, 91.5], [248.0, 91.5], [249.0, 91.5], [249.5, 91.0], [250.0, 90.5], [250.5, 90.0], [251.0, 89.5], [252.0, 89.5], [252.5, 89.0], [253.0, 88.5], [253.5, 88.0], [254.0, 87.5], [254.5, 87.0], [255.0, 86.5], [255.5, 86.0], [255.5, 85.0], [256.0, 84.5], [256.5, 84.0], [256.5, 83.0], [256.5, 82.0], [256.5, 81.0], [256.5, 80.0], [256.5, 79.0], [256.5, 78.0], [256.5, 77.0], [256.5, 76.0], [256.5, 75.0], [256.5, 74.0], [256.0, 73.5], [255.5, 73.0], [255.0, 72.5], [254.5, 73.0], [254.0, 73.5], [253.5, 74.0], [253.0, 74.5], [252.0, 74.5], [251.0, 74.5], [250.0, 74.5], [249.5, 75.0], [249.0, 75.5], [248.0, 75.5], [247.0, 75.5], [246.0, 75.5], [245.5, 75.0], [245.0, 74.5], [244.0, 74.5], [243.0, 74.5], [242.5, 74.0], [242.0, 73.5], [241.5, 73.0], [241.5, 72.0], [241.0, 71.5], [240.5, 72.0], [240.0, 72.5], [239.0, 72.5], [238.0, 72.5], [237.0, 72.5], [236.5, 72.0], [236.5, 71.0], [236.0, 70.5], [235.5, 71.0], [235.0, 71.5], [234.5, 72.0], [234.0, 72.5], [233.0, 72.5], [232.0, 72.5], [231.0, 72.5], [230.0, 72.5], [229.5, 73.0], [229.0, 73.5], [228.0, 73.5], [227.5, 74.0], [227.0, 74.5], [226.5, 75.0], [226.0, 75.5], [225.0, 75.5], [224.5, 76.0], [224.0, 76.5], [223.5, 76.0], [223.0, 75.5], [222.0, 75.5], [221.5, 75.0], [221.5, 74.0], [221.5, 73.0], [221.5, 72.0], [221.0, 71.5], [220.5, 72.0], [220.0, 72.5], [219.5, 72.0], [219.0, 71.5], [218.5, 71.0], [218.5, 70.0], [218.0, 69.5], [217.0, 69.5], [216.0, 69.5], [215.0, 69.5], [214.5, 69.0], [214.0, 68.5], [213.0, 68.5], [212.0, 68.5], [211.0, 68.5], [210.5, 69.0]]"
SLICE,Z6,GAS_MED_L,19.69243776797788,33.089429497716395,-491.73564910889,,25.142857142857142,17.98177781750381,,,"[[202.0, 78.5], [201.5, 79.0], [202.0, 79.5], [202.5, 80.0], [202.5, 81.0], [202.5, 82.0], [202.5, 83.0], [202.5, 84.0], [202.5, 85.0], [202.5, 86.0], [202.5, 87.0], [202.5, 88.0], [202.5, 89.0], [203.0, 89.5], [203.5, 90.0], [203.5, 91.0], [203.5, 92.0], [204.0, 92.5], [204.5, 93.0], [204.5, 94.0], [205.0, 94.5], [205.5, 95.0], [205.5, 96.0], [206.0, 96.5], [206.5, 97.0], [207.0, 97.5], [207.5, 98.0], [207.5, 99.0], [208.0, 99.5], [208.5, 100.0], [209.0, 100.5], [209.5, 101.0], [210.0, 101.5], [211.0, 101.5], [211.5, 102.0], [212.0, 102.5], [213.0, 102.5], [214.0, 102.5], [214.5, 102.0], [215.0, 101.5], [216.0, 101.5], [216.5, 101.0], [217.0, 100.5], [217.5, 100.0], [218.0, 99.5], [219.0, 99.5], [220.0, 99.5], [220.5, 99.0], [221.0, 98.5], [221.5, 98.0], [221.5, 97.0], [221.5, 96.0], [221.5, 95.0], [221.5, 94.0], [221.0, 93.5], [220.5, 93.0], [220.0, 92.5], [219.5, 92.0], [219.0, 91.5], [218.0, 91.5], [217.0, 91.5], [216.5, 91.0], [216.5, 90.0], [216.0, 89.5], [215.0, 89.5], [214.5, 89.0], [214.0, 88.5], [213.5, 88.0], [213.5, 87.0], [213.0, 86.5], [212.0, 86.5], [211.5, 86.0], [211.5, 85.0], [211.5, 84.0], [211.5, 83.0], [211.0, 82.5], [210.5, 82.0], [210.5, 81.0], [210.5, 80.0], [210.0, 79.5], [209.5, 79.0], [209.5, 78.0], [209.5, 77.0], [209.5, 76.0], [209.5, 75.0], [209.5, 74.0], [209.5, 73.0], [209.5, 72.0], [209.5, 71.0], [209.5, 70.0], [209.5, 69.0], [209.0, 68.5], [208.0, 68.5], [207.5, 69.0], [207.0, 69.5], [206.0, 69.5], [205.5, 70.0], [205.0, 70.5], [204.0, 70.5], [203.5, 71.0], [203.5, 72.0], [203.5, 73.0], [203.0, 73.5], [202.5, 74.0], [202.5, 75.0], [202.5, 76.0], [202.5, 77.0], [202.5, 78.0]]"
SLICE,Z6,GAS_LAT_L,19.69243776797788,33.089429497716395,-491.73564910889,,40.77,11.569662916437972,,,"[[223.0, 94.5], [222.5, 95.0], [223.0, 95.5], [223.5, 96.0], [224.0, 96.5], [225.0, 96.5], [225.5, 97.0], [225.5, 98.0], [226.0, 98.5], [226.5, 99.0], [227.0, 99.5], [228.0, 99.5], [228.5, 100.0], [228.5, 101.0], [229.0, 101.5], [230.0, 101.5], [231.0, 101.5], [231.5, 102.0], [232.0, 102.5], [233.0, 102.5], [234.0, 102.5], [234.5, 102.0], [235.0, 101.5], [236.0, 101.5], [237.0, 101.5], [237.5, 101.0], [238.0, 100.5], [238.5, 100.0], [239.0, 99.5], [240.0, 99.5], [241.0, 99.5], [241.5, 99.0], [241.5, 98.0], [241.5, 97.0], [242.0, 96.5], [243.0, 96.5], [244.0, 96.5], [244.5, 96.0], [244.5, 95.0], [244.5, 94.0], [244.5, 93.0], [244.0, 92.5], [243.0, 92.5], [242.0, 92.5], [241.5, 93.0], [241.0, 93.5], [240.0, 93.5], [239.5, 94.0], [239.0, 94.5], [238.0, 94.5], [237.0, 94.5], [236.5, 95.0], [236.0, 95.5], [235.0, 95.5], [234.0, 95.5], [233.0, 95.5], [232.5, 96.0], [232.0, 96.5], [231.0, 96.5], [230.0, 96.5], [229.0, 96.5], [228.0, 96.5], [227.0, 96.5], [226.0, 96.5], [225.5, 96.0], [225.0, 95.5], [224.0, 95.5], [223.5, 95.0]]"
SLICE,Z7,TA_R,19.69243776797788,33.089429497716395,-461.73564910889,,31.178571428571427,19.749870833987334,,,"[[67.0, 53.5], [66.5, 54.0], [66.5, 55.0], [66.5, 56.0], [67.0, 56.5], [67.5, 57.0], [68.0, 57.5], [69.0, 57.5], [69.5, 58.0], [70.0, 58.5], [70.5, 59.0], [71.0, 59.5], [72.0, 59.5], [72.5, 60.0], [73.0, 60.5], [74.0, 60.5], [74.5, 61.0], [75.0, 61.5], [75.5, 61.0], [76.0, 60.5], [76.5, 60.0], [77.0, 59.5], [77.5, 59.0], [77.5, 58.0], [77.0, 57.5], [76.5, 57.0], [76.5, 56.0], [76.5, 55.0], [76.5, 54.0], [76.5, 53.0], [76.5, 52.0], [76.5, 51.0], [76.5, 50.0], [76.5, 49.0], [76.0, 48.5], [75.5, 48.0], [75.5, 47.0], [75.0, 46.5], [74.5, 46.0], [74.0, 45.5], [73.5, 46.0], [73.0, 46.5], [72.0, 46.5], [71.5, 47.0], [71.0, 47.5], [70.5, 48.0], [70.0, 48.5], [69.0, 48.5], [68.5, 49.0], [68.5, 50.0], [68.0, 50.5], [67.5, 51.0], [67.5, 52.0], [67.5, 53.0]]"
SLICE,Z7,ED_R,19.69243776797788,33.089429497716395,-461.73564910889,,33.833333333333336,12.368942587818118,,,"[[67.0, 58.5], [66.5, 59.0], [66.5, 60.0], [66.5, 61.0], [66.5, 62.0], [66.5, 63.0], [66.5, 64.0], [67.0, 64.5], [68.0, 64.5], [69.0, 64.5], [69.5, 65.0], [70.0, 65.5], [70.5, 66.0], [71.0, 66.5], [72.0, 66.5], [73.0, 66.5], [74.0, 66.5], [74.5, 66.0], [75.0, 65.5], [75.5, 65.0], [75.0, 64.5], [74.5, 64.0], [74.5, 63.0], [74.5, 62.0], [74.5, 61.0], [74.0, 60.5], [73.0, 60.5], [72.5, 60.0], [72.0, 59.5], [71.0, 59.5], [70.5, 59.0], [70.0, 58.5], [69.5, 58.0], [69.0, 57.5], [68.0, 57.5], [67.5, 58.0]]"
SLICE,Z7,PER_R,19.69243776797788,33.089429497716395,-461.73564910889,,28.32,16.03426331329257,,,"[[64.0, 67.5], [63.5, 68.0], [63.5, 69.0], [63.5, 70.0], [63.5, 71.0], [63.5, 72.0], [63.5, 73.0], [63.5, 74.0], [63.5, 75.0], [63.5, 76.0], [64.0, 76.5], [64.5, 77.0], [65.0, 77.5], [65.5, 78.0], [66.0, 78.5], [66.5, 78.0], [67.0, 77.5], [68.0, 77.5], [69.0, 77.5], [69.5, 77.0], [69.5, 76.0], [69.0, 75.5], [68.5, 75.0], [68.5, 74.0], [68.5, 73.0], [68.5, 72.0], [69.0, 71.5], [69.5, 71.0], [69.5, 70.0], [70.0, 69.5], [70.5, 69.0], [70.5, 68.0], [70.5, 67.0], [70.5, 66.0], [70.0, 65.5], [69.5, 65.0], [69.0, 64.5], [68.0, 64.5], [67.0, 64.5], [66.5, 64.0], [66.0, 63.5], [65.5, 64.0], [65.5, 65.0], [65.0, 65.5], [64.5, 66.0], [64.5, 67.0]]"
SLICE,Z7,DLPC_R,19.69243776797788,33.089429497716395,-461.73564910889,,10.0,0.0,,,"[[81.0, 63.5], [80.5, 64.0], [81.0, 64.5], [81.5, 64.0]]"
SLICE,Z7,POP_R,19.69243776797788,33.089429497716395,-461.73564910889,,38.93532338308458,11.938932343071482,,,"[[81.0, 69.5], [80.5, 70.0], [80.5, 71.0], [81.0, 71.5], [81.5, 72.0], [82.0, 72.5], [82.5, 73.0], [83.0, 73.5], [84.0, 73.5], [85.0, 73.5], [85.5, 74.0], [86.0, 74.5], [87.0, 74.5], [88.0, 74.5], [89.0, 74.5], [90.0, 74.5], [91.0, 74.5], [91.5, 74.0], [92.0, 73.5], [93.0, 73.5], [94.0, 73.5], [95.0, 73.5], [96.0, 73.5], [96.5, 73.0], [97.0, 72.5], [98.0, 72.5], [98.5, 72.0], [99.0, 71.5], [99.5, 71.0], [100.0, 70.5], [100.5, 70.0], [101.0, 69.5], [102.0, 69.5], [102.5, 69.0], [103.0, 68.5], [103.5, 68.0], [103.5, 67.0], [104.0, 66.5], [104.5, 66.0], [104.5, 65.0], [104.5, 64.0], [105.0, 63.5], [105.5, 63.0], [105.5, 62.0], [106.0, 61.5], [106.5, 61.0], [106.5, 60.0], [106.5, 59.0], [106.0, 58.5], [105.0, 58.5], [104.0, 58.5], [103.5, 59.0], [103.5, 60.0], [103.0, 60.5], [102.0, 60.5], [101.0, 60.5], [100.5, 61.0], [100.5, 62.0], [100.0, 62.5], [99.0, 62.5], [98.5, 63.0], [98.0, 63.5], [97.0, 63.5], [96.5, 64.0], [96.0, 64.5], [95.0, 64.5], [94.5, 65.0], [94.0, 65.5], [93.0, 65.5], [92.0, 65.5], [91.0, 65.5], [90.0, 65.5], [89.0, 65.5], [88.0, 65.5], [87.0, 65.5], [86.0, 65.5], [85.0, 65.5], [84.0, 65.5], [83.5, 66.0], [83.5, 67.0], [83.0, 67.5], [82.5, 68.0], [82.0, 68.5], [81.5, 69.0]]"
SLICE,Z7,SOL_R,19.69243776797788,33.089429497716395,-461.73564910889,,38.531976744186046,8.02967755727948,,,"[[66.0, 79.5], [65.5, 80.0], [65.5, 81.0], [65.5, 82.0], [65.5, 83.0], [65.5, 84.0], [65.5, 85.0], [66.0, 85.5], [66.5, 86.0], [67.0, 86.5], [68.0, 86.5], [69.0, 86.5], [69.5, 86.0], [70.0, 85.5], [71.0, 85.5], [72.0, 85.5], [73.0, 85.5], [74.0, 85.5], [75.0, 85.5], [76.0, 85.5], [77.0, 85.5], [78.0, 85.5], [79.0, 85.5], [79.5, 86.0], [80.0, 86.5], [81.0, 86.5], [82.0, 86.5], [83.0, 86.5], [84.0, 86.5], [85.0, 86.5], [86.0, 86.5], [86.5, 87.0], [87.0, 87.5], [88.0, 87.5], [89.0, 87.5], [90.0, 87.5], [91.0, 87.5], [91.5, 87.0], [92.0, 86.5], [93.0, 86.5], [94.0, 86.5], [95.0, 86.5], [95.5, 86.0], [96.0, 85.5], [96.5, 85.0], [97.0, 84.5], [98.0, 84.5], [99.0, 84.5], [99.5, 84.0], [100.0, 83.5], [101.0, 83.5], [101.5, 83.0], [101.5, 82.0], [102.0, 81.5], [102.5, 81.0], [102.0, 80.5], [101.5, 80.0], [101.5, 79.0], [101.0, 78.5], [100.5, 78.0], [100.0, 77.5], [99.5, 77.0], [99.0, 76.5], [98.0, 76.5], [97.0, 76.5], [96.0, 76.5], [95.0, 76.5], [94.0, 76.5], [93.0, 76.5], [92.0, 76.5], [91.0, 76.5], [90.0, 76.5], [89.5, 76.0], [89.0, 75.5], [88.0, 75.5], [87.0, 75.5], [86.0, 75.5], [85.0, 75.5], [84.0, 75.5], [83.0, 75.5], [82.0, 75.5], [81.0, 75.5], [80.0, 75.5], [79.5, 76.0], [79.0, 76.5], [78.0, 76.5], [77.5, 76.0], [77.0, 75.5], [76.0, 75.5], [75.0, 75.5], [74.0, 75.5], [73.5, 76.0], [73.0, 76.5], [72.0, 76.5], [71.0, 76.5], [70.5, 77.0], [70.0, 77.5], [69.0, 77.5], [68.5, 78.0], [68.0, 78.5], [67.0, 78.5], [66.5, 79.0]]"
SLICE,Z7,GAS_MED_R,19.69243776797788,33.089429497716395,-461.73564910889,,35.55392156862745,10.437114877888462,,,"[[97.0, 73.5], [96.5, 74.0], [96.5, 75.0], [96.5, 76.0], [97.0, 76.5], [98.0, 76.5], [99.0, 76.5], [99.5, 77.0], [100.0, 77.5], [100.5, 78.0], [101.0, 78.5], [101.5, 79.0], [101.5, 80.0], [102.0, 80.5], [102.5, 81.0], [102.0, 81.5], [101.5, 82.0], [101.5, 83.0], [102.0, 83.5], [103.0, 83.5], [103.5, 84.0], [104.0, 84.5], [104.5, 85.0], [104.5, 86.0], [104.5, 87.0], [104.5, 88.0], [104.0, 88.5], [103.5, 89.0], [103.5, 90.0], [103.5, 91.0], [103.0, 91.5], [102.5, 92.0], [102.5, 93.0], [102.0, 93.5], [101.5, 94.0], [101.5, 95.0], [102.0, 95.5], [103.0, 95.5], [103.5, 96.0], [104.0, 96.5], [105.0, 96.5], [106.0, 96.5], [107.0, 96.5], [108.0, 96.5], [109.0, 96.5], [110.0, 96.5], [110.5, 96.0], [111.0, 95.5], [111.5, 95.0], [112.0, 94.5], [112.5, 94.0], [112.5, 93.0], [113.0, 92.5], [113.5, 92.0], [114.0, 91.5], [114.5, 91.0], [114.5, 90.0], [114.5, 89.0], [115.0, 88.5], [115.5, 88.0], [115.5, 87.0], [116.0, 86.5], [116.5, 86.0], [116.5, 85.0], [116.5, 84.0], [117.0, 83.5], [117.5, 83.0], [117.5, 82.0], [117.5, 81.0], [117.5, 80.0], [117.5, 79.0], [117.5, 78.0], [117.5, 77.0], [117.5, 76.0], [117.0, 75.5], [116.5, 75.0], [116.5, 74.0], [116.5, 73.0], [116.5, 72.0], [116.0, 71.5], [115.5, 71.0], [115.0, 70.5], [114.5, 70.0], [114.0, 69.5], [113.5, 69.0], [113.0, 68.5], [112.0, 68.5], [111.5, 68.0], [111.0, 67.5], [110.5, 67.0], [110.0, 66.5], [109.5, 66.0], [109.0, 65.5], [108.0, 65.5], [107.0, 65.5], [106.0, 65.5], [105.5, 66.0], [105.0, 66.5], [104.5, 67.0], [104.0, 67.5], [103.5, 68.0], [103.0, 68.5], [102.5, 69.0], [102.0, 69.5], [101.5, 70.0], [101.0, 70.5], [100.5, 71.0], [100.0, 71.5], [99.5, 72.0], [99.0, 72.5], [98.5, 73.0], [98.0, 73.5]]"
SLICE,Z7,GAS_LAT_R,19.69243776797788,33.089429497716395,-461.73564910889,,34.973493975903615,10.3454440742453,,,"[[68.0, 86.5], [67.5, 87.0], [68.0, 87.5], [68.5, 88.0], [68.5, 89.0], [69.0, 89.5], [70.0, 89.5], [70.5, 90.0], [70.5, 91.0], [70.5, 92.0], [70.5, 93.0], [71.0, 93.5], [72.0, 93.5], [72.5, 94.0], [73.0, 94.5], [73.5, 95.0], [74.0, 95.5], [75.0, 95.5], [75.5, 96.0], [76.0, 96.5], [77.0, 96.5], [78.0, 96.5], [78.5, 97.0], [79.0, 97.5], [80.0, 97.5], [80.5, 98.0], [81.0, 98.5], [82.0, 98.5], [83.0, 98.5], [83.5, 99.0], [84.0, 99.5], [85.0, 99.5], [86.0, 99.5], [86.5, 100.0], [87.0, 100.5], [88.0, 100.5], [88.5, 101.0], [89.0, 101.5], [90.0, 101.5], [91.0, 101.5], [92.0, 101.5], [93.0, 101.5], [93.5, 101.0], [94.0, 100.5], [95.0, 100.5], [95.5, 100.0], [96.0, 99.5], [97.0, 99.5], [97.5, 99.0], [98.0, 98.5], [99.0, 98.5], [99.5, 98.0], [99.5, 97.0], [100.0, 96.5], [101.0, 96.5], [101.5, 96.0], [101.5, 95.0], [101.5, 94.0], [102.0, 93.5], [102.5, 93.0], [102.5, 92.0], [103.0, 91.5], [103.5, 91.0], [103.5, 90.0], [103.5, 89.0], [104.0, 88.5], [104.5, 88.0], [104.5, 87.0], [104.5, 86.0], [104.5, 85.0], [104.0, 84.5], [103.5, 84.0], [103.0, 83.5], [102.0, 83.5], [101.0, 83.5], [100.0, 83.5], [99.5, 84.0], [99.0, 84.5], [98.0, 84.5], [97.0, 84.5], [96.5, 85.0], [96.0, 85.5], [95.5, 86.0], [95.0, 86.5], [94.0, 86.5], [93.0, 86.5], [92.0, 86.5], [91.5, 87.0], [91.0, 87.5], [90.0, 87.5], [89.0, 87.5], [88.0, 87.5], [87.0, 87.5], [86.5, 87.0], [86.0, 86.5], [85.0, 86.5], [84.0, 86.5], [83.0, 86.5], [82.0, 86.5], [81.0, 86.5], [80.0, 86.5], [79.5, 86.0], [79.0, 85.5], [78.0, 85.5], [77.0, 85.5], [76.0, 85.5], [75.0, 85.5], [74.0, 85.5], [73.0, 85.5], [72.0, 85.5], [71.0, 85.5], [70.0, 85.5], [69.5, 86.0], [69.0, 86.5]]"
SLICE,Z7,TA_L,19.69243776797788,33.089429497716395,-461.73564910889,,34.408,15.631299881967593,,,"[[231.0, 43.5], [230.5, 44.0], [230.5, 45.0], [230.5, 46.0], [230.5, 47.0], [230.5, 48.0], [231.0, 48.5], [231.5, 49.0], [231.5, 50.0], [231.5, 51.0], [231.5, 52.0], [231.5, 53.0], [231.5, 54.0], [232.0, 54.5], [232.5, 55.0], [232.5, 56.0], [233.0, 56.5], [233.5, 57.0], [234.0, 57.5], [234.5, 58.0], [235.0, 58.5], [236.0, 58.5], [236.5, 58.0], [236.5, 57.0], [237.0, 56.5], [237.5, 56.0], [238.0, 55.5], [238.5, 55.0], [239.0, 54.5], [239.5, 54.0], [239.5, 53.0], [240.0, 52.5], [240.5, 52.0], [241.0, 51.5], [242.0, 51.5], [243.0, 51.5], [243.5, 51.0], [243.5, 50.0], [243.0, 49.5], [242.5, 49.0], [242.0, 48.5], [241.5, 48.0], [241.5, 47.0], [241.5, 46.0], [241.0, 45.5], [240.0, 45.5], [239.5, 45.0], [239.0, 44.5], [238.0, 44.5], [237.5, 44.0], [237.0, 43.5], [236.0, 43.5], [235.0, 43.5], [234.0, 43.5], [233.0, 43.5], [232.0, 43.5]]"
SLICE,Z7,ED_L,19.69243776797788,33.089429497716395,-461.73564910889,,33.28048780487805,8.118443906892717,,,"[[236.0, 58.5], [235.5, 59.0], [235.5, 60.0], [236.0, 60.5], [236.5, 61.0], [236.5, 62.0], [236.5, 63.0], [236.5, 64.0], [237.0, 64.5], [238.0, 64.5], [239.0, 64.5], [239.5, 64.0], [240.0, 63.5], [240.5, 63.0], [241.0, 62.5], [241.5, 62.0], [241.5, 61.0], [241.5, 60.0], [242.0, 59.5], [243.0, 59.5], [243.5, 59.0], [244.0, 58.5], [244.5, 58.0], [245.0, 57.5], [246.0, 57.5], [246.5, 57.0], [246.5, 56.0], [246.5, 55.0], [246.0, 54.5], [245.5, 54.0], [245.5, 53.0], [245.0, 52.5], [244.5, 52.0], [244.0, 51.5], [243.0, 51.5], [242.0, 51.5], [241.0, 51.5], [240.5, 52.0], [240.0, 52.5], [239.5, 53.0], [239.5, 54.0], [239.0, 54.5], [238.5, 55.0], [238.0, 55.5], [237.5, 56.0], [237.0, 56.5], [236.5, 57.0], [236.5, 58.0]]"
SLICE,Z7,PER_L,19.69243776797788,33.089429497716395,-461.73564910889,,28.6,12.732949383391107,,,"[[241.0, 62.5], [240.5, 63.0], [240.5, 64.0], [240.5, 65.0], [241.0, 65.5], [241.5, 66.0], [242.0, 66.5], [243.0, 66.5], [243.5, 67.0], [243.5, 68.0], [243.5, 69.0], [244.0, 69.5], [244.5, 70.0], [245.0, 70.5], [245.5, 71.0], [246.0, 71.5], [247.0, 71.5], [248.0, 71.5], [249.0, 71.5], [250.0, 71.5], [251.0, 71.5], [251.5, 71.0], [252.0, 70.5], [252.5, 70.0], [252.5, 69.0], [252.5, 68.0], [252.5, 67.0], [252.5, 66.0], [252.5, 65.0], [252.5, 64.0], [252.0, 63.5], [251.5, 63.0], [251.5, 62.0], [251.5, 61.0], [251.0, 60.5], [250.0, 60.5], [249.5, 60.0], [249.5, 59.0], [249.0, 58.5], [248.5, 58.0], [248.0, 57.5], [247.0, 57.5], [246.0, 57.5], [245.0, 57.5], [244.5, 58.0], [244.0, 58.5], [243.5, 59.0], [243.0, 59.5], [242.0, 59.5], [241.5, 60.0], [241.5, 61.0], [241.5, 62.0]]"
SLICE,Z7,DLPC_L,19.69243776797788,33.089429497716395,-461.73564910889,,29.4,17.980465590666526,,,"[[226.0, 63.5], [225.5, 64.0], [225.5, 65.0], [226.0, 65.5], [226.5, 66.0], [227.0, 66.5], [228.0, 66.5], [229.0, 66.5], [230.0, 66.5], [230.5, 67.0], [231.0, 67.5], [231.5, 67.0], [232.0, 66.5], [233.0, 66.5], [234.0, 66.5], [234.5, 66.0], [234.5, 65.0], [235.0, 64.5], [235.5, 64.0], [236.0, 63.5], [236.5, 63.0], [236.5, 62.0], [236.5, 61.0], [236.0, 60.5], [235.5, 60.0], [235.5, 59.0], [235.0, 58.5], [234.5, 58.0], [234.0, 57.5], [233.5, 57.0], [233.0, 56.5], [232.5, 57.0], [232.0, 57.5], [231.5, 58.0], [231.0, 58.5], [230.5, 59.0], [230.0, 59.5], [229.5, 60.0], [229.0, 60.5], [228.5, 61.0], [228.0, 61.5], [227.5, 62.0], [227.0, 62.5], [226.5, 63.0]]"
SLICE,Z7,POP_L,19.69243776797788,33.089429497716395,-461.73564910889,,39.03921568627451,7.626606637071083,,,"[[207.0, 60.5], [206.5, 61.0], [206.5, 62.0], [206.5, 63.0], [206.5, 64.0], [206.5, 65.0], [206.5, 66.0], [207.0, 66.5], [208.0, 66.5], [208.5, 67.0], [208.5, 68.0], [209.0, 68.5], [209.5, 69.0], [210.0, 69.5], [210.5, 70.0], [211.0, 70.5], [211.5, 71.0], [212.0, 71.5], [212.5, 72.0], [213.0, 72.5], [213.5, 73.0], [214.0, 73.5], [214.5, 74.0], [215.0, 74.5], [216.0, 74.5], [217.0, 74.5], [218.0, 74.5], [219.0, 74.5], [219.5, 75.0], [220.0, 75.5], [221.0, 75.5], [221.5, 75.0], [222.0, 74.5], [223.0, 74.5], [224.0, 74.5], [225.0, 74.5], [226.0, 74.5], [227.0, 74.5], [228.0, 74.5], [228.5, 74.0], [229.0, 73.5], [229.5, 73.0], [230.0, 72.5], [231.0, 72.5], [231.5, 72.0], [232.0, 71.5], [233.0, 71.5], [233.5, 71.0], [233.5, 70.0], [233.0, 69.5], [232.5, 69.0], [232.0, 68.5], [231.5, 68.0], [231.0, 67.5], [230.5, 67.0], [230.0, 66.5], [229.0, 66.5], [228.0, 66.5], [227.0, 66.5], [226.5, 66.0], [226.0, 65.5], [225.0, 65.5], [224.0, 65.5], [223.0, 65.5], [222.5, 66.0], [222.0, 66.5], [221.0, 66.5], [220.0, 66.5], [219.0, 66.5], [218.5, 66.0], [218.0, 65.5], [217.0, 65.5], [216.0, 65.5], [215.0, 65.5], [214.5, 65.0], [214.0, 64.5], [213.0, 64.5], [212.5, 64.0], [212.0, 63.5], [211.0, 63.5], [210.5, 63.0], [210.0, 62.5], [209.5, 62.0], [209.5, 61.0], [209.0, 60.5], [208.0, 60.5]]"
SLICE,Z7,SOL_L,19.69243776797788,33.089429497716395,-461.73564910889,,39.58733624454148,10.711480857568144,,,"[[213.0, 77.5], [212.5, 78.0], [212.5, 79.0], [213.0, 79.5], [213.5, 80.0], [214.0, 80.5], [214.5, 81.0], [215.0, 81.5], [216.0, 81.5], [216.5, 82.0], [216.5, 83.0], [217.0, 83.5], [218.0, 83.5], [218.5, 84.0], [219.0, 84.5], [220.0, 84.5], [220.5, 85.0], [221.0, 85.5], [222.0, 85.5], [223.0, 85.5], [224.0, 85.5], [225.0, 85.5], [226.0, 85.5], [227.0, 85.5], [228.0, 85.5], [229.0, 85.5], [229.5, 85.0], [230.0, 84.5], [231.0, 84.5], [232.0, 84.5], [233.0, 84.5], [234.0, 84.5], [235.0, 84.5], [236.0, 84.5], [236.5, 84.0], [237.0, 83.5], [237.5, 84.0], [238.0, 84.5], [239.0, 84.5], [240.0, 84.5], [241.0, 84.5], [242.0, 84.5], [243.0, 84.5], [244.0, 84.5], [245.0, 84.5], [246.0, 84.5], [246.5, 84.0], [246.5, 83.0], [247.0, 82.5], [247.5, 82.0], [248.0, 81.5], [249.0, 81.5], [250.0, 81.5], [251.0, 81.5], [252.0, 81.5], [253.0, 81.5], [254.0, 81.5], [254.5, 81.0], [254.5, 80.0], [254.5, 79.0], [254.5, 78.0], [254.5, 77.0], [254.5, 76.0], [254.5, 75.0], [254.5, 74.0], [254.5, 73.0], [254.5, 72.0], [254.0, 71.5], [253.5, 71.0], [253.0, 70.5], [252.0, 70.5], [251.5, 71.0], [251.0, 71.5], [250.0, 71.5], [249.0, 71.5], [248.0, 71.5], [247.0, 71.5], [246.0, 71.5], [245.5, 71.0], [245.0, 70.5], [244.0, 70.5], [243.0, 70.5], [242.0, 70.5], [241.5, 71.0], [241.0, 71.5], [240.0, 71.5], [239.0, 71.5], [238.5, 71.0], [238.0, 70.5], [237.0, 70.5], [236.0, 70.5], [235.0, 70.5], [234.0, 70.5], [233.5, 71.0], [233.0, 71.5], [232.0, 71.5], [231.5, 72.0], [231.0, 72.5], [230.5, 73.0], [230.0, 73.5], [229.5, 74.0], [229.0, 74.5], [228.0, 74.5], [227.5, 75.0], [227.0, 75.5], [226.0, 75.5], [225.0, 75.5], [224.0, 75.5], [223.0, 75.5], [222.0, 75.5], [221.0, 75.5], [220.0, 75.5], [219.5, 75.0], [219.0, 74.5], [218.0, 74.5], [217.0, 74.5], [216.0, 74.5], [215.0, 74.5], [214.5, 75.0], [214.5, 76.0], [214.0, 76.5], [213.5, 77.0]]"
SLICE,Z7,GAS_MED_L,19.69243776797788,33.089429497716395,-461.73564910889,,25.66083916083916,15.801002601477318,,,"[[203.0, 75.5], [202.5, 76.0], [202.5, 77.0], [202.5, 78.0], [202.5, 79.0], [202.5, 80.0], [202.5, 81.0], [202.5, 82.0], [203.0, 82.5], [203.5, 83.0], [203.5, 84.0], [203.5, 85.0], [203.5, 86.0], [204.0, 86.5], [204.5, 87.0], [205.0, 87.5], [205.5, 88.0], [205.5, 89.0], [206.0, 89.5], [206.5, 90.0], [207.0, 90.5], [207.5, 91.0], [208.0, 91.5], [208.5, 92.0], [209.0, 92.5], [209.5, 93.0], [210.0, 93.5], [210.5, 94.0], [211.0, 94.5], [212.0, 94.5], [212.5, 95.0], [213.0, 95.5], [214.0, 95.5], [215.0, 95.5], [216.0, 95.5], [216.5, 95.0], [217.0, 94.5], [217.5, 94.0], [218.0, 93.5], [218.5, 93.0], [218.5, 92.0], [219.0, 91.5], [219.5, 91.0], [219.5, 90.0], [219.5, 89.0], [219.0, 88.5], [218.5, 88.0], [218.5, 87.0], [219.0, 86.5], [219.5, 86.0], [219.5, 85.0], [219.0, 84.5], [218.5, 84.0], [218.0, 83.5], [217.0, 83.5], [216.5, 83.0], [216.5, 82.0], [216.0, 81.5], [215.0, 81.5], [214.5, 81.0], [214.0, 80.5], [213.5, 80.0], [213.0, 79.5], [212.5, 79.0], [212.5, 78.0], [213.0, 77.5], [213.5, 77.0], [214.0, 76.5], [214.5, 76.0], [214.5, 75.0], [214.5, 74.0], [214.0, 73.5], [213.0, 73.5], [212.5, 73.0], [212.0, 72.5], [211.5, 72.0], [211.5, 71.0], [211.0, 70.5], [210.0, 70.5], [209.5, 70.0], [209.5, 69.0], [209.0, 68.5], [208.0, 68.5], [207.0, 68.5], [206.5, 69.0], [206.0, 69.5], [205.5, 70.0], [205.5, 71.0], [205.0, 71.5], [204.5, 72.0], [204.5, 73.0], [204.0, 73.5], [203.5, 74.0], [203.5, 75.0]]"
SLICE,Z7,GAS_LAT_L,19.69243776797788,33.089429497716395,-461.73564910889,,39.54724409448819,7.614980333254378,,,"[[219.0, 86.5], [218.5, 87.0], [218.5, 88.0], [219.0, 88.5], [219.5, 89.0], [219.5, 90.0], [220.0, 90.5], [220.5, 91.0], [221.0, 91.5], [221.5, 92.0], [222.0, 92.5], [222.5, 93.0], [223.0, 93.5], [223.5, 94.0], [224.0, 94.5], [225.0, 94.5], [226.0, 94.5], [227.0, 94.5], [228.0, 94.5], [229.0, 94.5], [230.0, 94.5], [231.0, 94.5], [232.0, 94.5], [233.0, 94.5], [234.0, 94.5], [235.0, 94.5], [236.0, 94.5], [237.0, 94.5], [237.5, 94.0], [238.0, 93.5], [239.0, 93.5], [239.5, 93.0], [240.0, 92.5], [240.5, 92.0], [241.0, 91.5], [242.0, 91.5], [242.5, 91.0], [243.0, 90.5], [244.0, 90.5], [244.5, 90.0], [245.0, 89.5], [245.5, 89.0], [246.0, 88.5], [246.5, 88.0], [247.0, 87.5], [247.5, 87.0], [248.0, 86.5], [249.0, 86.5], [250.0, 86.5], [251.0, 86.5], [251.5, 86.0], [251.5, 85.0], [252.0, 84.5], [252.5, 84.0], [252.5, 83.0], [253.0, 82.5], [253.5, 82.0], [253.0, 81.5], [252.0, 81.5], [251.0, 81.5], [250.0, 81.5], [249.0, 81.5], [248.0, 81.5], [247.5, 82.0], [247.0, 82.5], [246.5, 83.0], [246.5, 84.0], [246.0, 84.5], [245.0, 84.5], [244.0, 84.5], [243.0, 84.5], [242.0, 84.5], [241.0, 84.5], [240.0, 84.5], [239.0, 84.5], [238.0, 84.5], [237.5, 84.0], [237.0, 83.5], [236.5, 84.0], [236.0, 84.5], [235.0, 84.5], [234.0, 84.5], [233.0, 84.5], [232.0, 84.5], [231.0, 84.5], [230.0, 84.5], [229.5, 85.0], [229.0, 85.5], [228.0, 85.5], [227.0, 85.5], [226.0, 85.5], [225.0, 85.5], [224.0, 85.5], [223.0, 85.5], [222.0, 85.5], [221.0, 85.5], [220.5, 85.0], [220.0, 84.5], [219.5, 85.0], [219.5, 86.0]]"
SLICE,Z8,TA_R,19.69243776797788,33.089429497716395,-431.73564910889,,,,,,
SLICE,Z8,ED_R,19.69243776797788,33.089429497716395,-431.73564910889,,,,,,
SLICE,Z8,PER_R,19.69243776797788,33.089429497716395,-431.73564910889,,,,,,
SLICE,Z8,DLPC_R,19.69243776797788,33.089429497716395,-431.73564910889,,,,,,
SLICE,Z8,POP_R,19.69243776797788,33.089429497716395,-431.73564910889,,,,,,
SLICE,Z8,SOL_R,19.69243776797788,33.089429497716395,-431.73564910889,,,,,,
SLICE,Z8,GAS_MED_R,19.69243776797788,33.089429497716395,-431.73564910889,,32.55241935483871,11.563868671982192,,,"[[97.0, 71.5], [96.5, 72.0], [96.5, 73.0], [96.5, 74.0], [96.5, 75.0], [97.0, 75.5], [98.0, 75.5], [98.5, 76.0], [98.0, 76.5], [97.5, 77.0], [97.5, 78.0], [97.0, 78.5], [96.5, 79.0], [96.5, 80.0], [96.5, 81.0], [96.5, 82.0], [96.5, 83.0], [97.0, 83.5], [97.5, 84.0], [98.0, 84.5], [98.5, 85.0], [98.5, 86.0], [98.5, 87.0], [99.0, 87.5], [99.5, 88.0], [99.5, 89.0], [100.0, 89.5], [100.5, 90.0], [100.5, 91.0], [101.0, 91.5], [102.0, 91.5], [103.0, 91.5], [104.0, 91.5], [105.0, 91.5], [106.0, 91.5], [106.5, 91.0], [106.5, 90.0], [107.0, 89.5], [108.0, 89.5], [108.5, 89.0], [109.0, 88.5], [109.5, 88.0], [109.5, 87.0], [110.0, 86.5], [110.5, 86.0], [110.5, 85.0], [110.5, 84.0], [110.5, 83.0], [110.5, 82.0], [110.5, 81.0], [111.0, 80.5], [111.5, 80.0], [111.5, 79.0], [111.5, 78.0], [111.5, 77.0], [111.5, 76.0], [111.0, 75.5], [110.5, 75.0], [110.5, 74.0], [110.0, 73.5], [109.0, 73.5], [108.0, 73.5], [107.0, 73.5], [106.5, 73.0], [106.0, 72.5], [105.5, 72.0], [105.0, 71.5], [104.5, 71.0], [104.0, 70.5], [103.0, 70.5], [102.0, 70.5], [101.5, 70.0], [101.0, 69.5], [100.0, 69.5], [99.5, 70.0], [99.0, 70.5], [98.0, 70.5], [97.5, 71.0]]"
SLICE,Z8,GAS_LAT_R,19.69243776797788,33.089429497716395,-431.73564910889,,35.39917695473251,11.077779604626869,,,"[[74.0, 80.5], [73.5, 81.0], [74.0, 81.5], [74.5, 82.0], [75.0, 82.5], [75.5, 83.0], [76.0, 83.5], [76.5, 84.0], [77.0, 84.5], [78.0, 84.5], [78.5, 85.0], [79.0, 85.5], [79.5, 86.0], [80.0, 86.5], [80.5, 87.0], [81.0, 87.5], [81.5, 88.0], [82.0, 88.5], [82.5, 89.0], [83.0, 89.5], [83.5, 90.0], [84.0, 90.5], [85.0, 90.5], [85.5, 91.0], [86.0, 91.5], [87.0, 91.5], [88.0, 91.5], [89.0, 91.5], [90.0, 91.5], [91.0, 91.5], [92.0, 91.5], [93.0, 91.5], [94.0, 91.5], [95.0, 91.5], [96.0, 91.5], [97.0, 91.5], [97.5, 91.0], [98.0, 90.5], [98.5, 90.0], [99.0, 89.5], [99.5, 89.0], [99.5, 88.0], [99.0, 87.5], [98.5, 87.0], [98.5, 86.0], [98.5, 85.0], [98.0, 84.5], [97.5, 84.0], [97.0, 83.5], [96.5, 83.0], [96.5, 82.0], [96.5, 81.0], [96.0, 80.5], [95.0, 80.5], [94.5, 80.0], [94.0, 79.5], [93.0, 79.5], [92.5, 79.0], [92.0, 78.5], [91.0, 78.5], [90.0, 78.5], [89.0, 78.5], [88.0, 78.5], [87.0, 78.5], [86.0, 78.5], [85.0, 78.5], [84.0, 78.5], [83.0, 78.5], [82.0, 78.5], [81.0, 78.5], [80.0, 78.5], [79.0, 78.5], [78.0, 78.5], [77.0, 78.5], [76.0, 78.5], [75.5, 79.0], [75.0, 79.5], [74.5, 80.0]]"
SLICE,Z8,TA_L,19.69243776797788,33.089429497716395,-431.73564910889,,,,,,
SLICE,Z8,ED_L,19.69243776797788,33.089429497716395,-431.73564910889,,,,,,
SLICE,Z8,PER_L,19.69243776797788,33.089429497716395,-431.73564910889,,,,,,
SLICE,Z8,DLPC_L,19.69243776797788,33.089429497716395,-431.73564910889,,,,,,
SLICE,Z8,POP_L,19.69243776797788,33.089429497716395,-431.73564910889,,35.377049180327866,20.362424357597813,,,"[[216.0, 73.5], [215.5, 74.0], [216.0, 74.5], [217.0, 74.5], [218.0, 74.5], [219.0, 74.5], [219.5, 75.0], [220.0, 75.5], [221.0, 75.5], [221.5, 75.0], [222.0, 74.5], [223.0, 74.5], [224.0, 74.5], [225.0, 74.5], [226.0, 74.5], [227.0, 74.5], [228.0, 74.5], [228.5, 74.0], [229.0, 73.5], [229.5, 73.0], [230.0, 72.5], [230.5, 72.0], [231.0, 71.5], [231.5, 71.0], [231.0, 70.5], [230.5, 70.0], [230.0, 69.5], [229.0, 69.5], [228.0, 69.5], [227.0, 69.5], [226.0, 69.5], [225.0, 69.5], [224.0, 69.5], [223.5, 70.0], [223.0, 70.5], [222.0, 70.5], [221.0, 70.5], [220.0, 70.5], [219.0, 70.5], [218.5, 71.0], [218.0, 71.5], [217.5, 72.0], [217.0, 72.5], [216.5, 73.0]]"
SLICE,Z8,SOL_L,19.69243776797788,33.089429497716395,-431.73564910889,,,,,,
SLICE,Z8,GAS_MED_L,19.69243776797788,33.089429497716395,-431.73564910889,,18.5527950310559,12.371024361005698,,,"[[206.0, 77.5], [205.5, 78.0], [205.5, 79.0], [205.5, 80.0], [205.5, 81.0], [205.5, 82.0], [205.5, 83.0], [205.5, 84.0], [205.5, 85.0], [206.0, 85.5], [206.5, 86.0], [207.0, 86.5], [208.0, 86.5], [208.5, 87.0], [208.5, 88.0], [208.5, 89.0], [209.0, 89.5], [210.0, 89.5], [210.5, 90.0], [211.0, 90.5], [212.0, 90.5], [213.0, 90.5], [213.5, 91.0], [214.0, 91.5], [215.0, 91.5], [215.5, 91.0], [216.0, 90.5], [216.5, 90.0], [216.5, 89.0], [216.5, 88.0], [216.5, 87.0], [217.0, 86.5], [218.0, 86.5], [218.5, 86.0], [218.5, 85.0], [218.5, 84.0], [218.5, 83.0], [218.5, 82.0], [218.5, 81.0], [218.0, 80.5], [217.0, 80.5], [216.5, 80.0], [216.5, 79.0], [216.5, 78.0], [216.5, 77.0], [216.5, 76.0], [216.0, 75.5], [215.0, 75.5], [214.0, 75.5], [213.0, 75.5], [212.0, 75.5], [211.0, 75.5], [210.0, 75.5], [209.0, 75.5], [208.0, 75.5], [207.5, 76.0], [207.0, 76.5], [206.5, 77.0]]"
SLICE,Z8,GAS_LAT_L,19.69243776797788,33.089429497716395,-431.73564910889,,24.808333333333334,17.672151271295625,,,"[[227.0, 83.5], [226.5, 84.0], [226.5, 85.0], [226.5, 86.0], [227.0, 86.5], [227.5, 87.0], [228.0, 87.5], [228.5, 88.0], [229.0, 88.5], [230.0, 88.5], [231.0, 88.5], [232.0, 88.5], [233.0, 88.5], [234.0, 88.5], [234.5, 88.0], [235.0, 87.5], [235.5, 87.0], [236.0, 86.5], [236.5, 86.0], [237.0, 85.5], [237.5, 85.0], [238.0, 84.5], [239.0, 84.5], [239.5, 84.0], [239.5, 83.0], [240.0, 82.5], [240.5, 82.0], [241.0, 81.5], [241.5, 81.0], [242.0, 80.5], [242.5, 80.0], [243.0, 79.5], [243.5, 79.0], [243.5, 78.0], [243.0, 77.5], [242.5, 77.0], [242.5, 76.0], [242.0, 75.5], [241.0, 75.5], [240.0, 75.5], [239.0, 75.5], [238.0, 75.5], [237.5, 76.0], [237.0, 76.5], [236.5, 77.0], [236.0, 77.5], [235.0, 77.5], [234.5, 78.0], [234.0, 78.5], [233.0, 78.5], [232.5, 79.0], [232.5, 80.0], [232.0, 80.5], [231.0, 80.5], [230.5, 81.0], [230.5, 82.0], [230.0, 82.5], [229.5, 83.0], [229.0, 83.5], [228.0, 83.5]]"
