HOW,INDEX,LABEL,X,Y,Z,NPIX,T2,T2STD,T2CINT,FF,OUTLINE
VOLUME,NA,VL_R,24.99771463870789,20.666722893711892,-206.6020050048815,7677.0,36.05184316790413,7.178653664907481,6.051450481434464,0.2685329032188704,
VOLUME,NA,VI_R,24.99771463870789,20.666722893711892,-206.6020050048815,4335.0,35.50795847750865,9.016855617169577,6.000139540304138,0.2353973031105476,
VOLUME,NA,VM_R,24.99771463870789,20.666722893711892,-206.6020050048815,4482.0,36.78090138331102,9.35261496980429,6.654401055422008,0.2678233263740804,
VOLUME,NA,RF_R,24.99771463870789,20.666722893711892,-206.6020050048815,2460.0,34.64715447154472,9.861103066674929,5.528329076531829,0.27835280650814304,
VOLUME,NA,SAR_R,24.99771463870789,20.666722893711892,-206.6020050048815,1752.0,37.30707762557078,15.440983393944068,10.940554188015113,0.5526301624789443,
VOLUME,NA,GRA_R,24.99771463870789,20.666722893711892,-206.6020050048815,892.0,25.381165919282513,15.065120363124567,15.249238721306208,0.8576660166772282,
VOLUME,NA,SM_R,24.99771463870789,20.666722893711892,-206.6020050048815,1666.0,30.084033613445378,16.36531914277044,19.469763264257928,0.857206236097485,
VOLUME,NA,ST_R,24.99771463870789,20.666722893711892,-206.6020050048815,1418.0,33.83638928067701,13.79995202238949,13.1214619503016,0.6723158106569664,
VOLUME,NA,BF_R,24.99771463870789,20.666722893711892,-206.6020050048815,2329.0,36.50021468441391,8.48812091129914,8.128019851557992,0.426281348485146,
VOLUME,NA,BF_SH_R,24.99771463870789,20.666722893711892,-206.6020050048815,172.0,36.36046511627907,16.226530666106218,22.585441338220917,0.7763904402603727,
VOLUME,NA,AM_R,24.99771463870789,20.666722893711892,-206.6020050048815,6120.0,33.65114379084967,9.438588849825816,7.8732571278832895,0.4133328191065894,
VOLUME,NA,AL_R,24.99771463870789,20.666722893711892,-206.6020050048815,812.0,28.25,14.925440723415083,20.171640545575215,0.8693947291705316,
VOLUME,NA,AB_R,24.99771463870789,20.666722893711892,-206.6020050048815,349.0,39.42406876790831,11.864231697009037,12.46487909980202,0.5508530239966689,
VOLUME,NA,VL_L,24.99771463870789,20.666722893711892,-206.6020050048815,7129.0,36.299340720998735,6.667221726218106,5.642795388053031,0.2213702898457527,
VOLUME,NA,VI_L,24.99771463870789,20.666722893711892,-206.6020050048815,4866.0,35.39662967529799,8.973891260659054,5.322816947427747,0.20689884446837437,
VOLUME,NA,VM_L,24.99771463870789,20.666722893711892,-206.6020050048815,4928.0,36.107548701298704,8.551825856777088,7.187057354557218,0.2817317013608655,
VOLUME,NA,RF_L,24.99771463870789,20.666722893711892,-206.6020050048815,1918.0,33.21741397288842,8.980988446674688,5.953463839720416,0.2641569998079741,
VOLUME,NA,SAR_L,24.99771463870789,20.666722893711892,-206.6020050048815,1679.0,36.70935080405003,13.953384555559147,12.04277444139176,0.5637102108554698,
VOLUME,NA,GRA_L,24.99771463870789,20.666722893711892,-206.6020050048815,871.0,31.91963260619977,14.804209158892808,18.56785581150647,0.8362146798345758,
VOLUME,NA,SM_L,24.99771463870789,20.666722893711892,-206.6020050048815,2066.0,36.89351403678606,10.286848460666034,9.554621780373056,0.516139549327192,
VOLUME,NA,ST_L,24.99771463870789,20.666722893711892,-206.6020050048815,2141.0,34.74964969640355,8.372956741480824,6.733305981107477,0.3236729151745008,
VOLUME,NA,BF_L,24.99771463870789,20.666722893711892,-206.6020050048815,2120.0,37.739150943396226,8.188888884695857,7.931363016211454,0.4216603632663607,
VOLUME,NA,BF_SH_L,24.99771463870789,20.666722893711892,-206.6020050048815,276.0,43.82971014492754,12.545424187006436,23.711698622404523,0.7308008889823944,
VOLUME,NA,AM_L,24.99771463870789,20.666722893711892,-206.6020050048815,5644.0,35.807051736357195,8.30573733869247,7.662526812144293,0.35246045804179676,
VOLUME,NA,AL_L,24.99771463870789,20.666722893711892,-206.6020050048815,970.0,24.60103092783505,14.833668827904669,14.720470217410613,0.7923112256802872,
VOLUME,NA,AB_L,24.99771463870789,20.666722893711892,-206.6020050048815,182.0,34.40659340659341,8.708311076306058,12.55580840988367,0.49369025187242027,
SLICE,Z0,VL_R,24.99771463870789,20.666722893711892,-326.60200500488,,37.26934984520124,8.882369667412412,,,"[[60.0, 68.5], [59.5, 69.0], [59.5, 70.0], [59.5, 71.0], [59.5, 72.0], [59.5, 73.0], [59.5, 74.0], [59.5, 75.0], [59.5, 76.0], [60.0, 76.5], [60.5, 77.0], [60.5, 78.0], [60.5, 79.0], [60.5, 80.0], [60.5, 81.0], [61.0, 81.5], [61.5, 82.0], [62.0, 82.5], [62.5, 83.0], [62.5, 84.0], [63.0, 84.5], [63.5, 85.0], [63.5, 86.0], [64.0, 86.5], [65.0, 86.5], [65.5, 87.0], [65.5, 88.0], [66.0, 88.5], [66.5, 89.0], [67.0, 89.5], [67.5, 89.0], [68.0, 88.5], [68.5, 88.0], [68.5, 87.0], [68.5, 86.0], [68.0, 85.5], [67.5, 85.0], [67.5, 84.0], [67.5, 83.0], [67.0, 82.5], [66.5, 82.0], [66.5, 81.0], [66.5, 80.0], [66.5, 79.0], [66.5, 78.0], [66.5, 77.0], [66.5, 76.0], [66.5, 75.0], [67.0, 74.5], [67.5, 74.0], [68.0, 73.5], [68.5, 73.0], [68.5, 72.0], [69.0, 71.5], [69.5, 71.0], [69.5, 70.0], [70.0, 69.5], [71.0, 69.5], [71.5, 69.0], [71.5, 68.0], [71.5, 67.0], [72.0, 66.5], [72.5, 66.0], [72.5, 65.0], [72.5, 64.0], [73.0, 63.5], [73.5, 63.0], [73.5, 62.0], [74.0, 61.5], [74.5, 61.0], [74.5, 60.0], [74.5, 59.0], [75.0, 58.5], [76.0, 58.5], [76.5, 59.0], [77.0, 59.5], [77.5, 59.0], [78.0, 58.5], [79.0, 58.5], [79.5, 58.0], [80.0, 57.5], [81.0, 57.5], [81.5, 57.0], [82.0, 56.5], [83.0, 56.5], [84.0, 56.5], [85.0, 56.5], [86.0, 56.5], [86.5, 56.0], [86.5, 55.0], [86.5, 54.0], [86.0, 53.5], [85.5, 53.0], [85.0, 52.5], [84.0, 52.5], [83.0, 52.5], [82.0, 52.5], [81.0, 52.5], [80.0, 52.5], [79.0, 52.5], [78.0, 52.5], [77.0, 52.5], [76.0, 52.5], [75.5, 53.0], [75.0, 53.5], [74.0, 53.5], [73.0, 53.5], [72.5, 54.0], [72.0, 54.5], [71.5, 55.0], [71.0, 55.5], [70.0, 55.5], [69.5, 56.0], [69.0, 56.5], [68.5, 57.0], [68.0, 57.5], [67.5, 58.0], [67.0, 58.5], [66.0, 58.5], [65.5, 59.0], [65.0, 59.5], [64.5, 60.0], [64.0, 60.5], [63.5, 61.0], [63.5, 62.0], [63.0, 62.5], [62.5, 63.0], [62.0, 63.5], [61.5, 64.0], [61.0, 64.5], [60.5, 65.0], [60.5, 66.0], [60.5, 67.0], [60.5, 68.0]]"
SLICE,Z0,VI_R,24.99771463870789,20.666722893711892,-326.60200500488,,33.84164859002169,12.462128342915436,,,"[[67.0, 74.5], [66.5, 75.0], [66.5, 76.0], [66.5, 77.0], [66.5, 78.0], [66.5, 79.0], [66.5, 80.0], [66.5, 81.0], [66.5, 82.0], [67.0, 82.5], [67.5, 83.0], [67.5, 84.0], [67.5, 85.0], [68.0, 85.5], [68.5, 86.0], [68.5, 87.0], [68.5, 88.0], [68.0, 88.5], [67.5, 89.0], [68.0, 89.5], [68.5, 90.0], [69.0, 90.5], [70.0, 90.5], [71.0, 90.5], [72.0, 90.5], [73.0, 90.5], [74.0, 90.5], [75.0, 90.5], [76.0, 90.5], [76.5, 90.0], [77.0, 89.5], [78.0, 89.5], [79.0, 89.5], [80.0, 89.5], [80.5, 89.0], [81.0, 88.5], [81.5, 88.0], [82.0, 87.5], [82.5, 87.0], [83.0, 86.5], [84.0, 86.5], [84.5, 86.0], [84.5, 85.0], [85.0, 84.5], [85.5, 84.0], [86.0, 83.5], [86.5, 83.0], [86.5, 82.0], [86.5, 81.0], [86.0, 80.5], [85.0, 80.5], [84.5, 80.0], [84.0, 79.5], [83.0, 79.5], [82.0, 79.5], [81.5, 79.0], [81.0, 78.5], [80.0, 78.5], [79.5, 78.0], [79.5, 77.0], [79.0, 76.5], [78.5, 76.0], [78.0, 75.5], [77.5, 75.0], [77.5, 74.0], [77.0, 73.5], [76.5, 73.0], [76.5, 72.0], [76.5, 71.0], [76.5, 70.0], [76.5, 69.0], [76.5, 68.0], [77.0, 67.5], [77.5, 67.0], [78.0, 66.5], [78.5, 66.0], [79.0, 65.5], [79.5, 65.0], [80.0, 64.5], [81.0, 64.5], [81.5, 64.0], [82.0, 63.5], [82.5, 63.0], [83.0, 62.5], [84.0, 62.5], [85.0, 62.5], [86.0, 62.5], [87.0, 62.5], [87.5, 62.0], [88.0, 61.5], [89.0, 61.5], [90.0, 61.5], [90.5, 62.0], [91.0, 62.5], [92.0, 62.5], [93.0, 62.5], [93.5, 63.0], [93.5, 64.0], [94.0, 64.5], [95.0, 64.5], [95.5, 65.0], [95.5, 66.0], [95.5, 67.0], [95.5, 68.0], [96.0, 68.5], [96.5, 69.0], [97.0, 69.5], [97.5, 69.0], [98.0, 68.5], [99.0, 68.5], [99.5, 68.0], [99.5, 67.0], [100.0, 66.5], [100.5, 66.0], [100.5, 65.0], [100.0, 64.5], [99.5, 64.0], [99.5, 63.0], [99.0, 62.5], [98.5, 62.0], [98.0, 61.5], [97.0, 61.5], [96.5, 61.0], [96.5, 60.0], [96.0, 59.5], [95.0, 59.5], [94.5, 59.0], [94.0, 58.5], [93.0, 58.5], [92.5, 58.0], [92.0, 57.5], [91.0, 57.5], [90.0, 57.5], [89.0, 57.5], [88.0, 57.5], [87.0, 57.5], [86.5, 57.0], [86.0, 56.5], [85.0, 56.5], [84.0, 56.5], [83.0, 56.5], [82.0, 56.5], [81.5, 57.0], [81.0, 57.5], [80.0, 57.5], [79.5, 58.0], [79.0, 58.5], [78.0, 58.5], [77.5, 59.0], [77.0, 59.5], [76.5, 59.0], [76.0, 58.5], [75.0, 58.5], [74.5, 59.0], [74.5, 60.0], [74.5, 61.0], [74.0, 61.5], [73.5, 62.0], [73.5, 63.0], [73.0, 63.5], [72.5, 64.0], [72.5, 65.0], [72.5, 66.0], [72.0, 66.5], [71.5, 67.0], [71.5, 68.0], [71.5, 69.0], [71.0, 69.5], [70.0, 69.5], [69.5, 70.0], [69.5, 71.0], [69.0, 71.5], [68.5, 72.0], [68.5, 73.0], [68.0, 73.5], [67.5, 74.0]]"
SLICE,Z0,VM_R,24.99771463870789,20.666722893711892,-326.60200500488,,37.99239956568947,8.398396180906543,,,"[[93.0, 53.5], [92.5, 54.0], [92.5, 55.0], [92.5, 56.0], [93.0, 56.5], [93.5, 57.0], [93.5, 58.0], [94.0, 58.5], [94.5, 59.0], [95.0, 59.5], [96.0, 59.5], [96.5, 60.0], [96.5, 61.0], [97.0, 61.5], [98.0, 61.5], [98.5, 62.0], [99.0, 62.5], [99.5, 63.0], [99.5, 64.0], [100.0, 64.5], [100.5, 65.0], [100.5, 66.0], [100.0, 66.5], [99.5, 67.0], [99.5, 68.0], [99.0, 68.5], [98.0, 68.5], [97.5, 69.0], [97.0, 69.5], [96.0, 69.5], [95.5, 70.0], [95.0, 70.5], [94.5, 71.0], [94.5, 72.0], [94.5, 73.0], [94.5, 74.0], [94.5, 75.0], [94.5, 76.0], [94.5, 77.0], [94.5, 78.0], [94.0, 78.5], [93.5, 79.0], [93.5, 80.0], [93.5, 81.0], [93.5, 82.0], [93.5, 83.0], [94.0, 83.5], [94.5, 84.0], [95.0, 84.5], [95.5, 85.0], [96.0, 85.5], [97.0, 85.5], [97.5, 86.0], [98.0, 86.5], [99.0, 86.5], [100.0, 86.5], [101.0, 86.5], [102.0, 86.5], [103.0, 86.5], [104.0, 86.5], [105.0, 86.5], [106.0, 86.5], [107.0, 86.5], [108.0, 86.5], [109.0, 86.5], [109.5, 86.0], [110.0, 85.5], [111.0, 85.5], [112.0, 85.5], [113.0, 85.5], [113.5, 85.0], [114.0, 84.5], [115.0, 84.5], [116.0, 84.5], [116.5, 84.0], [117.0, 83.5], [118.0, 83.5], [118.5, 83.0], [119.0, 82.5], [119.5, 82.0], [120.0, 81.5], [120.5, 81.0], [121.0, 80.5], [121.5, 80.0], [122.0, 79.5], [123.0, 79.5], [123.5, 79.0], [123.5, 78.0], [124.0, 77.5], [124.5, 77.0], [124.5, 76.0], [124.5, 75.0], [125.0, 74.5], [125.5, 74.0], [125.5, 73.0], [125.5, 72.0], [125.5, 71.0], [125.5, 70.0], [125.5, 69.0], [125.5, 68.0], [125.0, 67.5], [124.5, 67.0], [124.5, 66.0], [124.5, 65.0], [124.5, 64.0], [124.0, 63.5], [123.5, 63.0], [123.0, 62.5], [122.5, 62.0], [122.5, 61.0], [122.0, 60.5], [121.5, 60.0], [121.5, 59.0], [121.0, 58.5], [120.0, 58.5], [119.5, 58.0], [119.0, 57.5], [118.5, 57.0], [118.0, 56.5], [117.5, 56.0], [117.0, 55.5], [116.0, 55.5], [115.5, 55.0], [115.0, 54.5], [114.5, 54.0], [114.0, 53.5], [113.0, 53.5], [112.0, 53.5], [111.5, 53.0], [111.5, 52.0], [111.0, 51.5], [110.0, 51.5], [109.5, 51.0], [109.0, 50.5], [108.0, 50.5], [107.0, 50.5], [106.5, 50.0], [106.0, 49.5], [105.0, 49.5], [104.0, 49.5], [103.0, 49.5], [102.5, 49.0], [102.0, 48.5], [101.0, 48.5], [100.0, 48.5], [99.5, 49.0], [99.0, 49.5], [98.0, 49.5], [97.5, 50.0], [97.0, 50.5], [96.0, 50.5], [95.5, 51.0], [95.0, 51.5], [94.5, 52.0], [94.0, 52.5], [93.5, 53.0]]"
SLICE,Z0,RF_R,24.99771463870789,20.666722893711892,-326.60200500488,,,,,,
SLICE,Z0,SAR_R,24.99771463870789,20.666722893711892,-326.60200500488,,36.716763005780344,12.0814005493093,,,"[[116.0, 85.5], [115.5, 86.0], [115.5, 87.0], [115.5, 88.0], [115.5, 89.0], [115.5, 90.0], [115.5, 91.0], [115.5, 92.0], [116.0, 92.5], [116.5, 93.0], [117.0, 93.5], [117.5, 94.0], [118.0, 94.5], [118.5, 95.0], [119.0, 95.5], [119.5, 96.0], [120.0, 96.5], [121.0, 96.5], [121.5, 97.0], [122.0, 97.5], [123.0, 97.5], [123.5, 98.0], [124.0, 98.5], [125.0, 98.5], [126.0, 98.5], [126.5, 98.0], [127.0, 97.5], [127.5, 97.0], [128.0, 96.5], [128.5, 96.0], [128.5, 95.0], [129.0, 94.5], [129.5, 94.0], [129.5, 93.0], [129.5, 92.0], [129.5, 91.0], [129.5, 90.0], [129.5, 89.0], [129.0, 88.5], [128.5, 88.0], [128.5, 87.0], [128.5, 86.0], [128.0, 85.5], [127.5, 85.0], [127.5, 84.0], [127.0, 83.5], [126.5, 83.0], [126.0, 82.5], [125.0, 82.5], [124.0, 82.5], [123.0, 82.5], [122.0, 82.5], [121.0, 82.5], [120.5, 83.0], [120.0, 83.5], [119.0, 83.5], [118.5, 84.0], [118.0, 84.5], [117.5, 85.0], [117.0, 85.5]]"
SLICE,Z0,GRA_R,24.99771463870789,20.666722893711892,-326.60200500488,,40.78181818181818,18.179599864674397,,,"[[119.0, 99.5], [118.5, 100.0], [118.5, 101.0], [118.5, 102.0], [118.5, 103.0], [119.0, 103.5], [119.5, 104.0], [119.5, 105.0], [120.0, 105.5], [120.5, 106.0], [120.5, 107.0], [120.5, 108.0], [121.0, 108.5], [121.5, 109.0], [122.0, 109.5], [123.0, 109.5], [124.0, 109.5], [124.5, 109.0], [124.5, 108.0], [125.0, 107.5], [125.5, 107.0], [125.5, 106.0], [125.5, 105.0], [125.5, 104.0], [125.0, 103.5], [124.5, 103.0], [124.5, 102.0], [124.5, 101.0], [124.0, 100.5], [123.5, 100.0], [123.0, 99.5], [122.5, 99.0], [122.0, 98.5], [121.0, 98.5], [120.0, 98.5], [119.5, 99.0]]"
SLICE,Z0,SM_R,24.99771463870789,20.666722893711892,-326.60200500488,,43.12765957446808,9.412167868173256,,,"[[95.0, 100.5], [94.5, 101.0], [94.5, 102.0], [95.0, 102.5], [95.5, 103.0], [95.5, 104.0], [95.5, 105.0], [95.5, 106.0], [96.0, 106.5], [96.5, 107.0], [96.5, 108.0], [97.0, 108.5], [97.5, 109.0], [98.0, 109.5], [98.5, 110.0], [99.0, 110.5], [100.0, 110.5], [100.5, 111.0], [101.0, 111.5], [102.0, 111.5], [102.5, 112.0], [103.0, 112.5], [104.0, 112.5], [105.0, 112.5], [105.5, 112.0], [106.0, 111.5], [106.5, 112.0], [107.0, 112.5], [108.0, 112.5], [108.5, 113.0], [109.0, 113.5], [109.5, 114.0], [109.5, 115.0], [109.5, 116.0], [109.0, 116.5], [108.5, 117.0], [108.5, 118.0], [109.0, 118.5], [109.5, 119.0], [110.0, 119.5], [111.0, 119.5], [112.0, 119.5], [113.0, 119.5], [114.0, 119.5], [114.5, 119.0], [114.5, 118.0], [115.0, 117.5], [115.5, 117.0], [116.0, 116.5], [116.5, 116.0], [116.5, 115.0], [117.0, 114.5], [117.5, 114.0], [117.5, 113.0], [117.5, 112.0], [117.5, 111.0], [117.5, 110.0], [117.5, 109.0], [117.5, 108.0], [117.5, 107.0], [117.5, 106.0], [117.0, 105.5], [116.5, 105.0], [116.5, 104.0], [116.5, 103.0], [116.5, 102.0], [116.5, 101.0], [116.5, 100.0], [116.5, 99.0], [116.0, 98.5], [115.5, 98.0], [115.5, 97.0], [115.0, 96.5], [114.5, 96.0], [114.0, 95.5], [113.5, 95.0], [113.0, 94.5], [112.5, 94.0], [112.0, 93.5], [111.0, 93.5], [110.0, 93.5], [109.5, 93.0], [109.0, 92.5], [108.0, 92.5], [107.0, 92.5], [106.0, 92.5], [105.0, 92.5], [104.0, 92.5], [103.0, 92.5], [102.0, 92.5], [101.5, 93.0], [101.0, 93.5], [100.0, 93.5], [99.5, 94.0], [99.0, 94.5], [98.5, 95.0], [98.5, 96.0], [98.0, 96.5], [97.0, 96.5], [96.5, 97.0], [96.0, 97.5], [95.5, 98.0], [95.5, 99.0], [95.5, 100.0]]"
SLICE,Z0,ST_R,24.99771463870789,20.666722893711892,-326.60200500488,,37.05714285714286,13.244821860729157,,,"[[103.0, 113.5], [102.5, 114.0], [102.5, 115.0], [103.0, 115.5], [103.5, 116.0], [103.5, 117.0], [104.0, 117.5], [104.5, 118.0], [105.0, 118.5], [105.5, 119.0], [106.0, 119.5], [106.5, 119.0], [107.0, 118.5], [107.5, 118.0], [108.0, 117.5], [108.5, 117.0], [109.0, 116.5], [109.5, 116.0], [109.5, 115.0], [109.5, 114.0], [109.0, 113.5], [108.5, 113.0], [108.0, 112.5], [107.0, 112.5], [106.5, 112.0], [106.0, 111.5], [105.5, 112.0], [105.0, 112.5], [104.0, 112.5], [103.5, 113.0]]"
SLICE,Z0,BF_R,24.99771463870789,20.666722893711892,-326.60200500488,,34.232394366197184,12.991690460735812,,,"[[78.0, 102.5], [77.5, 103.0], [77.5, 104.0], [77.5, 105.0], [77.5, 106.0], [77.5, 107.0], [77.5, 108.0], [78.0, 108.5], [78.5, 109.0], [78.5, 110.0], [78.5, 111.0], [79.0, 111.5], [79.5, 112.0], [80.0, 112.5], [80.5, 113.0], [80.5, 114.0], [81.0, 114.5], [82.0, 114.5], [82.5, 115.0], [83.0, 115.5], [83.5, 116.0], [84.0, 116.5], [85.0, 116.5], [86.0, 116.5], [87.0, 116.5], [88.0, 116.5], [89.0, 116.5], [90.0, 116.5], [90.5, 116.0], [91.0, 115.5], [91.5, 115.0], [91.5, 114.0], [91.5, 113.0], [91.5, 112.0], [91.5, 111.0], [91.5, 110.0], [91.0, 109.5], [90.5, 109.0], [90.0, 108.5], [89.5, 108.0], [89.5, 107.0], [89.5, 106.0], [89.0, 105.5], [88.5, 105.0], [88.0, 104.5], [87.5, 104.0], [87.0, 103.5], [86.5, 103.0], [86.0, 102.5], [85.0, 102.5], [84.5, 102.0], [84.0, 101.5], [83.5, 102.0], [83.0, 102.5], [82.5, 103.0], [82.5, 104.0], [82.0, 104.5], [81.5, 105.0], [81.0, 105.5], [80.5, 106.0], [80.0, 106.5], [79.0, 106.5], [78.5, 106.0], [78.5, 105.0], [78.5, 104.0], [78.5, 103.0]]"
SLICE,Z0,BF_SH_R,24.99771463870789,20.666722893711892,-326.60200500488,,37.227722772277225,17.59775029957844,,,"[[76.0, 98.5], [75.5, 99.0], [75.5, 100.0], [75.5, 101.0], [76.0, 101.5], [76.5, 102.0], [77.0, 102.5], [78.0, 102.5], [78.5, 103.0], [78.5, 104.0], [78.5, 105.0], [78.5, 106.0], [79.0, 106.5], [80.0, 106.5], [80.5, 106.0], [81.0, 105.5], [81.5, 105.0], [82.0, 104.5], [82.5, 104.0], [82.5, 103.0], [83.0, 102.5], [83.5, 102.0], [83.5, 101.0], [83.5, 100.0], [84.0, 99.5], [84.5, 99.0], [84.5, 98.0], [84.0, 97.5], [83.5, 97.0], [83.0, 96.5], [82.5, 96.0], [82.0, 95.5], [81.5, 95.0], [81.5, 94.0], [81.5, 93.0], [81.5, 92.0], [81.5, 91.0], [81.0, 90.5], [80.0, 90.5], [79.0, 90.5], [78.5, 91.0], [78.5, 92.0], [78.0, 92.5], [77.5, 93.0], [77.5, 94.0], [77.0, 94.5], [76.5, 95.0], [76.5, 96.0], [76.5, 97.0], [76.5, 98.0]]"
SLICE,Z0,AM_R,24.99771463870789,20.666722893711892,-326.60200500488,,25.57894736842105,11.384734883415202,,,"[[89.0, 82.5], [88.5, 83.0], [88.5, 84.0], [89.0, 84.5], [89.5, 85.0], [90.0, 85.5], [90.5, 86.0], [91.0, 86.5], [91.5, 86.0], [92.0, 85.5], [92.5, 85.0], [93.0, 84.5], [93.5, 84.0], [93.0, 83.5], [92.5, 83.0], [92.5, 82.0], [92.5, 81.0], [92.0, 80.5], [91.0, 80.5], [90.0, 80.5], [89.5, 81.0], [89.5, 82.0]]"
SLICE,Z0,AL_R,24.99771463870789,20.666722893711892,-326.60200500488,,,,,,
SLICE,Z0,AB_R,24.99771463870789,20.666722893711892,-326.60200500488,,,,,,
SLICE,Z0,VL_L,24.99771463870789,20.666722893711892,-326.60200500488,,36.357723577235774,12.952150891032666,,,"[[231.0, 50.5], [230.5, 51.0], [230.5, 52.0], [230.5, 53.0], [230.5, 54.0], [231.0, 54.5], [232.0, 54.5], [233.0, 54.5], [234.0, 54.5], [235.0, 54.5], [236.0, 54.5], [237.0, 54.5], [238.0, 54.5], [239.0, 54.5], [239.5, 55.0], [240.0, 55.5], [241.0, 55.5], [241.5, 56.0], [242.0, 56.5], [242.5, 57.0], [243.0, 57.5], [243.5, 58.0], [244.0, 58.5], [244.5, 59.0], [244.5, 60.0], [244.5, 61.0], [245.0, 61.5], [245.5, 62.0], [245.5, 63.0], [246.0, 63.5], [246.5, 64.0], [246.5, 65.0], [246.5, 66.0], [247.0, 66.5], [248.0, 66.5], [249.0, 66.5], [249.5, 67.0], [249.5, 68.0], [250.0, 68.5], [250.5, 69.0], [251.0, 69.5], [251.5, 70.0], [251.5, 71.0], [252.0, 71.5], [252.5, 72.0], [252.5, 73.0], [252.5, 74.0], [252.5, 75.0], [253.0, 75.5], [253.5, 76.0], [253.5, 77.0], [253.5, 78.0], [253.5, 79.0], [254.0, 79.5], [254.5, 79.0], [254.5, 78.0], [254.5, 77.0], [254.5, 76.0], [255.0, 75.5], [255.5, 75.0], [255.5, 74.0], [255.5, 73.0], [255.5, 72.0], [255.5, 71.0], [255.5, 70.0], [256.0, 69.5], [256.5, 69.0], [256.5, 68.0], [256.5, 67.0], [256.5, 66.0], [256.0, 65.5], [255.5, 65.0], [255.5, 64.0], [255.5, 63.0], [255.5, 62.0], [255.0, 61.5], [254.5, 61.0], [254.5, 60.0], [254.5, 59.0], [254.0, 58.5], [253.5, 58.0], [253.0, 57.5], [252.5, 57.0], [252.0, 56.5], [251.5, 56.0], [251.0, 55.5], [250.5, 55.0], [250.0, 54.5], [249.5, 54.0], [249.0, 53.5], [248.5, 53.0], [248.0, 52.5], [247.5, 52.0], [247.0, 51.5], [246.5, 51.0], [246.0, 50.5], [245.0, 50.5], [244.0, 50.5], [243.0, 50.5], [242.5, 50.0], [242.0, 49.5], [241.0, 49.5], [240.0, 49.5], [239.5, 49.0], [239.0, 48.5], [238.0, 48.5], [237.0, 48.5], [236.0, 48.5], [235.5, 49.0], [235.0, 49.5], [234.0, 49.5], [233.5, 50.0], [233.0, 50.5], [232.0, 50.5]]"
SLICE,Z0,VI_L,24.99771463870789,20.666722893711892,-326.60200500488,,41.31026252983293,15.07749796218899,,,"[[217.0, 61.5], [216.5, 62.0], [216.5, 63.0], [216.5, 64.0], [217.0, 64.5], [218.0, 64.5], [219.0, 64.5], [220.0, 64.5], [220.5, 64.0], [221.0, 63.5], [221.5, 63.0], [221.5, 62.0], [222.0, 61.5], [223.0, 61.5], [224.0, 61.5], [225.0, 61.5], [225.5, 61.0], [226.0, 60.5], [227.0, 60.5], [228.0, 60.5], [229.0, 60.5], [230.0, 60.5], [231.0, 60.5], [232.0, 60.5], [233.0, 60.5], [234.0, 60.5], [235.0, 60.5], [236.0, 60.5], [236.5, 61.0], [237.0, 61.5], [238.0, 61.5], [238.5, 62.0], [239.0, 62.5], [239.5, 63.0], [240.0, 63.5], [240.5, 64.0], [240.5, 65.0], [240.5, 66.0], [240.5, 67.0], [240.5, 68.0], [240.5, 69.0], [240.5, 70.0], [240.5, 71.0], [240.5, 72.0], [240.5, 73.0], [240.0, 73.5], [239.5, 74.0], [239.5, 75.0], [239.0, 75.5], [238.0, 75.5], [237.5, 76.0], [237.0, 76.5], [236.5, 77.0], [236.0, 77.5], [235.5, 78.0], [235.0, 78.5], [234.0, 78.5], [233.5, 79.0], [234.0, 79.5], [235.0, 79.5], [235.5, 80.0], [235.5, 81.0], [236.0, 81.5], [237.0, 81.5], [238.0, 81.5], [238.5, 82.0], [239.0, 82.5], [239.5, 83.0], [240.0, 83.5], [241.0, 83.5], [242.0, 83.5], [243.0, 83.5], [244.0, 83.5], [245.0, 83.5], [246.0, 83.5], [247.0, 83.5], [248.0, 83.5], [249.0, 83.5], [250.0, 83.5], [251.0, 83.5], [251.5, 83.0], [251.5, 82.0], [252.0, 81.5], [252.5, 81.0], [253.0, 80.5], [253.5, 80.0], [253.5, 79.0], [253.5, 78.0], [253.5, 77.0], [253.5, 76.0], [253.0, 75.5], [252.5, 75.0], [252.5, 74.0], [252.5, 73.0], [252.5, 72.0], [252.0, 71.5], [251.5, 71.0], [251.5, 70.0], [251.0, 69.5], [250.5, 69.0], [250.0, 68.5], [249.5, 68.0], [249.5, 67.0], [249.0, 66.5], [248.0, 66.5], [247.0, 66.5], [246.5, 66.0], [246.5, 65.0], [246.5, 64.0], [246.0, 63.5], [245.5, 63.0], [245.5, 62.0], [245.0, 61.5], [244.5, 61.0], [244.5, 60.0], [244.5, 59.0], [244.0, 58.5], [243.5, 58.0], [243.0, 57.5], [242.5, 57.0], [242.0, 56.5], [241.5, 56.0], [241.0, 55.5], [240.0, 55.5], [239.5, 55.0], [239.0, 54.5], [238.0, 54.5], [237.0, 54.5], [236.0, 54.5], [235.0, 54.5], [234.0, 54.5], [233.0, 54.5], [232.0, 54.5], [231.0, 54.5], [230.5, 55.0], [230.0, 55.5], [229.0, 55.5], [228.0, 55.5], [227.0, 55.5], [226.0, 55.5], [225.0, 55.5], [224.0, 55.5], [223.5, 56.0], [223.0, 56.5], [222.0, 56.5], [221.0, 56.5], [220.5, 57.0], [220.0, 57.5], [219.0, 57.5], [218.5, 58.0], [218.5, 59.0], [218.0, 59.5], [217.5, 60.0], [217.5, 61.0]]"
SLICE,Z0,VM_L,24.99771463870789,20.666722893711892,-326.60200500488,,37.705069124423964,7.828261580523609,,,"[[193.0, 68.5], [192.5, 69.0], [192.5, 70.0], [192.5, 71.0], [192.5, 72.0], [193.0, 72.5], [193.5, 73.0], [193.5, 74.0], [193.5, 75.0], [193.5, 76.0], [194.0, 76.5], [194.5, 77.0], [195.0, 77.5], [195.5, 78.0], [195.5, 79.0], [196.0, 79.5], [197.0, 79.5], [197.5, 80.0], [198.0, 80.5], [198.5, 81.0], [199.0, 81.5], [199.5, 82.0], [200.0, 82.5], [200.5, 83.0], [201.0, 83.5], [201.5, 84.0], [202.0, 84.5], [203.0, 84.5], [204.0, 84.5], [205.0, 84.5], [205.5, 85.0], [206.0, 85.5], [207.0, 85.5], [208.0, 85.5], [209.0, 85.5], [209.5, 86.0], [210.0, 86.5], [211.0, 86.5], [212.0, 86.5], [213.0, 86.5], [214.0, 86.5], [215.0, 86.5], [216.0, 86.5], [217.0, 86.5], [217.5, 86.0], [218.0, 85.5], [219.0, 85.5], [220.0, 85.5], [220.5, 85.0], [221.0, 84.5], [222.0, 84.5], [223.0, 84.5], [223.5, 84.0], [224.0, 83.5], [224.5, 83.0], [224.5, 82.0], [224.5, 81.0], [224.5, 80.0], [224.5, 79.0], [224.5, 78.0], [224.0, 77.5], [223.5, 77.0], [223.5, 76.0], [223.5, 75.0], [223.0, 74.5], [222.5, 74.0], [222.0, 73.5], [221.5, 73.0], [221.5, 72.0], [221.0, 71.5], [220.5, 71.0], [220.0, 70.5], [219.5, 70.0], [219.5, 69.0], [219.0, 68.5], [218.5, 68.0], [218.0, 67.5], [217.5, 67.0], [217.5, 66.0], [217.0, 65.5], [216.5, 65.0], [216.5, 64.0], [216.5, 63.0], [216.5, 62.0], [216.5, 61.0], [217.0, 60.5], [217.5, 60.0], [218.0, 59.5], [218.5, 59.0], [218.5, 58.0], [219.0, 57.5], [219.5, 57.0], [220.0, 56.5], [221.0, 56.5], [221.5, 56.0], [221.5, 55.0], [222.0, 54.5], [223.0, 54.5], [223.5, 54.0], [223.5, 53.0], [223.0, 52.5], [222.5, 52.0], [222.0, 51.5], [221.5, 51.0], [221.0, 50.5], [220.0, 50.5], [219.5, 50.0], [219.0, 49.5], [218.5, 49.0], [218.0, 48.5], [217.0, 48.5], [216.0, 48.5], [215.0, 48.5], [214.0, 48.5], [213.0, 48.5], [212.0, 48.5], [211.0, 48.5], [210.5, 49.0], [210.0, 49.5], [209.0, 49.5], [208.5, 50.0], [208.0, 50.5], [207.0, 50.5], [206.0, 50.5], [205.5, 51.0], [205.0, 51.5], [204.5, 52.0], [204.0, 52.5], [203.5, 53.0], [203.0, 53.5], [202.0, 53.5], [201.5, 54.0], [201.0, 54.5], [200.5, 55.0], [200.0, 55.5], [199.5, 56.0], [199.0, 56.5], [198.5, 57.0], [198.5, 58.0], [198.0, 58.5], [197.0, 58.5], [196.5, 59.0], [196.0, 59.5], [195.5, 60.0], [195.5, 61.0], [195.5, 62.0], [195.0, 62.5], [194.5, 63.0], [194.0, 63.5], [193.5, 64.0], [193.5, 65.0], [193.5, 66.0], [193.5, 67.0], [193.5, 68.0]]"
SLICE,Z0,RF_L,24.99771463870789,20.666722893711892,-326.60200500488,,,,,,
SLICE,Z0,SAR_L,24.99771463870789,20.666722893711892,-326.60200500488,,35.542857142857144,10.961602742933058,,,"[[194.0, 85.5], [193.5, 86.0], [193.5, 87.0], [193.5, 88.0], [193.5, 89.0], [193.5, 90.0], [193.5, 91.0], [193.5, 92.0], [193.5, 93.0], [193.5, 94.0], [193.5, 95.0], [193.5, 96.0], [194.0, 96.5], [194.5, 97.0], [194.5, 98.0], [195.0, 98.5], [195.5, 99.0], [196.0, 99.5], [197.0, 99.5], [197.5, 100.0], [198.0, 100.5], [199.0, 100.5], [199.5, 100.0], [200.0, 99.5], [201.0, 99.5], [202.0, 99.5], [203.0, 99.5], [203.5, 99.0], [204.0, 98.5], [204.5, 98.0], [204.5, 97.0], [205.0, 96.5], [205.5, 96.0], [205.5, 95.0], [206.0, 94.5], [206.5, 94.0], [206.5, 93.0], [206.5, 92.0], [206.5, 91.0], [206.5, 90.0], [206.5, 89.0], [206.0, 88.5], [205.5, 88.0], [205.0, 87.5], [204.5, 87.0], [204.5, 86.0], [204.0, 85.5], [203.0, 85.5], [202.0, 85.5], [201.5, 85.0], [201.0, 84.5], [200.5, 84.0], [200.0, 83.5], [199.0, 83.5], [198.0, 83.5], [197.5, 84.0], [197.0, 84.5], [196.0, 84.5], [195.5, 85.0], [195.0, 85.5]]"
SLICE,Z0,GRA_L,24.99771463870789,20.666722893711892,-326.60200500488,,15.9,9.799149622968992,,,"[[200.0, 102.5], [199.5, 103.0], [199.5, 104.0], [199.5, 105.0], [200.0, 105.5], [200.5, 106.0], [201.0, 106.5], [202.0, 106.5], [203.0, 106.5], [203.5, 106.0], [204.0, 105.5], [204.5, 105.0], [205.0, 104.5], [205.5, 104.0], [205.5, 103.0], [205.5, 102.0], [205.5, 101.0], [205.0, 100.5], [204.0, 100.5], [203.0, 100.5], [202.0, 100.5], [201.0, 100.5], [200.5, 101.0], [200.5, 102.0]]"
SLICE,Z0,SM_L,24.99771463870789,20.666722893711892,-326.60200500488,,37.27472527472528,11.987003891179954,,,"[[206.0, 105.5], [205.5, 106.0], [205.5, 107.0], [205.5, 108.0], [205.5, 109.0], [206.0, 109.5], [206.5, 110.0], [206.5, 111.0], [207.0, 111.5], [208.0, 111.5], [208.5, 112.0], [208.5, 113.0], [209.0, 113.5], [210.0, 113.5], [211.0, 113.5], [212.0, 113.5], [213.0, 113.5], [213.5, 113.0], [214.0, 112.5], [214.5, 112.0], [215.0, 111.5], [216.0, 111.5], [217.0, 111.5], [218.0, 111.5], [219.0, 111.5], [220.0, 111.5], [221.0, 111.5], [222.0, 111.5], [223.0, 111.5], [223.5, 111.0], [224.0, 110.5], [224.5, 110.0], [225.0, 109.5], [225.5, 109.0], [225.5, 108.0], [226.0, 107.5], [226.5, 107.0], [227.0, 106.5], [227.5, 106.0], [227.5, 105.0], [228.0, 104.5], [228.5, 104.0], [229.0, 103.5], [229.5, 103.0], [229.5, 102.0], [229.5, 101.0], [229.5, 100.0], [229.5, 99.0], [229.5, 98.0], [229.5, 97.0], [229.5, 96.0], [229.0, 95.5], [228.5, 95.0], [228.0, 94.5], [227.0, 94.5], [226.5, 94.0], [226.0, 93.5], [225.5, 93.0], [225.0, 92.5], [224.0, 92.5], [223.0, 92.5], [222.5, 92.0], [222.0, 91.5], [221.0, 91.5], [220.0, 91.5], [219.5, 92.0], [219.0, 92.5], [218.0, 92.5], [217.5, 93.0], [217.0, 93.5], [216.0, 93.5], [215.0, 93.5], [214.5, 94.0], [214.0, 94.5], [213.5, 95.0], [213.0, 95.5], [212.5, 96.0], [212.5, 97.0], [212.0, 97.5], [211.5, 98.0], [211.0, 98.5], [210.5, 99.0], [210.5, 100.0], [210.0, 100.5], [209.0, 100.5], [208.5, 101.0], [208.5, 102.0], [208.0, 102.5], [207.5, 103.0], [207.0, 103.5], [206.5, 104.0], [206.5, 105.0]]"
SLICE,Z0,ST_L,24.99771463870789,20.666722893711892,-326.60200500488,,23.5,11.452074047961792,,,"[[214.0, 112.5], [213.5, 113.0], [213.5, 114.0], [214.0, 114.5], [214.5, 115.0], [215.0, 115.5], [216.0, 115.5], [217.0, 115.5], [217.5, 115.0], [218.0, 114.5], [219.0, 114.5], [219.5, 114.0], [219.5, 113.0], [219.5, 112.0], [219.0, 111.5], [218.0, 111.5], [217.0, 111.5], [216.0, 111.5], [215.0, 111.5], [214.5, 112.0]]"
SLICE,Z0,BF_L,24.99771463870789,20.666722893711892,-326.60200500488,,34.98795180722892,14.20630606278369,,,"[[234.0, 106.5], [233.5, 107.0], [233.5, 108.0], [233.5, 109.0], [233.5, 110.0], [234.0, 110.5], [234.5, 111.0], [235.0, 111.5], [236.0, 111.5], [237.0, 111.5], [238.0, 111.5], [238.5, 111.0], [239.0, 110.5], [240.0, 110.5], [240.5, 110.0], [241.0, 109.5], [242.0, 109.5], [242.5, 109.0], [243.0, 108.5], [243.5, 108.0], [244.0, 107.5], [244.5, 107.0], [244.5, 106.0], [245.0, 105.5], [245.5, 105.0], [245.5, 104.0], [245.0, 103.5], [244.0, 103.5], [243.0, 103.5], [242.0, 103.5], [241.5, 103.0], [241.5, 102.0], [241.0, 101.5], [240.0, 101.5], [239.5, 101.0], [239.5, 100.0], [239.0, 99.5], [238.5, 100.0], [238.0, 100.5], [237.5, 101.0], [237.5, 102.0], [237.0, 102.5], [236.5, 103.0], [236.0, 103.5], [235.5, 104.0], [235.5, 105.0], [235.0, 105.5], [234.5, 106.0]]"
SLICE,Z0,BF_SH_L,24.99771463870789,20.666722893711892,-326.60200500488,,48.496062992125985,12.777856101365872,,,"[[239.0, 84.5], [238.5, 85.0], [238.5, 86.0], [238.5, 87.0], [239.0, 87.5], [239.5, 88.0], [240.0, 88.5], [240.5, 89.0], [240.5, 90.0], [240.5, 91.0], [240.5, 92.0], [240.0, 92.5], [239.5, 93.0], [239.0, 93.5], [238.5, 94.0], [238.5, 95.0], [238.5, 96.0], [238.5, 97.0], [238.5, 98.0], [238.5, 99.0], [239.0, 99.5], [239.5, 100.0], [239.5, 101.0], [240.0, 101.5], [241.0, 101.5], [241.5, 102.0], [241.5, 103.0], [242.0, 103.5], [243.0, 103.5], [244.0, 103.5], [245.0, 103.5], [246.0, 103.5], [246.5, 103.0], [246.5, 102.0], [247.0, 101.5], [247.5, 101.0], [247.5, 100.0], [248.0, 99.5], [248.5, 99.0], [248.5, 98.0], [248.5, 97.0], [248.0, 96.5], [247.5, 96.0], [247.5, 95.0], [247.5, 94.0], [247.5, 93.0], [247.5, 92.0], [247.0, 91.5], [246.5, 91.0], [246.0, 90.5], [245.5, 90.0], [245.0, 89.5], [244.5, 89.0], [244.5, 88.0], [244.0, 87.5], [243.0, 87.5], [242.5, 87.0], [242.0, 86.5], [241.5, 86.0], [241.0, 85.5], [240.5, 85.0], [240.0, 84.5]]"
SLICE,Z0,AM_L,24.99771463870789,20.666722893711892,-326.60200500488,,,,,,
SLICE,Z0,AL_L,24.99771463870789,20.666722893711892,-326.60200500488,,,,,,
SLICE,Z0,AB_L,24.99771463870789,20.666722893711892,-326.60200500488,,,,,,
SLICE,Z1,VL_R,24.99771463870789,20.666722893711892,-296.6020050048804,,36.06896551724138,9.680198623967783,,,"[[56.0, 68.5], [55.5, 69.0], [55.5, 70.0], [55.5, 71.0], [55.5, 72.0], [55.5, 73.0], [55.5, 74.0], [55.5, 75.0], [55.5, 76.0], [55.5, 77.0], [55.5, 78.0], [55.5, 79.0], [56.0, 79.5], [56.5, 80.0], [56.5, 81.0], [56.5, 82.0], [57.0, 82.5], [57.5, 83.0], [57.5, 84.0], [58.0, 84.5], [58.5, 85.0], [58.5, 86.0], [59.0, 86.5], [59.5, 87.0], [59.5, 88.0], [60.0, 88.5], [60.5, 89.0], [60.5, 90.0], [61.0, 90.5], [61.5, 91.0], [62.0, 91.5], [63.0, 91.5], [63.5, 92.0], [64.0, 92.5], [64.5, 93.0], [65.0, 93.5], [65.5, 94.0], [66.0, 94.5], [67.0, 94.5], [68.0, 94.5], [69.0, 94.5], [70.0, 94.5], [71.0, 94.5], [72.0, 94.5], [73.0, 94.5], [74.0, 94.5], [74.5, 94.0], [75.0, 93.5], [75.5, 93.0], [75.0, 92.5], [74.5, 92.0], [74.0, 91.5], [73.0, 91.5], [72.0, 91.5], [71.5, 91.0], [71.5, 90.0], [71.5, 89.0], [71.5, 88.0], [71.5, 87.0], [71.5, 86.0], [71.5, 85.0], [71.5, 84.0], [71.5, 83.0], [71.5, 82.0], [71.5, 81.0], [71.5, 80.0], [71.5, 79.0], [71.5, 78.0], [71.5, 77.0], [71.0, 76.5], [70.5, 76.0], [70.5, 75.0], [70.0, 74.5], [69.5, 74.0], [69.5, 73.0], [69.5, 72.0], [69.5, 71.0], [69.5, 70.0], [69.5, 69.0], [69.5, 68.0], [69.5, 67.0], [69.5, 66.0], [69.5, 65.0], [70.0, 64.5], [71.0, 64.5], [71.5, 64.0], [71.5, 63.0], [72.0, 62.5], [72.5, 62.0], [73.0, 61.5], [74.0, 61.5], [74.5, 61.0], [75.0, 60.5], [75.5, 60.0], [76.0, 59.5], [77.0, 59.5], [78.0, 59.5], [79.0, 59.5], [79.5, 59.0], [80.0, 58.5], [81.0, 58.5], [81.5, 58.0], [82.0, 57.5], [83.0, 57.5], [83.5, 57.0], [84.0, 56.5], [85.0, 56.5], [86.0, 56.5], [86.5, 56.0], [86.5, 55.0], [86.5, 54.0], [86.0, 53.5], [85.5, 53.0], [85.0, 52.5], [84.5, 52.0], [84.0, 51.5], [83.0, 51.5], [82.0, 51.5], [81.5, 51.0], [81.0, 50.5], [80.0, 50.5], [79.5, 51.0], [79.0, 51.5], [78.0, 51.5], [77.0, 51.5], [76.0, 51.5], [75.0, 51.5], [74.0, 51.5], [73.5, 52.0], [73.0, 52.5], [72.0, 52.5], [71.5, 53.0], [71.0, 53.5], [70.0, 53.5], [69.0, 53.5], [68.5, 54.0], [68.0, 54.5], [67.0, 54.5], [66.5, 55.0], [66.0, 55.5], [65.0, 55.5], [64.5, 56.0], [64.0, 56.5], [63.5, 57.0], [63.5, 58.0], [63.0, 58.5], [62.0, 58.5], [61.5, 59.0], [61.0, 59.5], [60.5, 60.0], [60.5, 61.0], [60.0, 61.5], [59.5, 62.0], [59.0, 62.5], [58.5, 63.0], [58.5, 64.0], [58.0, 64.5], [57.5, 65.0], [57.5, 66.0], [57.0, 66.5], [56.5, 67.0], [56.5, 68.0]]"
SLICE,Z1,VI_R,24.99771463870789,20.666722893711892,-296.6020050048804,,36.527426160337555,9.493518048465006,,,"[[70.0, 64.5], [69.5, 65.0], [69.5, 66.0], [69.5, 67.0], [69.5, 68.0], [69.5, 69.0], [69.5, 70.0], [69.5, 71.0], [69.5, 72.0], [69.5, 73.0], [69.5, 74.0], [70.0, 74.5], [70.5, 75.0], [70.5, 76.0], [71.0, 76.5], [71.5, 77.0], [71.5, 78.0], [71.5, 79.0], [71.5, 80.0], [71.5, 81.0], [71.5, 82.0], [71.5, 83.0], [71.5, 84.0], [71.5, 85.0], [71.5, 86.0], [71.5, 87.0], [71.5, 88.0], [71.5, 89.0], [71.5, 90.0], [71.5, 91.0], [72.0, 91.5], [73.0, 91.5], [74.0, 91.5], [74.5, 92.0], [75.0, 92.5], [75.5, 93.0], [76.0, 93.5], [77.0, 93.5], [78.0, 93.5], [79.0, 93.5], [79.5, 93.0], [79.5, 92.0], [80.0, 91.5], [80.5, 91.0], [81.0, 90.5], [82.0, 90.5], [82.5, 90.0], [83.0, 89.5], [84.0, 89.5], [84.5, 89.0], [84.5, 88.0], [84.5, 87.0], [85.0, 86.5], [85.5, 86.0], [86.0, 85.5], [86.5, 85.0], [86.5, 84.0], [87.0, 83.5], [87.5, 83.0], [87.5, 82.0], [87.5, 81.0], [87.5, 80.0], [87.0, 79.5], [86.5, 79.0], [86.0, 78.5], [85.0, 78.5], [84.0, 78.5], [83.0, 78.5], [82.0, 78.5], [81.0, 78.5], [80.5, 78.0], [80.0, 77.5], [79.5, 77.0], [79.0, 76.5], [78.5, 76.0], [78.0, 75.5], [77.5, 75.0], [77.0, 74.5], [76.5, 74.0], [76.5, 73.0], [76.5, 72.0], [76.5, 71.0], [76.5, 70.0], [76.5, 69.0], [76.5, 68.0], [77.0, 67.5], [77.5, 67.0], [78.0, 66.5], [78.5, 66.0], [79.0, 65.5], [79.5, 65.0], [80.0, 64.5], [81.0, 64.5], [81.5, 64.0], [82.0, 63.5], [82.5, 63.0], [83.0, 62.5], [84.0, 62.5], [85.0, 62.5], [86.0, 62.5], [87.0, 62.5], [88.0, 62.5], [88.5, 63.0], [89.0, 63.5], [90.0, 63.5], [90.5, 64.0], [91.0, 64.5], [92.0, 64.5], [92.5, 65.0], [92.5, 66.0], [92.5, 67.0], [93.0, 67.5], [93.5, 68.0], [93.5, 69.0], [94.0, 69.5], [94.5, 69.0], [95.0, 68.5], [96.0, 68.5], [96.5, 69.0], [97.0, 69.5], [97.5, 69.0], [98.0, 68.5], [98.5, 68.0], [99.0, 67.5], [99.5, 67.0], [99.5, 66.0], [99.5, 65.0], [99.0, 64.5], [98.5, 64.0], [98.5, 63.0], [98.0, 62.5], [97.5, 62.0], [97.0, 61.5], [96.5, 61.0], [96.5, 60.0], [96.0, 59.5], [95.5, 59.0], [95.0, 58.5], [94.5, 58.0], [94.0, 57.5], [93.0, 57.5], [92.0, 57.5], [91.5, 57.0], [91.0, 56.5], [90.0, 56.5], [89.5, 56.0], [89.0, 55.5], [88.0, 55.5], [87.0, 55.5], [86.5, 56.0], [86.0, 56.5], [85.0, 56.5], [84.0, 56.5], [83.5, 57.0], [83.0, 57.5], [82.0, 57.5], [81.5, 58.0], [81.0, 58.5], [80.0, 58.5], [79.5, 59.0], [79.0, 59.5], [78.0, 59.5], [77.0, 59.5], [76.0, 59.5], [75.5, 60.0], [75.0, 60.5], [74.5, 61.0], [74.0, 61.5], [73.0, 61.5], [72.5, 62.0], [72.0, 62.5], [71.5, 63.0], [71.5, 64.0], [71.0, 64.5]]"
SLICE,Z1,VM_R,24.99771463870789,20.666722893711892,-296.6020050048804,,37.90067720090293,7.952685960626859,,,"[[91.0, 73.5], [90.5, 74.0], [90.5, 75.0], [90.5, 76.0], [90.5, 77.0], [90.5, 78.0], [91.0, 78.5], [92.0, 78.5], [92.5, 79.0], [93.0, 79.5], [93.5, 80.0], [93.5, 81.0], [94.0, 81.5], [94.5, 82.0], [94.5, 83.0], [94.5, 84.0], [95.0, 84.5], [96.0, 84.5], [96.5, 85.0], [97.0, 85.5], [98.0, 85.5], [98.5, 86.0], [99.0, 86.5], [100.0, 86.5], [101.0, 86.5], [102.0, 86.5], [103.0, 86.5], [104.0, 86.5], [105.0, 86.5], [106.0, 86.5], [107.0, 86.5], [108.0, 86.5], [109.0, 86.5], [110.0, 86.5], [111.0, 86.5], [112.0, 86.5], [113.0, 86.5], [114.0, 86.5], [114.5, 86.0], [115.0, 85.5], [115.5, 85.0], [116.0, 84.5], [117.0, 84.5], [117.5, 84.0], [118.0, 83.5], [118.5, 83.0], [119.0, 82.5], [119.5, 82.0], [120.0, 81.5], [120.5, 81.0], [121.0, 80.5], [121.5, 80.0], [122.0, 79.5], [122.5, 79.0], [122.5, 78.0], [122.5, 77.0], [123.0, 76.5], [123.5, 76.0], [124.0, 75.5], [124.5, 75.0], [124.5, 74.0], [124.5, 73.0], [124.5, 72.0], [124.5, 71.0], [124.5, 70.0], [124.5, 69.0], [124.5, 68.0], [124.0, 67.5], [123.5, 67.0], [123.5, 66.0], [123.0, 65.5], [122.5, 65.0], [122.0, 64.5], [121.5, 64.0], [121.5, 63.0], [121.0, 62.5], [120.5, 62.0], [120.0, 61.5], [119.5, 61.0], [119.5, 60.0], [119.0, 59.5], [118.5, 59.0], [118.0, 58.5], [117.0, 58.5], [116.5, 58.0], [116.5, 57.0], [116.0, 56.5], [115.0, 56.5], [114.5, 56.0], [114.0, 55.5], [113.0, 55.5], [112.5, 55.0], [112.0, 54.5], [111.5, 54.0], [111.0, 53.5], [110.0, 53.5], [109.5, 53.0], [109.0, 52.5], [108.0, 52.5], [107.5, 52.0], [107.0, 51.5], [106.0, 51.5], [105.5, 51.0], [105.0, 50.5], [104.0, 50.5], [103.0, 50.5], [102.0, 50.5], [101.0, 50.5], [100.0, 50.5], [99.0, 50.5], [98.5, 51.0], [98.0, 51.5], [97.0, 51.5], [96.0, 51.5], [95.5, 52.0], [95.5, 53.0], [95.0, 53.5], [94.5, 54.0], [94.5, 55.0], [94.0, 55.5], [93.5, 56.0], [93.5, 57.0], [94.0, 57.5], [94.5, 58.0], [95.0, 58.5], [95.5, 59.0], [96.0, 59.5], [96.5, 60.0], [96.5, 61.0], [97.0, 61.5], [97.5, 62.0], [98.0, 62.5], [98.5, 63.0], [98.5, 64.0], [99.0, 64.5], [99.5, 65.0], [99.5, 66.0], [99.5, 67.0], [99.0, 67.5], [98.5, 68.0], [98.0, 68.5], [97.5, 69.0], [97.0, 69.5], [96.5, 69.0], [96.0, 68.5], [95.0, 68.5], [94.5, 69.0], [94.0, 69.5], [93.0, 69.5], [92.5, 70.0], [92.0, 70.5], [91.5, 71.0], [91.5, 72.0], [91.5, 73.0]]"
SLICE,Z1,RF_R,24.99771463870789,20.666722893711892,-296.6020050048804,,26.596153846153847,17.91782483298579,,,"[[86.0, 50.5], [85.5, 51.0], [85.5, 52.0], [85.5, 53.0], [86.0, 53.5], [86.5, 54.0], [86.5, 55.0], [87.0, 55.5], [88.0, 55.5], [89.0, 55.5], [89.5, 56.0], [90.0, 56.5], [91.0, 56.5], [92.0, 56.5], [93.0, 56.5], [93.5, 56.0], [94.0, 55.5], [94.5, 55.0], [94.5, 54.0], [95.0, 53.5], [95.5, 53.0], [95.5, 52.0], [95.0, 51.5], [94.5, 51.0], [94.0, 50.5], [93.0, 50.5], [92.0, 50.5], [91.5, 50.0], [91.0, 49.5], [90.0, 49.5], [89.0, 49.5], [88.5, 50.0], [88.0, 50.5], [87.0, 50.5]]"
SLICE,Z1,SAR_R,24.99771463870789,20.666722893711892,-296.6020050048804,,35.95,10.542651469151393,,,"[[114.0, 86.5], [113.5, 87.0], [113.5, 88.0], [113.5, 89.0], [113.5, 90.0], [113.5, 91.0], [113.5, 92.0], [114.0, 92.5], [114.5, 93.0], [114.5, 94.0], [115.0, 94.5], [115.5, 95.0], [116.0, 95.5], [116.5, 96.0], [117.0, 96.5], [118.0, 96.5], [119.0, 96.5], [119.5, 97.0], [120.0, 97.5], [121.0, 97.5], [122.0, 97.5], [123.0, 97.5], [123.5, 98.0], [124.0, 98.5], [125.0, 98.5], [125.5, 98.0], [126.0, 97.5], [126.5, 97.0], [127.0, 96.5], [127.5, 96.0], [127.5, 95.0], [128.0, 94.5], [128.5, 94.0], [128.5, 93.0], [128.5, 92.0], [128.5, 91.0], [128.0, 90.5], [127.5, 90.0], [127.5, 89.0], [127.0, 88.5], [126.5, 88.0], [126.5, 87.0], [126.5, 86.0], [126.0, 85.5], [125.0, 85.5], [124.5, 85.0], [124.5, 84.0], [124.0, 83.5], [123.5, 83.0], [123.0, 82.5], [122.5, 82.0], [122.0, 81.5], [121.0, 81.5], [120.0, 81.5], [119.5, 82.0], [119.0, 82.5], [118.5, 83.0], [118.0, 83.5], [117.5, 84.0], [117.0, 84.5], [116.0, 84.5], [115.5, 85.0], [115.0, 85.5], [114.5, 86.0]]"
SLICE,Z1,GRA_R,24.99771463870789,20.666722893711892,-296.6020050048804,,33.69230769230769,13.555496276047617,,,"[[121.0, 102.5], [120.5, 103.0], [120.5, 104.0], [120.5, 105.0], [120.5, 106.0], [120.5, 107.0], [120.5, 108.0], [121.0, 108.5], [121.5, 109.0], [122.0, 109.5], [123.0, 109.5], [123.5, 110.0], [124.0, 110.5], [125.0, 110.5], [126.0, 110.5], [126.5, 110.0], [127.0, 109.5], [127.5, 109.0], [127.5, 108.0], [127.5, 107.0], [127.5, 106.0], [127.0, 105.5], [126.5, 105.0], [126.5, 104.0], [126.5, 103.0], [126.0, 102.5], [125.5, 102.0], [125.0, 101.5], [124.0, 101.5], [123.0, 101.5], [122.0, 101.5], [121.5, 102.0]]"
SLICE,Z1,SM_R,24.99771463870789,20.666722893711892,-296.6020050048804,,34.18930957683742,14.232159440139501,,,"[[97.0, 99.5], [96.5, 100.0], [96.5, 101.0], [96.5, 102.0], [96.5, 103.0], [96.5, 104.0], [96.5, 105.0], [96.5, 106.0], [97.0, 106.5], [97.5, 107.0], [98.0, 107.5], [98.5, 108.0], [98.5, 109.0], [99.0, 109.5], [100.0, 109.5], [100.5, 110.0], [100.5, 111.0], [101.0, 111.5], [102.0, 111.5], [102.5, 112.0], [103.0, 112.5], [104.0, 112.5], [104.5, 113.0], [105.0, 113.5], [105.5, 114.0], [106.0, 114.5], [106.5, 115.0], [106.5, 116.0], [107.0, 116.5], [107.5, 117.0], [107.5, 118.0], [107.5, 119.0], [107.5, 120.0], [107.0, 120.5], [106.5, 121.0], [107.0, 121.5], [108.0, 121.5], [108.5, 122.0], [109.0, 122.5], [109.5, 123.0], [110.0, 123.5], [111.0, 123.5], [112.0, 123.5], [112.5, 123.0], [113.0, 122.5], [114.0, 122.5], [114.5, 122.0], [115.0, 121.5], [116.0, 121.5], [116.5, 121.0], [116.5, 120.0], [117.0, 119.5], [117.5, 119.0], [118.0, 118.5], [118.5, 118.0], [118.5, 117.0], [119.0, 116.5], [119.5, 116.0], [119.5, 115.0], [119.5, 114.0], [119.0, 113.5], [118.5, 113.0], [118.5, 112.0], [118.5, 111.0], [118.0, 110.5], [117.5, 110.0], [117.5, 109.0], [117.0, 108.5], [116.5, 108.0], [116.5, 107.0], [116.5, 106.0], [116.5, 105.0], [116.5, 104.0], [116.5, 103.0], [116.5, 102.0], [116.5, 101.0], [116.0, 100.5], [115.0, 100.5], [114.5, 100.0], [114.5, 99.0], [114.5, 98.0], [114.5, 97.0], [114.0, 96.5], [113.5, 96.0], [113.0, 95.5], [112.5, 95.0], [112.0, 94.5], [111.0, 94.5], [110.0, 94.5], [109.5, 94.0], [109.0, 93.5], [108.0, 93.5], [107.5, 93.0], [107.0, 92.5], [106.0, 92.5], [105.0, 92.5], [104.0, 92.5], [103.5, 93.0], [103.0, 93.5], [102.0, 93.5], [101.0, 93.5], [100.5, 94.0], [100.5, 95.0], [100.0, 95.5], [99.0, 95.5], [98.5, 96.0], [98.5, 97.0], [98.0, 97.5], [97.5, 98.0], [97.5, 99.0]]"
SLICE,Z1,ST_R,24.99771463870789,20.666722893711892,-296.6020050048804,,32.205882352941174,12.478874882740845,,,"[[99.0, 113.5], [98.5, 114.0], [98.5, 115.0], [98.5, 116.0], [98.5, 117.0], [98.5, 118.0], [98.5, 119.0], [99.0, 119.5], [100.0, 119.5], [100.5, 120.0], [100.5, 121.0], [101.0, 121.5], [102.0, 121.5], [103.0, 121.5], [104.0, 121.5], [105.0, 121.5], [106.0, 121.5], [106.5, 121.0], [107.0, 120.5], [107.5, 120.0], [107.5, 119.0], [107.5, 118.0], [107.5, 117.0], [107.0, 116.5], [106.5, 116.0], [106.5, 115.0], [106.0, 114.5], [105.5, 114.0], [105.0, 113.5], [104.5, 113.0], [104.0, 112.5], [103.0, 112.5], [102.5, 112.0], [102.0, 111.5], [101.5, 112.0], [101.0, 112.5], [100.5, 113.0], [100.0, 113.5]]"
SLICE,Z1,BF_R,24.99771463870789,20.666722893711892,-296.6020050048804,,36.228228228228225,9.890489661776796,,,"[[75.0, 99.5], [74.5, 100.0], [74.5, 101.0], [75.0, 101.5], [75.5, 102.0], [75.5, 103.0], [75.5, 104.0], [75.5, 105.0], [75.5, 106.0], [75.5, 107.0], [75.5, 108.0], [75.5, 109.0], [76.0, 109.5], [76.5, 110.0], [76.5, 111.0], [77.0, 111.5], [77.5, 112.0], [78.0, 112.5], [78.5, 113.0], [78.5, 114.0], [79.0, 114.5], [79.5, 115.0], [80.0, 115.5], [80.5, 116.0], [81.0, 116.5], [81.5, 117.0], [82.0, 117.5], [83.0, 117.5], [83.5, 118.0], [83.5, 119.0], [84.0, 119.5], [85.0, 119.5], [86.0, 119.5], [87.0, 119.5], [88.0, 119.5], [89.0, 119.5], [90.0, 119.5], [91.0, 119.5], [92.0, 119.5], [92.5, 119.0], [93.0, 118.5], [93.5, 118.0], [94.0, 117.5], [94.5, 117.0], [94.5, 116.0], [94.5, 115.0], [95.0, 114.5], [95.5, 114.0], [95.5, 113.0], [95.5, 112.0], [95.0, 111.5], [94.5, 111.0], [94.5, 110.0], [94.5, 109.0], [94.5, 108.0], [94.5, 107.0], [94.5, 106.0], [94.0, 105.5], [93.5, 105.0], [93.0, 104.5], [92.5, 104.0], [92.0, 103.5], [91.5, 103.0], [91.5, 102.0], [91.5, 101.0], [91.0, 100.5], [90.0, 100.5], [89.5, 100.0], [89.0, 99.5], [88.5, 99.0], [88.0, 98.5], [87.0, 98.5], [86.5, 98.0], [86.5, 97.0], [86.0, 96.5], [85.0, 96.5], [84.0, 96.5], [83.0, 96.5], [82.5, 97.0], [82.5, 98.0], [82.0, 98.5], [81.5, 99.0], [81.5, 100.0], [81.0, 100.5], [80.0, 100.5], [79.0, 100.5], [78.5, 101.0], [78.0, 101.5], [77.0, 101.5], [76.5, 101.0], [76.5, 100.0], [76.5, 99.0], [76.0, 98.5], [75.5, 99.0]]"
SLICE,Z1,BF_SH_R,24.99771463870789,20.666722893711892,-296.6020050048804,,35.22857142857143,14.027698547182007,,,"[[77.0, 94.5], [76.5, 95.0], [76.5, 96.0], [76.5, 97.0], [76.5, 98.0], [76.5, 99.0], [76.5, 100.0], [76.5, 101.0], [77.0, 101.5], [78.0, 101.5], [78.5, 101.0], [79.0, 100.5], [80.0, 100.5], [81.0, 100.5], [81.5, 100.0], [81.5, 99.0], [82.0, 98.5], [82.5, 98.0], [82.5, 97.0], [82.5, 96.0], [82.5, 95.0], [82.5, 94.0], [83.0, 93.5], [83.5, 93.0], [83.5, 92.0], [83.5, 91.0], [83.0, 90.5], [82.0, 90.5], [81.0, 90.5], [80.5, 91.0], [80.0, 91.5], [79.5, 92.0], [79.5, 93.0], [79.0, 93.5], [78.0, 93.5], [77.5, 94.0]]"
SLICE,Z1,AM_R,24.99771463870789,20.666722893711892,-296.6020050048804,,35.56172839506173,14.909165860043283,,,"[[86.0, 89.5], [85.5, 90.0], [86.0, 90.5], [86.5, 91.0], [87.0, 91.5], [87.5, 92.0], [88.0, 92.5], [88.5, 93.0], [89.0, 93.5], [89.5, 94.0], [90.0, 94.5], [91.0, 94.5], [92.0, 94.5], [93.0, 94.5], [94.0, 94.5], [95.0, 94.5], [96.0, 94.5], [97.0, 94.5], [97.5, 94.0], [98.0, 93.5], [98.5, 93.0], [98.5, 92.0], [98.0, 91.5], [97.5, 91.0], [97.0, 90.5], [96.5, 90.0], [96.5, 89.0], [96.5, 88.0], [96.5, 87.0], [96.5, 86.0], [96.0, 85.5], [95.5, 85.0], [95.0, 84.5], [94.5, 84.0], [94.5, 83.0], [94.5, 82.0], [94.0, 81.5], [93.5, 81.0], [93.5, 80.0], [93.0, 79.5], [92.5, 79.0], [92.0, 78.5], [91.0, 78.5], [90.0, 78.5], [89.5, 79.0], [89.0, 79.5], [88.5, 80.0], [89.0, 80.5], [89.5, 81.0], [89.5, 82.0], [89.0, 82.5], [88.5, 83.0], [88.5, 84.0], [88.5, 85.0], [88.5, 86.0], [89.0, 86.5], [89.5, 87.0], [89.0, 87.5], [88.0, 87.5], [87.0, 87.5], [86.5, 88.0], [87.0, 88.5], [87.5, 89.0], [87.0, 89.5]]"
SLICE,Z1,AL_R,24.99771463870789,20.666722893711892,-296.6020050048804,,,,,,
SLICE,Z1,AB_R,24.99771463870789,20.666722893711892,-296.6020050048804,,,,,,
SLICE,Z1,VL_L,24.99771463870789,20.666722893711892,-296.6020050048804,,36.10294117647059,9.342564999037775,,,"[[229.0, 49.5], [228.5, 50.0], [228.5, 51.0], [228.5, 52.0], [228.5, 53.0], [229.0, 53.5], [229.5, 54.0], [230.0, 54.5], [231.0, 54.5], [231.5, 55.0], [232.0, 55.5], [233.0, 55.5], [234.0, 55.5], [234.5, 55.0], [235.0, 54.5], [236.0, 54.5], [237.0, 54.5], [238.0, 54.5], [239.0, 54.5], [239.5, 55.0], [240.0, 55.5], [241.0, 55.5], [241.5, 56.0], [242.0, 56.5], [243.0, 56.5], [243.5, 57.0], [244.0, 57.5], [244.5, 58.0], [244.5, 59.0], [245.0, 59.5], [245.5, 60.0], [246.0, 60.5], [246.5, 61.0], [246.5, 62.0], [246.5, 63.0], [246.5, 64.0], [247.0, 64.5], [247.5, 65.0], [247.5, 66.0], [247.5, 67.0], [247.5, 68.0], [247.5, 69.0], [247.5, 70.0], [247.5, 71.0], [248.0, 71.5], [248.5, 72.0], [249.0, 72.5], [249.5, 73.0], [249.5, 74.0], [250.0, 74.5], [251.0, 74.5], [251.5, 75.0], [251.5, 76.0], [251.5, 77.0], [252.0, 77.5], [252.5, 78.0], [252.5, 79.0], [253.0, 79.5], [253.5, 80.0], [253.0, 80.5], [252.5, 81.0], [252.5, 82.0], [252.0, 82.5], [251.5, 83.0], [252.0, 83.5], [253.0, 83.5], [253.5, 83.0], [254.0, 82.5], [254.5, 82.0], [255.0, 81.5], [255.5, 81.0], [256.0, 80.5], [256.5, 80.0], [256.5, 79.0], [257.0, 78.5], [257.5, 78.0], [257.5, 77.0], [258.0, 76.5], [258.5, 76.0], [258.5, 75.0], [258.5, 74.0], [259.0, 73.5], [259.5, 73.0], [259.5, 72.0], [259.5, 71.0], [259.5, 70.0], [259.5, 69.0], [259.5, 68.0], [259.5, 67.0], [259.5, 66.0], [259.5, 65.0], [259.5, 64.0], [259.5, 63.0], [259.0, 62.5], [258.5, 62.0], [258.5, 61.0], [258.0, 60.5], [257.5, 60.0], [257.5, 59.0], [257.0, 58.5], [256.5, 58.0], [256.5, 57.0], [256.0, 56.5], [255.5, 56.0], [255.0, 55.5], [254.5, 55.0], [254.0, 54.5], [253.5, 54.0], [253.0, 53.5], [252.0, 53.5], [251.5, 53.0], [251.0, 52.5], [250.5, 52.0], [250.0, 51.5], [249.5, 51.0], [249.0, 50.5], [248.0, 50.5], [247.0, 50.5], [246.5, 50.0], [246.0, 49.5], [245.0, 49.5], [244.5, 49.0], [244.0, 48.5], [243.0, 48.5], [242.0, 48.5], [241.0, 48.5], [240.0, 48.5], [239.0, 48.5], [238.0, 48.5], [237.0, 48.5], [236.0, 48.5], [235.0, 48.5], [234.0, 48.5], [233.0, 48.5], [232.0, 48.5], [231.0, 48.5], [230.0, 48.5], [229.5, 49.0]]"
SLICE,Z1,VI_L,24.99771463870789,20.666722893711892,-296.6020050048804,,36.547094188376754,10.001567340756631,,,"[[217.0, 60.5], [216.5, 61.0], [216.5, 62.0], [216.5, 63.0], [216.5, 64.0], [216.5, 65.0], [217.0, 65.5], [217.5, 66.0], [218.0, 66.5], [218.5, 67.0], [219.0, 67.5], [219.5, 68.0], [220.0, 68.5], [220.5, 69.0], [221.0, 69.5], [221.5, 69.0], [221.5, 68.0], [221.5, 67.0], [221.5, 66.0], [221.5, 65.0], [222.0, 64.5], [222.5, 64.0], [223.0, 63.5], [223.5, 63.0], [224.0, 62.5], [224.5, 62.0], [225.0, 61.5], [226.0, 61.5], [226.5, 61.0], [227.0, 60.5], [228.0, 60.5], [229.0, 60.5], [230.0, 60.5], [231.0, 60.5], [232.0, 60.5], [233.0, 60.5], [234.0, 60.5], [235.0, 60.5], [235.5, 61.0], [236.0, 61.5], [237.0, 61.5], [237.5, 62.0], [238.0, 62.5], [238.5, 63.0], [238.5, 64.0], [239.0, 64.5], [239.5, 65.0], [240.0, 65.5], [240.5, 66.0], [240.5, 67.0], [240.5, 68.0], [240.5, 69.0], [240.5, 70.0], [240.5, 71.0], [240.5, 72.0], [240.0, 72.5], [239.5, 73.0], [239.0, 73.5], [238.5, 74.0], [238.5, 75.0], [238.0, 75.5], [237.0, 75.5], [236.0, 75.5], [235.5, 76.0], [235.0, 76.5], [234.0, 76.5], [233.5, 77.0], [233.0, 77.5], [232.0, 77.5], [231.5, 78.0], [231.5, 79.0], [231.5, 80.0], [232.0, 80.5], [232.5, 81.0], [233.0, 81.5], [233.5, 82.0], [233.5, 83.0], [234.0, 83.5], [234.5, 84.0], [235.0, 84.5], [236.0, 84.5], [237.0, 84.5], [237.5, 85.0], [238.0, 85.5], [239.0, 85.5], [239.5, 86.0], [240.0, 86.5], [241.0, 86.5], [242.0, 86.5], [243.0, 86.5], [244.0, 86.5], [245.0, 86.5], [246.0, 86.5], [246.5, 86.0], [247.0, 85.5], [248.0, 85.5], [249.0, 85.5], [249.5, 85.0], [250.0, 84.5], [251.0, 84.5], [251.5, 84.0], [251.5, 83.0], [252.0, 82.5], [252.5, 82.0], [252.5, 81.0], [253.0, 80.5], [253.5, 80.0], [253.0, 79.5], [252.5, 79.0], [252.5, 78.0], [252.0, 77.5], [251.5, 77.0], [251.5, 76.0], [251.5, 75.0], [251.0, 74.5], [250.0, 74.5], [249.5, 74.0], [249.5, 73.0], [249.0, 72.5], [248.5, 72.0], [248.0, 71.5], [247.5, 71.0], [247.5, 70.0], [247.5, 69.0], [247.5, 68.0], [247.5, 67.0], [247.5, 66.0], [247.5, 65.0], [247.0, 64.5], [246.5, 64.0], [246.5, 63.0], [246.5, 62.0], [246.5, 61.0], [246.0, 60.5], [245.5, 60.0], [245.0, 59.5], [244.5, 59.0], [244.5, 58.0], [244.0, 57.5], [243.5, 57.0], [243.0, 56.5], [242.0, 56.5], [241.5, 56.0], [241.0, 55.5], [240.0, 55.5], [239.5, 55.0], [239.0, 54.5], [238.0, 54.5], [237.0, 54.5], [236.0, 54.5], [235.0, 54.5], [234.5, 55.0], [234.0, 55.5], [233.0, 55.5], [232.0, 55.5], [231.5, 55.0], [231.0, 54.5], [230.0, 54.5], [229.5, 54.0], [229.0, 53.5], [228.5, 54.0], [228.0, 54.5], [227.0, 54.5], [226.0, 54.5], [225.5, 55.0], [225.0, 55.5], [224.0, 55.5], [223.0, 55.5], [222.5, 56.0], [222.0, 56.5], [221.0, 56.5], [220.0, 56.5], [219.5, 57.0], [219.5, 58.0], [219.0, 58.5], [218.5, 59.0], [218.0, 59.5], [217.5, 60.0]]"
SLICE,Z1,VM_L,24.99771463870789,20.666722893711892,-296.6020050048804,,37.47014925373134,5.629997346977799,,,"[[193.0, 68.5], [192.5, 69.0], [192.5, 70.0], [192.5, 71.0], [192.5, 72.0], [192.5, 73.0], [193.0, 73.5], [193.5, 74.0], [193.5, 75.0], [193.5, 76.0], [193.5, 77.0], [194.0, 77.5], [194.5, 78.0], [195.0, 78.5], [195.5, 79.0], [196.0, 79.5], [196.5, 80.0], [197.0, 80.5], [197.5, 81.0], [198.0, 81.5], [198.5, 82.0], [199.0, 82.5], [199.5, 83.0], [200.0, 83.5], [200.5, 84.0], [201.0, 84.5], [202.0, 84.5], [203.0, 84.5], [203.5, 85.0], [204.0, 85.5], [205.0, 85.5], [205.5, 86.0], [206.0, 86.5], [207.0, 86.5], [208.0, 86.5], [209.0, 86.5], [210.0, 86.5], [211.0, 86.5], [211.5, 87.0], [212.0, 87.5], [213.0, 87.5], [213.5, 87.0], [214.0, 86.5], [215.0, 86.5], [216.0, 86.5], [217.0, 86.5], [218.0, 86.5], [219.0, 86.5], [219.5, 86.0], [220.0, 85.5], [221.0, 85.5], [221.5, 85.0], [222.0, 84.5], [223.0, 84.5], [224.0, 84.5], [224.5, 84.0], [225.0, 83.5], [225.5, 83.0], [226.0, 82.5], [226.5, 82.0], [226.5, 81.0], [227.0, 80.5], [227.5, 80.0], [227.5, 79.0], [227.5, 78.0], [227.5, 77.0], [228.0, 76.5], [228.5, 76.0], [228.0, 75.5], [227.0, 75.5], [226.5, 75.0], [226.5, 74.0], [226.0, 73.5], [225.0, 73.5], [224.5, 73.0], [224.5, 72.0], [224.5, 71.0], [224.0, 70.5], [223.0, 70.5], [222.5, 70.0], [222.0, 69.5], [221.0, 69.5], [220.5, 69.0], [220.0, 68.5], [219.5, 68.0], [219.0, 67.5], [218.5, 67.0], [218.0, 66.5], [217.5, 66.0], [217.0, 65.5], [216.5, 65.0], [216.5, 64.0], [216.5, 63.0], [216.5, 62.0], [216.5, 61.0], [217.0, 60.5], [217.5, 60.0], [218.0, 59.5], [218.5, 59.0], [219.0, 58.5], [219.5, 58.0], [219.5, 57.0], [220.0, 56.5], [221.0, 56.5], [222.0, 56.5], [222.5, 56.0], [223.0, 55.5], [223.5, 55.0], [223.5, 54.0], [223.5, 53.0], [223.0, 52.5], [222.5, 52.0], [222.0, 51.5], [221.5, 51.0], [221.0, 50.5], [220.5, 50.0], [220.0, 49.5], [219.5, 49.0], [219.0, 48.5], [218.0, 48.5], [217.0, 48.5], [216.0, 48.5], [215.0, 48.5], [214.0, 48.5], [213.0, 48.5], [212.0, 48.5], [211.0, 48.5], [210.5, 49.0], [210.0, 49.5], [209.0, 49.5], [208.5, 50.0], [208.0, 50.5], [207.0, 50.5], [206.0, 50.5], [205.5, 51.0], [205.0, 51.5], [204.5, 52.0], [204.0, 52.5], [203.5, 53.0], [203.0, 53.5], [202.0, 53.5], [201.5, 54.0], [201.0, 54.5], [200.5, 55.0], [200.0, 55.5], [199.5, 56.0], [199.0, 56.5], [198.5, 57.0], [198.5, 58.0], [198.0, 58.5], [197.5, 59.0], [197.0, 59.5], [196.5, 60.0], [196.0, 60.5], [195.5, 61.0], [195.5, 62.0], [195.0, 62.5], [194.5, 63.0], [194.0, 63.5], [193.5, 64.0], [193.5, 65.0], [193.5, 66.0], [193.5, 67.0], [193.5, 68.0]]"
SLICE,Z1,RF_L,24.99771463870789,20.666722893711892,-296.6020050048804,,13.727272727272727,5.188990251938304,,,"[[222.0, 50.5], [221.5, 51.0], [222.0, 51.5], [222.5, 52.0], [223.0, 52.5], [223.5, 53.0], [224.0, 53.5], [225.0, 53.5], [225.5, 53.0], [226.0, 52.5], [226.5, 52.0], [226.5, 51.0], [226.0, 50.5], [225.0, 50.5], [224.0, 50.5], [223.0, 50.5]]"
SLICE,Z1,SAR_L,24.99771463870789,20.666722893711892,-296.6020050048804,,36.57754010695187,9.453976801927645,,,"[[193.0, 90.5], [192.5, 91.0], [192.5, 92.0], [192.5, 93.0], [192.5, 94.0], [192.5, 95.0], [192.5, 96.0], [193.0, 96.5], [193.5, 97.0], [193.5, 98.0], [194.0, 98.5], [194.5, 99.0], [195.0, 99.5], [196.0, 99.5], [197.0, 99.5], [197.5, 100.0], [198.0, 100.5], [199.0, 100.5], [199.5, 100.0], [200.0, 99.5], [201.0, 99.5], [201.5, 99.0], [202.0, 98.5], [203.0, 98.5], [203.5, 98.0], [204.0, 97.5], [204.5, 97.0], [204.5, 96.0], [205.0, 95.5], [205.5, 95.0], [206.0, 94.5], [206.5, 94.0], [206.5, 93.0], [207.0, 92.5], [207.5, 92.0], [207.5, 91.0], [207.5, 90.0], [207.5, 89.0], [207.0, 88.5], [206.5, 88.0], [206.0, 87.5], [205.5, 87.0], [205.0, 86.5], [204.5, 86.0], [204.0, 85.5], [203.0, 85.5], [202.5, 85.0], [202.0, 84.5], [201.0, 84.5], [200.5, 84.0], [200.0, 83.5], [199.0, 83.5], [198.0, 83.5], [197.0, 83.5], [196.5, 84.0], [196.0, 84.5], [195.5, 85.0], [195.0, 85.5], [194.5, 86.0], [194.0, 86.5], [193.5, 87.0], [193.5, 88.0], [193.5, 89.0], [193.5, 90.0]]"
SLICE,Z1,GRA_L,24.99771463870789,20.666722893711892,-296.6020050048804,,16.0,7.630083998107873,,,"[[197.0, 102.5], [196.5, 103.0], [196.5, 104.0], [196.5, 105.0], [196.5, 106.0], [196.5, 107.0], [196.5, 108.0], [197.0, 108.5], [197.5, 109.0], [198.0, 109.5], [199.0, 109.5], [199.5, 109.0], [200.0, 108.5], [201.0, 108.5], [201.5, 108.0], [201.5, 107.0], [202.0, 106.5], [203.0, 106.5], [203.5, 106.0], [204.0, 105.5], [204.5, 105.0], [204.5, 104.0], [204.5, 103.0], [204.5, 102.0], [204.0, 101.5], [203.5, 101.0], [203.0, 100.5], [202.0, 100.5], [201.0, 100.5], [200.0, 100.5], [199.0, 100.5], [198.5, 101.0], [198.0, 101.5], [197.5, 102.0]]"
SLICE,Z1,SM_L,24.99771463870789,20.666722893711892,-296.6020050048804,,36.982142857142854,10.255520539232137,,,"[[205.0, 107.5], [204.5, 108.0], [204.5, 109.0], [204.5, 110.0], [204.5, 111.0], [205.0, 111.5], [205.5, 112.0], [205.5, 113.0], [205.5, 114.0], [206.0, 114.5], [206.5, 115.0], [206.5, 116.0], [207.0, 116.5], [208.0, 116.5], [208.5, 117.0], [209.0, 117.5], [210.0, 117.5], [211.0, 117.5], [212.0, 117.5], [212.5, 117.0], [213.0, 116.5], [214.0, 116.5], [214.5, 116.0], [214.5, 115.0], [214.5, 114.0], [214.5, 113.0], [215.0, 112.5], [215.5, 112.0], [216.0, 111.5], [217.0, 111.5], [218.0, 111.5], [219.0, 111.5], [220.0, 111.5], [221.0, 111.5], [221.5, 111.0], [222.0, 110.5], [222.5, 110.0], [223.0, 109.5], [224.0, 109.5], [224.5, 109.0], [224.5, 108.0], [224.5, 107.0], [225.0, 106.5], [225.5, 106.0], [225.5, 105.0], [226.0, 104.5], [226.5, 104.0], [226.5, 103.0], [227.0, 102.5], [227.5, 102.0], [228.0, 101.5], [228.5, 101.0], [228.5, 100.0], [229.0, 99.5], [229.5, 99.0], [229.0, 98.5], [228.5, 98.0], [228.5, 97.0], [228.5, 96.0], [228.0, 95.5], [227.5, 95.0], [227.0, 94.5], [226.5, 94.0], [226.5, 93.0], [226.0, 92.5], [225.0, 92.5], [224.5, 92.0], [224.0, 91.5], [223.0, 91.5], [222.0, 91.5], [221.0, 91.5], [220.0, 91.5], [219.0, 91.5], [218.5, 92.0], [218.0, 92.5], [217.0, 92.5], [216.5, 93.0], [216.0, 93.5], [215.0, 93.5], [214.5, 94.0], [214.0, 94.5], [213.5, 95.0], [213.0, 95.5], [212.5, 96.0], [212.5, 97.0], [212.0, 97.5], [211.5, 98.0], [211.0, 98.5], [210.5, 99.0], [210.0, 99.5], [209.5, 100.0], [209.0, 100.5], [208.5, 101.0], [208.0, 101.5], [207.5, 102.0], [207.0, 102.5], [206.5, 103.0], [206.0, 103.5], [205.5, 104.0], [205.5, 105.0], [205.5, 106.0], [205.5, 107.0]]"
SLICE,Z1,ST_L,24.99771463870789,20.666722893711892,-296.6020050048804,,32.096774193548384,13.90023169616521,,,"[[215.0, 112.5], [214.5, 113.0], [214.5, 114.0], [214.5, 115.0], [214.5, 116.0], [214.5, 117.0], [214.5, 118.0], [215.0, 118.5], [215.5, 119.0], [216.0, 119.5], [217.0, 119.5], [218.0, 119.5], [218.5, 119.0], [219.0, 118.5], [219.5, 118.0], [220.0, 117.5], [221.0, 117.5], [221.5, 117.0], [222.0, 116.5], [222.5, 116.0], [222.5, 115.0], [223.0, 114.5], [223.5, 114.0], [223.5, 113.0], [224.0, 112.5], [224.5, 112.0], [224.5, 111.0], [224.0, 110.5], [223.5, 110.0], [223.0, 109.5], [222.5, 110.0], [222.0, 110.5], [221.5, 111.0], [221.0, 111.5], [220.0, 111.5], [219.0, 111.5], [218.0, 111.5], [217.0, 111.5], [216.0, 111.5], [215.5, 112.0]]"
SLICE,Z1,BF_L,24.99771463870789,20.666722893711892,-296.6020050048804,,36.08181818181818,7.877622874240701,,,"[[230.0, 106.5], [229.5, 107.0], [229.5, 108.0], [229.5, 109.0], [229.5, 110.0], [229.5, 111.0], [229.5, 112.0], [230.0, 112.5], [230.5, 113.0], [230.5, 114.0], [231.0, 114.5], [232.0, 114.5], [233.0, 114.5], [234.0, 114.5], [235.0, 114.5], [236.0, 114.5], [237.0, 114.5], [238.0, 114.5], [239.0, 114.5], [239.5, 114.0], [240.0, 113.5], [240.5, 113.0], [241.0, 112.5], [241.5, 112.0], [242.0, 111.5], [242.5, 111.0], [243.0, 110.5], [243.5, 110.0], [244.0, 109.5], [244.5, 109.0], [244.5, 108.0], [244.5, 107.0], [245.0, 106.5], [245.5, 106.0], [245.5, 105.0], [245.5, 104.0], [246.0, 103.5], [246.5, 103.0], [246.5, 102.0], [246.5, 101.0], [246.0, 100.5], [245.5, 100.0], [245.0, 99.5], [244.0, 99.5], [243.0, 99.5], [242.0, 99.5], [241.5, 99.0], [241.0, 98.5], [240.0, 98.5], [239.0, 98.5], [238.5, 98.0], [238.0, 97.5], [237.5, 97.0], [237.5, 96.0], [237.0, 95.5], [236.0, 95.5], [235.5, 96.0], [235.5, 97.0], [235.0, 97.5], [234.5, 98.0], [234.0, 98.5], [233.5, 99.0], [233.5, 100.0], [233.0, 100.5], [232.5, 101.0], [232.0, 101.5], [231.5, 102.0], [231.5, 103.0], [231.0, 103.5], [230.5, 104.0], [230.5, 105.0], [230.5, 106.0]]"
SLICE,Z1,BF_SH_L,24.99771463870789,20.666722893711892,-296.6020050048804,,40.743801652892564,11.5347329785426,,,"[[236.0, 85.5], [235.5, 86.0], [236.0, 86.5], [236.5, 87.0], [236.5, 88.0], [237.0, 88.5], [237.5, 89.0], [238.0, 89.5], [238.5, 90.0], [238.5, 91.0], [238.0, 91.5], [237.5, 92.0], [237.5, 93.0], [237.5, 94.0], [237.5, 95.0], [237.5, 96.0], [237.5, 97.0], [238.0, 97.5], [238.5, 98.0], [239.0, 98.5], [240.0, 98.5], [241.0, 98.5], [241.5, 99.0], [242.0, 99.5], [243.0, 99.5], [244.0, 99.5], [245.0, 99.5], [246.0, 99.5], [246.5, 99.0], [246.5, 98.0], [246.5, 97.0], [246.5, 96.0], [246.5, 95.0], [246.5, 94.0], [246.5, 93.0], [246.5, 92.0], [246.0, 91.5], [245.5, 91.0], [245.5, 90.0], [245.0, 89.5], [244.5, 89.0], [244.0, 88.5], [243.5, 88.0], [243.0, 87.5], [242.5, 87.0], [242.0, 86.5], [241.0, 86.5], [240.0, 86.5], [239.5, 86.0], [239.0, 85.5], [238.0, 85.5], [237.0, 85.5]]"
SLICE,Z1,AM_L,24.99771463870789,20.666722893711892,-296.6020050048804,,36.84415584415584,19.11283306900797,,,"[[208.0, 91.5], [207.5, 92.0], [207.5, 93.0], [207.5, 94.0], [208.0, 94.5], [209.0, 94.5], [210.0, 94.5], [211.0, 94.5], [212.0, 94.5], [213.0, 94.5], [213.5, 94.0], [214.0, 93.5], [214.5, 93.0], [215.0, 92.5], [216.0, 92.5], [216.5, 92.0], [217.0, 91.5], [217.5, 91.0], [217.0, 90.5], [216.5, 90.0], [216.5, 89.0], [216.0, 88.5], [215.0, 88.5], [214.0, 88.5], [213.0, 88.5], [212.0, 88.5], [211.0, 88.5], [210.0, 88.5], [209.5, 89.0], [209.0, 89.5], [208.5, 90.0], [208.5, 91.0]]"
SLICE,Z1,AL_L,24.99771463870789,20.666722893711892,-296.6020050048804,,,,,,
SLICE,Z1,AB_L,24.99771463870789,20.666722893711892,-296.6020050048804,,,,,,
SLICE,Z2,VL_R,24.99771463870789,20.666722893711892,-266.60200500488077,,35.99515738498789,8.748710083373991,,,"[[54.0, 67.5], [53.5, 68.0], [53.5, 69.0], [53.5, 70.0], [53.5, 71.0], [53.5, 72.0], [53.5, 73.0], [53.5, 74.0], [53.5, 75.0], [53.5, 76.0], [53.5, 77.0], [53.5, 78.0], [53.5, 79.0], [53.5, 80.0], [53.5, 81.0], [53.5, 82.0], [53.5, 83.0], [54.0, 83.5], [54.5, 84.0], [54.5, 85.0], [55.0, 85.5], [55.5, 86.0], [55.5, 87.0], [55.5, 88.0], [55.5, 89.0], [56.0, 89.5], [56.5, 90.0], [57.0, 90.5], [57.5, 91.0], [58.0, 91.5], [58.5, 92.0], [58.5, 93.0], [59.0, 93.5], [59.5, 94.0], [60.0, 94.5], [60.5, 95.0], [60.5, 96.0], [61.0, 96.5], [62.0, 96.5], [63.0, 96.5], [63.5, 97.0], [64.0, 97.5], [64.5, 98.0], [65.0, 98.5], [66.0, 98.5], [66.5, 99.0], [67.0, 99.5], [68.0, 99.5], [69.0, 99.5], [70.0, 99.5], [71.0, 99.5], [72.0, 99.5], [72.5, 99.0], [73.0, 98.5], [74.0, 98.5], [75.0, 98.5], [75.5, 98.0], [76.0, 97.5], [76.5, 97.0], [77.0, 96.5], [78.0, 96.5], [78.5, 96.0], [79.0, 95.5], [79.5, 95.0], [79.0, 94.5], [78.0, 94.5], [77.5, 94.0], [77.0, 93.5], [76.5, 93.0], [76.5, 92.0], [76.0, 91.5], [75.5, 91.0], [75.5, 90.0], [75.0, 89.5], [74.5, 89.0], [74.5, 88.0], [74.0, 87.5], [73.5, 87.0], [73.0, 86.5], [72.5, 86.0], [72.0, 85.5], [71.5, 85.0], [71.5, 84.0], [71.5, 83.0], [71.0, 82.5], [70.5, 82.0], [70.0, 81.5], [69.5, 81.0], [69.5, 80.0], [69.5, 79.0], [69.5, 78.0], [69.5, 77.0], [69.5, 76.0], [69.5, 75.0], [69.0, 74.5], [68.5, 74.0], [68.5, 73.0], [68.5, 72.0], [68.5, 71.0], [69.0, 70.5], [69.5, 70.0], [69.5, 69.0], [70.0, 68.5], [70.5, 68.0], [70.5, 67.0], [71.0, 66.5], [71.5, 66.0], [71.5, 65.0], [72.0, 64.5], [72.5, 64.0], [73.0, 63.5], [73.5, 63.0], [74.0, 62.5], [74.5, 62.0], [74.5, 61.0], [75.0, 60.5], [75.5, 60.0], [76.0, 59.5], [77.0, 59.5], [77.5, 59.0], [78.0, 58.5], [78.5, 58.0], [79.0, 57.5], [79.5, 57.0], [80.0, 56.5], [81.0, 56.5], [82.0, 56.5], [82.5, 56.0], [83.0, 55.5], [83.5, 55.0], [83.5, 54.0], [83.5, 53.0], [83.0, 52.5], [82.5, 52.0], [82.0, 51.5], [81.5, 51.0], [81.0, 50.5], [80.0, 50.5], [79.0, 50.5], [78.0, 50.5], [77.0, 50.5], [76.0, 50.5], [75.0, 50.5], [74.0, 50.5], [73.0, 50.5], [72.0, 50.5], [71.0, 50.5], [70.0, 50.5], [69.0, 50.5], [68.5, 51.0], [68.0, 51.5], [67.5, 52.0], [67.0, 52.5], [66.0, 52.5], [65.5, 53.0], [65.0, 53.5], [64.0, 53.5], [63.5, 54.0], [63.0, 54.5], [62.5, 55.0], [62.0, 55.5], [61.0, 55.5], [60.5, 56.0], [60.5, 57.0], [60.0, 57.5], [59.5, 58.0], [59.0, 58.5], [58.5, 59.0], [58.0, 59.5], [57.5, 60.0], [57.0, 60.5], [56.5, 61.0], [56.0, 61.5], [55.5, 62.0], [55.5, 63.0], [55.5, 64.0], [55.5, 65.0], [55.0, 65.5], [54.5, 66.0], [54.5, 67.0]]"
SLICE,Z2,VI_R,24.99771463870789,20.666722893711892,-266.60200500488077,,35.58571428571429,6.319535632643026,,,"[[69.0, 70.5], [68.5, 71.0], [68.5, 72.0], [68.5, 73.0], [68.5, 74.0], [69.0, 74.5], [69.5, 75.0], [69.5, 76.0], [69.5, 77.0], [69.5, 78.0], [69.5, 79.0], [69.5, 80.0], [69.5, 81.0], [70.0, 81.5], [70.5, 82.0], [71.0, 82.5], [71.5, 83.0], [71.5, 84.0], [71.5, 85.0], [72.0, 85.5], [72.5, 86.0], [73.0, 86.5], [73.5, 87.0], [74.0, 87.5], [74.5, 88.0], [74.5, 89.0], [75.0, 89.5], [75.5, 90.0], [75.5, 91.0], [76.0, 91.5], [76.5, 92.0], [76.5, 93.0], [77.0, 93.5], [77.5, 94.0], [78.0, 94.5], [79.0, 94.5], [80.0, 94.5], [80.5, 94.0], [81.0, 93.5], [81.5, 93.0], [82.0, 92.5], [82.5, 92.0], [83.0, 91.5], [83.5, 91.0], [84.0, 90.5], [84.5, 90.0], [84.5, 89.0], [85.0, 88.5], [85.5, 88.0], [85.5, 87.0], [86.0, 86.5], [86.5, 86.0], [86.5, 85.0], [86.5, 84.0], [86.5, 83.0], [86.5, 82.0], [87.0, 81.5], [87.5, 81.0], [87.0, 80.5], [86.5, 80.0], [86.5, 79.0], [86.0, 78.5], [85.0, 78.5], [84.0, 78.5], [83.0, 78.5], [82.0, 78.5], [81.0, 78.5], [80.5, 78.0], [80.0, 77.5], [79.5, 77.0], [79.0, 76.5], [78.5, 76.0], [78.0, 75.5], [77.5, 75.0], [77.0, 74.5], [76.5, 74.0], [76.5, 73.0], [76.5, 72.0], [76.5, 71.0], [76.5, 70.0], [76.5, 69.0], [76.5, 68.0], [76.5, 67.0], [76.5, 66.0], [77.0, 65.5], [77.5, 65.0], [78.0, 64.5], [79.0, 64.5], [80.0, 64.5], [80.5, 64.0], [81.0, 63.5], [82.0, 63.5], [82.5, 63.0], [83.0, 62.5], [84.0, 62.5], [85.0, 62.5], [86.0, 62.5], [86.5, 63.0], [87.0, 63.5], [88.0, 63.5], [88.5, 64.0], [89.0, 64.5], [89.5, 65.0], [89.5, 66.0], [90.0, 66.5], [90.5, 67.0], [90.5, 68.0], [90.5, 69.0], [90.5, 70.0], [91.0, 70.5], [91.5, 70.0], [92.0, 69.5], [93.0, 69.5], [94.0, 69.5], [95.0, 69.5], [96.0, 69.5], [96.5, 69.0], [97.0, 68.5], [97.5, 68.0], [97.5, 67.0], [97.5, 66.0], [97.5, 65.0], [97.5, 64.0], [97.5, 63.0], [97.5, 62.0], [97.0, 61.5], [96.5, 61.0], [96.5, 60.0], [96.0, 59.5], [95.5, 59.0], [95.0, 58.5], [94.5, 58.0], [94.0, 57.5], [93.0, 57.5], [92.0, 57.5], [91.5, 57.0], [91.0, 56.5], [90.0, 56.5], [89.0, 56.5], [88.5, 56.0], [88.0, 55.5], [87.0, 55.5], [86.0, 55.5], [85.0, 55.5], [84.0, 55.5], [83.0, 55.5], [82.5, 56.0], [82.0, 56.5], [81.0, 56.5], [80.0, 56.5], [79.5, 57.0], [79.0, 57.5], [78.5, 58.0], [78.0, 58.5], [77.5, 59.0], [77.0, 59.5], [76.0, 59.5], [75.5, 60.0], [75.0, 60.5], [74.5, 61.0], [74.5, 62.0], [74.0, 62.5], [73.5, 63.0], [73.0, 63.5], [72.5, 64.0], [72.0, 64.5], [71.5, 65.0], [71.5, 66.0], [71.0, 66.5], [70.5, 67.0], [70.5, 68.0], [70.0, 68.5], [69.5, 69.0], [69.5, 70.0]]"
SLICE,Z2,VM_R,24.99771463870789,20.666722893711892,-266.60200500488077,,36.675031367628605,9.164113161835724,,,"[[90.0, 71.5], [89.5, 72.0], [89.5, 73.0], [89.5, 74.0], [89.5, 75.0], [89.5, 76.0], [89.5, 77.0], [89.5, 78.0], [89.5, 79.0], [90.0, 79.5], [91.0, 79.5], [91.5, 80.0], [92.0, 80.5], [92.5, 81.0], [93.0, 81.5], [94.0, 81.5], [94.5, 82.0], [94.5, 83.0], [95.0, 83.5], [95.5, 84.0], [96.0, 84.5], [97.0, 84.5], [98.0, 84.5], [98.5, 85.0], [99.0, 85.5], [100.0, 85.5], [100.5, 86.0], [101.0, 86.5], [102.0, 86.5], [103.0, 86.5], [104.0, 86.5], [105.0, 86.5], [106.0, 86.5], [107.0, 86.5], [108.0, 86.5], [109.0, 86.5], [110.0, 86.5], [111.0, 86.5], [112.0, 86.5], [113.0, 86.5], [113.5, 86.0], [114.0, 85.5], [114.5, 85.0], [115.0, 84.5], [116.0, 84.5], [116.5, 84.0], [117.0, 83.5], [117.5, 83.0], [118.0, 82.5], [118.5, 82.0], [119.0, 81.5], [119.5, 81.0], [119.5, 80.0], [120.0, 79.5], [120.5, 79.0], [120.5, 78.0], [120.5, 77.0], [120.5, 76.0], [120.5, 75.0], [120.5, 74.0], [120.5, 73.0], [120.5, 72.0], [120.5, 71.0], [120.5, 70.0], [120.5, 69.0], [120.5, 68.0], [120.5, 67.0], [120.0, 66.5], [119.5, 66.0], [119.5, 65.0], [119.5, 64.0], [119.0, 63.5], [118.5, 63.0], [118.5, 62.0], [118.0, 61.5], [117.5, 61.0], [117.0, 60.5], [116.5, 60.0], [116.5, 59.0], [116.0, 58.5], [115.0, 58.5], [114.5, 58.0], [114.5, 57.0], [114.0, 56.5], [113.5, 56.0], [113.0, 55.5], [112.0, 55.5], [111.5, 55.0], [111.0, 54.5], [110.5, 54.0], [110.0, 53.5], [109.0, 53.5], [108.0, 53.5], [107.5, 53.0], [107.0, 52.5], [106.5, 52.0], [106.0, 51.5], [105.0, 51.5], [104.0, 51.5], [103.0, 51.5], [102.0, 51.5], [101.0, 51.5], [100.0, 51.5], [99.5, 52.0], [99.0, 52.5], [98.5, 53.0], [98.5, 54.0], [98.0, 54.5], [97.0, 54.5], [96.5, 55.0], [96.5, 56.0], [96.0, 56.5], [95.5, 57.0], [95.5, 58.0], [95.5, 59.0], [96.0, 59.5], [96.5, 60.0], [96.5, 61.0], [97.0, 61.5], [97.5, 62.0], [97.5, 63.0], [97.5, 64.0], [97.5, 65.0], [97.5, 66.0], [97.5, 67.0], [97.5, 68.0], [97.0, 68.5], [96.5, 69.0], [96.0, 69.5], [95.0, 69.5], [94.0, 69.5], [93.0, 69.5], [92.0, 69.5], [91.5, 70.0], [91.0, 70.5], [90.5, 71.0]]"
SLICE,Z2,RF_R,24.99771463870789,20.666722893711892,-266.60200500488077,,31.00689655172414,12.507926618734349,,,"[[82.0, 50.5], [81.5, 51.0], [82.0, 51.5], [82.5, 52.0], [83.0, 52.5], [83.5, 53.0], [83.5, 54.0], [84.0, 54.5], [85.0, 54.5], [85.5, 55.0], [86.0, 55.5], [87.0, 55.5], [88.0, 55.5], [88.5, 56.0], [89.0, 56.5], [90.0, 56.5], [91.0, 56.5], [92.0, 56.5], [93.0, 56.5], [93.5, 57.0], [94.0, 57.5], [95.0, 57.5], [95.5, 57.0], [96.0, 56.5], [96.5, 56.0], [96.5, 55.0], [97.0, 54.5], [98.0, 54.5], [98.5, 54.0], [98.5, 53.0], [99.0, 52.5], [99.5, 52.0], [99.5, 51.0], [99.5, 50.0], [99.5, 49.0], [99.0, 48.5], [98.0, 48.5], [97.0, 48.5], [96.5, 48.0], [96.0, 47.5], [95.0, 47.5], [94.5, 47.0], [94.0, 46.5], [93.0, 46.5], [92.0, 46.5], [91.0, 46.5], [90.0, 46.5], [89.0, 46.5], [88.0, 46.5], [87.5, 46.0], [87.0, 45.5], [86.5, 46.0], [86.0, 46.5], [85.0, 46.5], [84.0, 46.5], [83.5, 47.0], [83.5, 48.0], [83.0, 48.5], [82.5, 49.0], [82.5, 50.0]]"
SLICE,Z2,SAR_R,24.99771463870789,20.666722893711892,-266.60200500488077,,31.834254143646408,10.614549491513369,,,"[[112.0, 86.5], [111.5, 87.0], [111.5, 88.0], [111.5, 89.0], [112.0, 89.5], [112.5, 90.0], [113.0, 90.5], [113.5, 91.0], [114.0, 91.5], [114.5, 92.0], [114.5, 93.0], [115.0, 93.5], [115.5, 94.0], [116.0, 94.5], [117.0, 94.5], [118.0, 94.5], [118.5, 95.0], [119.0, 95.5], [120.0, 95.5], [120.5, 96.0], [121.0, 96.5], [122.0, 96.5], [123.0, 96.5], [124.0, 96.5], [124.5, 96.0], [125.0, 95.5], [125.5, 95.0], [126.0, 94.5], [126.5, 94.0], [126.5, 93.0], [126.5, 92.0], [126.5, 91.0], [126.5, 90.0], [126.5, 89.0], [126.5, 88.0], [126.5, 87.0], [126.5, 86.0], [126.0, 85.5], [125.5, 85.0], [125.5, 84.0], [125.0, 83.5], [124.5, 83.0], [124.5, 82.0], [124.5, 81.0], [124.5, 80.0], [124.0, 79.5], [123.5, 79.0], [123.0, 78.5], [122.5, 78.0], [122.0, 77.5], [121.5, 77.0], [121.5, 76.0], [121.0, 75.5], [120.5, 76.0], [120.5, 77.0], [120.5, 78.0], [120.5, 79.0], [120.0, 79.5], [119.5, 80.0], [119.5, 81.0], [119.0, 81.5], [118.5, 82.0], [118.0, 82.5], [117.5, 83.0], [117.0, 83.5], [116.5, 84.0], [116.0, 84.5], [115.0, 84.5], [114.5, 85.0], [114.0, 85.5], [113.5, 86.0], [113.0, 86.5]]"
SLICE,Z2,GRA_R,24.99771463870789,20.666722893711892,-266.60200500488077,,18.670886075949365,13.51016637267658,,,"[[122.0, 102.5], [121.5, 103.0], [121.5, 104.0], [121.5, 105.0], [121.5, 106.0], [122.0, 106.5], [122.5, 107.0], [122.5, 108.0], [123.0, 108.5], [123.5, 109.0], [123.5, 110.0], [124.0, 110.5], [125.0, 110.5], [125.5, 111.0], [126.0, 111.5], [127.0, 111.5], [127.5, 111.0], [128.0, 110.5], [129.0, 110.5], [129.5, 110.0], [130.0, 109.5], [130.5, 109.0], [130.5, 108.0], [130.5, 107.0], [130.5, 106.0], [130.5, 105.0], [130.5, 104.0], [130.0, 103.5], [129.5, 103.0], [129.5, 102.0], [129.5, 101.0], [129.0, 100.5], [128.0, 100.5], [127.0, 100.5], [126.0, 100.5], [125.0, 100.5], [124.0, 100.5], [123.5, 101.0], [123.0, 101.5], [122.5, 102.0]]"
SLICE,Z2,SM_R,24.99771463870789,20.666722893711892,-266.60200500488077,,21.046575342465754,13.309200465799742,,,"[[101.0, 100.5], [100.5, 101.0], [100.5, 102.0], [100.5, 103.0], [100.5, 104.0], [100.5, 105.0], [100.5, 106.0], [100.5, 107.0], [100.5, 108.0], [100.5, 109.0], [101.0, 109.5], [101.5, 110.0], [101.5, 111.0], [102.0, 111.5], [102.5, 112.0], [103.0, 112.5], [103.5, 113.0], [104.0, 113.5], [104.5, 114.0], [105.0, 114.5], [105.5, 115.0], [105.5, 116.0], [106.0, 116.5], [106.5, 117.0], [106.5, 118.0], [106.5, 119.0], [106.5, 120.0], [106.5, 121.0], [107.0, 121.5], [107.5, 122.0], [108.0, 122.5], [108.5, 123.0], [108.5, 124.0], [109.0, 124.5], [110.0, 124.5], [111.0, 124.5], [111.5, 125.0], [112.0, 125.5], [113.0, 125.5], [114.0, 125.5], [114.5, 125.0], [115.0, 124.5], [116.0, 124.5], [116.5, 124.0], [117.0, 123.5], [118.0, 123.5], [118.5, 123.0], [119.0, 122.5], [119.5, 122.0], [119.5, 121.0], [120.0, 120.5], [120.5, 120.0], [121.0, 119.5], [121.5, 119.0], [121.5, 118.0], [121.5, 117.0], [121.5, 116.0], [121.5, 115.0], [121.5, 114.0], [121.5, 113.0], [121.0, 112.5], [120.5, 112.0], [120.5, 111.0], [120.0, 110.5], [119.5, 110.0], [119.0, 109.5], [118.5, 109.0], [118.0, 108.5], [117.5, 108.0], [117.0, 107.5], [116.5, 107.0], [116.0, 106.5], [115.5, 106.0], [115.0, 105.5], [114.5, 105.0], [114.0, 104.5], [113.5, 104.0], [113.0, 103.5], [112.5, 103.0], [112.0, 102.5], [111.5, 102.0], [111.0, 101.5], [110.5, 101.0], [110.0, 100.5], [109.5, 100.0], [109.0, 99.5], [108.0, 99.5], [107.0, 99.5], [106.5, 99.0], [106.0, 98.5], [105.0, 98.5], [104.0, 98.5], [103.0, 98.5], [102.5, 99.0], [102.0, 99.5], [101.5, 100.0]]"
SLICE,Z2,ST_R,24.99771463870789,20.666722893711892,-266.60200500488077,,26.69090909090909,13.15000549916612,,,"[[95.0, 114.5], [94.5, 115.0], [94.5, 116.0], [95.0, 116.5], [95.5, 117.0], [95.5, 118.0], [95.5, 119.0], [96.0, 119.5], [96.5, 120.0], [97.0, 120.5], [97.5, 121.0], [98.0, 121.5], [99.0, 121.5], [100.0, 121.5], [101.0, 121.5], [102.0, 121.5], [103.0, 121.5], [104.0, 121.5], [105.0, 121.5], [106.0, 121.5], [106.5, 121.0], [106.5, 120.0], [106.5, 119.0], [106.5, 118.0], [106.5, 117.0], [106.0, 116.5], [105.5, 116.0], [105.5, 115.0], [105.0, 114.5], [104.5, 114.0], [104.0, 113.5], [103.5, 113.0], [103.0, 112.5], [102.5, 112.0], [102.0, 111.5], [101.5, 111.0], [101.5, 110.0], [101.0, 109.5], [100.0, 109.5], [99.0, 109.5], [98.0, 109.5], [97.0, 109.5], [96.0, 109.5], [95.5, 110.0], [95.5, 111.0], [95.5, 112.0], [95.5, 113.0], [95.5, 114.0]]"
SLICE,Z2,BF_R,24.99771463870789,20.666722893711892,-266.60200500488077,,37.0311004784689,6.672193905771914,,,"[[76.0, 98.5], [75.5, 99.0], [75.5, 100.0], [75.5, 101.0], [75.5, 102.0], [75.5, 103.0], [75.5, 104.0], [75.5, 105.0], [75.5, 106.0], [75.5, 107.0], [75.5, 108.0], [75.5, 109.0], [75.5, 110.0], [76.0, 110.5], [76.5, 111.0], [76.5, 112.0], [77.0, 112.5], [77.5, 113.0], [77.5, 114.0], [78.0, 114.5], [78.5, 115.0], [78.5, 116.0], [79.0, 116.5], [80.0, 116.5], [80.5, 117.0], [80.5, 118.0], [81.0, 118.5], [82.0, 118.5], [82.5, 119.0], [83.0, 119.5], [83.5, 120.0], [84.0, 120.5], [85.0, 120.5], [85.5, 121.0], [86.0, 121.5], [87.0, 121.5], [87.5, 122.0], [88.0, 122.5], [89.0, 122.5], [89.5, 123.0], [90.0, 123.5], [91.0, 123.5], [92.0, 123.5], [93.0, 123.5], [93.5, 123.0], [94.0, 122.5], [94.5, 122.0], [94.5, 121.0], [95.0, 120.5], [95.5, 120.0], [95.5, 119.0], [95.0, 118.5], [94.5, 118.0], [94.5, 117.0], [94.5, 116.0], [94.5, 115.0], [95.0, 114.5], [95.5, 114.0], [95.5, 113.0], [95.5, 112.0], [95.5, 111.0], [95.0, 110.5], [94.5, 110.0], [95.0, 109.5], [95.5, 109.0], [95.5, 108.0], [95.5, 107.0], [95.0, 106.5], [94.5, 106.0], [94.5, 105.0], [94.5, 104.0], [94.0, 103.5], [93.5, 103.0], [93.0, 102.5], [92.5, 102.0], [92.0, 101.5], [91.5, 101.0], [91.0, 100.5], [90.5, 100.0], [90.0, 99.5], [89.5, 99.0], [89.0, 98.5], [88.5, 98.0], [88.0, 97.5], [87.5, 97.0], [87.0, 96.5], [86.5, 96.0], [86.0, 95.5], [85.0, 95.5], [84.0, 95.5], [83.0, 95.5], [82.0, 95.5], [81.0, 95.5], [80.5, 96.0], [80.5, 97.0], [80.0, 97.5], [79.0, 97.5], [78.5, 98.0], [78.0, 98.5], [77.0, 98.5]]"
SLICE,Z2,BF_SH_R,24.99771463870789,20.666722893711892,-266.60200500488077,,28.0,0.0,,,"[[86.0, 86.5], [85.5, 87.0], [86.0, 87.5], [86.5, 87.0]]"
SLICE,Z2,AM_R,24.99771463870789,20.666722893711892,-266.60200500488077,,34.774193548387096,12.415416216684271,,,"[[87.0, 83.5], [86.5, 84.0], [86.5, 85.0], [86.5, 86.0], [86.5, 87.0], [86.5, 88.0], [86.5, 89.0], [86.5, 90.0], [86.5, 91.0], [86.5, 92.0], [86.5, 93.0], [87.0, 93.5], [87.5, 94.0], [88.0, 94.5], [88.5, 95.0], [89.0, 95.5], [89.5, 96.0], [90.0, 96.5], [90.5, 97.0], [91.0, 97.5], [91.5, 98.0], [92.0, 98.5], [93.0, 98.5], [93.5, 99.0], [94.0, 99.5], [95.0, 99.5], [95.5, 100.0], [96.0, 100.5], [97.0, 100.5], [98.0, 100.5], [98.5, 101.0], [99.0, 101.5], [100.0, 101.5], [100.5, 101.0], [101.0, 100.5], [101.5, 100.0], [102.0, 99.5], [102.5, 99.0], [103.0, 98.5], [104.0, 98.5], [105.0, 98.5], [106.0, 98.5], [106.5, 99.0], [107.0, 99.5], [108.0, 99.5], [109.0, 99.5], [109.5, 100.0], [110.0, 100.5], [110.5, 101.0], [111.0, 101.5], [111.5, 102.0], [112.0, 102.5], [112.5, 103.0], [113.0, 103.5], [113.5, 104.0], [114.0, 104.5], [114.5, 105.0], [115.0, 105.5], [115.5, 106.0], [116.0, 106.5], [116.5, 107.0], [117.0, 107.5], [117.5, 108.0], [118.0, 108.5], [118.5, 109.0], [119.0, 109.5], [120.0, 109.5], [120.5, 110.0], [121.0, 110.5], [121.5, 110.0], [122.0, 109.5], [123.0, 109.5], [123.5, 109.0], [123.0, 108.5], [122.5, 108.0], [122.5, 107.0], [122.0, 106.5], [121.5, 106.0], [121.5, 105.0], [121.5, 104.0], [121.5, 103.0], [121.5, 102.0], [121.5, 101.0], [121.0, 100.5], [120.5, 100.0], [120.0, 99.5], [119.5, 99.0], [119.5, 98.0], [119.0, 97.5], [118.5, 97.0], [118.5, 96.0], [118.0, 95.5], [117.0, 95.5], [116.5, 95.0], [116.0, 94.5], [115.5, 94.0], [115.0, 93.5], [114.5, 93.0], [114.5, 92.0], [114.0, 91.5], [113.5, 91.0], [113.0, 90.5], [112.0, 90.5], [111.0, 90.5], [110.0, 90.5], [109.0, 90.5], [108.0, 90.5], [107.0, 90.5], [106.0, 90.5], [105.0, 90.5], [104.0, 90.5], [103.5, 91.0], [103.0, 91.5], [102.0, 91.5], [101.5, 91.0], [101.0, 90.5], [100.0, 90.5], [99.5, 90.0], [99.5, 89.0], [99.5, 88.0], [99.0, 87.5], [98.5, 87.0], [98.5, 86.0], [98.0, 85.5], [97.0, 85.5], [96.5, 85.0], [96.0, 84.5], [95.5, 84.0], [95.0, 83.5], [94.5, 83.0], [94.5, 82.0], [94.0, 81.5], [93.0, 81.5], [92.5, 81.0], [92.0, 80.5], [91.5, 80.0], [91.0, 79.5], [90.0, 79.5], [89.0, 79.5], [88.5, 80.0], [88.5, 81.0], [88.0, 81.5], [87.5, 82.0], [87.5, 83.0]]"
SLICE,Z2,AL_R,24.99771463870789,20.666722893711892,-266.60200500488077,,,,,,
SLICE,Z2,AB_R,24.99771463870789,20.666722893711892,-266.60200500488077,,,,,,
SLICE,Z2,VL_L,24.99771463870789,20.666722893711892,-266.60200500488077,,36.0577849117175,8.184462410502086,,,"[[229.0, 47.5], [228.5, 48.0], [228.5, 49.0], [228.5, 50.0], [228.5, 51.0], [228.5, 52.0], [228.5, 53.0], [229.0, 53.5], [230.0, 53.5], [230.5, 54.0], [231.0, 54.5], [232.0, 54.5], [233.0, 54.5], [234.0, 54.5], [234.5, 55.0], [235.0, 55.5], [235.5, 56.0], [236.0, 56.5], [237.0, 56.5], [238.0, 56.5], [238.5, 57.0], [239.0, 57.5], [240.0, 57.5], [240.5, 58.0], [241.0, 58.5], [241.5, 59.0], [242.0, 59.5], [243.0, 59.5], [243.5, 60.0], [244.0, 60.5], [244.5, 61.0], [245.0, 61.5], [245.5, 62.0], [245.5, 63.0], [246.0, 63.5], [246.5, 64.0], [246.5, 65.0], [246.5, 66.0], [247.0, 66.5], [247.5, 67.0], [247.5, 68.0], [247.5, 69.0], [248.0, 69.5], [248.5, 70.0], [248.5, 71.0], [248.5, 72.0], [248.5, 73.0], [248.5, 74.0], [248.5, 75.0], [248.5, 76.0], [248.5, 77.0], [249.0, 77.5], [249.5, 78.0], [249.5, 79.0], [249.5, 80.0], [250.0, 80.5], [250.5, 81.0], [250.5, 82.0], [250.5, 83.0], [250.5, 84.0], [250.0, 84.5], [249.5, 85.0], [249.0, 85.5], [248.5, 86.0], [248.0, 86.5], [247.0, 86.5], [246.5, 87.0], [246.5, 88.0], [246.0, 88.5], [245.5, 89.0], [246.0, 89.5], [247.0, 89.5], [248.0, 89.5], [249.0, 89.5], [250.0, 89.5], [251.0, 89.5], [251.5, 89.0], [252.0, 88.5], [252.5, 88.0], [253.0, 87.5], [253.5, 87.0], [254.0, 86.5], [254.5, 86.0], [255.0, 85.5], [255.5, 85.0], [256.0, 84.5], [256.5, 84.0], [256.5, 83.0], [257.0, 82.5], [257.5, 82.0], [258.0, 81.5], [258.5, 81.0], [258.5, 80.0], [259.0, 79.5], [259.5, 79.0], [259.5, 78.0], [259.5, 77.0], [259.5, 76.0], [259.5, 75.0], [260.0, 74.5], [260.5, 74.0], [260.5, 73.0], [260.5, 72.0], [260.5, 71.0], [260.5, 70.0], [261.0, 69.5], [261.5, 69.0], [261.5, 68.0], [261.5, 67.0], [261.5, 66.0], [261.0, 65.5], [260.5, 65.0], [260.5, 64.0], [260.5, 63.0], [260.5, 62.0], [260.0, 61.5], [259.5, 61.0], [259.5, 60.0], [259.5, 59.0], [259.0, 58.5], [258.5, 58.0], [258.5, 57.0], [258.0, 56.5], [257.5, 56.0], [257.0, 55.5], [256.5, 55.0], [256.5, 54.0], [256.0, 53.5], [255.0, 53.5], [254.5, 53.0], [254.5, 52.0], [254.0, 51.5], [253.5, 51.0], [253.0, 50.5], [252.0, 50.5], [251.5, 50.0], [251.0, 49.5], [250.0, 49.5], [249.5, 49.0], [249.0, 48.5], [248.0, 48.5], [247.5, 48.0], [247.0, 47.5], [246.5, 47.0], [246.0, 46.5], [245.0, 46.5], [244.5, 46.0], [244.0, 45.5], [243.0, 45.5], [242.0, 45.5], [241.0, 45.5], [240.0, 45.5], [239.0, 45.5], [238.0, 45.5], [237.0, 45.5], [236.0, 45.5], [235.0, 45.5], [234.0, 45.5], [233.0, 45.5], [232.0, 45.5], [231.0, 45.5], [230.5, 46.0], [230.0, 46.5], [229.5, 47.0]]"
SLICE,Z2,VI_L,24.99771463870789,20.666722893711892,-266.60200500488077,,35.080733944954126,7.5458777501996295,,,"[[217.0, 60.5], [216.5, 61.0], [216.5, 62.0], [216.5, 63.0], [216.5, 64.0], [216.5, 65.0], [216.5, 66.0], [217.0, 66.5], [217.5, 67.0], [217.5, 68.0], [218.0, 68.5], [219.0, 68.5], [219.5, 69.0], [220.0, 69.5], [221.0, 69.5], [222.0, 69.5], [222.5, 70.0], [223.0, 70.5], [224.0, 70.5], [225.0, 70.5], [225.5, 70.0], [225.5, 69.0], [225.0, 68.5], [224.5, 68.0], [224.5, 67.0], [224.5, 66.0], [224.5, 65.0], [225.0, 64.5], [225.5, 64.0], [226.0, 63.5], [226.5, 63.0], [226.5, 62.0], [227.0, 61.5], [228.0, 61.5], [229.0, 61.5], [230.0, 61.5], [231.0, 61.5], [231.5, 61.0], [232.0, 60.5], [232.5, 61.0], [233.0, 61.5], [234.0, 61.5], [235.0, 61.5], [236.0, 61.5], [237.0, 61.5], [237.5, 62.0], [238.0, 62.5], [238.5, 63.0], [238.5, 64.0], [239.0, 64.5], [239.5, 65.0], [240.0, 65.5], [240.5, 66.0], [240.5, 67.0], [240.5, 68.0], [240.5, 69.0], [240.5, 70.0], [240.0, 70.5], [239.5, 71.0], [239.5, 72.0], [239.0, 72.5], [238.5, 73.0], [238.0, 73.5], [237.5, 74.0], [237.0, 74.5], [236.5, 75.0], [236.0, 75.5], [235.0, 75.5], [234.0, 75.5], [233.5, 76.0], [233.0, 76.5], [232.0, 76.5], [231.5, 77.0], [231.0, 77.5], [230.5, 78.0], [230.5, 79.0], [230.5, 80.0], [231.0, 80.5], [231.5, 81.0], [231.5, 82.0], [232.0, 82.5], [232.5, 83.0], [232.5, 84.0], [233.0, 84.5], [233.5, 85.0], [233.5, 86.0], [234.0, 86.5], [235.0, 86.5], [235.5, 87.0], [235.5, 88.0], [236.0, 88.5], [236.5, 89.0], [237.0, 89.5], [237.5, 89.0], [237.5, 88.0], [237.5, 87.0], [238.0, 86.5], [239.0, 86.5], [239.5, 87.0], [240.0, 87.5], [241.0, 87.5], [241.5, 88.0], [242.0, 88.5], [243.0, 88.5], [243.5, 89.0], [244.0, 89.5], [245.0, 89.5], [245.5, 89.0], [246.0, 88.5], [246.5, 88.0], [246.5, 87.0], [247.0, 86.5], [248.0, 86.5], [248.5, 86.0], [249.0, 85.5], [249.5, 85.0], [250.0, 84.5], [250.5, 84.0], [250.5, 83.0], [250.5, 82.0], [250.5, 81.0], [250.0, 80.5], [249.5, 80.0], [249.5, 79.0], [249.5, 78.0], [249.0, 77.5], [248.5, 77.0], [248.5, 76.0], [248.5, 75.0], [248.5, 74.0], [248.5, 73.0], [248.5, 72.0], [248.5, 71.0], [248.5, 70.0], [248.0, 69.5], [247.5, 69.0], [247.5, 68.0], [247.5, 67.0], [247.0, 66.5], [246.5, 66.0], [246.5, 65.0], [246.5, 64.0], [246.0, 63.5], [245.5, 63.0], [245.5, 62.0], [245.0, 61.5], [244.5, 61.0], [244.0, 60.5], [243.5, 60.0], [243.0, 59.5], [242.0, 59.5], [241.5, 59.0], [241.0, 58.5], [240.5, 58.0], [240.0, 57.5], [239.0, 57.5], [238.5, 57.0], [238.0, 56.5], [237.0, 56.5], [236.0, 56.5], [235.5, 56.0], [235.0, 55.5], [234.5, 55.0], [234.0, 54.5], [233.0, 54.5], [232.0, 54.5], [231.0, 54.5], [230.5, 54.0], [230.0, 53.5], [229.0, 53.5], [228.0, 53.5], [227.0, 53.5], [226.0, 53.5], [225.0, 53.5], [224.5, 54.0], [224.0, 54.5], [223.5, 55.0], [223.0, 55.5], [222.0, 55.5], [221.0, 55.5], [220.5, 56.0], [220.0, 56.5], [219.5, 57.0], [219.5, 58.0], [219.0, 58.5], [218.5, 59.0], [218.0, 59.5], [217.5, 60.0]]"
SLICE,Z2,VM_L,24.99771463870789,20.666722893711892,-266.60200500488077,,37.13476783691959,7.922398442803206,,,"[[194.0, 65.5], [193.5, 66.0], [193.5, 67.0], [193.5, 68.0], [193.5, 69.0], [193.5, 70.0], [193.5, 71.0], [193.5, 72.0], [193.5, 73.0], [193.5, 74.0], [194.0, 74.5], [194.5, 75.0], [194.5, 76.0], [195.0, 76.5], [195.5, 77.0], [195.5, 78.0], [196.0, 78.5], [196.5, 79.0], [196.5, 80.0], [197.0, 80.5], [197.5, 81.0], [198.0, 81.5], [199.0, 81.5], [199.5, 82.0], [199.5, 83.0], [200.0, 83.5], [200.5, 84.0], [201.0, 84.5], [202.0, 84.5], [203.0, 84.5], [203.5, 85.0], [204.0, 85.5], [204.5, 86.0], [205.0, 86.5], [206.0, 86.5], [207.0, 86.5], [208.0, 86.5], [209.0, 86.5], [210.0, 86.5], [211.0, 86.5], [212.0, 86.5], [213.0, 86.5], [214.0, 86.5], [215.0, 86.5], [216.0, 86.5], [216.5, 86.0], [217.0, 85.5], [218.0, 85.5], [219.0, 85.5], [219.5, 85.0], [220.0, 84.5], [221.0, 84.5], [222.0, 84.5], [223.0, 84.5], [223.5, 84.0], [224.0, 83.5], [224.5, 83.0], [224.5, 82.0], [225.0, 81.5], [226.0, 81.5], [226.5, 81.0], [226.5, 80.0], [226.5, 79.0], [226.5, 78.0], [227.0, 77.5], [227.5, 77.0], [227.5, 76.0], [227.5, 75.0], [227.5, 74.0], [227.0, 73.5], [226.5, 73.0], [226.5, 72.0], [226.5, 71.0], [226.0, 70.5], [225.0, 70.5], [224.0, 70.5], [223.0, 70.5], [222.5, 70.0], [222.0, 69.5], [221.0, 69.5], [220.0, 69.5], [219.5, 69.0], [219.0, 68.5], [218.0, 68.5], [217.5, 68.0], [217.5, 67.0], [217.0, 66.5], [216.5, 66.0], [216.5, 65.0], [216.5, 64.0], [216.5, 63.0], [216.5, 62.0], [216.5, 61.0], [217.0, 60.5], [217.5, 60.0], [218.0, 59.5], [218.5, 59.0], [219.0, 58.5], [219.5, 58.0], [219.5, 57.0], [220.0, 56.5], [220.5, 56.0], [221.0, 55.5], [221.5, 55.0], [221.0, 54.5], [220.5, 54.0], [220.5, 53.0], [220.0, 52.5], [219.5, 52.0], [219.0, 51.5], [218.5, 51.0], [218.0, 50.5], [217.0, 50.5], [216.5, 50.0], [216.0, 49.5], [215.0, 49.5], [214.0, 49.5], [213.0, 49.5], [212.0, 49.5], [211.0, 49.5], [210.0, 49.5], [209.0, 49.5], [208.5, 50.0], [208.0, 50.5], [207.0, 50.5], [206.0, 50.5], [205.5, 51.0], [205.0, 51.5], [204.5, 52.0], [204.0, 52.5], [203.5, 53.0], [203.0, 53.5], [202.0, 53.5], [201.5, 54.0], [201.0, 54.5], [200.5, 55.0], [200.0, 55.5], [199.5, 56.0], [199.0, 56.5], [198.5, 57.0], [198.5, 58.0], [198.0, 58.5], [197.5, 59.0], [197.0, 59.5], [196.5, 60.0], [196.0, 60.5], [195.5, 61.0], [195.5, 62.0], [195.5, 63.0], [195.0, 63.5], [194.5, 64.0], [194.5, 65.0]]"
SLICE,Z2,RF_L,24.99771463870789,20.666722893711892,-266.60200500488077,,30.228070175438596,14.579506818915197,,,"[[217.0, 48.5], [216.5, 49.0], [216.5, 50.0], [217.0, 50.5], [218.0, 50.5], [218.5, 51.0], [219.0, 51.5], [219.5, 52.0], [220.0, 52.5], [220.5, 53.0], [220.5, 54.0], [221.0, 54.5], [222.0, 54.5], [223.0, 54.5], [224.0, 54.5], [224.5, 54.0], [225.0, 53.5], [226.0, 53.5], [226.5, 53.0], [226.5, 52.0], [226.5, 51.0], [226.5, 50.0], [226.5, 49.0], [226.0, 48.5], [225.5, 48.0], [225.0, 47.5], [224.5, 47.0], [224.0, 46.5], [223.0, 46.5], [222.0, 46.5], [221.0, 46.5], [220.0, 46.5], [219.5, 47.0], [219.0, 47.5], [218.5, 48.0], [218.0, 48.5]]"
SLICE,Z2,SAR_L,24.99771463870789,20.666722893711892,-266.60200500488077,,36.72248803827751,10.923374766879686,,,"[[191.0, 88.5], [190.5, 89.0], [190.5, 90.0], [190.5, 91.0], [191.0, 91.5], [191.5, 92.0], [191.5, 93.0], [191.5, 94.0], [192.0, 94.5], [192.5, 95.0], [192.5, 96.0], [193.0, 96.5], [193.5, 97.0], [194.0, 97.5], [194.5, 98.0], [195.0, 98.5], [195.5, 99.0], [196.0, 99.5], [197.0, 99.5], [197.5, 99.0], [198.0, 98.5], [199.0, 98.5], [199.5, 98.0], [200.0, 97.5], [200.5, 97.0], [201.0, 96.5], [201.5, 96.0], [202.0, 95.5], [202.5, 95.0], [203.0, 94.5], [204.0, 94.5], [204.5, 94.0], [205.0, 93.5], [205.5, 93.0], [206.0, 92.5], [206.5, 92.0], [207.0, 91.5], [207.5, 91.0], [207.5, 90.0], [207.5, 89.0], [207.0, 88.5], [206.5, 88.0], [206.5, 87.0], [206.0, 86.5], [205.0, 86.5], [204.5, 86.0], [204.0, 85.5], [203.5, 85.0], [203.0, 84.5], [202.0, 84.5], [201.0, 84.5], [200.5, 84.0], [200.0, 83.5], [199.5, 83.0], [199.5, 82.0], [199.0, 81.5], [198.0, 81.5], [197.5, 81.0], [197.0, 80.5], [196.5, 80.0], [196.5, 79.0], [196.0, 78.5], [195.5, 79.0], [195.0, 79.5], [194.5, 80.0], [194.0, 80.5], [193.5, 81.0], [193.5, 82.0], [193.0, 82.5], [192.5, 83.0], [192.5, 84.0], [192.0, 84.5], [191.5, 85.0], [191.5, 86.0], [191.5, 87.0], [191.5, 88.0]]"
SLICE,Z2,GRA_L,24.99771463870789,20.666722893711892,-266.60200500488077,,22.776470588235295,12.960915427535324,,,"[[191.0, 104.5], [190.5, 105.0], [190.5, 106.0], [191.0, 106.5], [191.5, 107.0], [191.5, 108.0], [191.5, 109.0], [192.0, 109.5], [193.0, 109.5], [194.0, 109.5], [194.5, 110.0], [195.0, 110.5], [196.0, 110.5], [196.5, 110.0], [197.0, 109.5], [198.0, 109.5], [199.0, 109.5], [199.5, 109.0], [200.0, 108.5], [200.5, 108.0], [200.5, 107.0], [201.0, 106.5], [201.5, 106.0], [201.5, 105.0], [201.5, 104.0], [201.5, 103.0], [201.5, 102.0], [201.0, 101.5], [200.0, 101.5], [199.5, 101.0], [199.0, 100.5], [198.0, 100.5], [197.0, 100.5], [196.0, 100.5], [195.0, 100.5], [194.0, 100.5], [193.5, 101.0], [193.0, 101.5], [192.5, 102.0], [192.0, 102.5], [191.5, 103.0], [191.5, 104.0]]"
SLICE,Z2,SM_L,24.99771463870789,20.666722893711892,-266.60200500488077,,36.26128266033254,10.163889658325274,,,"[[202.0, 108.5], [201.5, 109.0], [201.5, 110.0], [201.5, 111.0], [202.0, 111.5], [202.5, 112.0], [202.5, 113.0], [202.5, 114.0], [202.5, 115.0], [203.0, 115.5], [203.5, 116.0], [203.5, 117.0], [204.0, 117.5], [204.5, 118.0], [205.0, 118.5], [205.5, 119.0], [206.0, 119.5], [207.0, 119.5], [208.0, 119.5], [209.0, 119.5], [210.0, 119.5], [211.0, 119.5], [212.0, 119.5], [212.5, 119.0], [213.0, 118.5], [213.5, 118.0], [213.5, 117.0], [214.0, 116.5], [214.5, 116.0], [214.5, 115.0], [215.0, 114.5], [215.5, 114.0], [215.5, 113.0], [216.0, 112.5], [216.5, 112.0], [217.0, 111.5], [217.5, 111.0], [218.0, 110.5], [218.5, 110.0], [219.0, 109.5], [219.5, 109.0], [220.0, 108.5], [220.5, 108.0], [221.0, 107.5], [221.5, 107.0], [221.5, 106.0], [222.0, 105.5], [222.5, 105.0], [223.0, 104.5], [224.0, 104.5], [224.5, 104.0], [224.5, 103.0], [225.0, 102.5], [225.5, 102.0], [226.0, 101.5], [226.5, 101.0], [226.5, 100.0], [226.5, 99.0], [227.0, 98.5], [227.5, 98.0], [227.5, 97.0], [227.5, 96.0], [227.5, 95.0], [227.5, 94.0], [227.0, 93.5], [226.5, 93.0], [226.0, 92.5], [225.5, 92.0], [225.0, 91.5], [224.0, 91.5], [223.0, 91.5], [222.0, 91.5], [221.0, 91.5], [220.0, 91.5], [219.5, 92.0], [219.0, 92.5], [218.5, 93.0], [218.0, 93.5], [217.0, 93.5], [216.5, 94.0], [216.0, 94.5], [215.0, 94.5], [214.5, 95.0], [214.0, 95.5], [213.5, 96.0], [213.0, 96.5], [212.0, 96.5], [211.5, 97.0], [211.0, 97.5], [210.5, 98.0], [210.0, 98.5], [209.0, 98.5], [208.5, 99.0], [208.0, 99.5], [207.0, 99.5], [206.5, 100.0], [206.0, 100.5], [205.5, 101.0], [205.0, 101.5], [204.5, 102.0], [204.5, 103.0], [204.0, 103.5], [203.5, 104.0], [203.5, 105.0], [203.0, 105.5], [202.5, 106.0], [202.5, 107.0], [202.5, 108.0]]"
SLICE,Z2,ST_L,24.99771463870789,20.666722893711892,-266.60200500488077,,33.780141843971634,9.133441164074512,,,"[[214.0, 116.5], [213.5, 117.0], [213.5, 118.0], [213.5, 119.0], [214.0, 119.5], [214.5, 120.0], [215.0, 120.5], [215.5, 121.0], [216.0, 121.5], [217.0, 121.5], [218.0, 121.5], [219.0, 121.5], [219.5, 121.0], [220.0, 120.5], [220.5, 120.0], [221.0, 119.5], [222.0, 119.5], [222.5, 119.0], [223.0, 118.5], [223.5, 118.0], [224.0, 117.5], [224.5, 117.0], [225.0, 116.5], [225.5, 116.0], [226.0, 115.5], [226.5, 115.0], [226.5, 114.0], [227.0, 113.5], [227.5, 113.0], [227.5, 112.0], [227.5, 111.0], [227.5, 110.0], [227.5, 109.0], [227.5, 108.0], [227.0, 107.5], [226.5, 107.0], [226.5, 106.0], [226.0, 105.5], [225.0, 105.5], [224.0, 105.5], [223.0, 105.5], [222.0, 105.5], [221.5, 106.0], [221.5, 107.0], [221.0, 107.5], [220.5, 108.0], [220.0, 108.5], [219.5, 109.0], [219.0, 109.5], [218.5, 110.0], [218.0, 110.5], [217.5, 111.0], [217.0, 111.5], [216.5, 112.0], [216.0, 112.5], [215.5, 113.0], [215.5, 114.0], [215.0, 114.5], [214.5, 115.0], [214.5, 116.0]]"
SLICE,Z2,BF_L,24.99771463870789,20.666722893711892,-266.60200500488077,,38.192,7.42934290499503,,,"[[228.0, 110.5], [227.5, 111.0], [227.5, 112.0], [227.5, 113.0], [227.5, 114.0], [227.5, 115.0], [227.5, 116.0], [227.5, 117.0], [227.5, 118.0], [228.0, 118.5], [228.5, 119.0], [229.0, 119.5], [230.0, 119.5], [231.0, 119.5], [231.5, 119.0], [232.0, 118.5], [233.0, 118.5], [234.0, 118.5], [234.5, 118.0], [235.0, 117.5], [236.0, 117.5], [236.5, 117.0], [237.0, 116.5], [238.0, 116.5], [239.0, 116.5], [239.5, 116.0], [240.0, 115.5], [240.5, 115.0], [241.0, 114.5], [241.5, 114.0], [241.5, 113.0], [242.0, 112.5], [242.5, 112.0], [243.0, 111.5], [243.5, 111.0], [244.0, 110.5], [244.5, 110.0], [244.5, 109.0], [244.5, 108.0], [244.5, 107.0], [245.0, 106.5], [245.5, 106.0], [245.5, 105.0], [245.5, 104.0], [245.5, 103.0], [245.5, 102.0], [245.5, 101.0], [245.5, 100.0], [246.0, 99.5], [246.5, 99.0], [246.5, 98.0], [246.5, 97.0], [246.5, 96.0], [246.5, 95.0], [246.5, 94.0], [246.5, 93.0], [246.0, 92.5], [245.5, 93.0], [245.0, 93.5], [244.5, 93.0], [244.0, 92.5], [243.5, 92.0], [243.0, 91.5], [242.0, 91.5], [241.0, 91.5], [240.0, 91.5], [239.0, 91.5], [238.0, 91.5], [237.5, 92.0], [237.0, 92.5], [236.5, 93.0], [236.0, 93.5], [235.5, 94.0], [235.5, 95.0], [235.0, 95.5], [234.0, 95.5], [233.5, 96.0], [233.0, 96.5], [232.5, 97.0], [232.5, 98.0], [232.0, 98.5], [231.0, 98.5], [230.5, 99.0], [230.5, 100.0], [230.0, 100.5], [229.5, 101.0], [229.5, 102.0], [229.5, 103.0], [229.0, 103.5], [228.5, 104.0], [228.5, 105.0], [228.5, 106.0], [228.5, 107.0], [228.5, 108.0], [228.5, 109.0], [228.5, 110.0]]"
SLICE,Z2,BF_SH_L,24.99771463870789,20.666722893711892,-266.60200500488077,,36.0,5.885818306986476,,,"[[238.0, 86.5], [237.5, 87.0], [237.5, 88.0], [237.5, 89.0], [238.0, 89.5], [238.5, 90.0], [238.5, 91.0], [239.0, 91.5], [240.0, 91.5], [241.0, 91.5], [242.0, 91.5], [243.0, 91.5], [243.5, 92.0], [244.0, 92.5], [244.5, 93.0], [245.0, 93.5], [245.5, 93.0], [245.5, 92.0], [245.5, 91.0], [245.0, 90.5], [244.5, 90.0], [244.0, 89.5], [243.5, 89.0], [243.0, 88.5], [242.0, 88.5], [241.5, 88.0], [241.0, 87.5], [240.0, 87.5], [239.5, 87.0], [239.0, 86.5]]"
SLICE,Z2,AM_L,24.99771463870789,20.666722893711892,-266.60200500488077,,35.70075757575758,11.841337430938776,,,"[[199.0, 98.5], [198.5, 99.0], [198.5, 100.0], [199.0, 100.5], [199.5, 101.0], [200.0, 101.5], [201.0, 101.5], [201.5, 102.0], [202.0, 102.5], [202.5, 102.0], [203.0, 101.5], [204.0, 101.5], [204.5, 101.0], [205.0, 100.5], [206.0, 100.5], [206.5, 100.0], [207.0, 99.5], [208.0, 99.5], [208.5, 99.0], [209.0, 98.5], [209.5, 98.0], [210.0, 97.5], [211.0, 97.5], [211.5, 97.0], [212.0, 96.5], [213.0, 96.5], [213.5, 96.0], [214.0, 95.5], [214.5, 95.0], [215.0, 94.5], [216.0, 94.5], [216.5, 94.0], [217.0, 93.5], [218.0, 93.5], [218.5, 93.0], [219.0, 92.5], [219.5, 92.0], [220.0, 91.5], [221.0, 91.5], [222.0, 91.5], [223.0, 91.5], [224.0, 91.5], [225.0, 91.5], [225.5, 92.0], [226.0, 92.5], [226.5, 93.0], [227.0, 93.5], [228.0, 93.5], [228.5, 93.0], [229.0, 92.5], [230.0, 92.5], [230.5, 92.0], [231.0, 91.5], [231.5, 91.0], [231.5, 90.0], [232.0, 89.5], [232.5, 89.0], [232.5, 88.0], [232.5, 87.0], [232.5, 86.0], [232.5, 85.0], [232.5, 84.0], [232.0, 83.5], [231.5, 83.0], [231.5, 82.0], [231.0, 81.5], [230.5, 81.0], [230.0, 80.5], [229.5, 80.0], [229.5, 79.0], [229.0, 78.5], [228.0, 78.5], [227.0, 78.5], [226.5, 79.0], [226.5, 80.0], [226.5, 81.0], [226.0, 81.5], [225.0, 81.5], [224.5, 82.0], [224.5, 83.0], [224.0, 83.5], [223.5, 84.0], [223.0, 84.5], [222.0, 84.5], [221.0, 84.5], [220.5, 85.0], [220.5, 86.0], [220.5, 87.0], [220.0, 87.5], [219.5, 88.0], [219.0, 88.5], [218.0, 88.5], [217.0, 88.5], [216.0, 88.5], [215.5, 89.0], [215.0, 89.5], [214.0, 89.5], [213.0, 89.5], [212.0, 89.5], [211.0, 89.5], [210.5, 89.0], [210.0, 88.5], [209.0, 88.5], [208.0, 88.5], [207.5, 89.0], [207.5, 90.0], [207.5, 91.0], [207.0, 91.5], [206.5, 92.0], [206.0, 92.5], [205.5, 93.0], [205.0, 93.5], [204.5, 94.0], [204.0, 94.5], [203.0, 94.5], [202.5, 95.0], [202.0, 95.5], [201.5, 96.0], [201.0, 96.5], [200.5, 97.0], [200.0, 97.5], [199.5, 98.0]]"
SLICE,Z2,AL_L,24.99771463870789,20.666722893711892,-266.60200500488077,,,,,,
SLICE,Z2,AB_L,24.99771463870789,20.666722893711892,-266.60200500488077,,,,,,
SLICE,Z3,VL_R,24.99771463870789,20.666722893711892,-236.60200500488114,,35.22610483042138,8.038336774866677,,,"[[51.0, 71.5], [50.5, 72.0], [50.5, 73.0], [50.5, 74.0], [50.5, 75.0], [50.5, 76.0], [50.5, 77.0], [50.5, 78.0], [50.5, 79.0], [50.5, 80.0], [50.5, 81.0], [50.5, 82.0], [51.0, 82.5], [51.5, 83.0], [51.5, 84.0], [51.5, 85.0], [52.0, 85.5], [52.5, 86.0], [52.5, 87.0], [52.5, 88.0], [53.0, 88.5], [53.5, 89.0], [53.5, 90.0], [53.5, 91.0], [54.0, 91.5], [54.5, 92.0], [54.5, 93.0], [55.0, 93.5], [55.5, 94.0], [55.5, 95.0], [56.0, 95.5], [56.5, 96.0], [57.0, 96.5], [57.5, 97.0], [58.0, 97.5], [58.5, 98.0], [59.0, 98.5], [59.5, 99.0], [60.0, 99.5], [60.5, 100.0], [61.0, 100.5], [62.0, 100.5], [62.5, 101.0], [63.0, 101.5], [64.0, 101.5], [65.0, 101.5], [66.0, 101.5], [67.0, 101.5], [67.5, 102.0], [68.0, 102.5], [69.0, 102.5], [70.0, 102.5], [71.0, 102.5], [72.0, 102.5], [73.0, 102.5], [74.0, 102.5], [74.5, 102.0], [75.0, 101.5], [75.5, 101.0], [76.0, 100.5], [76.5, 100.0], [77.0, 99.5], [77.5, 99.0], [78.0, 98.5], [78.5, 98.0], [79.0, 97.5], [79.5, 97.0], [80.0, 96.5], [80.5, 96.0], [80.5, 95.0], [80.0, 94.5], [79.5, 94.0], [79.5, 93.0], [79.0, 92.5], [78.0, 92.5], [77.5, 92.0], [77.0, 91.5], [76.0, 91.5], [75.5, 91.0], [75.0, 90.5], [74.5, 90.0], [74.0, 89.5], [73.0, 89.5], [72.5, 89.0], [72.0, 88.5], [71.5, 88.0], [71.5, 87.0], [71.0, 86.5], [70.0, 86.5], [69.5, 86.0], [69.5, 85.0], [69.5, 84.0], [69.0, 83.5], [68.5, 83.0], [68.5, 82.0], [68.5, 81.0], [68.0, 80.5], [67.5, 80.0], [67.5, 79.0], [67.0, 78.5], [66.5, 78.0], [66.5, 77.0], [66.5, 76.0], [66.5, 75.0], [66.5, 74.0], [66.5, 73.0], [67.0, 72.5], [67.5, 72.0], [67.5, 71.0], [67.5, 70.0], [68.0, 69.5], [68.5, 69.0], [68.5, 68.0], [68.5, 67.0], [69.0, 66.5], [69.5, 66.0], [69.5, 65.0], [69.5, 64.0], [69.5, 63.0], [70.0, 62.5], [70.5, 62.0], [71.0, 61.5], [71.5, 61.0], [72.0, 60.5], [72.5, 60.0], [73.0, 59.5], [74.0, 59.5], [74.5, 59.0], [75.0, 58.5], [75.5, 58.0], [76.0, 57.5], [76.5, 57.0], [77.0, 56.5], [78.0, 56.5], [79.0, 56.5], [79.5, 56.0], [80.0, 55.5], [80.5, 55.0], [81.0, 54.5], [81.5, 54.0], [81.5, 53.0], [81.0, 52.5], [80.5, 52.0], [80.0, 51.5], [79.5, 51.0], [79.0, 50.5], [78.5, 50.0], [78.0, 49.5], [77.0, 49.5], [76.5, 49.0], [76.0, 48.5], [75.0, 48.5], [74.5, 48.0], [74.0, 47.5], [73.0, 47.5], [72.0, 47.5], [71.0, 47.5], [70.5, 48.0], [70.0, 48.5], [69.0, 48.5], [68.0, 48.5], [67.0, 48.5], [66.5, 49.0], [66.0, 49.5], [65.5, 50.0], [65.0, 50.5], [64.0, 50.5], [63.5, 51.0], [63.0, 51.5], [62.5, 52.0], [62.0, 52.5], [61.5, 53.0], [61.0, 53.5], [60.0, 53.5], [59.5, 54.0], [59.0, 54.5], [58.5, 55.0], [58.0, 55.5], [57.5, 56.0], [57.0, 56.5], [56.5, 57.0], [56.5, 58.0], [56.0, 58.5], [55.5, 59.0], [55.5, 60.0], [55.0, 60.5], [54.0, 60.5], [53.5, 61.0], [53.5, 62.0], [53.5, 63.0], [53.5, 64.0], [53.5, 65.0], [53.0, 65.5], [52.5, 66.0], [52.5, 67.0], [52.5, 68.0], [52.0, 68.5], [51.5, 69.0], [51.5, 70.0], [51.5, 71.0]]"
SLICE,Z3,VI_R,24.99771463870789,20.666722893711892,-236.60200500488114,,34.68695652173913,6.171977651332223,,,"[[67.0, 72.5], [66.5, 73.0], [66.5, 74.0], [66.5, 75.0], [66.5, 76.0], [66.5, 77.0], [66.5, 78.0], [67.0, 78.5], [67.5, 79.0], [67.5, 80.0], [68.0, 80.5], [68.5, 81.0], [68.5, 82.0], [68.5, 83.0], [69.0, 83.5], [69.5, 84.0], [69.5, 85.0], [69.5, 86.0], [70.0, 86.5], [71.0, 86.5], [71.5, 87.0], [71.5, 88.0], [72.0, 88.5], [72.5, 89.0], [73.0, 89.5], [74.0, 89.5], [74.5, 90.0], [75.0, 90.5], [75.5, 91.0], [76.0, 91.5], [77.0, 91.5], [77.5, 92.0], [78.0, 92.5], [79.0, 92.5], [79.5, 93.0], [79.5, 94.0], [80.0, 94.5], [80.5, 95.0], [80.5, 96.0], [80.0, 96.5], [79.5, 97.0], [80.0, 97.5], [80.5, 97.0], [81.0, 96.5], [81.5, 96.0], [81.5, 95.0], [82.0, 94.5], [82.5, 94.0], [83.0, 93.5], [83.5, 93.0], [83.5, 92.0], [84.0, 91.5], [84.5, 91.0], [84.5, 90.0], [84.5, 89.0], [85.0, 88.5], [85.5, 88.0], [85.5, 87.0], [86.0, 86.5], [86.5, 86.0], [86.5, 85.0], [86.5, 84.0], [86.5, 83.0], [86.5, 82.0], [86.5, 81.0], [86.0, 80.5], [85.5, 80.0], [85.0, 79.5], [84.5, 79.0], [84.0, 78.5], [83.0, 78.5], [82.0, 78.5], [81.0, 78.5], [80.5, 78.0], [80.0, 77.5], [79.5, 77.0], [79.0, 76.5], [78.5, 76.0], [78.0, 75.5], [77.0, 75.5], [76.5, 75.0], [76.5, 74.0], [76.0, 73.5], [75.5, 73.0], [75.5, 72.0], [75.0, 71.5], [74.5, 71.0], [74.5, 70.0], [74.5, 69.0], [75.0, 68.5], [75.5, 68.0], [75.5, 67.0], [76.0, 66.5], [76.5, 66.0], [77.0, 65.5], [77.5, 65.0], [78.0, 64.5], [79.0, 64.5], [80.0, 64.5], [80.5, 64.0], [81.0, 63.5], [82.0, 63.5], [83.0, 63.5], [84.0, 63.5], [85.0, 63.5], [85.5, 64.0], [86.0, 64.5], [87.0, 64.5], [87.5, 65.0], [88.0, 65.5], [88.5, 66.0], [88.5, 67.0], [88.5, 68.0], [88.5, 69.0], [88.5, 70.0], [89.0, 70.5], [89.5, 71.0], [90.0, 71.5], [91.0, 71.5], [91.5, 71.0], [92.0, 70.5], [93.0, 70.5], [94.0, 70.5], [94.5, 70.0], [95.0, 69.5], [95.5, 69.0], [96.0, 68.5], [96.5, 68.0], [96.5, 67.0], [96.5, 66.0], [96.5, 65.0], [96.5, 64.0], [96.5, 63.0], [96.5, 62.0], [96.0, 61.5], [95.5, 61.0], [95.5, 60.0], [95.0, 59.5], [94.5, 59.0], [94.0, 58.5], [93.0, 58.5], [92.5, 58.0], [92.0, 57.5], [91.5, 57.0], [91.0, 56.5], [90.0, 56.5], [89.0, 56.5], [88.5, 56.0], [88.0, 55.5], [87.0, 55.5], [86.0, 55.5], [85.0, 55.5], [84.5, 55.0], [84.0, 54.5], [83.0, 54.5], [82.0, 54.5], [81.0, 54.5], [80.5, 55.0], [80.0, 55.5], [79.5, 56.0], [79.0, 56.5], [78.0, 56.5], [77.0, 56.5], [76.5, 57.0], [76.0, 57.5], [75.5, 58.0], [75.0, 58.5], [74.5, 59.0], [74.0, 59.5], [73.0, 59.5], [72.5, 60.0], [72.0, 60.5], [71.5, 61.0], [71.0, 61.5], [70.5, 62.0], [70.0, 62.5], [69.5, 63.0], [69.5, 64.0], [69.5, 65.0], [69.5, 66.0], [69.0, 66.5], [68.5, 67.0], [68.5, 68.0], [68.5, 69.0], [68.0, 69.5], [67.5, 70.0], [67.5, 71.0], [67.5, 72.0]]"
SLICE,Z3,VM_R,24.99771463870789,20.666722893711892,-236.60200500488114,,35.49010654490107,9.173300687241296,,,"[[88.0, 75.5], [87.5, 76.0], [87.5, 77.0], [87.5, 78.0], [87.5, 79.0], [88.0, 79.5], [88.5, 80.0], [89.0, 80.5], [90.0, 80.5], [91.0, 80.5], [91.5, 81.0], [92.0, 81.5], [92.5, 82.0], [93.0, 82.5], [94.0, 82.5], [94.5, 83.0], [94.5, 84.0], [95.0, 84.5], [96.0, 84.5], [96.5, 85.0], [97.0, 85.5], [98.0, 85.5], [98.5, 86.0], [99.0, 86.5], [100.0, 86.5], [101.0, 86.5], [102.0, 86.5], [103.0, 86.5], [104.0, 86.5], [105.0, 86.5], [105.5, 86.0], [106.0, 85.5], [107.0, 85.5], [108.0, 85.5], [108.5, 85.0], [109.0, 84.5], [110.0, 84.5], [111.0, 84.5], [112.0, 84.5], [112.5, 84.0], [113.0, 83.5], [113.5, 83.0], [114.0, 82.5], [114.5, 82.0], [115.0, 81.5], [115.5, 81.0], [115.5, 80.0], [116.0, 79.5], [116.5, 79.0], [116.5, 78.0], [116.5, 77.0], [117.0, 76.5], [117.5, 76.0], [117.5, 75.0], [117.5, 74.0], [117.5, 73.0], [117.5, 72.0], [117.0, 71.5], [116.5, 71.0], [116.5, 70.0], [116.5, 69.0], [116.5, 68.0], [116.0, 67.5], [115.5, 67.0], [115.0, 66.5], [114.5, 66.0], [115.0, 65.5], [115.5, 65.0], [115.5, 64.0], [115.0, 63.5], [114.5, 63.0], [114.5, 62.0], [114.5, 61.0], [114.0, 60.5], [113.5, 60.0], [113.0, 59.5], [112.5, 59.0], [112.0, 58.5], [111.5, 58.0], [111.0, 57.5], [110.5, 57.0], [110.0, 56.5], [109.5, 56.0], [109.0, 55.5], [108.0, 55.5], [107.5, 55.0], [107.0, 54.5], [106.0, 54.5], [105.5, 54.0], [105.0, 53.5], [104.0, 53.5], [103.5, 54.0], [103.0, 54.5], [102.0, 54.5], [101.5, 55.0], [101.5, 56.0], [101.0, 56.5], [100.0, 56.5], [99.5, 57.0], [99.0, 57.5], [98.0, 57.5], [97.5, 58.0], [97.0, 58.5], [96.0, 58.5], [95.5, 59.0], [95.5, 60.0], [95.5, 61.0], [96.0, 61.5], [96.5, 62.0], [96.5, 63.0], [96.5, 64.0], [96.5, 65.0], [96.5, 66.0], [96.5, 67.0], [96.5, 68.0], [96.0, 68.5], [95.5, 69.0], [95.0, 69.5], [94.5, 70.0], [94.0, 70.5], [93.0, 70.5], [92.0, 70.5], [91.5, 71.0], [91.0, 71.5], [90.0, 71.5], [89.5, 71.0], [89.0, 70.5], [88.5, 71.0], [88.5, 72.0], [88.5, 73.0], [88.5, 74.0], [88.5, 75.0]]"
SLICE,Z3,RF_R,24.99771463870789,20.666722893711892,-236.60200500488114,,33.738461538461536,10.44660699141765,,,"[[77.0, 47.5], [76.5, 48.0], [77.0, 48.5], [77.5, 49.0], [78.0, 49.5], [78.5, 50.0], [79.0, 50.5], [79.5, 51.0], [80.0, 51.5], [80.5, 52.0], [81.0, 52.5], [81.5, 53.0], [82.0, 53.5], [82.5, 54.0], [83.0, 54.5], [84.0, 54.5], [85.0, 54.5], [86.0, 54.5], [86.5, 55.0], [87.0, 55.5], [88.0, 55.5], [88.5, 56.0], [89.0, 56.5], [90.0, 56.5], [91.0, 56.5], [91.5, 57.0], [92.0, 57.5], [92.5, 58.0], [93.0, 58.5], [94.0, 58.5], [94.5, 59.0], [95.0, 59.5], [95.5, 59.0], [96.0, 58.5], [97.0, 58.5], [97.5, 58.0], [98.0, 57.5], [99.0, 57.5], [99.5, 57.0], [100.0, 56.5], [101.0, 56.5], [101.5, 56.0], [101.5, 55.0], [102.0, 54.5], [102.5, 54.0], [102.5, 53.0], [102.5, 52.0], [102.5, 51.0], [102.0, 50.5], [101.5, 50.0], [101.5, 49.0], [101.0, 48.5], [100.0, 48.5], [99.5, 48.0], [99.0, 47.5], [98.5, 47.0], [98.0, 46.5], [97.0, 46.5], [96.5, 46.0], [96.0, 45.5], [95.0, 45.5], [94.0, 45.5], [93.0, 45.5], [92.5, 45.0], [92.0, 44.5], [91.0, 44.5], [90.0, 44.5], [89.5, 44.0], [89.0, 43.5], [88.0, 43.5], [87.0, 43.5], [86.0, 43.5], [85.0, 43.5], [84.0, 43.5], [83.0, 43.5], [82.0, 43.5], [81.5, 44.0], [81.0, 44.5], [80.0, 44.5], [79.0, 44.5], [78.5, 45.0], [78.0, 45.5], [77.5, 46.0], [77.5, 47.0]]"
SLICE,Z3,SAR_R,24.99771463870789,20.666722893711892,-236.60200500488114,,31.341463414634145,10.600068467559735,,,"[[112.0, 85.5], [111.5, 86.0], [111.5, 87.0], [111.5, 88.0], [112.0, 88.5], [112.5, 89.0], [113.0, 89.5], [114.0, 89.5], [114.5, 90.0], [115.0, 90.5], [115.5, 91.0], [116.0, 91.5], [117.0, 91.5], [118.0, 91.5], [119.0, 91.5], [120.0, 91.5], [121.0, 91.5], [122.0, 91.5], [123.0, 91.5], [124.0, 91.5], [124.5, 91.0], [124.5, 90.0], [125.0, 89.5], [125.5, 89.0], [125.5, 88.0], [125.5, 87.0], [126.0, 86.5], [126.5, 86.0], [126.0, 85.5], [125.5, 85.0], [125.5, 84.0], [125.5, 83.0], [125.5, 82.0], [125.5, 81.0], [125.0, 80.5], [124.5, 80.0], [124.5, 79.0], [124.5, 78.0], [124.5, 77.0], [124.5, 76.0], [124.0, 75.5], [123.5, 75.0], [123.5, 74.0], [123.0, 73.5], [122.5, 73.0], [122.0, 72.5], [121.5, 72.0], [121.5, 71.0], [121.0, 70.5], [120.0, 70.5], [119.5, 70.0], [119.0, 69.5], [118.5, 69.0], [118.0, 68.5], [117.0, 68.5], [116.5, 69.0], [116.5, 70.0], [116.5, 71.0], [117.0, 71.5], [117.5, 72.0], [117.5, 73.0], [117.5, 74.0], [117.5, 75.0], [117.5, 76.0], [117.0, 76.5], [116.5, 77.0], [116.5, 78.0], [116.5, 79.0], [116.0, 79.5], [115.5, 80.0], [115.5, 81.0], [115.0, 81.5], [114.5, 82.0], [114.0, 82.5], [113.5, 83.0], [113.0, 83.5], [112.5, 84.0], [112.5, 85.0]]"
SLICE,Z3,GRA_R,24.99771463870789,20.666722893711892,-236.60200500488114,,19.523364485981308,12.908988243285405,,,"[[125.0, 99.5], [124.5, 100.0], [124.5, 101.0], [124.5, 102.0], [124.5, 103.0], [124.5, 104.0], [124.5, 105.0], [125.0, 105.5], [125.5, 106.0], [126.0, 106.5], [126.5, 107.0], [126.5, 108.0], [126.5, 109.0], [127.0, 109.5], [128.0, 109.5], [129.0, 109.5], [130.0, 109.5], [131.0, 109.5], [132.0, 109.5], [132.5, 109.0], [133.0, 108.5], [134.0, 108.5], [134.5, 108.0], [134.5, 107.0], [134.5, 106.0], [134.5, 105.0], [134.5, 104.0], [134.5, 103.0], [134.5, 102.0], [134.5, 101.0], [134.5, 100.0], [134.5, 99.0], [134.0, 98.5], [133.5, 98.0], [133.0, 97.5], [132.5, 97.0], [132.0, 96.5], [131.0, 96.5], [130.0, 96.5], [129.0, 96.5], [128.5, 97.0], [128.5, 98.0], [128.0, 98.5], [127.5, 99.0], [127.0, 99.5], [126.0, 99.5]]"
SLICE,Z3,SM_R,24.99771463870789,20.666722893711892,-236.60200500488114,,23.303370786516854,16.46064731370285,,,"[[102.0, 103.5], [101.5, 104.0], [101.5, 105.0], [101.5, 106.0], [101.5, 107.0], [101.5, 108.0], [102.0, 108.5], [102.5, 109.0], [102.5, 110.0], [102.5, 111.0], [103.0, 111.5], [103.5, 112.0], [104.0, 112.5], [104.5, 113.0], [104.5, 114.0], [105.0, 114.5], [105.5, 115.0], [105.5, 116.0], [106.0, 116.5], [106.5, 117.0], [106.5, 118.0], [106.5, 119.0], [107.0, 119.5], [107.5, 120.0], [107.5, 121.0], [108.0, 121.5], [108.5, 122.0], [108.5, 123.0], [109.0, 123.5], [109.5, 124.0], [110.0, 124.5], [110.5, 125.0], [111.0, 125.5], [111.5, 126.0], [112.0, 126.5], [113.0, 126.5], [114.0, 126.5], [114.5, 126.0], [115.0, 125.5], [116.0, 125.5], [116.5, 125.0], [117.0, 124.5], [118.0, 124.5], [118.5, 124.0], [119.0, 123.5], [119.5, 123.0], [119.5, 122.0], [120.0, 121.5], [120.5, 121.0], [120.5, 120.0], [121.0, 119.5], [121.5, 119.0], [121.0, 118.5], [120.5, 118.0], [120.5, 117.0], [120.5, 116.0], [120.0, 115.5], [119.5, 115.0], [119.5, 114.0], [119.0, 113.5], [118.5, 113.0], [118.0, 112.5], [117.5, 112.0], [117.0, 111.5], [116.5, 111.0], [116.5, 110.0], [116.0, 109.5], [115.0, 109.5], [114.5, 109.0], [114.0, 108.5], [113.5, 108.0], [113.0, 107.5], [112.5, 107.0], [112.0, 106.5], [111.0, 106.5], [110.5, 106.0], [110.0, 105.5], [109.5, 105.0], [109.0, 104.5], [108.0, 104.5], [107.5, 104.0], [107.0, 103.5], [106.0, 103.5], [105.0, 103.5], [104.0, 103.5], [103.0, 103.5]]"
SLICE,Z3,ST_R,24.99771463870789,20.666722893711892,-236.60200500488114,,26.364238410596027,11.79543263481667,,,"[[95.0, 106.5], [94.5, 107.0], [94.5, 108.0], [94.5, 109.0], [94.5, 110.0], [94.5, 111.0], [94.5, 112.0], [94.5, 113.0], [94.5, 114.0], [94.5, 115.0], [94.5, 116.0], [95.0, 116.5], [95.5, 117.0], [95.5, 118.0], [95.5, 119.0], [96.0, 119.5], [96.5, 120.0], [97.0, 120.5], [97.5, 121.0], [98.0, 121.5], [99.0, 121.5], [99.5, 122.0], [100.0, 122.5], [101.0, 122.5], [102.0, 122.5], [103.0, 122.5], [104.0, 122.5], [105.0, 122.5], [105.5, 122.0], [106.0, 121.5], [106.5, 121.0], [107.0, 120.5], [107.5, 120.0], [107.0, 119.5], [106.5, 119.0], [106.5, 118.0], [106.5, 117.0], [106.0, 116.5], [105.5, 116.0], [105.5, 115.0], [105.0, 114.5], [104.5, 114.0], [104.5, 113.0], [104.0, 112.5], [103.5, 112.0], [103.0, 111.5], [102.5, 111.0], [102.5, 110.0], [102.5, 109.0], [102.0, 108.5], [101.5, 108.0], [101.5, 107.0], [101.5, 106.0], [101.0, 105.5], [100.0, 105.5], [99.0, 105.5], [98.5, 106.0], [98.0, 106.5], [97.0, 106.5], [96.0, 106.5]]"
SLICE,Z3,BF_R,24.99771463870789,20.666722893711892,-236.60200500488114,,37.815242494226325,7.746148472964808,,,"[[76.0, 100.5], [75.5, 101.0], [75.5, 102.0], [75.5, 103.0], [75.5, 104.0], [75.5, 105.0], [75.5, 106.0], [75.5, 107.0], [75.5, 108.0], [75.5, 109.0], [75.5, 110.0], [75.5, 111.0], [76.0, 111.5], [76.5, 112.0], [77.0, 112.5], [77.5, 113.0], [77.5, 114.0], [78.0, 114.5], [78.5, 115.0], [78.5, 116.0], [79.0, 116.5], [80.0, 116.5], [80.5, 117.0], [80.5, 118.0], [81.0, 118.5], [81.5, 119.0], [82.0, 119.5], [83.0, 119.5], [83.5, 120.0], [83.5, 121.0], [84.0, 121.5], [85.0, 121.5], [85.5, 122.0], [86.0, 122.5], [86.5, 123.0], [87.0, 123.5], [88.0, 123.5], [88.5, 124.0], [89.0, 124.5], [90.0, 124.5], [90.5, 125.0], [91.0, 125.5], [91.5, 126.0], [92.0, 126.5], [93.0, 126.5], [94.0, 126.5], [95.0, 126.5], [95.5, 126.0], [96.0, 125.5], [96.5, 125.0], [96.5, 124.0], [96.5, 123.0], [96.5, 122.0], [96.5, 121.0], [96.5, 120.0], [96.0, 119.5], [95.5, 119.0], [95.5, 118.0], [95.5, 117.0], [95.0, 116.5], [94.5, 116.0], [94.5, 115.0], [94.5, 114.0], [94.5, 113.0], [94.5, 112.0], [94.5, 111.0], [94.5, 110.0], [94.5, 109.0], [94.5, 108.0], [94.5, 107.0], [94.5, 106.0], [94.5, 105.0], [94.5, 104.0], [94.0, 103.5], [93.5, 103.0], [93.0, 102.5], [92.5, 102.0], [92.0, 101.5], [91.5, 101.0], [91.0, 100.5], [90.5, 100.0], [90.0, 99.5], [89.5, 99.0], [89.0, 98.5], [88.0, 98.5], [87.0, 98.5], [86.0, 98.5], [85.5, 98.0], [85.0, 97.5], [84.5, 97.0], [84.0, 96.5], [83.0, 96.5], [82.0, 96.5], [81.0, 96.5], [80.5, 97.0], [80.0, 97.5], [79.0, 97.5], [78.5, 98.0], [78.0, 98.5], [77.5, 99.0], [77.0, 99.5], [76.5, 100.0]]"
SLICE,Z3,BF_SH_R,24.99771463870789,20.666722893711892,-236.60200500488114,,,,,,
SLICE,Z3,AM_R,24.99771463870789,20.666722893711892,-236.60200500488114,,34.48783783783784,7.8182816371301955,,,"[[86.0, 86.5], [85.5, 87.0], [85.5, 88.0], [85.5, 89.0], [86.0, 89.5], [86.5, 90.0], [86.5, 91.0], [86.5, 92.0], [86.5, 93.0], [86.5, 94.0], [87.0, 94.5], [87.5, 95.0], [88.0, 95.5], [88.5, 96.0], [88.5, 97.0], [89.0, 97.5], [89.5, 98.0], [90.0, 98.5], [90.5, 99.0], [91.0, 99.5], [91.5, 100.0], [92.0, 100.5], [92.5, 101.0], [93.0, 101.5], [94.0, 101.5], [95.0, 101.5], [95.5, 102.0], [96.0, 102.5], [97.0, 102.5], [98.0, 102.5], [99.0, 102.5], [99.5, 103.0], [100.0, 103.5], [101.0, 103.5], [102.0, 103.5], [103.0, 103.5], [104.0, 103.5], [105.0, 103.5], [106.0, 103.5], [107.0, 103.5], [107.5, 104.0], [108.0, 104.5], [109.0, 104.5], [109.5, 105.0], [110.0, 105.5], [110.5, 106.0], [111.0, 106.5], [112.0, 106.5], [112.5, 107.0], [113.0, 107.5], [113.5, 108.0], [114.0, 108.5], [114.5, 109.0], [115.0, 109.5], [116.0, 109.5], [116.5, 110.0], [116.5, 111.0], [117.0, 111.5], [117.5, 112.0], [118.0, 112.5], [118.5, 113.0], [119.0, 113.5], [119.5, 114.0], [119.5, 115.0], [120.0, 115.5], [120.5, 116.0], [121.0, 116.5], [122.0, 116.5], [123.0, 116.5], [123.5, 116.0], [124.0, 115.5], [124.5, 115.0], [125.0, 114.5], [126.0, 114.5], [126.5, 114.0], [127.0, 113.5], [128.0, 113.5], [128.5, 113.0], [129.0, 112.5], [129.5, 112.0], [129.5, 111.0], [130.0, 110.5], [130.5, 110.0], [130.0, 109.5], [129.0, 109.5], [128.0, 109.5], [127.0, 109.5], [126.5, 109.0], [126.5, 108.0], [126.5, 107.0], [126.0, 106.5], [125.5, 106.0], [125.0, 105.5], [124.5, 105.0], [124.5, 104.0], [124.5, 103.0], [124.5, 102.0], [124.5, 101.0], [124.5, 100.0], [125.0, 99.5], [126.0, 99.5], [127.0, 99.5], [127.5, 99.0], [127.5, 98.0], [127.5, 97.0], [127.0, 96.5], [126.5, 96.0], [126.5, 95.0], [126.0, 94.5], [125.5, 94.0], [125.0, 93.5], [124.5, 93.0], [124.5, 92.0], [124.0, 91.5], [123.0, 91.5], [122.0, 91.5], [121.0, 91.5], [120.0, 91.5], [119.0, 91.5], [118.0, 91.5], [117.0, 91.5], [116.0, 91.5], [115.5, 91.0], [115.0, 90.5], [114.5, 90.0], [114.0, 89.5], [113.0, 89.5], [112.0, 89.5], [111.0, 89.5], [110.0, 89.5], [109.5, 89.0], [109.0, 88.5], [108.0, 88.5], [107.0, 88.5], [106.0, 88.5], [105.0, 88.5], [104.5, 88.0], [104.0, 87.5], [103.0, 87.5], [102.5, 87.0], [102.0, 86.5], [101.0, 86.5], [100.0, 86.5], [99.0, 86.5], [98.5, 86.0], [98.0, 85.5], [97.0, 85.5], [96.5, 85.0], [96.0, 84.5], [95.0, 84.5], [94.5, 84.0], [94.5, 83.0], [94.0, 82.5], [93.0, 82.5], [92.5, 82.0], [92.0, 81.5], [91.5, 81.0], [91.0, 80.5], [90.0, 80.5], [89.0, 80.5], [88.0, 80.5], [87.5, 81.0], [87.0, 81.5], [86.5, 82.0], [86.5, 83.0], [86.5, 84.0], [86.5, 85.0], [86.5, 86.0]]"
SLICE,Z3,AL_R,24.99771463870789,20.666722893711892,-236.60200500488114,,,,,,
SLICE,Z3,AB_R,24.99771463870789,20.666722893711892,-236.60200500488114,,,,,,
SLICE,Z3,VL_L,24.99771463870789,20.666722893711892,-236.60200500488114,,34.984029484029485,7.272072423038155,,,"[[228.0, 48.5], [227.5, 49.0], [227.5, 50.0], [227.5, 51.0], [228.0, 51.5], [228.5, 52.0], [229.0, 52.5], [230.0, 52.5], [230.5, 53.0], [231.0, 53.5], [232.0, 53.5], [233.0, 53.5], [234.0, 53.5], [234.5, 54.0], [235.0, 54.5], [236.0, 54.5], [237.0, 54.5], [237.5, 55.0], [238.0, 55.5], [238.5, 56.0], [239.0, 56.5], [240.0, 56.5], [240.5, 57.0], [241.0, 57.5], [241.5, 58.0], [241.5, 59.0], [242.0, 59.5], [242.5, 60.0], [243.0, 60.5], [243.5, 61.0], [244.0, 61.5], [244.5, 62.0], [244.5, 63.0], [245.0, 63.5], [245.5, 64.0], [246.0, 64.5], [246.5, 65.0], [246.5, 66.0], [246.5, 67.0], [247.0, 67.5], [247.5, 68.0], [247.5, 69.0], [247.5, 70.0], [247.5, 71.0], [248.0, 71.5], [248.5, 72.0], [248.5, 73.0], [248.5, 74.0], [248.5, 75.0], [248.5, 76.0], [248.5, 77.0], [248.0, 77.5], [247.5, 78.0], [247.5, 79.0], [247.0, 79.5], [246.5, 80.0], [246.5, 81.0], [246.5, 82.0], [246.5, 83.0], [246.5, 84.0], [246.5, 85.0], [246.5, 86.0], [246.5, 87.0], [246.5, 88.0], [246.5, 89.0], [246.0, 89.5], [245.5, 90.0], [245.5, 91.0], [245.0, 91.5], [244.5, 92.0], [245.0, 92.5], [246.0, 92.5], [246.5, 93.0], [246.5, 94.0], [247.0, 94.5], [248.0, 94.5], [249.0, 94.5], [250.0, 94.5], [250.5, 94.0], [251.0, 93.5], [252.0, 93.5], [252.5, 93.0], [253.0, 92.5], [253.5, 92.0], [254.0, 91.5], [255.0, 91.5], [255.5, 91.0], [256.0, 90.5], [256.5, 90.0], [256.5, 89.0], [257.0, 88.5], [257.5, 88.0], [257.5, 87.0], [258.0, 86.5], [259.0, 86.5], [259.5, 86.0], [259.5, 85.0], [259.5, 84.0], [259.5, 83.0], [260.0, 82.5], [260.5, 82.0], [260.5, 81.0], [260.5, 80.0], [261.0, 79.5], [261.5, 79.0], [261.5, 78.0], [261.5, 77.0], [261.5, 76.0], [261.5, 75.0], [261.5, 74.0], [261.5, 73.0], [261.5, 72.0], [261.5, 71.0], [261.5, 70.0], [261.5, 69.0], [261.5, 68.0], [261.5, 67.0], [261.5, 66.0], [261.5, 65.0], [261.5, 64.0], [261.5, 63.0], [261.5, 62.0], [261.5, 61.0], [261.0, 60.5], [260.5, 60.0], [260.5, 59.0], [260.0, 58.5], [259.5, 58.0], [259.5, 57.0], [259.5, 56.0], [259.0, 55.5], [258.5, 55.0], [258.0, 54.5], [257.5, 54.0], [257.0, 53.5], [256.5, 53.0], [256.5, 52.0], [256.0, 51.5], [255.5, 51.0], [255.0, 50.5], [254.5, 50.0], [254.0, 49.5], [253.5, 49.0], [253.0, 48.5], [252.0, 48.5], [251.5, 48.0], [251.0, 47.5], [250.0, 47.5], [249.5, 47.0], [249.5, 46.0], [249.0, 45.5], [248.0, 45.5], [247.0, 45.5], [246.0, 45.5], [245.5, 45.0], [245.0, 44.5], [244.0, 44.5], [243.5, 44.0], [243.0, 43.5], [242.0, 43.5], [241.0, 43.5], [240.0, 43.5], [239.0, 43.5], [238.0, 43.5], [237.0, 43.5], [236.5, 43.0], [236.0, 42.5], [235.0, 42.5], [234.0, 42.5], [233.5, 43.0], [233.0, 43.5], [232.0, 43.5], [231.0, 43.5], [230.0, 43.5], [229.5, 44.0], [229.0, 44.5], [228.5, 45.0], [228.5, 46.0], [228.5, 47.0], [228.5, 48.0]]"
SLICE,Z3,VI_L,24.99771463870789,20.666722893711892,-236.60200500488114,,34.330550918197,6.666958233242603,,,"[[216.0, 62.5], [215.5, 63.0], [215.5, 64.0], [216.0, 64.5], [216.5, 65.0], [216.5, 66.0], [216.5, 67.0], [216.5, 68.0], [217.0, 68.5], [217.5, 69.0], [218.0, 69.5], [219.0, 69.5], [219.5, 70.0], [220.0, 70.5], [221.0, 70.5], [222.0, 70.5], [223.0, 70.5], [224.0, 70.5], [224.5, 71.0], [225.0, 71.5], [225.5, 71.0], [226.0, 70.5], [226.5, 70.0], [226.5, 69.0], [226.5, 68.0], [226.5, 67.0], [226.5, 66.0], [226.5, 65.0], [227.0, 64.5], [227.5, 64.0], [228.0, 63.5], [228.5, 63.0], [229.0, 62.5], [229.5, 62.0], [230.0, 61.5], [231.0, 61.5], [232.0, 61.5], [233.0, 61.5], [234.0, 61.5], [235.0, 61.5], [236.0, 61.5], [236.5, 62.0], [237.0, 62.5], [238.0, 62.5], [238.5, 63.0], [238.5, 64.0], [239.0, 64.5], [240.0, 64.5], [240.5, 65.0], [240.5, 66.0], [240.5, 67.0], [240.5, 68.0], [240.5, 69.0], [240.5, 70.0], [240.5, 71.0], [240.0, 71.5], [239.5, 72.0], [239.0, 72.5], [238.5, 73.0], [238.0, 73.5], [237.5, 74.0], [237.0, 74.5], [236.5, 75.0], [236.0, 75.5], [235.0, 75.5], [234.0, 75.5], [233.5, 76.0], [233.0, 76.5], [232.0, 76.5], [231.5, 77.0], [231.0, 77.5], [230.5, 78.0], [230.5, 79.0], [230.5, 80.0], [231.0, 80.5], [231.5, 81.0], [231.5, 82.0], [231.5, 83.0], [232.0, 83.5], [232.5, 84.0], [232.5, 85.0], [232.5, 86.0], [233.0, 86.5], [233.5, 87.0], [233.5, 88.0], [233.5, 89.0], [234.0, 89.5], [235.0, 89.5], [235.5, 90.0], [235.5, 91.0], [236.0, 91.5], [237.0, 91.5], [237.5, 92.0], [238.0, 92.5], [238.5, 92.0], [239.0, 91.5], [240.0, 91.5], [241.0, 91.5], [242.0, 91.5], [243.0, 91.5], [244.0, 91.5], [245.0, 91.5], [245.5, 91.0], [245.5, 90.0], [246.0, 89.5], [246.5, 89.0], [246.5, 88.0], [246.5, 87.0], [246.5, 86.0], [246.5, 85.0], [246.5, 84.0], [246.5, 83.0], [246.5, 82.0], [246.5, 81.0], [246.5, 80.0], [247.0, 79.5], [247.5, 79.0], [247.5, 78.0], [248.0, 77.5], [248.5, 77.0], [248.5, 76.0], [248.5, 75.0], [248.5, 74.0], [248.5, 73.0], [248.5, 72.0], [248.0, 71.5], [247.5, 71.0], [247.5, 70.0], [247.5, 69.0], [247.5, 68.0], [247.0, 67.5], [246.5, 67.0], [246.5, 66.0], [246.5, 65.0], [246.0, 64.5], [245.5, 64.0], [245.0, 63.5], [244.5, 63.0], [244.5, 62.0], [244.0, 61.5], [243.5, 61.0], [243.0, 60.5], [242.5, 60.0], [242.0, 59.5], [241.5, 59.0], [241.5, 58.0], [241.0, 57.5], [240.5, 57.0], [240.0, 56.5], [239.0, 56.5], [238.5, 56.0], [238.0, 55.5], [237.5, 55.0], [237.0, 54.5], [236.0, 54.5], [235.0, 54.5], [234.5, 54.0], [234.0, 53.5], [233.0, 53.5], [232.0, 53.5], [231.0, 53.5], [230.0, 53.5], [229.0, 53.5], [228.0, 53.5], [227.0, 53.5], [226.0, 53.5], [225.0, 53.5], [224.5, 54.0], [224.0, 54.5], [223.0, 54.5], [222.5, 55.0], [222.0, 55.5], [221.5, 56.0], [221.0, 56.5], [220.0, 56.5], [219.0, 56.5], [218.5, 57.0], [218.0, 57.5], [217.5, 58.0], [217.0, 58.5], [216.5, 59.0], [216.5, 60.0], [216.5, 61.0], [216.5, 62.0]]"
SLICE,Z3,VM_L,24.99771463870789,20.666722893711892,-236.60200500488114,,34.25325615050651,8.77114399415634,,,"[[197.0, 64.5], [196.5, 65.0], [197.0, 65.5], [197.5, 66.0], [197.5, 67.0], [197.5, 68.0], [197.5, 69.0], [197.5, 70.0], [197.5, 71.0], [197.5, 72.0], [197.5, 73.0], [197.5, 74.0], [198.0, 74.5], [198.5, 75.0], [198.5, 76.0], [199.0, 76.5], [199.5, 77.0], [199.5, 78.0], [199.5, 79.0], [200.0, 79.5], [201.0, 79.5], [201.5, 80.0], [201.5, 81.0], [202.0, 81.5], [203.0, 81.5], [203.5, 82.0], [204.0, 82.5], [204.5, 83.0], [205.0, 83.5], [206.0, 83.5], [206.5, 84.0], [207.0, 84.5], [208.0, 84.5], [209.0, 84.5], [210.0, 84.5], [211.0, 84.5], [212.0, 84.5], [213.0, 84.5], [214.0, 84.5], [215.0, 84.5], [216.0, 84.5], [217.0, 84.5], [217.5, 84.0], [218.0, 83.5], [219.0, 83.5], [220.0, 83.5], [221.0, 83.5], [221.5, 83.0], [222.0, 82.5], [222.5, 82.0], [223.0, 81.5], [224.0, 81.5], [225.0, 81.5], [225.5, 81.0], [225.5, 80.0], [226.0, 79.5], [227.0, 79.5], [227.5, 79.0], [228.0, 78.5], [229.0, 78.5], [229.5, 78.0], [229.5, 77.0], [229.5, 76.0], [229.0, 75.5], [228.5, 75.0], [228.5, 74.0], [228.0, 73.5], [227.5, 73.0], [227.5, 72.0], [227.0, 71.5], [226.5, 71.0], [226.0, 70.5], [225.5, 71.0], [225.0, 71.5], [224.5, 71.0], [224.0, 70.5], [223.0, 70.5], [222.0, 70.5], [221.0, 70.5], [220.0, 70.5], [219.5, 70.0], [219.0, 69.5], [218.0, 69.5], [217.5, 69.0], [217.0, 68.5], [216.5, 68.0], [216.5, 67.0], [216.5, 66.0], [216.5, 65.0], [216.0, 64.5], [215.5, 64.0], [215.5, 63.0], [216.0, 62.5], [216.5, 62.0], [216.5, 61.0], [216.5, 60.0], [216.5, 59.0], [217.0, 58.5], [217.5, 58.0], [217.5, 57.0], [217.0, 56.5], [216.5, 56.0], [216.5, 55.0], [216.0, 54.5], [215.0, 54.5], [214.5, 54.0], [214.5, 53.0], [214.5, 52.0], [214.0, 51.5], [213.0, 51.5], [212.0, 51.5], [211.5, 51.0], [211.0, 50.5], [210.0, 50.5], [209.0, 50.5], [208.0, 50.5], [207.0, 50.5], [206.5, 51.0], [206.0, 51.5], [205.5, 52.0], [205.0, 52.5], [204.5, 53.0], [204.0, 53.5], [203.5, 54.0], [203.0, 54.5], [202.5, 55.0], [202.0, 55.5], [201.0, 55.5], [200.5, 56.0], [200.5, 57.0], [200.0, 57.5], [199.5, 58.0], [199.0, 58.5], [198.5, 59.0], [198.5, 60.0], [198.5, 61.0], [198.0, 61.5], [197.5, 62.0], [197.5, 63.0], [197.5, 64.0]]"
SLICE,Z3,RF_L,24.99771463870789,20.666722893711892,-236.60200500488114,,31.58992805755396,10.858019580174709,,,"[[212.0, 50.5], [211.5, 51.0], [212.0, 51.5], [213.0, 51.5], [214.0, 51.5], [214.5, 52.0], [214.5, 53.0], [214.5, 54.0], [215.0, 54.5], [216.0, 54.5], [216.5, 55.0], [216.5, 56.0], [217.0, 56.5], [218.0, 56.5], [219.0, 56.5], [220.0, 56.5], [221.0, 56.5], [221.5, 56.0], [221.5, 55.0], [222.0, 54.5], [223.0, 54.5], [224.0, 54.5], [224.5, 54.0], [225.0, 53.5], [225.5, 53.0], [226.0, 52.5], [226.5, 52.0], [226.5, 51.0], [226.5, 50.0], [226.5, 49.0], [226.5, 48.0], [226.5, 47.0], [226.5, 46.0], [226.0, 45.5], [225.5, 45.0], [225.0, 44.5], [224.5, 44.0], [224.0, 43.5], [223.0, 43.5], [222.0, 43.5], [221.0, 43.5], [220.0, 43.5], [219.0, 43.5], [218.5, 44.0], [218.0, 44.5], [217.0, 44.5], [216.5, 45.0], [216.0, 45.5], [215.0, 45.5], [214.5, 46.0], [214.0, 46.5], [213.5, 47.0], [213.5, 48.0], [213.0, 48.5], [212.5, 49.0], [212.5, 50.0]]"
SLICE,Z3,SAR_L,24.99771463870789,20.666722893711892,-236.60200500488114,,36.797356828193834,10.488230957046877,,,"[[191.0, 76.5], [190.5, 77.0], [190.5, 78.0], [190.5, 79.0], [190.5, 80.0], [190.5, 81.0], [190.5, 82.0], [190.5, 83.0], [190.5, 84.0], [190.5, 85.0], [190.5, 86.0], [190.5, 87.0], [190.5, 88.0], [190.5, 89.0], [190.5, 90.0], [190.5, 91.0], [191.0, 91.5], [191.5, 92.0], [192.0, 92.5], [193.0, 92.5], [193.5, 93.0], [194.0, 93.5], [195.0, 93.5], [196.0, 93.5], [197.0, 93.5], [198.0, 93.5], [198.5, 93.0], [199.0, 92.5], [200.0, 92.5], [200.5, 92.0], [201.0, 91.5], [202.0, 91.5], [202.5, 91.0], [203.0, 90.5], [203.5, 90.0], [204.0, 89.5], [204.5, 89.0], [204.5, 88.0], [205.0, 87.5], [205.5, 87.0], [205.5, 86.0], [205.0, 85.5], [204.5, 85.0], [204.5, 84.0], [204.5, 83.0], [204.0, 82.5], [203.5, 82.0], [203.0, 81.5], [202.0, 81.5], [201.5, 81.0], [201.5, 80.0], [201.0, 79.5], [200.0, 79.5], [199.5, 79.0], [199.5, 78.0], [199.5, 77.0], [199.0, 76.5], [198.5, 76.0], [198.5, 75.0], [198.0, 74.5], [197.5, 74.0], [197.5, 73.0], [197.5, 72.0], [197.5, 71.0], [197.0, 70.5], [196.0, 70.5], [195.5, 71.0], [195.0, 71.5], [194.5, 72.0], [194.0, 72.5], [193.5, 73.0], [193.5, 74.0], [193.0, 74.5], [192.5, 75.0], [192.0, 75.5], [191.5, 76.0]]"
SLICE,Z3,GRA_L,24.99771463870789,20.666722893711892,-236.60200500488114,,31.17924528301887,15.83511572412529,,,"[[185.0, 101.5], [184.5, 102.0], [184.5, 103.0], [184.5, 104.0], [184.5, 105.0], [184.5, 106.0], [185.0, 106.5], [185.5, 107.0], [185.5, 108.0], [185.5, 109.0], [186.0, 109.5], [187.0, 109.5], [188.0, 109.5], [189.0, 109.5], [190.0, 109.5], [191.0, 109.5], [192.0, 109.5], [193.0, 109.5], [194.0, 109.5], [194.5, 109.0], [194.5, 108.0], [194.5, 107.0], [195.0, 106.5], [195.5, 106.0], [196.0, 105.5], [196.5, 105.0], [196.5, 104.0], [196.5, 103.0], [196.0, 102.5], [195.5, 102.0], [195.0, 101.5], [194.5, 101.0], [194.0, 100.5], [193.5, 100.0], [193.0, 99.5], [192.0, 99.5], [191.0, 99.5], [190.0, 99.5], [189.5, 99.0], [189.0, 98.5], [188.0, 98.5], [187.0, 98.5], [186.0, 98.5], [185.5, 99.0], [185.5, 100.0], [185.5, 101.0]]"
SLICE,Z3,SM_L,24.99771463870789,20.666722893711892,-236.60200500488114,,37.36069651741293,10.033116682299404,,,"[[199.0, 111.5], [198.5, 112.0], [198.5, 113.0], [199.0, 113.5], [199.5, 114.0], [199.5, 115.0], [200.0, 115.5], [200.5, 116.0], [200.5, 117.0], [200.5, 118.0], [200.5, 119.0], [201.0, 119.5], [201.5, 120.0], [202.0, 120.5], [202.5, 121.0], [203.0, 121.5], [204.0, 121.5], [205.0, 121.5], [206.0, 121.5], [207.0, 121.5], [208.0, 121.5], [208.5, 121.0], [209.0, 120.5], [209.5, 120.0], [210.0, 119.5], [211.0, 119.5], [211.5, 119.0], [211.5, 118.0], [212.0, 117.5], [212.5, 117.0], [213.0, 116.5], [213.5, 116.0], [213.5, 115.0], [214.0, 114.5], [214.5, 114.0], [214.5, 113.0], [214.5, 112.0], [215.0, 111.5], [215.5, 111.0], [216.0, 110.5], [216.5, 110.0], [216.5, 109.0], [216.5, 108.0], [217.0, 107.5], [217.5, 107.0], [218.0, 106.5], [219.0, 106.5], [219.5, 106.0], [219.5, 105.0], [220.0, 104.5], [221.0, 104.5], [221.5, 104.0], [221.5, 103.0], [222.0, 102.5], [222.5, 102.0], [223.0, 101.5], [224.0, 101.5], [224.5, 101.0], [224.5, 100.0], [225.0, 99.5], [225.5, 99.0], [225.5, 98.0], [225.5, 97.0], [225.0, 96.5], [224.5, 96.0], [224.5, 95.0], [224.0, 94.5], [223.0, 94.5], [222.0, 94.5], [221.5, 94.0], [221.0, 93.5], [220.0, 93.5], [219.0, 93.5], [218.5, 94.0], [218.0, 94.5], [217.0, 94.5], [216.0, 94.5], [215.0, 94.5], [214.5, 95.0], [214.5, 96.0], [214.0, 96.5], [213.0, 96.5], [212.0, 96.5], [211.5, 97.0], [211.0, 97.5], [210.0, 97.5], [209.5, 98.0], [209.0, 98.5], [208.5, 99.0], [208.0, 99.5], [207.0, 99.5], [206.5, 100.0], [206.5, 101.0], [206.0, 101.5], [205.0, 101.5], [204.5, 102.0], [204.0, 102.5], [203.5, 103.0], [203.0, 103.5], [202.5, 104.0], [202.0, 104.5], [201.5, 105.0], [201.5, 106.0], [201.0, 106.5], [200.5, 107.0], [200.5, 108.0], [200.0, 108.5], [199.5, 109.0], [199.5, 110.0], [199.5, 111.0]]"
SLICE,Z3,ST_L,24.99771463870789,20.666722893711892,-236.60200500488114,,35.59069767441861,7.288085656501727,,,"[[211.0, 119.5], [210.5, 120.0], [211.0, 120.5], [211.5, 121.0], [212.0, 121.5], [213.0, 121.5], [213.5, 122.0], [214.0, 122.5], [215.0, 122.5], [216.0, 122.5], [217.0, 122.5], [218.0, 122.5], [219.0, 122.5], [219.5, 122.0], [220.0, 121.5], [221.0, 121.5], [221.5, 121.0], [222.0, 120.5], [222.5, 120.0], [223.0, 119.5], [224.0, 119.5], [224.5, 119.0], [224.5, 118.0], [224.5, 117.0], [225.0, 116.5], [226.0, 116.5], [226.5, 116.0], [226.5, 115.0], [226.5, 114.0], [227.0, 113.5], [227.5, 113.0], [227.5, 112.0], [228.0, 111.5], [228.5, 111.0], [228.5, 110.0], [228.5, 109.0], [229.0, 108.5], [229.5, 108.0], [229.5, 107.0], [229.5, 106.0], [229.0, 105.5], [228.0, 105.5], [227.5, 105.0], [227.0, 104.5], [226.5, 104.0], [226.0, 103.5], [225.0, 103.5], [224.0, 103.5], [223.0, 103.5], [222.0, 103.5], [221.5, 104.0], [221.0, 104.5], [220.0, 104.5], [219.5, 105.0], [219.5, 106.0], [219.0, 106.5], [218.0, 106.5], [217.5, 107.0], [217.0, 107.5], [216.5, 108.0], [216.5, 109.0], [216.5, 110.0], [216.0, 110.5], [215.5, 111.0], [215.0, 111.5], [214.5, 112.0], [214.5, 113.0], [214.5, 114.0], [214.0, 114.5], [213.5, 115.0], [213.5, 116.0], [213.0, 116.5], [212.5, 117.0], [212.0, 117.5], [211.5, 118.0], [211.5, 119.0]]"
SLICE,Z3,BF_L,24.99771463870789,20.666722893711892,-236.60200500488114,,38.58256880733945,5.849023191979274,,,"[[224.0, 119.5], [223.5, 120.0], [224.0, 120.5], [224.5, 121.0], [225.0, 121.5], [226.0, 121.5], [227.0, 121.5], [228.0, 121.5], [229.0, 121.5], [230.0, 121.5], [231.0, 121.5], [232.0, 121.5], [233.0, 121.5], [234.0, 121.5], [234.5, 121.0], [235.0, 120.5], [235.5, 120.0], [236.0, 119.5], [237.0, 119.5], [237.5, 119.0], [238.0, 118.5], [239.0, 118.5], [239.5, 118.0], [239.5, 117.0], [240.0, 116.5], [240.5, 116.0], [241.0, 115.5], [241.5, 115.0], [242.0, 114.5], [242.5, 114.0], [242.5, 113.0], [243.0, 112.5], [243.5, 112.0], [244.0, 111.5], [244.5, 111.0], [244.5, 110.0], [244.5, 109.0], [244.5, 108.0], [244.5, 107.0], [245.0, 106.5], [245.5, 106.0], [245.5, 105.0], [245.5, 104.0], [246.0, 103.5], [246.5, 103.0], [246.5, 102.0], [246.5, 101.0], [247.0, 100.5], [247.5, 100.0], [247.5, 99.0], [247.5, 98.0], [247.5, 97.0], [247.5, 96.0], [247.5, 95.0], [247.0, 94.5], [246.5, 94.0], [246.5, 93.0], [246.0, 92.5], [245.0, 92.5], [244.5, 92.0], [244.0, 91.5], [243.0, 91.5], [242.0, 91.5], [241.0, 91.5], [240.0, 91.5], [239.0, 91.5], [238.5, 92.0], [238.0, 92.5], [237.5, 93.0], [237.0, 93.5], [236.0, 93.5], [235.5, 94.0], [235.5, 95.0], [235.0, 95.5], [234.5, 96.0], [234.0, 96.5], [233.5, 97.0], [233.0, 97.5], [232.5, 98.0], [232.0, 98.5], [231.0, 98.5], [230.5, 99.0], [230.5, 100.0], [230.0, 100.5], [229.5, 101.0], [229.0, 101.5], [228.5, 102.0], [228.5, 103.0], [228.5, 104.0], [228.5, 105.0], [229.0, 105.5], [229.5, 106.0], [229.5, 107.0], [229.5, 108.0], [229.0, 108.5], [228.5, 109.0], [228.5, 110.0], [228.5, 111.0], [228.0, 111.5], [227.5, 112.0], [227.5, 113.0], [227.0, 113.5], [226.5, 114.0], [226.5, 115.0], [226.5, 116.0], [226.0, 116.5], [225.0, 116.5], [224.5, 117.0], [224.5, 118.0], [224.5, 119.0]]"
SLICE,Z3,BF_SH_L,24.99771463870789,20.666722893711892,-236.60200500488114,,,,,,
SLICE,Z3,AM_L,24.99771463870789,20.666722893711892,-236.60200500488114,,37.23411978221416,9.454331778580737,,,"[[190.0, 109.5], [189.5, 110.0], [190.0, 110.5], [190.5, 111.0], [190.5, 112.0], [191.0, 112.5], [191.5, 113.0], [192.0, 113.5], [193.0, 113.5], [194.0, 113.5], [195.0, 113.5], [195.5, 113.0], [196.0, 112.5], [197.0, 112.5], [197.5, 112.0], [198.0, 111.5], [199.0, 111.5], [199.5, 111.0], [199.5, 110.0], [199.5, 109.0], [200.0, 108.5], [200.5, 108.0], [200.5, 107.0], [201.0, 106.5], [201.5, 106.0], [201.5, 105.0], [202.0, 104.5], [202.5, 104.0], [203.0, 103.5], [203.5, 103.0], [204.0, 102.5], [204.5, 102.0], [205.0, 101.5], [206.0, 101.5], [206.5, 101.0], [206.5, 100.0], [207.0, 99.5], [208.0, 99.5], [208.5, 99.0], [209.0, 98.5], [209.5, 98.0], [210.0, 97.5], [211.0, 97.5], [211.5, 97.0], [212.0, 96.5], [213.0, 96.5], [214.0, 96.5], [214.5, 96.0], [214.5, 95.0], [215.0, 94.5], [216.0, 94.5], [217.0, 94.5], [218.0, 94.5], [218.5, 94.0], [219.0, 93.5], [220.0, 93.5], [221.0, 93.5], [221.5, 94.0], [222.0, 94.5], [223.0, 94.5], [224.0, 94.5], [224.5, 95.0], [224.5, 96.0], [225.0, 96.5], [225.5, 97.0], [226.0, 97.5], [227.0, 97.5], [228.0, 97.5], [229.0, 97.5], [230.0, 97.5], [231.0, 97.5], [231.5, 97.0], [232.0, 96.5], [232.5, 96.0], [233.0, 95.5], [233.5, 95.0], [233.5, 94.0], [233.5, 93.0], [233.5, 92.0], [233.5, 91.0], [233.5, 90.0], [233.5, 89.0], [233.0, 88.5], [232.5, 88.0], [232.5, 87.0], [232.5, 86.0], [232.0, 85.5], [231.5, 85.0], [231.5, 84.0], [231.5, 83.0], [231.5, 82.0], [231.5, 81.0], [231.0, 80.5], [230.5, 80.0], [230.5, 79.0], [230.0, 78.5], [229.0, 78.5], [228.0, 78.5], [227.5, 79.0], [227.0, 79.5], [226.0, 79.5], [225.5, 80.0], [225.5, 81.0], [225.0, 81.5], [224.0, 81.5], [223.0, 81.5], [222.5, 82.0], [222.0, 82.5], [221.5, 83.0], [221.0, 83.5], [220.0, 83.5], [219.0, 83.5], [218.5, 84.0], [218.0, 84.5], [217.0, 84.5], [216.0, 84.5], [215.5, 85.0], [215.0, 85.5], [214.0, 85.5], [213.5, 86.0], [213.0, 86.5], [212.0, 86.5], [211.5, 87.0], [211.0, 87.5], [210.0, 87.5], [209.5, 88.0], [209.0, 88.5], [208.0, 88.5], [207.0, 88.5], [206.5, 88.0], [206.0, 87.5], [205.0, 87.5], [204.5, 88.0], [204.5, 89.0], [204.0, 89.5], [203.5, 90.0], [203.0, 90.5], [202.5, 91.0], [202.0, 91.5], [201.0, 91.5], [200.5, 92.0], [200.0, 92.5], [199.0, 92.5], [198.5, 93.0], [198.0, 93.5], [197.0, 93.5], [196.0, 93.5], [195.0, 93.5], [194.0, 93.5], [193.5, 94.0], [193.0, 94.5], [192.5, 95.0], [192.0, 95.5], [191.5, 96.0], [191.5, 97.0], [191.5, 98.0], [191.0, 98.5], [190.5, 99.0], [191.0, 99.5], [192.0, 99.5], [193.0, 99.5], [193.5, 100.0], [194.0, 100.5], [194.5, 101.0], [195.0, 101.5], [195.5, 102.0], [196.0, 102.5], [196.5, 103.0], [196.5, 104.0], [196.5, 105.0], [196.0, 105.5], [195.5, 106.0], [195.0, 106.5], [194.5, 107.0], [194.5, 108.0], [194.5, 109.0], [194.0, 109.5], [193.0, 109.5], [192.0, 109.5], [191.0, 109.5]]"
SLICE,Z3,AL_L,24.99771463870789,20.666722893711892,-236.60200500488114,,,,,,
SLICE,Z3,AB_L,24.99771463870789,20.666722893711892,-236.60200500488114,,,,,,
SLICE,Z4,VL_R,24.99771463870789,20.666722893711892,-206.6020050048815,,36.11132075471698,6.573306809099235,,,"[[49.0, 68.5], [48.5, 69.0], [48.5, 70.0], [48.5, 71.0], [48.5, 72.0], [48.5, 73.0], [48.5, 74.0], [48.5, 75.0], [48.5, 76.0], [48.5, 77.0], [48.5, 78.0], [48.5, 79.0], [48.5, 80.0], [48.5, 81.0], [48.5, 82.0], [48.5, 83.0], [48.5, 84.0], [49.0, 84.5], [49.5, 85.0], [49.5, 86.0], [49.5, 87.0], [50.0, 87.5], [50.5, 88.0], [50.5, 89.0], [50.5, 90.0], [50.5, 91.0], [50.5, 92.0], [51.0, 92.5], [51.5, 93.0], [51.5, 94.0], [52.0, 94.5], [52.5, 95.0], [53.0, 95.5], [53.5, 96.0], [53.5, 97.0], [54.0, 97.5], [54.5, 98.0], [55.0, 98.5], [55.5, 99.0], [56.0, 99.5], [56.5, 100.0], [57.0, 100.5], [58.0, 100.5], [58.5, 101.0], [59.0, 101.5], [60.0, 101.5], [60.5, 102.0], [61.0, 102.5], [62.0, 102.5], [62.5, 103.0], [63.0, 103.5], [63.5, 104.0], [64.0, 104.5], [65.0, 104.5], [66.0, 104.5], [66.5, 105.0], [67.0, 105.5], [68.0, 105.5], [68.5, 106.0], [69.0, 106.5], [70.0, 106.5], [71.0, 106.5], [72.0, 106.5], [73.0, 106.5], [74.0, 106.5], [74.5, 106.0], [75.0, 105.5], [75.5, 105.0], [76.0, 104.5], [76.5, 104.0], [76.5, 103.0], [76.5, 102.0], [77.0, 101.5], [78.0, 101.5], [79.0, 101.5], [79.5, 101.0], [79.5, 100.0], [80.0, 99.5], [80.5, 99.0], [80.0, 98.5], [79.5, 98.0], [79.5, 97.0], [79.0, 96.5], [78.0, 96.5], [77.5, 96.0], [77.0, 95.5], [76.5, 95.0], [76.0, 94.5], [75.5, 94.0], [75.0, 93.5], [74.5, 93.0], [74.5, 92.0], [74.0, 91.5], [73.0, 91.5], [72.0, 91.5], [71.5, 91.0], [71.0, 90.5], [70.5, 90.0], [70.0, 89.5], [69.0, 89.5], [68.5, 89.0], [68.5, 88.0], [68.0, 87.5], [67.5, 87.0], [67.0, 86.5], [66.5, 86.0], [66.5, 85.0], [66.5, 84.0], [66.5, 83.0], [66.0, 82.5], [65.5, 82.0], [65.5, 81.0], [65.0, 80.5], [64.5, 80.0], [64.5, 79.0], [64.5, 78.0], [64.5, 77.0], [64.5, 76.0], [64.5, 75.0], [64.5, 74.0], [64.5, 73.0], [65.0, 72.5], [65.5, 72.0], [65.5, 71.0], [65.5, 70.0], [65.5, 69.0], [66.0, 68.5], [66.5, 68.0], [66.5, 67.0], [66.5, 66.0], [66.5, 65.0], [67.0, 64.5], [67.5, 64.0], [68.0, 63.5], [68.5, 63.0], [69.0, 62.5], [69.5, 62.0], [69.5, 61.0], [70.0, 60.5], [70.5, 60.0], [71.0, 59.5], [71.5, 59.0], [72.0, 58.5], [72.5, 58.0], [73.0, 57.5], [73.5, 57.0], [74.0, 56.5], [75.0, 56.5], [76.0, 56.5], [76.5, 56.0], [77.0, 55.5], [77.5, 55.0], [78.0, 54.5], [79.0, 54.5], [80.0, 54.5], [80.5, 54.0], [80.5, 53.0], [80.0, 52.5], [79.5, 52.0], [79.0, 51.5], [78.5, 51.0], [78.0, 50.5], [77.5, 50.0], [77.0, 49.5], [76.0, 49.5], [75.5, 49.0], [75.0, 48.5], [74.5, 48.0], [74.0, 47.5], [73.0, 47.5], [72.0, 47.5], [71.0, 47.5], [70.0, 47.5], [69.0, 47.5], [68.0, 47.5], [67.5, 48.0], [67.0, 48.5], [66.0, 48.5], [65.0, 48.5], [64.0, 48.5], [63.5, 49.0], [63.0, 49.5], [62.0, 49.5], [61.5, 50.0], [61.0, 50.5], [60.5, 51.0], [60.0, 51.5], [59.0, 51.5], [58.5, 52.0], [58.5, 53.0], [58.0, 53.5], [57.5, 54.0], [57.0, 54.5], [56.5, 55.0], [56.0, 55.5], [55.5, 56.0], [55.0, 56.5], [54.5, 57.0], [54.5, 58.0], [54.0, 58.5], [53.5, 59.0], [53.5, 60.0], [53.0, 60.5], [52.5, 61.0], [52.0, 61.5], [51.5, 62.0], [51.5, 63.0], [51.0, 63.5], [50.5, 64.0], [50.5, 65.0], [50.5, 66.0], [50.0, 66.5], [49.5, 67.0], [49.5, 68.0]]"
SLICE,Z4,VI_R,24.99771463870789,20.666722893711892,-206.6020050048815,,36.52567975830816,7.041425057046418,,,"[[65.0, 72.5], [64.5, 73.0], [64.5, 74.0], [64.5, 75.0], [64.5, 76.0], [64.5, 77.0], [64.5, 78.0], [64.5, 79.0], [64.5, 80.0], [65.0, 80.5], [65.5, 81.0], [65.5, 82.0], [66.0, 82.5], [66.5, 83.0], [66.5, 84.0], [66.5, 85.0], [66.5, 86.0], [67.0, 86.5], [67.5, 87.0], [68.0, 87.5], [68.5, 88.0], [68.5, 89.0], [69.0, 89.5], [70.0, 89.5], [70.5, 90.0], [71.0, 90.5], [71.5, 91.0], [72.0, 91.5], [73.0, 91.5], [74.0, 91.5], [74.5, 92.0], [74.5, 93.0], [75.0, 93.5], [75.5, 94.0], [76.0, 94.5], [76.5, 95.0], [77.0, 95.5], [77.5, 96.0], [78.0, 96.5], [79.0, 96.5], [79.5, 97.0], [79.5, 98.0], [80.0, 98.5], [80.5, 98.0], [81.0, 97.5], [81.5, 97.0], [81.5, 96.0], [82.0, 95.5], [82.5, 95.0], [82.5, 94.0], [83.0, 93.5], [83.5, 93.0], [83.5, 92.0], [84.0, 91.5], [84.5, 91.0], [84.5, 90.0], [84.5, 89.0], [84.5, 88.0], [84.5, 87.0], [84.5, 86.0], [84.5, 85.0], [84.5, 84.0], [84.5, 83.0], [84.5, 82.0], [84.5, 81.0], [84.0, 80.5], [83.5, 80.0], [83.0, 79.5], [82.0, 79.5], [81.5, 79.0], [81.0, 78.5], [80.0, 78.5], [79.5, 78.0], [79.0, 77.5], [78.5, 77.0], [78.0, 76.5], [77.0, 76.5], [76.5, 76.0], [76.0, 75.5], [75.5, 75.0], [75.5, 74.0], [75.0, 73.5], [74.5, 73.0], [74.5, 72.0], [74.5, 71.0], [74.5, 70.0], [74.5, 69.0], [74.5, 68.0], [75.0, 67.5], [75.5, 67.0], [76.0, 66.5], [76.5, 66.0], [77.0, 65.5], [78.0, 65.5], [78.5, 65.0], [79.0, 64.5], [80.0, 64.5], [81.0, 64.5], [82.0, 64.5], [83.0, 64.5], [84.0, 64.5], [85.0, 64.5], [85.5, 65.0], [86.0, 65.5], [86.5, 66.0], [87.0, 66.5], [87.5, 67.0], [88.0, 67.5], [88.5, 68.0], [88.5, 69.0], [89.0, 69.5], [89.5, 70.0], [90.0, 70.5], [91.0, 70.5], [91.5, 70.0], [92.0, 69.5], [93.0, 69.5], [94.0, 69.5], [94.5, 69.0], [94.5, 68.0], [95.0, 67.5], [95.5, 67.0], [96.0, 66.5], [96.5, 66.0], [96.5, 65.0], [96.5, 64.0], [96.5, 63.0], [96.5, 62.0], [96.0, 61.5], [95.5, 61.0], [95.0, 60.5], [94.5, 60.0], [94.0, 59.5], [93.5, 59.0], [93.0, 58.5], [92.0, 58.5], [91.5, 58.0], [91.5, 57.0], [91.0, 56.5], [90.0, 56.5], [89.0, 56.5], [88.0, 56.5], [87.5, 56.0], [87.0, 55.5], [86.0, 55.5], [85.5, 55.0], [85.0, 54.5], [84.0, 54.5], [83.0, 54.5], [82.0, 54.5], [81.0, 54.5], [80.0, 54.5], [79.0, 54.5], [78.5, 55.0], [78.0, 55.5], [77.0, 55.5], [76.5, 56.0], [76.0, 56.5], [75.0, 56.5], [74.0, 56.5], [73.5, 57.0], [73.0, 57.5], [72.5, 58.0], [72.0, 58.5], [71.5, 59.0], [71.0, 59.5], [70.5, 60.0], [70.0, 60.5], [69.5, 61.0], [69.5, 62.0], [69.0, 62.5], [68.5, 63.0], [68.0, 63.5], [67.5, 64.0], [67.0, 64.5], [66.5, 65.0], [66.5, 66.0], [66.5, 67.0], [66.5, 68.0], [66.0, 68.5], [65.5, 69.0], [65.5, 70.0], [65.5, 71.0], [65.5, 72.0]]"
SLICE,Z4,VM_R,24.99771463870789,20.666722893711892,-206.6020050048815,,35.92038834951456,9.223833198747192,,,"[[86.0, 77.5], [85.5, 78.0], [85.5, 79.0], [85.5, 80.0], [85.5, 81.0], [86.0, 81.5], [87.0, 81.5], [88.0, 81.5], [89.0, 81.5], [89.5, 82.0], [90.0, 82.5], [91.0, 82.5], [91.5, 83.0], [91.5, 84.0], [92.0, 84.5], [93.0, 84.5], [94.0, 84.5], [95.0, 84.5], [95.5, 85.0], [96.0, 85.5], [97.0, 85.5], [98.0, 85.5], [99.0, 85.5], [100.0, 85.5], [101.0, 85.5], [102.0, 85.5], [102.5, 85.0], [103.0, 84.5], [104.0, 84.5], [104.5, 84.0], [105.0, 83.5], [105.5, 83.0], [106.0, 82.5], [106.5, 82.0], [107.0, 81.5], [108.0, 81.5], [109.0, 81.5], [109.5, 81.0], [110.0, 80.5], [110.5, 80.0], [111.0, 79.5], [111.5, 79.0], [111.5, 78.0], [111.5, 77.0], [111.5, 76.0], [111.5, 75.0], [111.5, 74.0], [111.5, 73.0], [111.5, 72.0], [111.5, 71.0], [111.5, 70.0], [112.0, 69.5], [112.5, 69.0], [112.5, 68.0], [112.5, 67.0], [112.5, 66.0], [112.5, 65.0], [112.5, 64.0], [112.5, 63.0], [112.0, 62.5], [111.5, 62.0], [111.5, 61.0], [111.0, 60.5], [110.5, 60.0], [110.0, 59.5], [109.5, 59.0], [109.0, 58.5], [108.5, 58.0], [108.0, 57.5], [107.0, 57.5], [106.0, 57.5], [105.0, 57.5], [104.0, 57.5], [103.5, 58.0], [103.0, 58.5], [102.0, 58.5], [101.5, 59.0], [101.0, 59.5], [100.0, 59.5], [99.0, 59.5], [98.0, 59.5], [97.0, 59.5], [96.5, 60.0], [96.0, 60.5], [95.5, 61.0], [96.0, 61.5], [96.5, 62.0], [96.5, 63.0], [96.5, 64.0], [96.5, 65.0], [96.5, 66.0], [96.0, 66.5], [95.5, 67.0], [95.0, 67.5], [94.5, 68.0], [94.5, 69.0], [94.0, 69.5], [93.0, 69.5], [92.0, 69.5], [91.5, 70.0], [91.0, 70.5], [90.0, 70.5], [89.5, 70.0], [89.0, 69.5], [88.5, 70.0], [88.5, 71.0], [88.5, 72.0], [88.5, 73.0], [88.0, 73.5], [87.5, 74.0], [87.5, 75.0], [87.0, 75.5], [86.5, 76.0], [86.5, 77.0]]"
SLICE,Z4,RF_R,24.99771463870789,20.666722893711892,-206.6020050048815,,35.528023598820056,7.925628452010926,,,"[[74.0, 45.5], [73.5, 46.0], [73.5, 47.0], [74.0, 47.5], [74.5, 48.0], [75.0, 48.5], [75.5, 49.0], [76.0, 49.5], [77.0, 49.5], [77.5, 50.0], [78.0, 50.5], [78.5, 51.0], [79.0, 51.5], [79.5, 52.0], [80.0, 52.5], [80.5, 53.0], [80.5, 54.0], [81.0, 54.5], [82.0, 54.5], [83.0, 54.5], [84.0, 54.5], [85.0, 54.5], [85.5, 55.0], [86.0, 55.5], [87.0, 55.5], [87.5, 56.0], [88.0, 56.5], [89.0, 56.5], [90.0, 56.5], [91.0, 56.5], [91.5, 57.0], [91.5, 58.0], [92.0, 58.5], [93.0, 58.5], [93.5, 59.0], [94.0, 59.5], [94.5, 60.0], [95.0, 60.5], [96.0, 60.5], [96.5, 60.0], [97.0, 59.5], [98.0, 59.5], [99.0, 59.5], [100.0, 59.5], [101.0, 59.5], [101.5, 59.0], [102.0, 58.5], [103.0, 58.5], [103.5, 58.0], [103.5, 57.0], [104.0, 56.5], [104.5, 56.0], [104.5, 55.0], [104.5, 54.0], [104.5, 53.0], [104.5, 52.0], [104.0, 51.5], [103.5, 51.0], [103.0, 50.5], [102.5, 50.0], [102.5, 49.0], [102.0, 48.5], [101.5, 48.0], [101.0, 47.5], [100.0, 47.5], [99.5, 47.0], [99.5, 46.0], [99.0, 45.5], [98.0, 45.5], [97.0, 45.5], [96.5, 45.0], [96.0, 44.5], [95.0, 44.5], [94.0, 44.5], [93.5, 44.0], [93.0, 43.5], [92.0, 43.5], [91.0, 43.5], [90.0, 43.5], [89.0, 43.5], [88.0, 43.5], [87.0, 43.5], [86.0, 43.5], [85.0, 43.5], [84.0, 43.5], [83.0, 43.5], [82.0, 43.5], [81.0, 43.5], [80.0, 43.5], [79.0, 43.5], [78.0, 43.5], [77.0, 43.5], [76.0, 43.5], [75.5, 44.0], [75.0, 44.5], [74.5, 45.0]]"
SLICE,Z4,SAR_R,24.99771463870789,20.666722893711892,-206.6020050048815,,37.03056768558952,13.78195548743522,,,"[[112.0, 61.5], [111.5, 62.0], [112.0, 62.5], [112.5, 63.0], [112.5, 64.0], [112.5, 65.0], [112.5, 66.0], [112.5, 67.0], [112.5, 68.0], [112.5, 69.0], [112.0, 69.5], [111.5, 70.0], [111.5, 71.0], [111.5, 72.0], [111.5, 73.0], [111.5, 74.0], [111.5, 75.0], [111.5, 76.0], [111.5, 77.0], [111.5, 78.0], [111.5, 79.0], [111.5, 80.0], [112.0, 80.5], [112.5, 81.0], [112.5, 82.0], [113.0, 82.5], [113.5, 83.0], [114.0, 83.5], [114.5, 84.0], [115.0, 84.5], [115.5, 85.0], [116.0, 85.5], [117.0, 85.5], [118.0, 85.5], [119.0, 85.5], [120.0, 85.5], [121.0, 85.5], [121.5, 85.0], [122.0, 84.5], [123.0, 84.5], [123.5, 84.0], [124.0, 83.5], [124.5, 83.0], [124.5, 82.0], [124.5, 81.0], [124.5, 80.0], [124.5, 79.0], [124.5, 78.0], [124.5, 77.0], [124.5, 76.0], [124.0, 75.5], [123.5, 75.0], [123.5, 74.0], [123.0, 73.5], [122.5, 73.0], [122.5, 72.0], [122.0, 71.5], [121.5, 71.0], [121.5, 70.0], [121.5, 69.0], [121.0, 68.5], [120.5, 68.0], [120.0, 67.5], [119.5, 67.0], [119.5, 66.0], [119.0, 65.5], [118.5, 65.0], [118.0, 64.5], [117.5, 64.0], [117.0, 63.5], [116.0, 63.5], [115.5, 63.0], [115.0, 62.5], [114.5, 62.0], [114.0, 61.5], [113.0, 61.5]]"
SLICE,Z4,GRA_R,24.99771463870789,20.666722893711892,-206.6020050048815,,18.395833333333332,12.140221688210183,,,"[[130.0, 96.5], [129.5, 97.0], [129.5, 98.0], [129.5, 99.0], [129.5, 100.0], [130.0, 100.5], [130.5, 101.0], [130.5, 102.0], [130.5, 103.0], [131.0, 103.5], [131.5, 104.0], [131.5, 105.0], [131.5, 106.0], [131.5, 107.0], [132.0, 107.5], [133.0, 107.5], [134.0, 107.5], [134.5, 107.0], [135.0, 106.5], [135.5, 106.0], [136.0, 105.5], [136.5, 105.0], [136.5, 104.0], [136.5, 103.0], [137.0, 102.5], [137.5, 102.0], [137.5, 101.0], [137.5, 100.0], [137.5, 99.0], [137.5, 98.0], [137.5, 97.0], [137.5, 96.0], [137.5, 95.0], [137.0, 94.5], [136.5, 94.0], [136.5, 93.0], [136.0, 92.5], [135.5, 92.0], [135.0, 91.5], [134.0, 91.5], [133.0, 91.5], [132.5, 92.0], [132.0, 92.5], [131.5, 93.0], [131.5, 94.0], [131.0, 94.5], [130.5, 95.0], [130.5, 96.0]]"
SLICE,Z4,SM_R,24.99771463870789,20.666722893711892,-206.6020050048815,,16.31168831168831,13.36865857947381,,,"[[102.0, 104.5], [101.5, 105.0], [101.5, 106.0], [102.0, 106.5], [102.5, 107.0], [103.0, 107.5], [103.5, 108.0], [104.0, 108.5], [104.5, 109.0], [104.5, 110.0], [105.0, 110.5], [105.5, 111.0], [106.0, 111.5], [106.5, 112.0], [106.5, 113.0], [106.5, 114.0], [107.0, 114.5], [107.5, 115.0], [107.5, 116.0], [108.0, 116.5], [108.5, 117.0], [108.5, 118.0], [109.0, 118.5], [109.5, 119.0], [109.5, 120.0], [109.5, 121.0], [110.0, 121.5], [110.5, 122.0], [111.0, 122.5], [111.5, 123.0], [112.0, 123.5], [113.0, 123.5], [113.5, 124.0], [114.0, 124.5], [115.0, 124.5], [116.0, 124.5], [117.0, 124.5], [117.5, 124.0], [118.0, 123.5], [118.5, 123.0], [119.0, 122.5], [119.5, 122.0], [119.5, 121.0], [119.5, 120.0], [119.5, 119.0], [119.5, 118.0], [119.5, 117.0], [119.0, 116.5], [118.5, 116.0], [118.0, 115.5], [117.0, 115.5], [116.5, 115.0], [116.0, 114.5], [115.5, 114.0], [115.0, 113.5], [114.5, 113.0], [114.0, 112.5], [113.5, 112.0], [113.0, 111.5], [112.0, 111.5], [111.5, 111.0], [111.5, 110.0], [111.0, 109.5], [110.0, 109.5], [109.5, 109.0], [109.5, 108.0], [109.0, 107.5], [108.5, 107.0], [108.0, 106.5], [107.0, 106.5], [106.5, 106.0], [106.0, 105.5], [105.0, 105.5], [104.5, 105.0], [104.0, 104.5], [103.0, 104.5]]"
SLICE,Z4,ST_R,24.99771463870789,20.666722893711892,-206.6020050048815,,33.81188118811881,12.414230792284377,,,"[[93.0, 106.5], [92.5, 107.0], [92.5, 108.0], [92.5, 109.0], [93.0, 109.5], [93.5, 110.0], [93.5, 111.0], [94.0, 111.5], [94.5, 112.0], [94.5, 113.0], [95.0, 113.5], [95.5, 114.0], [96.0, 114.5], [96.5, 115.0], [96.5, 116.0], [96.5, 117.0], [96.5, 118.0], [97.0, 118.5], [97.5, 119.0], [98.0, 119.5], [98.5, 120.0], [98.5, 121.0], [99.0, 121.5], [100.0, 121.5], [100.5, 122.0], [101.0, 122.5], [102.0, 122.5], [103.0, 122.5], [104.0, 122.5], [105.0, 122.5], [106.0, 122.5], [106.5, 122.0], [107.0, 121.5], [108.0, 121.5], [109.0, 121.5], [109.5, 121.0], [109.5, 120.0], [109.5, 119.0], [109.0, 118.5], [108.5, 118.0], [108.5, 117.0], [108.0, 116.5], [107.5, 116.0], [107.5, 115.0], [107.0, 114.5], [106.5, 114.0], [106.5, 113.0], [106.5, 112.0], [106.0, 111.5], [105.5, 111.0], [105.0, 110.5], [104.5, 110.0], [104.5, 109.0], [104.0, 108.5], [103.5, 108.0], [103.0, 107.5], [102.5, 107.0], [102.0, 106.5], [101.5, 106.0], [101.5, 105.0], [102.0, 104.5], [102.5, 104.0], [102.0, 103.5], [101.0, 103.5], [100.0, 103.5], [99.0, 103.5], [98.0, 103.5], [97.0, 103.5], [96.0, 103.5], [95.0, 103.5], [94.0, 103.5], [93.5, 104.0], [93.5, 105.0], [93.5, 106.0]]"
SLICE,Z4,BF_R,24.99771463870789,20.666722893711892,-206.6020050048815,,37.96596858638743,7.548197245267473,,,"[[77.0, 101.5], [76.5, 102.0], [76.5, 103.0], [76.5, 104.0], [76.5, 105.0], [76.5, 106.0], [77.0, 106.5], [77.5, 107.0], [77.5, 108.0], [77.5, 109.0], [77.5, 110.0], [77.5, 111.0], [78.0, 111.5], [78.5, 112.0], [78.5, 113.0], [78.5, 114.0], [79.0, 114.5], [79.5, 115.0], [80.0, 115.5], [80.5, 116.0], [81.0, 116.5], [81.5, 117.0], [81.5, 118.0], [82.0, 118.5], [82.5, 119.0], [83.0, 119.5], [83.5, 120.0], [83.5, 121.0], [84.0, 121.5], [85.0, 121.5], [85.5, 122.0], [86.0, 122.5], [86.5, 123.0], [87.0, 123.5], [87.5, 124.0], [88.0, 124.5], [89.0, 124.5], [89.5, 125.0], [90.0, 125.5], [90.5, 126.0], [91.0, 126.5], [92.0, 126.5], [93.0, 126.5], [94.0, 126.5], [95.0, 126.5], [95.5, 126.0], [96.0, 125.5], [96.5, 125.0], [97.0, 124.5], [97.5, 124.0], [97.5, 123.0], [98.0, 122.5], [98.5, 122.0], [98.5, 121.0], [98.5, 120.0], [98.0, 119.5], [97.5, 119.0], [97.0, 118.5], [96.5, 118.0], [96.5, 117.0], [96.5, 116.0], [96.5, 115.0], [96.0, 114.5], [95.5, 114.0], [95.0, 113.5], [94.5, 113.0], [94.5, 112.0], [94.0, 111.5], [93.5, 111.0], [93.5, 110.0], [93.0, 109.5], [92.5, 109.0], [92.5, 108.0], [92.5, 107.0], [93.0, 106.5], [93.5, 106.0], [93.5, 105.0], [93.5, 104.0], [93.0, 103.5], [92.0, 103.5], [91.5, 103.0], [91.5, 102.0], [91.5, 101.0], [91.0, 100.5], [90.0, 100.5], [89.5, 100.0], [89.0, 99.5], [88.0, 99.5], [87.0, 99.5], [86.0, 99.5], [85.0, 99.5], [84.0, 99.5], [83.0, 99.5], [82.0, 99.5], [81.0, 99.5], [80.5, 100.0], [80.0, 100.5], [79.5, 101.0], [79.0, 101.5], [78.0, 101.5]]"
SLICE,Z4,BF_SH_R,24.99771463870789,20.666722893711892,-206.6020050048815,,,,,,
SLICE,Z4,AM_R,24.99771463870789,20.666722893711892,-206.6020050048815,,35.489835430784126,7.751722368770745,,,"[[84.0, 91.5], [83.5, 92.0], [83.5, 93.0], [84.0, 93.5], [84.5, 94.0], [85.0, 94.5], [85.5, 95.0], [86.0, 95.5], [86.5, 96.0], [87.0, 96.5], [88.0, 96.5], [88.5, 97.0], [89.0, 97.5], [89.5, 98.0], [90.0, 98.5], [90.5, 99.0], [91.0, 99.5], [91.5, 100.0], [92.0, 100.5], [92.5, 101.0], [93.0, 101.5], [94.0, 101.5], [95.0, 101.5], [96.0, 101.5], [96.5, 102.0], [97.0, 102.5], [98.0, 102.5], [99.0, 102.5], [100.0, 102.5], [100.5, 103.0], [101.0, 103.5], [102.0, 103.5], [102.5, 104.0], [103.0, 104.5], [104.0, 104.5], [104.5, 105.0], [105.0, 105.5], [106.0, 105.5], [106.5, 106.0], [107.0, 106.5], [108.0, 106.5], [108.5, 107.0], [109.0, 107.5], [109.5, 108.0], [109.5, 109.0], [110.0, 109.5], [111.0, 109.5], [111.5, 110.0], [111.5, 111.0], [112.0, 111.5], [113.0, 111.5], [113.5, 112.0], [114.0, 112.5], [114.5, 113.0], [115.0, 113.5], [115.5, 114.0], [116.0, 114.5], [117.0, 114.5], [117.5, 115.0], [118.0, 115.5], [118.5, 116.0], [119.0, 116.5], [119.5, 117.0], [119.5, 118.0], [120.0, 118.5], [121.0, 118.5], [122.0, 118.5], [122.5, 118.0], [123.0, 117.5], [124.0, 117.5], [124.5, 117.0], [125.0, 116.5], [126.0, 116.5], [126.5, 116.0], [126.5, 115.0], [127.0, 114.5], [127.5, 114.0], [128.0, 113.5], [128.5, 113.0], [129.0, 112.5], [129.5, 112.0], [130.0, 111.5], [130.5, 111.0], [131.0, 110.5], [131.5, 110.0], [132.0, 109.5], [132.5, 109.0], [132.5, 108.0], [132.0, 107.5], [131.5, 107.0], [131.5, 106.0], [131.5, 105.0], [131.5, 104.0], [131.0, 103.5], [130.5, 103.0], [130.5, 102.0], [130.5, 101.0], [130.0, 100.5], [129.5, 100.0], [129.5, 99.0], [129.5, 98.0], [129.5, 97.0], [130.0, 96.5], [130.5, 96.0], [130.5, 95.0], [131.0, 94.5], [131.5, 94.0], [131.5, 93.0], [131.5, 92.0], [131.0, 91.5], [130.5, 91.0], [130.0, 90.5], [129.5, 90.0], [129.5, 89.0], [129.0, 88.5], [128.0, 88.5], [127.5, 88.0], [127.0, 87.5], [126.5, 87.0], [126.5, 86.0], [126.0, 85.5], [125.5, 85.0], [125.0, 84.5], [124.5, 84.0], [124.0, 83.5], [123.5, 84.0], [123.0, 84.5], [122.0, 84.5], [121.5, 85.0], [121.0, 85.5], [120.0, 85.5], [119.0, 85.5], [118.0, 85.5], [117.0, 85.5], [116.0, 85.5], [115.5, 85.0], [115.0, 84.5], [114.5, 85.0], [114.0, 85.5], [113.0, 85.5], [112.0, 85.5], [111.5, 86.0], [111.0, 86.5], [110.0, 86.5], [109.0, 86.5], [108.0, 86.5], [107.0, 86.5], [106.0, 86.5], [105.0, 86.5], [104.0, 86.5], [103.0, 86.5], [102.5, 86.0], [102.0, 85.5], [101.0, 85.5], [100.0, 85.5], [99.0, 85.5], [98.0, 85.5], [97.0, 85.5], [96.0, 85.5], [95.5, 85.0], [95.0, 84.5], [94.0, 84.5], [93.0, 84.5], [92.0, 84.5], [91.5, 84.0], [91.5, 83.0], [91.0, 82.5], [90.0, 82.5], [89.5, 82.0], [89.0, 81.5], [88.0, 81.5], [87.0, 81.5], [86.5, 82.0], [86.0, 82.5], [85.5, 83.0], [85.5, 84.0], [85.5, 85.0], [85.0, 85.5], [84.5, 86.0], [84.5, 87.0], [84.5, 88.0], [84.5, 89.0], [84.5, 90.0], [84.5, 91.0]]"
SLICE,Z4,AL_R,24.99771463870789,20.666722893711892,-206.6020050048815,,36.96774193548387,7.354980191055722,,,"[[103.0, 84.5], [102.5, 85.0], [102.5, 86.0], [103.0, 86.5], [104.0, 86.5], [105.0, 86.5], [106.0, 86.5], [107.0, 86.5], [108.0, 86.5], [109.0, 86.5], [110.0, 86.5], [111.0, 86.5], [111.5, 86.0], [112.0, 85.5], [113.0, 85.5], [114.0, 85.5], [114.5, 85.0], [114.5, 84.0], [114.0, 83.5], [113.0, 83.5], [112.0, 83.5], [111.0, 83.5], [110.0, 83.5], [109.0, 83.5], [108.0, 83.5], [107.0, 83.5], [106.0, 83.5], [105.0, 83.5], [104.5, 84.0], [104.0, 84.5]]"
SLICE,Z4,AB_R,24.99771463870789,20.666722893711892,-206.6020050048815,,,,,,
SLICE,Z4,VL_L,24.99771463870789,20.666722893711892,-206.6020050048815,,36.27721774193548,6.3341723242451815,,,"[[227.0, 46.5], [226.5, 47.0], [226.5, 48.0], [226.5, 49.0], [226.5, 50.0], [226.5, 51.0], [227.0, 51.5], [228.0, 51.5], [228.5, 52.0], [229.0, 52.5], [230.0, 52.5], [231.0, 52.5], [232.0, 52.5], [233.0, 52.5], [234.0, 52.5], [234.5, 53.0], [235.0, 53.5], [236.0, 53.5], [237.0, 53.5], [237.5, 54.0], [238.0, 54.5], [239.0, 54.5], [240.0, 54.5], [241.0, 54.5], [241.5, 55.0], [241.5, 56.0], [242.0, 56.5], [243.0, 56.5], [244.0, 56.5], [244.5, 57.0], [244.5, 58.0], [245.0, 58.5], [245.5, 59.0], [246.0, 59.5], [246.5, 60.0], [246.5, 61.0], [247.0, 61.5], [247.5, 62.0], [247.5, 63.0], [247.5, 64.0], [248.0, 64.5], [248.5, 65.0], [248.5, 66.0], [249.0, 66.5], [249.5, 67.0], [249.5, 68.0], [249.5, 69.0], [249.5, 70.0], [249.5, 71.0], [249.5, 72.0], [249.5, 73.0], [249.5, 74.0], [249.5, 75.0], [249.5, 76.0], [249.0, 76.5], [248.5, 77.0], [248.5, 78.0], [248.0, 78.5], [247.5, 79.0], [247.0, 79.5], [246.5, 80.0], [246.5, 81.0], [246.5, 82.0], [246.5, 83.0], [246.5, 84.0], [246.5, 85.0], [246.0, 85.5], [245.5, 86.0], [245.0, 86.5], [244.5, 87.0], [244.5, 88.0], [244.5, 89.0], [244.0, 89.5], [243.5, 90.0], [243.5, 91.0], [243.0, 91.5], [242.5, 92.0], [242.5, 93.0], [242.0, 93.5], [241.5, 94.0], [241.0, 94.5], [240.0, 94.5], [239.0, 94.5], [238.5, 95.0], [238.5, 96.0], [239.0, 96.5], [240.0, 96.5], [241.0, 96.5], [242.0, 96.5], [243.0, 96.5], [244.0, 96.5], [245.0, 96.5], [246.0, 96.5], [247.0, 96.5], [247.5, 97.0], [247.5, 98.0], [247.5, 99.0], [248.0, 99.5], [249.0, 99.5], [250.0, 99.5], [250.5, 99.0], [251.0, 98.5], [251.5, 98.0], [251.5, 97.0], [252.0, 96.5], [253.0, 96.5], [254.0, 96.5], [254.5, 96.0], [254.5, 95.0], [255.0, 94.5], [256.0, 94.5], [256.5, 94.0], [256.5, 93.0], [256.5, 92.0], [257.0, 91.5], [258.0, 91.5], [258.5, 91.0], [258.5, 90.0], [259.0, 89.5], [259.5, 89.0], [259.5, 88.0], [259.5, 87.0], [260.0, 86.5], [260.5, 86.0], [261.0, 85.5], [261.5, 85.0], [261.5, 84.0], [261.5, 83.0], [261.5, 82.0], [262.0, 81.5], [262.5, 81.0], [262.5, 80.0], [262.5, 79.0], [263.0, 78.5], [263.5, 78.0], [263.5, 77.0], [263.5, 76.0], [263.5, 75.0], [263.5, 74.0], [263.5, 73.0], [263.5, 72.0], [263.5, 71.0], [263.5, 70.0], [263.5, 69.0], [263.5, 68.0], [263.5, 67.0], [263.5, 66.0], [263.5, 65.0], [263.5, 64.0], [263.5, 63.0], [263.0, 62.5], [262.5, 62.0], [262.5, 61.0], [262.5, 60.0], [262.5, 59.0], [262.0, 58.5], [261.5, 58.0], [261.5, 57.0], [261.5, 56.0], [261.0, 55.5], [260.5, 55.0], [260.5, 54.0], [260.0, 53.5], [259.5, 53.0], [259.5, 52.0], [259.0, 51.5], [258.5, 51.0], [258.0, 50.5], [257.0, 50.5], [256.5, 50.0], [256.5, 49.0], [256.0, 48.5], [255.5, 48.0], [255.0, 47.5], [254.5, 47.0], [254.0, 46.5], [253.5, 46.0], [253.0, 45.5], [252.0, 45.5], [251.5, 45.0], [251.0, 44.5], [250.0, 44.5], [249.5, 44.0], [249.0, 43.5], [248.0, 43.5], [247.0, 43.5], [246.5, 43.0], [246.0, 42.5], [245.0, 42.5], [244.5, 42.0], [244.0, 41.5], [243.0, 41.5], [242.5, 41.0], [242.0, 40.5], [241.0, 40.5], [240.0, 40.5], [239.0, 40.5], [238.0, 40.5], [237.0, 40.5], [236.0, 40.5], [235.0, 40.5], [234.0, 40.5], [233.5, 41.0], [233.0, 41.5], [232.0, 41.5], [231.0, 41.5], [230.5, 42.0], [230.0, 42.5], [229.5, 43.0], [229.0, 43.5], [228.5, 44.0], [228.0, 44.5], [227.5, 45.0], [227.5, 46.0]]"
SLICE,Z4,VI_L,24.99771463870789,20.666722893711892,-206.6020050048815,,34.975748930099854,7.564142051891043,,,"[[213.0, 63.5], [212.5, 64.0], [213.0, 64.5], [213.5, 65.0], [213.5, 66.0], [213.5, 67.0], [214.0, 67.5], [214.5, 68.0], [214.5, 69.0], [215.0, 69.5], [216.0, 69.5], [217.0, 69.5], [217.5, 70.0], [218.0, 70.5], [219.0, 70.5], [220.0, 70.5], [221.0, 70.5], [222.0, 70.5], [223.0, 70.5], [224.0, 70.5], [224.5, 71.0], [225.0, 71.5], [226.0, 71.5], [226.5, 71.0], [226.5, 70.0], [226.5, 69.0], [227.0, 68.5], [227.5, 68.0], [227.5, 67.0], [228.0, 66.5], [228.5, 66.0], [228.5, 65.0], [229.0, 64.5], [229.5, 64.0], [230.0, 63.5], [230.5, 63.0], [231.0, 62.5], [231.5, 62.0], [232.0, 61.5], [233.0, 61.5], [234.0, 61.5], [235.0, 61.5], [235.5, 62.0], [236.0, 62.5], [237.0, 62.5], [238.0, 62.5], [238.5, 63.0], [238.5, 64.0], [239.0, 64.5], [240.0, 64.5], [240.5, 65.0], [240.5, 66.0], [240.5, 67.0], [241.0, 67.5], [241.5, 68.0], [241.5, 69.0], [241.0, 69.5], [240.5, 70.0], [240.5, 71.0], [240.5, 72.0], [240.0, 72.5], [239.5, 73.0], [239.0, 73.5], [238.5, 74.0], [238.0, 74.5], [237.5, 75.0], [237.0, 75.5], [236.0, 75.5], [235.0, 75.5], [234.5, 76.0], [234.0, 76.5], [233.5, 77.0], [233.5, 78.0], [233.0, 78.5], [232.0, 78.5], [231.5, 79.0], [231.5, 80.0], [232.0, 80.5], [232.5, 81.0], [232.5, 82.0], [232.5, 83.0], [232.5, 84.0], [232.5, 85.0], [232.5, 86.0], [233.0, 86.5], [233.5, 87.0], [233.5, 88.0], [233.5, 89.0], [234.0, 89.5], [234.5, 90.0], [235.0, 90.5], [235.5, 91.0], [235.5, 92.0], [236.0, 92.5], [236.5, 93.0], [237.0, 93.5], [237.5, 94.0], [238.0, 94.5], [239.0, 94.5], [240.0, 94.5], [241.0, 94.5], [241.5, 94.0], [242.0, 93.5], [242.5, 93.0], [242.5, 92.0], [243.0, 91.5], [243.5, 91.0], [243.5, 90.0], [244.0, 89.5], [244.5, 89.0], [244.5, 88.0], [244.5, 87.0], [245.0, 86.5], [245.5, 86.0], [246.0, 85.5], [246.5, 85.0], [246.5, 84.0], [246.5, 83.0], [246.5, 82.0], [246.5, 81.0], [246.5, 80.0], [247.0, 79.5], [247.5, 79.0], [248.0, 78.5], [248.5, 78.0], [248.5, 77.0], [249.0, 76.5], [249.5, 76.0], [249.5, 75.0], [249.5, 74.0], [249.5, 73.0], [249.5, 72.0], [249.5, 71.0], [249.5, 70.0], [249.5, 69.0], [249.5, 68.0], [249.5, 67.0], [249.0, 66.5], [248.5, 66.0], [248.5, 65.0], [248.0, 64.5], [247.5, 64.0], [247.5, 63.0], [247.5, 62.0], [247.0, 61.5], [246.5, 61.0], [246.5, 60.0], [246.0, 59.5], [245.5, 59.0], [245.0, 58.5], [244.5, 58.0], [244.5, 57.0], [244.0, 56.5], [243.0, 56.5], [242.0, 56.5], [241.5, 56.0], [241.5, 55.0], [241.0, 54.5], [240.0, 54.5], [239.0, 54.5], [238.0, 54.5], [237.5, 54.0], [237.0, 53.5], [236.0, 53.5], [235.0, 53.5], [234.5, 53.0], [234.0, 52.5], [233.0, 52.5], [232.0, 52.5], [231.0, 52.5], [230.0, 52.5], [229.0, 52.5], [228.0, 52.5], [227.0, 52.5], [226.5, 53.0], [226.0, 53.5], [225.0, 53.5], [224.5, 54.0], [224.0, 54.5], [223.0, 54.5], [222.0, 54.5], [221.5, 55.0], [221.5, 56.0], [221.0, 56.5], [220.0, 56.5], [219.0, 56.5], [218.0, 56.5], [217.5, 57.0], [217.0, 57.5], [216.0, 57.5], [215.5, 58.0], [215.0, 58.5], [214.5, 59.0], [214.5, 60.0], [214.5, 61.0], [214.0, 61.5], [213.5, 62.0], [213.5, 63.0]]"
SLICE,Z4,VM_L,24.99771463870789,20.666722893711892,-206.6020050048815,,35.01535508637236,9.063846594302339,,,"[[201.0, 58.5], [200.5, 59.0], [200.5, 60.0], [200.5, 61.0], [200.5, 62.0], [200.5, 63.0], [200.5, 64.0], [200.5, 65.0], [200.5, 66.0], [200.5, 67.0], [200.5, 68.0], [200.5, 69.0], [200.5, 70.0], [200.5, 71.0], [201.0, 71.5], [201.5, 72.0], [201.5, 73.0], [201.5, 74.0], [201.5, 75.0], [202.0, 75.5], [202.5, 76.0], [203.0, 76.5], [203.5, 77.0], [203.5, 78.0], [204.0, 78.5], [204.5, 79.0], [205.0, 79.5], [206.0, 79.5], [206.5, 80.0], [207.0, 80.5], [208.0, 80.5], [208.5, 81.0], [209.0, 81.5], [210.0, 81.5], [211.0, 81.5], [211.5, 82.0], [212.0, 82.5], [213.0, 82.5], [213.5, 83.0], [214.0, 83.5], [215.0, 83.5], [216.0, 83.5], [217.0, 83.5], [218.0, 83.5], [219.0, 83.5], [220.0, 83.5], [221.0, 83.5], [222.0, 83.5], [222.5, 83.0], [223.0, 82.5], [224.0, 82.5], [224.5, 82.0], [225.0, 81.5], [226.0, 81.5], [227.0, 81.5], [227.5, 81.0], [228.0, 80.5], [229.0, 80.5], [229.5, 80.0], [230.0, 79.5], [230.5, 79.0], [231.0, 78.5], [231.5, 78.0], [231.5, 77.0], [231.0, 76.5], [230.5, 76.0], [230.0, 75.5], [229.5, 75.0], [229.5, 74.0], [229.0, 73.5], [228.5, 73.0], [228.5, 72.0], [228.0, 71.5], [227.5, 71.0], [227.0, 70.5], [226.5, 71.0], [226.0, 71.5], [225.0, 71.5], [224.5, 71.0], [224.0, 70.5], [223.0, 70.5], [222.0, 70.5], [221.0, 70.5], [220.0, 70.5], [219.0, 70.5], [218.0, 70.5], [217.5, 70.0], [217.0, 69.5], [216.0, 69.5], [215.0, 69.5], [214.5, 69.0], [214.5, 68.0], [214.0, 67.5], [213.5, 67.0], [213.5, 66.0], [213.5, 65.0], [213.0, 64.5], [212.5, 64.0], [213.0, 63.5], [213.5, 63.0], [213.5, 62.0], [214.0, 61.5], [214.5, 61.0], [214.5, 60.0], [214.5, 59.0], [214.5, 58.0], [214.0, 57.5], [213.5, 57.0], [213.0, 56.5], [212.5, 56.0], [212.0, 55.5], [211.5, 55.0], [211.0, 54.5], [210.5, 54.0], [210.0, 53.5], [209.0, 53.5], [208.0, 53.5], [207.0, 53.5], [206.0, 53.5], [205.0, 53.5], [204.5, 54.0], [204.0, 54.5], [203.5, 55.0], [203.0, 55.5], [202.5, 56.0], [202.5, 57.0], [202.0, 57.5], [201.5, 58.0]]"
SLICE,Z4,RF_L,24.99771463870789,20.666722893711892,-206.6020050048815,,31.982758620689655,10.856019114330149,,,"[[209.0, 48.5], [208.5, 49.0], [208.5, 50.0], [208.5, 51.0], [208.5, 52.0], [208.5, 53.0], [209.0, 53.5], [210.0, 53.5], [210.5, 54.0], [211.0, 54.5], [211.5, 55.0], [212.0, 55.5], [212.5, 56.0], [213.0, 56.5], [213.5, 57.0], [214.0, 57.5], [215.0, 57.5], [216.0, 57.5], [217.0, 57.5], [217.5, 57.0], [218.0, 56.5], [219.0, 56.5], [220.0, 56.5], [221.0, 56.5], [221.5, 56.0], [221.5, 55.0], [222.0, 54.5], [223.0, 54.5], [224.0, 54.5], [224.5, 54.0], [224.5, 53.0], [225.0, 52.5], [225.5, 52.0], [226.0, 51.5], [226.5, 51.0], [226.5, 50.0], [226.5, 49.0], [226.5, 48.0], [226.5, 47.0], [227.0, 46.5], [227.5, 46.0], [227.5, 45.0], [228.0, 44.5], [228.5, 44.0], [228.5, 43.0], [228.5, 42.0], [228.0, 41.5], [227.5, 41.0], [227.0, 40.5], [226.0, 40.5], [225.0, 40.5], [224.0, 40.5], [223.0, 40.5], [222.0, 40.5], [221.0, 40.5], [220.5, 41.0], [220.0, 41.5], [219.0, 41.5], [218.5, 42.0], [218.0, 42.5], [217.5, 43.0], [217.0, 43.5], [216.0, 43.5], [215.0, 43.5], [214.0, 43.5], [213.5, 44.0], [213.0, 44.5], [212.5, 45.0], [212.0, 45.5], [211.0, 45.5], [210.5, 46.0], [210.5, 47.0], [210.0, 47.5], [209.5, 48.0]]"
SLICE,Z4,SAR_L,24.99771463870789,20.666722893711892,-206.6020050048815,,40.42424242424242,13.26134640256271,,,"[[191.0, 70.5], [190.5, 71.0], [190.5, 72.0], [190.5, 73.0], [190.5, 74.0], [190.5, 75.0], [190.5, 76.0], [190.5, 77.0], [190.5, 78.0], [190.5, 79.0], [190.5, 80.0], [190.5, 81.0], [190.5, 82.0], [190.5, 83.0], [190.5, 84.0], [191.0, 84.5], [191.5, 85.0], [192.0, 85.5], [192.5, 86.0], [193.0, 86.5], [194.0, 86.5], [195.0, 86.5], [196.0, 86.5], [197.0, 86.5], [198.0, 86.5], [198.5, 86.0], [199.0, 85.5], [199.5, 85.0], [200.0, 84.5], [201.0, 84.5], [201.5, 84.0], [201.5, 83.0], [201.5, 82.0], [202.0, 81.5], [202.5, 81.0], [202.5, 80.0], [202.5, 79.0], [202.5, 78.0], [203.0, 77.5], [203.5, 77.0], [203.0, 76.5], [202.5, 76.0], [202.0, 75.5], [201.5, 75.0], [201.5, 74.0], [201.5, 73.0], [201.5, 72.0], [201.0, 71.5], [200.5, 71.0], [200.5, 70.0], [200.5, 69.0], [200.5, 68.0], [200.5, 67.0], [200.5, 66.0], [200.5, 65.0], [200.5, 64.0], [200.5, 63.0], [200.5, 62.0], [200.0, 61.5], [199.0, 61.5], [198.5, 62.0], [198.0, 62.5], [197.5, 63.0], [197.0, 63.5], [196.0, 63.5], [195.5, 64.0], [195.0, 64.5], [194.5, 65.0], [194.0, 65.5], [193.5, 66.0], [193.0, 66.5], [192.5, 67.0], [192.5, 68.0], [192.0, 68.5], [191.5, 69.0], [191.5, 70.0]]"
SLICE,Z4,GRA_L,24.99771463870789,20.666722893711892,-206.6020050048815,,43.30337078651685,15.094015850014697,,,"[[181.0, 95.5], [180.5, 96.0], [180.5, 97.0], [180.5, 98.0], [180.5, 99.0], [180.5, 100.0], [180.5, 101.0], [180.5, 102.0], [180.5, 103.0], [180.5, 104.0], [181.0, 104.5], [181.5, 105.0], [182.0, 105.5], [182.5, 106.0], [183.0, 106.5], [183.5, 107.0], [183.5, 108.0], [184.0, 108.5], [185.0, 108.5], [185.5, 109.0], [186.0, 109.5], [187.0, 109.5], [187.5, 109.0], [187.5, 108.0], [187.5, 107.0], [187.5, 106.0], [187.5, 105.0], [187.5, 104.0], [187.5, 103.0], [187.5, 102.0], [187.5, 101.0], [188.0, 100.5], [188.5, 100.0], [188.0, 99.5], [187.5, 99.0], [187.0, 98.5], [186.5, 98.0], [186.5, 97.0], [186.5, 96.0], [186.0, 95.5], [185.5, 95.0], [185.5, 94.0], [185.0, 93.5], [184.0, 93.5], [183.0, 93.5], [182.5, 94.0], [182.0, 94.5], [181.5, 95.0]]"
SLICE,Z4,SM_L,24.99771463870789,20.666722893711892,-206.6020050048815,,37.68284789644013,7.245335313073577,,,"[[198.0, 112.5], [197.5, 113.0], [197.5, 114.0], [197.5, 115.0], [197.5, 116.0], [198.0, 116.5], [198.5, 117.0], [198.5, 118.0], [198.5, 119.0], [199.0, 119.5], [199.5, 120.0], [200.0, 120.5], [200.5, 121.0], [201.0, 121.5], [202.0, 121.5], [203.0, 121.5], [204.0, 121.5], [205.0, 121.5], [206.0, 121.5], [207.0, 121.5], [207.5, 121.0], [208.0, 120.5], [208.5, 120.0], [209.0, 119.5], [209.5, 119.0], [209.5, 118.0], [209.5, 117.0], [209.5, 116.0], [210.0, 115.5], [210.5, 115.0], [210.5, 114.0], [211.0, 113.5], [211.5, 113.0], [211.5, 112.0], [211.5, 111.0], [211.5, 110.0], [212.0, 109.5], [212.5, 109.0], [213.0, 108.5], [213.5, 108.0], [214.0, 107.5], [214.5, 107.0], [214.5, 106.0], [215.0, 105.5], [215.5, 105.0], [216.0, 104.5], [217.0, 104.5], [217.5, 104.0], [218.0, 103.5], [219.0, 103.5], [219.5, 103.0], [220.0, 102.5], [220.5, 102.0], [221.0, 101.5], [221.5, 101.0], [221.5, 100.0], [222.0, 99.5], [222.5, 99.0], [222.5, 98.0], [222.5, 97.0], [222.0, 96.5], [221.0, 96.5], [220.0, 96.5], [219.0, 96.5], [218.0, 96.5], [217.0, 96.5], [216.0, 96.5], [215.5, 97.0], [215.0, 97.5], [214.0, 97.5], [213.5, 98.0], [213.0, 98.5], [212.0, 98.5], [211.5, 99.0], [211.0, 99.5], [210.0, 99.5], [209.5, 100.0], [209.0, 100.5], [208.0, 100.5], [207.5, 101.0], [207.0, 101.5], [206.0, 101.5], [205.0, 101.5], [204.5, 102.0], [204.0, 102.5], [203.5, 103.0], [203.0, 103.5], [202.5, 104.0], [202.0, 104.5], [201.5, 105.0], [201.0, 105.5], [200.5, 106.0], [200.0, 106.5], [199.5, 107.0], [199.5, 108.0], [199.5, 109.0], [199.5, 110.0], [199.0, 110.5], [198.5, 111.0], [198.5, 112.0]]"
SLICE,Z4,ST_L,24.99771463870789,20.666722893711892,-206.6020050048815,,35.82736156351792,5.942134143995131,,,"[[208.0, 120.5], [207.5, 121.0], [208.0, 121.5], [208.5, 122.0], [209.0, 122.5], [210.0, 122.5], [210.5, 123.0], [211.0, 123.5], [212.0, 123.5], [213.0, 123.5], [214.0, 123.5], [215.0, 123.5], [216.0, 123.5], [217.0, 123.5], [217.5, 123.0], [218.0, 122.5], [219.0, 122.5], [219.5, 122.0], [220.0, 121.5], [221.0, 121.5], [221.5, 121.0], [222.0, 120.5], [222.5, 120.0], [223.0, 119.5], [223.5, 119.0], [224.0, 118.5], [224.5, 118.0], [224.5, 117.0], [225.0, 116.5], [225.5, 116.0], [225.5, 115.0], [226.0, 114.5], [226.5, 114.0], [226.5, 113.0], [226.5, 112.0], [227.0, 111.5], [228.0, 111.5], [228.5, 111.0], [228.5, 110.0], [229.0, 109.5], [229.5, 109.0], [229.5, 108.0], [229.5, 107.0], [229.5, 106.0], [229.5, 105.0], [229.5, 104.0], [229.0, 103.5], [228.0, 103.5], [227.5, 103.0], [227.0, 102.5], [226.5, 102.0], [226.0, 101.5], [225.0, 101.5], [224.5, 101.0], [224.0, 100.5], [223.0, 100.5], [222.0, 100.5], [221.5, 101.0], [221.0, 101.5], [220.5, 102.0], [220.0, 102.5], [219.5, 103.0], [219.0, 103.5], [218.0, 103.5], [217.5, 104.0], [217.0, 104.5], [216.0, 104.5], [215.5, 105.0], [215.0, 105.5], [214.5, 106.0], [214.5, 107.0], [214.0, 107.5], [213.5, 108.0], [213.0, 108.5], [212.5, 109.0], [212.0, 109.5], [211.5, 110.0], [211.5, 111.0], [211.5, 112.0], [211.5, 113.0], [211.0, 113.5], [210.5, 114.0], [210.5, 115.0], [210.0, 115.5], [209.5, 116.0], [209.5, 117.0], [209.5, 118.0], [209.5, 119.0], [209.0, 119.5], [208.5, 120.0]]"
SLICE,Z4,BF_L,24.99771463870789,20.666722893711892,-206.6020050048815,,37.553030303030305,6.699518745650627,,,"[[224.0, 118.5], [223.5, 119.0], [223.5, 120.0], [223.5, 121.0], [223.5, 122.0], [223.5, 123.0], [224.0, 123.5], [225.0, 123.5], [225.5, 124.0], [226.0, 124.5], [227.0, 124.5], [228.0, 124.5], [228.5, 124.0], [229.0, 123.5], [230.0, 123.5], [231.0, 123.5], [231.5, 123.0], [232.0, 122.5], [232.5, 122.0], [233.0, 121.5], [234.0, 121.5], [235.0, 121.5], [235.5, 121.0], [236.0, 120.5], [236.5, 120.0], [237.0, 119.5], [238.0, 119.5], [239.0, 119.5], [239.5, 119.0], [239.5, 118.0], [240.0, 117.5], [240.5, 117.0], [241.0, 116.5], [241.5, 116.0], [241.5, 115.0], [242.0, 114.5], [242.5, 114.0], [242.5, 113.0], [243.0, 112.5], [243.5, 112.0], [243.5, 111.0], [243.5, 110.0], [244.0, 109.5], [244.5, 109.0], [244.5, 108.0], [244.5, 107.0], [244.5, 106.0], [245.0, 105.5], [245.5, 105.0], [245.5, 104.0], [246.0, 103.5], [246.5, 103.0], [246.5, 102.0], [247.0, 101.5], [247.5, 101.0], [247.5, 100.0], [247.5, 99.0], [247.5, 98.0], [247.5, 97.0], [247.0, 96.5], [246.0, 96.5], [245.0, 96.5], [244.0, 96.5], [243.0, 96.5], [242.0, 96.5], [241.0, 96.5], [240.0, 96.5], [239.0, 96.5], [238.0, 96.5], [237.0, 96.5], [236.5, 97.0], [236.0, 97.5], [235.5, 98.0], [235.0, 98.5], [234.0, 98.5], [233.5, 99.0], [233.5, 100.0], [233.0, 100.5], [232.0, 100.5], [231.0, 100.5], [230.5, 101.0], [230.5, 102.0], [230.0, 102.5], [229.5, 103.0], [229.5, 104.0], [229.5, 105.0], [229.5, 106.0], [229.5, 107.0], [229.5, 108.0], [229.5, 109.0], [229.0, 109.5], [228.5, 110.0], [228.5, 111.0], [228.0, 111.5], [227.0, 111.5], [226.5, 112.0], [226.5, 113.0], [226.5, 114.0], [226.0, 114.5], [225.5, 115.0], [225.5, 116.0], [225.0, 116.5], [224.5, 117.0], [224.5, 118.0]]"
SLICE,Z4,BF_SH_L,24.99771463870789,20.666722893711892,-206.6020050048815,,,,,,
SLICE,Z4,AM_L,24.99771463870789,20.666722893711892,-206.6020050048815,,37.046783625730995,6.2254081014183775,,,"[[186.0, 90.5], [185.5, 91.0], [185.5, 92.0], [185.5, 93.0], [185.5, 94.0], [185.5, 95.0], [186.0, 95.5], [186.5, 96.0], [186.5, 97.0], [186.5, 98.0], [187.0, 98.5], [187.5, 99.0], [188.0, 99.5], [188.5, 100.0], [188.0, 100.5], [187.5, 101.0], [187.5, 102.0], [187.5, 103.0], [187.5, 104.0], [187.5, 105.0], [187.5, 106.0], [187.5, 107.0], [187.5, 108.0], [187.5, 109.0], [187.0, 109.5], [186.0, 109.5], [185.5, 110.0], [186.0, 110.5], [186.5, 111.0], [187.0, 111.5], [188.0, 111.5], [188.5, 112.0], [189.0, 112.5], [189.5, 113.0], [190.0, 113.5], [190.5, 114.0], [191.0, 114.5], [192.0, 114.5], [193.0, 114.5], [194.0, 114.5], [195.0, 114.5], [196.0, 114.5], [197.0, 114.5], [197.5, 114.0], [197.5, 113.0], [198.0, 112.5], [198.5, 112.0], [198.5, 111.0], [199.0, 110.5], [199.5, 110.0], [199.5, 109.0], [199.5, 108.0], [199.5, 107.0], [200.0, 106.5], [200.5, 106.0], [201.0, 105.5], [201.5, 105.0], [202.0, 104.5], [202.5, 104.0], [203.0, 103.5], [203.5, 103.0], [204.0, 102.5], [204.5, 102.0], [205.0, 101.5], [206.0, 101.5], [207.0, 101.5], [207.5, 101.0], [208.0, 100.5], [209.0, 100.5], [209.5, 100.0], [210.0, 99.5], [211.0, 99.5], [211.5, 99.0], [212.0, 98.5], [213.0, 98.5], [213.5, 98.0], [214.0, 97.5], [215.0, 97.5], [215.5, 97.0], [216.0, 96.5], [217.0, 96.5], [218.0, 96.5], [219.0, 96.5], [220.0, 96.5], [221.0, 96.5], [222.0, 96.5], [222.5, 97.0], [222.5, 98.0], [223.0, 98.5], [224.0, 98.5], [225.0, 98.5], [226.0, 98.5], [227.0, 98.5], [228.0, 98.5], [229.0, 98.5], [230.0, 98.5], [231.0, 98.5], [231.5, 98.0], [232.0, 97.5], [232.5, 97.0], [233.0, 96.5], [234.0, 96.5], [234.5, 96.0], [234.5, 95.0], [234.5, 94.0], [234.5, 93.0], [234.5, 92.0], [234.5, 91.0], [234.0, 90.5], [233.5, 90.0], [233.5, 89.0], [233.5, 88.0], [233.5, 87.0], [233.0, 86.5], [232.5, 86.0], [232.5, 85.0], [232.5, 84.0], [232.5, 83.0], [232.5, 82.0], [232.5, 81.0], [232.0, 80.5], [231.0, 80.5], [230.5, 80.0], [230.0, 79.5], [229.5, 80.0], [229.0, 80.5], [228.0, 80.5], [227.5, 81.0], [227.0, 81.5], [226.0, 81.5], [225.0, 81.5], [224.5, 82.0], [224.0, 82.5], [223.5, 83.0], [223.0, 83.5], [222.0, 83.5], [221.0, 83.5], [220.0, 83.5], [219.5, 84.0], [219.0, 84.5], [218.0, 84.5], [217.0, 84.5], [216.5, 85.0], [216.0, 85.5], [215.0, 85.5], [214.0, 85.5], [213.5, 86.0], [213.0, 86.5], [212.0, 86.5], [211.5, 87.0], [211.0, 87.5], [210.0, 87.5], [209.0, 87.5], [208.0, 87.5], [207.5, 87.0], [207.0, 86.5], [206.0, 86.5], [205.0, 86.5], [204.0, 86.5], [203.5, 86.0], [203.0, 85.5], [202.0, 85.5], [201.0, 85.5], [200.5, 85.0], [200.0, 84.5], [199.5, 85.0], [199.0, 85.5], [198.5, 86.0], [198.0, 86.5], [197.0, 86.5], [196.0, 86.5], [195.0, 86.5], [194.0, 86.5], [193.0, 86.5], [192.5, 86.0], [192.0, 85.5], [191.5, 85.0], [191.0, 84.5], [190.5, 85.0], [190.0, 85.5], [189.5, 86.0], [189.0, 86.5], [188.5, 87.0], [188.5, 88.0], [188.0, 88.5], [187.5, 89.0], [187.0, 89.5], [186.5, 90.0]]"
SLICE,Z4,AL_L,24.99771463870789,20.666722893711892,-206.6020050048815,,35.22641509433962,6.9976856266613945,,,"[[201.0, 84.5], [200.5, 85.0], [201.0, 85.5], [202.0, 85.5], [203.0, 85.5], [203.5, 86.0], [204.0, 86.5], [205.0, 86.5], [206.0, 86.5], [207.0, 86.5], [207.5, 87.0], [208.0, 87.5], [209.0, 87.5], [210.0, 87.5], [211.0, 87.5], [211.5, 87.0], [212.0, 86.5], [213.0, 86.5], [213.5, 86.0], [214.0, 85.5], [215.0, 85.5], [216.0, 85.5], [216.5, 85.0], [217.0, 84.5], [218.0, 84.5], [219.0, 84.5], [219.5, 84.0], [219.0, 83.5], [218.0, 83.5], [217.0, 83.5], [216.0, 83.5], [215.0, 83.5], [214.0, 83.5], [213.0, 83.5], [212.0, 83.5], [211.0, 83.5], [210.0, 83.5], [209.5, 83.0], [209.0, 82.5], [208.0, 82.5], [207.0, 82.5], [206.0, 82.5], [205.0, 82.5], [204.5, 83.0], [204.0, 83.5], [203.0, 83.5], [202.0, 83.5], [201.5, 84.0]]"
SLICE,Z4,AB_L,24.99771463870789,20.666722893711892,-206.6020050048815,,,,,,
SLICE,Z5,VL_R,24.99771463870789,20.666722893711892,-176.60200500488187,,36.56768953068592,4.540225674387445,,,"[[47.0, 76.5], [46.5, 77.0], [46.5, 78.0], [46.5, 79.0], [46.5, 80.0], [47.0, 80.5], [47.5, 81.0], [47.5, 82.0], [47.5, 83.0], [47.5, 84.0], [47.5, 85.0], [47.5, 86.0], [48.0, 86.5], [48.5, 87.0], [48.5, 88.0], [48.5, 89.0], [48.5, 90.0], [48.5, 91.0], [49.0, 91.5], [49.5, 92.0], [49.5, 93.0], [50.0, 93.5], [50.5, 94.0], [50.5, 95.0], [51.0, 95.5], [51.5, 96.0], [52.0, 96.5], [52.5, 97.0], [53.0, 97.5], [53.5, 98.0], [54.0, 98.5], [54.5, 99.0], [55.0, 99.5], [55.5, 100.0], [56.0, 100.5], [57.0, 100.5], [57.5, 101.0], [58.0, 101.5], [59.0, 101.5], [59.5, 102.0], [60.0, 102.5], [60.5, 103.0], [61.0, 103.5], [61.5, 104.0], [62.0, 104.5], [63.0, 104.5], [64.0, 104.5], [65.0, 104.5], [65.5, 105.0], [66.0, 105.5], [67.0, 105.5], [68.0, 105.5], [68.5, 106.0], [69.0, 106.5], [70.0, 106.5], [71.0, 106.5], [72.0, 106.5], [73.0, 106.5], [74.0, 106.5], [74.5, 106.0], [75.0, 105.5], [75.5, 105.0], [76.0, 104.5], [77.0, 104.5], [77.5, 104.0], [78.0, 103.5], [78.5, 103.0], [78.5, 102.0], [79.0, 101.5], [79.5, 101.0], [79.5, 100.0], [80.0, 99.5], [80.5, 99.0], [80.5, 98.0], [81.0, 97.5], [81.5, 97.0], [81.5, 96.0], [81.5, 95.0], [82.0, 94.5], [82.5, 94.0], [82.5, 93.0], [82.5, 92.0], [82.0, 91.5], [81.0, 91.5], [80.0, 91.5], [79.0, 91.5], [78.0, 91.5], [77.5, 91.0], [77.0, 90.5], [76.0, 90.5], [75.5, 90.0], [75.0, 89.5], [74.5, 89.0], [74.0, 88.5], [73.0, 88.5], [72.5, 88.0], [72.0, 87.5], [71.0, 87.5], [70.0, 87.5], [69.0, 87.5], [68.0, 87.5], [67.0, 87.5], [66.5, 87.0], [66.0, 86.5], [65.0, 86.5], [64.5, 86.0], [64.5, 85.0], [64.0, 84.5], [63.5, 84.0], [63.0, 83.5], [62.5, 83.0], [62.5, 82.0], [62.5, 81.0], [62.5, 80.0], [62.5, 79.0], [62.5, 78.0], [62.5, 77.0], [62.5, 76.0], [62.5, 75.0], [62.5, 74.0], [62.5, 73.0], [63.0, 72.5], [63.5, 72.0], [63.5, 71.0], [63.5, 70.0], [64.0, 69.5], [64.5, 69.0], [64.5, 68.0], [64.5, 67.0], [65.0, 66.5], [65.5, 66.0], [65.5, 65.0], [66.0, 64.5], [66.5, 64.0], [66.5, 63.0], [67.0, 62.5], [67.5, 62.0], [68.0, 61.5], [69.0, 61.5], [69.5, 61.0], [69.5, 60.0], [70.0, 59.5], [70.5, 59.0], [71.0, 58.5], [71.5, 58.0], [72.0, 57.5], [72.5, 57.0], [73.0, 56.5], [74.0, 56.5], [75.0, 56.5], [75.5, 56.0], [76.0, 55.5], [76.5, 55.0], [76.5, 54.0], [76.5, 53.0], [76.0, 52.5], [75.5, 52.0], [75.0, 51.5], [74.5, 51.0], [74.0, 50.5], [73.0, 50.5], [72.5, 50.0], [72.0, 49.5], [71.0, 49.5], [70.5, 49.0], [70.0, 48.5], [69.0, 48.5], [68.0, 48.5], [67.0, 48.5], [66.0, 48.5], [65.0, 48.5], [64.0, 48.5], [63.0, 48.5], [62.5, 49.0], [62.0, 49.5], [61.0, 49.5], [60.5, 50.0], [60.0, 50.5], [59.0, 50.5], [58.5, 51.0], [58.5, 52.0], [58.0, 52.5], [57.5, 53.0], [57.0, 53.5], [56.0, 53.5], [55.5, 54.0], [55.5, 55.0], [55.0, 55.5], [54.5, 56.0], [54.0, 56.5], [53.5, 57.0], [53.5, 58.0], [53.0, 58.5], [52.5, 59.0], [52.0, 59.5], [51.5, 60.0], [51.0, 60.5], [50.5, 61.0], [50.5, 62.0], [50.5, 63.0], [50.0, 63.5], [49.0, 63.5], [48.5, 64.0], [48.5, 65.0], [48.5, 66.0], [48.5, 67.0], [48.5, 68.0], [48.0, 68.5], [47.5, 69.0], [47.5, 70.0], [47.5, 71.0], [47.5, 72.0], [47.5, 73.0], [47.5, 74.0], [47.5, 75.0], [47.5, 76.0]]"
SLICE,Z5,VI_R,24.99771463870789,20.666722893711892,-176.60200500488187,,35.87459283387622,8.076521614002344,,,"[[63.0, 72.5], [62.5, 73.0], [62.5, 74.0], [62.5, 75.0], [62.5, 76.0], [62.5, 77.0], [62.5, 78.0], [62.5, 79.0], [62.5, 80.0], [62.5, 81.0], [62.5, 82.0], [62.5, 83.0], [63.0, 83.5], [63.5, 84.0], [64.0, 84.5], [64.5, 85.0], [64.5, 86.0], [65.0, 86.5], [66.0, 86.5], [66.5, 87.0], [67.0, 87.5], [68.0, 87.5], [69.0, 87.5], [70.0, 87.5], [71.0, 87.5], [72.0, 87.5], [72.5, 88.0], [73.0, 88.5], [74.0, 88.5], [74.5, 89.0], [75.0, 89.5], [75.5, 90.0], [76.0, 90.5], [77.0, 90.5], [77.5, 91.0], [78.0, 91.5], [79.0, 91.5], [80.0, 91.5], [81.0, 91.5], [81.5, 91.0], [82.0, 90.5], [82.5, 90.0], [82.5, 89.0], [82.5, 88.0], [83.0, 87.5], [83.5, 87.0], [83.5, 86.0], [83.5, 85.0], [83.5, 84.0], [83.0, 83.5], [82.5, 83.0], [82.0, 82.5], [81.5, 82.0], [81.5, 81.0], [81.0, 80.5], [80.0, 80.5], [79.5, 80.0], [79.0, 79.5], [78.0, 79.5], [77.5, 79.0], [77.0, 78.5], [76.5, 78.0], [76.0, 77.5], [75.5, 77.0], [75.0, 76.5], [74.5, 76.0], [74.5, 75.0], [74.5, 74.0], [74.0, 73.5], [73.5, 73.0], [73.5, 72.0], [74.0, 71.5], [74.5, 71.0], [74.5, 70.0], [75.0, 69.5], [75.5, 69.0], [76.0, 68.5], [76.5, 68.0], [77.0, 67.5], [77.5, 67.0], [78.0, 66.5], [79.0, 66.5], [80.0, 66.5], [81.0, 66.5], [82.0, 66.5], [83.0, 66.5], [84.0, 66.5], [85.0, 66.5], [85.5, 67.0], [86.0, 67.5], [87.0, 67.5], [87.5, 68.0], [88.0, 68.5], [88.5, 69.0], [89.0, 69.5], [89.5, 69.0], [90.0, 68.5], [91.0, 68.5], [92.0, 68.5], [93.0, 68.5], [94.0, 68.5], [94.5, 68.0], [95.0, 67.5], [96.0, 67.5], [96.5, 67.0], [96.5, 66.0], [96.5, 65.0], [96.5, 64.0], [96.0, 63.5], [95.5, 63.0], [95.5, 62.0], [95.0, 61.5], [94.5, 61.0], [94.0, 60.5], [93.0, 60.5], [92.5, 60.0], [92.0, 59.5], [91.0, 59.5], [90.5, 59.0], [90.0, 58.5], [89.5, 58.0], [89.0, 57.5], [88.0, 57.5], [87.5, 57.0], [87.0, 56.5], [86.0, 56.5], [85.0, 56.5], [84.5, 56.0], [84.0, 55.5], [83.0, 55.5], [82.0, 55.5], [81.0, 55.5], [80.0, 55.5], [79.0, 55.5], [78.0, 55.5], [77.0, 55.5], [76.0, 55.5], [75.5, 56.0], [75.0, 56.5], [74.0, 56.5], [73.0, 56.5], [72.5, 57.0], [72.0, 57.5], [71.5, 58.0], [71.0, 58.5], [70.5, 59.0], [70.0, 59.5], [69.5, 60.0], [69.5, 61.0], [69.0, 61.5], [68.0, 61.5], [67.5, 62.0], [67.0, 62.5], [66.5, 63.0], [66.5, 64.0], [66.0, 64.5], [65.5, 65.0], [65.5, 66.0], [65.0, 66.5], [64.5, 67.0], [64.5, 68.0], [64.5, 69.0], [64.0, 69.5], [63.5, 70.0], [63.5, 71.0], [63.5, 72.0]]"
SLICE,Z5,VM_R,24.99771463870789,20.666722893711892,-176.60200500488187,,35.14792899408284,10.783864172000927,,,"[[85.0, 80.5], [84.5, 81.0], [85.0, 81.5], [85.5, 82.0], [86.0, 82.5], [87.0, 82.5], [88.0, 82.5], [89.0, 82.5], [90.0, 82.5], [91.0, 82.5], [92.0, 82.5], [93.0, 82.5], [94.0, 82.5], [95.0, 82.5], [96.0, 82.5], [97.0, 82.5], [98.0, 82.5], [98.5, 82.0], [99.0, 81.5], [100.0, 81.5], [101.0, 81.5], [101.5, 81.0], [102.0, 80.5], [103.0, 80.5], [103.5, 80.0], [104.0, 79.5], [104.5, 79.0], [105.0, 78.5], [105.5, 78.0], [106.0, 77.5], [106.5, 77.0], [106.5, 76.0], [106.5, 75.0], [106.5, 74.0], [107.0, 73.5], [107.5, 73.0], [107.5, 72.0], [107.5, 71.0], [107.5, 70.0], [107.5, 69.0], [107.5, 68.0], [107.5, 67.0], [107.5, 66.0], [107.5, 65.0], [107.0, 64.5], [106.5, 64.0], [106.5, 63.0], [106.0, 62.5], [105.5, 62.0], [105.0, 61.5], [104.0, 61.5], [103.0, 61.5], [102.5, 61.0], [102.0, 60.5], [101.5, 61.0], [101.0, 61.5], [100.0, 61.5], [99.0, 61.5], [98.0, 61.5], [97.0, 61.5], [96.0, 61.5], [95.5, 62.0], [95.5, 63.0], [96.0, 63.5], [96.5, 64.0], [96.5, 65.0], [96.5, 66.0], [96.5, 67.0], [96.0, 67.5], [95.0, 67.5], [94.5, 68.0], [94.0, 68.5], [93.0, 68.5], [92.0, 68.5], [91.0, 68.5], [90.0, 68.5], [89.5, 69.0], [89.0, 69.5], [88.5, 70.0], [88.5, 71.0], [88.5, 72.0], [88.0, 72.5], [87.5, 73.0], [87.5, 74.0], [87.5, 75.0], [87.0, 75.5], [86.5, 76.0], [86.5, 77.0], [86.0, 77.5], [85.5, 78.0], [85.5, 79.0], [85.5, 80.0]]"
SLICE,Z5,RF_R,24.99771463870789,20.666722893711892,-176.60200500488187,,36.492134831460675,7.773366004376756,,,"[[69.0, 46.5], [68.5, 47.0], [68.5, 48.0], [69.0, 48.5], [70.0, 48.5], [70.5, 49.0], [71.0, 49.5], [72.0, 49.5], [72.5, 50.0], [73.0, 50.5], [74.0, 50.5], [74.5, 51.0], [75.0, 51.5], [75.5, 52.0], [76.0, 52.5], [76.5, 53.0], [76.5, 54.0], [77.0, 54.5], [77.5, 55.0], [78.0, 55.5], [79.0, 55.5], [80.0, 55.5], [81.0, 55.5], [82.0, 55.5], [83.0, 55.5], [84.0, 55.5], [84.5, 56.0], [85.0, 56.5], [86.0, 56.5], [87.0, 56.5], [87.5, 57.0], [88.0, 57.5], [89.0, 57.5], [89.5, 58.0], [90.0, 58.5], [90.5, 59.0], [91.0, 59.5], [92.0, 59.5], [92.5, 60.0], [93.0, 60.5], [94.0, 60.5], [94.5, 61.0], [95.0, 61.5], [96.0, 61.5], [97.0, 61.5], [98.0, 61.5], [99.0, 61.5], [100.0, 61.5], [101.0, 61.5], [101.5, 61.0], [102.0, 60.5], [103.0, 60.5], [103.5, 60.0], [104.0, 59.5], [104.5, 59.0], [104.5, 58.0], [104.5, 57.0], [105.0, 56.5], [105.5, 56.0], [105.5, 55.0], [105.0, 54.5], [104.5, 54.0], [104.5, 53.0], [104.5, 52.0], [104.5, 51.0], [104.0, 50.5], [103.5, 50.0], [103.0, 49.5], [102.5, 49.0], [102.0, 48.5], [101.5, 48.0], [101.0, 47.5], [100.5, 47.0], [100.0, 46.5], [99.5, 46.0], [99.0, 45.5], [98.0, 45.5], [97.0, 45.5], [96.5, 45.0], [96.0, 44.5], [95.5, 44.0], [95.0, 43.5], [94.0, 43.5], [93.0, 43.5], [92.0, 43.5], [91.0, 43.5], [90.0, 43.5], [89.5, 43.0], [89.0, 42.5], [88.0, 42.5], [87.0, 42.5], [86.0, 42.5], [85.5, 43.0], [85.0, 43.5], [84.5, 43.0], [84.0, 42.5], [83.0, 42.5], [82.0, 42.5], [81.0, 42.5], [80.0, 42.5], [79.0, 42.5], [78.5, 43.0], [78.0, 43.5], [77.0, 43.5], [76.0, 43.5], [75.0, 43.5], [74.0, 43.5], [73.0, 43.5], [72.5, 44.0], [72.0, 44.5], [71.0, 44.5], [70.5, 45.0], [70.0, 45.5], [69.5, 46.0]]"
SLICE,Z5,SAR_R,24.99771463870789,20.666722893711892,-176.60200500488187,,44.551867219917014,17.056849253950624,,,"[[104.0, 59.5], [103.5, 60.0], [103.5, 61.0], [104.0, 61.5], [105.0, 61.5], [105.5, 62.0], [106.0, 62.5], [106.5, 63.0], [106.5, 64.0], [107.0, 64.5], [107.5, 65.0], [107.5, 66.0], [107.5, 67.0], [107.5, 68.0], [107.5, 69.0], [107.5, 70.0], [108.0, 70.5], [108.5, 71.0], [108.5, 72.0], [108.5, 73.0], [109.0, 73.5], [109.5, 74.0], [110.0, 74.5], [111.0, 74.5], [111.5, 75.0], [112.0, 75.5], [112.5, 76.0], [113.0, 76.5], [114.0, 76.5], [114.5, 77.0], [115.0, 77.5], [116.0, 77.5], [117.0, 77.5], [118.0, 77.5], [119.0, 77.5], [119.5, 77.0], [120.0, 76.5], [120.5, 76.0], [120.5, 75.0], [120.5, 74.0], [120.5, 73.0], [120.5, 72.0], [120.5, 71.0], [120.5, 70.0], [120.5, 69.0], [120.0, 68.5], [119.5, 68.0], [119.5, 67.0], [119.5, 66.0], [119.5, 65.0], [119.0, 64.5], [118.5, 64.0], [118.0, 63.5], [117.5, 63.0], [117.0, 62.5], [116.5, 62.0], [116.5, 61.0], [116.5, 60.0], [116.0, 59.5], [115.5, 59.0], [115.0, 58.5], [114.5, 58.0], [114.0, 57.5], [113.0, 57.5], [112.5, 57.0], [112.0, 56.5], [111.5, 56.0], [111.0, 55.5], [110.0, 55.5], [109.0, 55.5], [108.5, 55.0], [108.0, 54.5], [107.0, 54.5], [106.0, 54.5], [105.5, 55.0], [105.5, 56.0], [105.0, 56.5], [104.5, 57.0], [104.5, 58.0], [104.5, 59.0]]"
SLICE,Z5,GRA_R,24.99771463870789,20.666722893711892,-176.60200500488187,,16.309734513274336,10.335161776966313,,,"[[133.0, 89.5], [132.5, 90.0], [132.5, 91.0], [132.5, 92.0], [132.5, 93.0], [132.5, 94.0], [133.0, 94.5], [133.5, 95.0], [133.5, 96.0], [133.5, 97.0], [133.5, 98.0], [134.0, 98.5], [134.5, 99.0], [134.5, 100.0], [134.5, 101.0], [134.5, 102.0], [134.5, 103.0], [135.0, 103.5], [136.0, 103.5], [136.5, 103.0], [137.0, 102.5], [137.5, 102.0], [138.0, 101.5], [138.5, 101.0], [138.5, 100.0], [139.0, 99.5], [139.5, 99.0], [139.5, 98.0], [139.5, 97.0], [139.5, 96.0], [140.0, 95.5], [140.5, 95.0], [140.5, 94.0], [140.5, 93.0], [140.5, 92.0], [140.5, 91.0], [140.5, 90.0], [140.5, 89.0], [140.5, 88.0], [140.0, 87.5], [139.5, 87.0], [139.5, 86.0], [139.0, 85.5], [138.5, 85.0], [138.5, 84.0], [138.0, 83.5], [137.0, 83.5], [136.0, 83.5], [135.5, 84.0], [135.0, 84.5], [134.5, 85.0], [134.5, 86.0], [134.5, 87.0], [134.5, 88.0], [134.0, 88.5], [133.5, 89.0]]"
SLICE,Z5,SM_R,24.99771463870789,20.666722893711892,-176.60200500488187,,13.75,5.973901572674261,,,"[[109.0, 106.5], [108.5, 107.0], [109.0, 107.5], [109.5, 108.0], [109.5, 109.0], [110.0, 109.5], [110.5, 110.0], [111.0, 110.5], [112.0, 110.5], [112.5, 110.0], [112.0, 109.5], [111.5, 109.0], [111.5, 108.0], [111.5, 107.0], [111.0, 106.5], [110.5, 107.0], [110.0, 107.5], [109.5, 107.0]]"
SLICE,Z5,ST_R,24.99771463870789,20.666722893711892,-176.60200500488187,,39.37906137184115,13.843268973399299,,,"[[93.0, 102.5], [92.5, 103.0], [92.5, 104.0], [92.5, 105.0], [92.5, 106.0], [92.5, 107.0], [92.5, 108.0], [92.5, 109.0], [93.0, 109.5], [93.5, 110.0], [94.0, 110.5], [94.5, 111.0], [94.5, 112.0], [94.5, 113.0], [95.0, 113.5], [95.5, 114.0], [96.0, 114.5], [96.5, 115.0], [96.5, 116.0], [97.0, 116.5], [98.0, 116.5], [98.5, 117.0], [98.5, 118.0], [99.0, 118.5], [99.5, 119.0], [100.0, 119.5], [101.0, 119.5], [102.0, 119.5], [103.0, 119.5], [103.5, 120.0], [104.0, 120.5], [105.0, 120.5], [106.0, 120.5], [107.0, 120.5], [108.0, 120.5], [109.0, 120.5], [109.5, 120.0], [110.0, 119.5], [110.5, 119.0], [111.0, 118.5], [111.5, 118.0], [111.5, 117.0], [111.5, 116.0], [111.5, 115.0], [111.5, 114.0], [111.5, 113.0], [111.5, 112.0], [111.5, 111.0], [111.0, 110.5], [110.5, 110.0], [110.0, 109.5], [109.5, 109.0], [109.5, 108.0], [110.0, 107.5], [110.5, 107.0], [110.0, 106.5], [109.5, 106.0], [109.0, 105.5], [108.5, 105.0], [108.0, 104.5], [107.0, 104.5], [106.0, 104.5], [105.5, 104.0], [105.0, 103.5], [104.5, 103.0], [104.0, 102.5], [103.0, 102.5], [102.5, 102.0], [102.0, 101.5], [101.0, 101.5], [100.0, 101.5], [99.0, 101.5], [98.0, 101.5], [97.0, 101.5], [96.0, 101.5], [95.5, 101.0], [95.0, 100.5], [94.0, 100.5], [93.5, 101.0], [93.5, 102.0]]"
SLICE,Z5,BF_R,24.99771463870789,20.666722893711892,-176.60200500488187,,34.84,9.460798470124374,,,"[[80.0, 103.5], [79.5, 104.0], [79.5, 105.0], [79.5, 106.0], [79.5, 107.0], [79.5, 108.0], [79.5, 109.0], [80.0, 109.5], [80.5, 110.0], [80.5, 111.0], [80.5, 112.0], [80.5, 113.0], [80.5, 114.0], [81.0, 114.5], [82.0, 114.5], [82.5, 115.0], [82.5, 116.0], [83.0, 116.5], [83.5, 117.0], [83.5, 118.0], [83.5, 119.0], [84.0, 119.5], [85.0, 119.5], [85.5, 120.0], [85.5, 121.0], [86.0, 121.5], [87.0, 121.5], [88.0, 121.5], [88.5, 122.0], [88.5, 123.0], [89.0, 123.5], [90.0, 123.5], [90.5, 124.0], [91.0, 124.5], [92.0, 124.5], [93.0, 124.5], [94.0, 124.5], [94.5, 124.0], [95.0, 123.5], [96.0, 123.5], [96.5, 123.0], [96.5, 122.0], [97.0, 121.5], [98.0, 121.5], [98.5, 121.0], [98.5, 120.0], [98.5, 119.0], [98.5, 118.0], [98.5, 117.0], [98.0, 116.5], [97.0, 116.5], [96.5, 116.0], [96.5, 115.0], [96.0, 114.5], [95.5, 114.0], [95.0, 113.5], [94.5, 113.0], [94.5, 112.0], [94.5, 111.0], [94.0, 110.5], [93.5, 110.0], [93.0, 109.5], [92.5, 109.0], [92.5, 108.0], [92.5, 107.0], [92.5, 106.0], [92.5, 105.0], [92.5, 104.0], [92.5, 103.0], [93.0, 102.5], [93.5, 102.0], [93.5, 101.0], [93.5, 100.0], [93.0, 99.5], [92.0, 99.5], [91.5, 99.0], [91.0, 98.5], [90.5, 98.0], [90.0, 97.5], [89.0, 97.5], [88.0, 97.5], [87.0, 97.5], [86.0, 97.5], [85.5, 98.0], [85.0, 98.5], [84.0, 98.5], [83.5, 99.0], [83.5, 100.0], [83.0, 100.5], [82.5, 101.0], [82.0, 101.5], [81.5, 102.0], [81.0, 102.5], [80.5, 103.0]]"
SLICE,Z5,BF_SH_R,24.99771463870789,20.666722893711892,-176.60200500488187,,,,,,
SLICE,Z5,AM_R,24.99771463870789,20.666722893711892,-176.60200500488187,,32.74832775919732,7.989083618903449,,,"[[83.0, 87.5], [82.5, 88.0], [82.5, 89.0], [82.5, 90.0], [82.5, 91.0], [83.0, 91.5], [83.5, 92.0], [83.5, 93.0], [83.5, 94.0], [84.0, 94.5], [85.0, 94.5], [86.0, 94.5], [87.0, 94.5], [87.5, 95.0], [88.0, 95.5], [88.5, 96.0], [89.0, 96.5], [89.5, 97.0], [90.0, 97.5], [90.5, 98.0], [91.0, 98.5], [91.5, 99.0], [92.0, 99.5], [93.0, 99.5], [93.5, 100.0], [94.0, 100.5], [95.0, 100.5], [95.5, 101.0], [96.0, 101.5], [97.0, 101.5], [98.0, 101.5], [99.0, 101.5], [100.0, 101.5], [101.0, 101.5], [102.0, 101.5], [102.5, 102.0], [103.0, 102.5], [104.0, 102.5], [104.5, 103.0], [105.0, 103.5], [105.5, 104.0], [106.0, 104.5], [107.0, 104.5], [108.0, 104.5], [108.5, 105.0], [109.0, 105.5], [109.5, 106.0], [110.0, 106.5], [111.0, 106.5], [111.5, 107.0], [111.5, 108.0], [112.0, 108.5], [112.5, 109.0], [113.0, 109.5], [114.0, 109.5], [115.0, 109.5], [115.5, 110.0], [116.0, 110.5], [116.5, 111.0], [117.0, 111.5], [117.5, 112.0], [117.5, 113.0], [118.0, 113.5], [118.5, 114.0], [118.5, 115.0], [118.5, 116.0], [119.0, 116.5], [120.0, 116.5], [121.0, 116.5], [122.0, 116.5], [123.0, 116.5], [124.0, 116.5], [125.0, 116.5], [125.5, 116.0], [126.0, 115.5], [126.5, 115.0], [127.0, 114.5], [127.5, 114.0], [127.5, 113.0], [128.0, 112.5], [128.5, 112.0], [129.0, 111.5], [129.5, 111.0], [130.0, 110.5], [130.5, 110.0], [131.0, 109.5], [131.5, 109.0], [132.0, 108.5], [132.5, 108.0], [132.5, 107.0], [133.0, 106.5], [133.5, 106.0], [134.0, 105.5], [134.5, 105.0], [134.5, 104.0], [134.5, 103.0], [134.5, 102.0], [134.5, 101.0], [134.5, 100.0], [134.5, 99.0], [134.0, 98.5], [133.5, 98.0], [133.5, 97.0], [133.5, 96.0], [133.5, 95.0], [133.0, 94.5], [132.5, 94.0], [132.5, 93.0], [132.5, 92.0], [132.5, 91.0], [132.5, 90.0], [133.0, 89.5], [133.5, 89.0], [134.0, 88.5], [134.5, 88.0], [134.5, 87.0], [134.5, 86.0], [134.0, 85.5], [133.5, 85.0], [133.0, 84.5], [132.5, 84.0], [132.0, 83.5], [131.5, 83.0], [131.5, 82.0], [131.0, 81.5], [130.5, 81.0], [130.0, 80.5], [129.5, 80.0], [129.0, 79.5], [128.5, 79.0], [128.0, 78.5], [127.0, 78.5], [126.0, 78.5], [125.5, 78.0], [125.0, 77.5], [124.0, 77.5], [123.0, 77.5], [122.0, 77.5], [121.5, 78.0], [121.0, 78.5], [120.0, 78.5], [119.5, 78.0], [119.0, 77.5], [118.0, 77.5], [117.0, 77.5], [116.0, 77.5], [115.0, 77.5], [114.0, 77.5], [113.0, 77.5], [112.0, 77.5], [111.5, 78.0], [111.0, 78.5], [110.0, 78.5], [109.5, 79.0], [109.0, 79.5], [108.5, 80.0], [108.0, 80.5], [107.0, 80.5], [106.5, 81.0], [107.0, 81.5], [108.0, 81.5], [109.0, 81.5], [109.5, 81.0], [110.0, 80.5], [111.0, 80.5], [112.0, 80.5], [113.0, 80.5], [114.0, 80.5], [114.5, 81.0], [115.0, 81.5], [116.0, 81.5], [116.5, 82.0], [116.5, 83.0], [116.5, 84.0], [116.0, 84.5], [115.0, 84.5], [114.0, 84.5], [113.5, 85.0], [113.0, 85.5], [112.0, 85.5], [111.0, 85.5], [110.0, 85.5], [109.0, 85.5], [108.0, 85.5], [107.0, 85.5], [106.0, 85.5], [105.0, 85.5], [104.0, 85.5], [103.5, 85.0], [103.0, 84.5], [102.0, 84.5], [101.0, 84.5], [100.0, 84.5], [99.0, 84.5], [98.0, 84.5], [97.0, 84.5], [96.0, 84.5], [95.0, 84.5], [94.5, 84.0], [94.0, 83.5], [93.0, 83.5], [92.0, 83.5], [91.0, 83.5], [90.0, 83.5], [89.0, 83.5], [88.0, 83.5], [87.0, 83.5], [86.0, 83.5], [85.0, 83.5], [84.0, 83.5], [83.5, 84.0], [83.5, 85.0], [83.5, 86.0], [83.5, 87.0]]"
SLICE,Z5,AL_R,24.99771463870789,20.666722893711892,-176.60200500488187,,37.293103448275865,4.972367162247274,,,"[[101.0, 83.5], [100.5, 84.0], [101.0, 84.5], [102.0, 84.5], [103.0, 84.5], [103.5, 85.0], [104.0, 85.5], [105.0, 85.5], [106.0, 85.5], [107.0, 85.5], [108.0, 85.5], [109.0, 85.5], [110.0, 85.5], [111.0, 85.5], [112.0, 85.5], [113.0, 85.5], [113.5, 85.0], [114.0, 84.5], [115.0, 84.5], [116.0, 84.5], [116.5, 84.0], [116.5, 83.0], [116.5, 82.0], [116.0, 81.5], [115.0, 81.5], [114.5, 81.0], [114.0, 80.5], [113.0, 80.5], [112.0, 80.5], [111.0, 80.5], [110.0, 80.5], [109.5, 81.0], [109.0, 81.5], [108.0, 81.5], [107.0, 81.5], [106.0, 81.5], [105.0, 81.5], [104.5, 82.0], [104.0, 82.5], [103.0, 82.5], [102.0, 82.5], [101.5, 83.0]]"
SLICE,Z5,AB_R,24.99771463870789,20.666722893711892,-176.60200500488187,,31.3125,9.156409981537523,,,"[[95.0, 83.5], [94.5, 84.0], [95.0, 84.5], [96.0, 84.5], [97.0, 84.5], [98.0, 84.5], [99.0, 84.5], [100.0, 84.5], [100.5, 84.0], [101.0, 83.5], [101.5, 83.0], [102.0, 82.5], [103.0, 82.5], [104.0, 82.5], [104.5, 82.0], [105.0, 81.5], [106.0, 81.5], [106.5, 81.0], [106.0, 80.5], [105.0, 80.5], [104.0, 80.5], [103.5, 81.0], [103.0, 81.5], [102.0, 81.5], [101.0, 81.5], [100.5, 82.0], [100.0, 82.5], [99.0, 82.5], [98.5, 83.0], [98.0, 83.5], [97.0, 83.5], [96.0, 83.5]]"
SLICE,Z5,VL_L,24.99771463870789,20.666722893711892,-176.60200500488187,,36.53832442067736,3.7312635969901127,,,"[[228.0, 47.5], [227.5, 48.0], [227.5, 49.0], [227.5, 50.0], [227.5, 51.0], [228.0, 51.5], [228.5, 52.0], [229.0, 52.5], [230.0, 52.5], [231.0, 52.5], [232.0, 52.5], [233.0, 52.5], [234.0, 52.5], [235.0, 52.5], [235.5, 53.0], [236.0, 53.5], [237.0, 53.5], [238.0, 53.5], [238.5, 54.0], [239.0, 54.5], [240.0, 54.5], [241.0, 54.5], [241.5, 55.0], [242.0, 55.5], [243.0, 55.5], [243.5, 56.0], [244.0, 56.5], [245.0, 56.5], [245.5, 57.0], [246.0, 57.5], [246.5, 58.0], [247.0, 58.5], [247.5, 59.0], [248.0, 59.5], [248.5, 60.0], [249.0, 60.5], [249.5, 61.0], [249.5, 62.0], [250.0, 62.5], [250.5, 63.0], [250.5, 64.0], [251.0, 64.5], [251.5, 65.0], [251.5, 66.0], [251.5, 67.0], [251.5, 68.0], [251.5, 69.0], [251.5, 70.0], [251.5, 71.0], [251.5, 72.0], [251.5, 73.0], [251.0, 73.5], [250.5, 74.0], [250.5, 75.0], [250.5, 76.0], [250.5, 77.0], [250.0, 77.5], [249.5, 78.0], [249.5, 79.0], [249.5, 80.0], [249.0, 80.5], [248.5, 81.0], [248.0, 81.5], [247.0, 81.5], [246.5, 82.0], [246.0, 82.5], [245.5, 83.0], [245.0, 83.5], [244.5, 84.0], [244.0, 84.5], [243.0, 84.5], [242.0, 84.5], [241.5, 85.0], [241.5, 86.0], [241.0, 86.5], [240.0, 86.5], [239.0, 86.5], [238.5, 87.0], [238.0, 87.5], [237.0, 87.5], [236.0, 87.5], [235.5, 88.0], [235.5, 89.0], [235.5, 90.0], [235.5, 91.0], [235.5, 92.0], [236.0, 92.5], [236.5, 93.0], [236.5, 94.0], [237.0, 94.5], [238.0, 94.5], [238.5, 95.0], [238.5, 96.0], [239.0, 96.5], [240.0, 96.5], [240.5, 97.0], [240.5, 98.0], [240.5, 99.0], [241.0, 99.5], [242.0, 99.5], [243.0, 99.5], [243.5, 100.0], [244.0, 100.5], [244.5, 101.0], [245.0, 101.5], [246.0, 101.5], [247.0, 101.5], [248.0, 101.5], [249.0, 101.5], [250.0, 101.5], [251.0, 101.5], [251.5, 101.0], [252.0, 100.5], [253.0, 100.5], [253.5, 100.0], [254.0, 99.5], [254.5, 99.0], [255.0, 98.5], [255.5, 98.0], [256.0, 97.5], [256.5, 97.0], [256.5, 96.0], [257.0, 95.5], [257.5, 95.0], [258.0, 94.5], [258.5, 94.0], [258.5, 93.0], [259.0, 92.5], [259.5, 92.0], [259.5, 91.0], [259.5, 90.0], [260.0, 89.5], [260.5, 89.0], [261.0, 88.5], [261.5, 88.0], [261.5, 87.0], [261.5, 86.0], [261.5, 85.0], [262.0, 84.5], [262.5, 84.0], [262.5, 83.0], [263.0, 82.5], [263.5, 82.0], [263.5, 81.0], [264.0, 80.5], [264.5, 80.0], [264.5, 79.0], [264.5, 78.0], [264.5, 77.0], [264.5, 76.0], [264.5, 75.0], [264.5, 74.0], [264.5, 73.0], [264.5, 72.0], [264.5, 71.0], [264.5, 70.0], [264.5, 69.0], [264.5, 68.0], [264.5, 67.0], [264.5, 66.0], [264.5, 65.0], [264.5, 64.0], [264.5, 63.0], [264.5, 62.0], [264.5, 61.0], [264.5, 60.0], [264.5, 59.0], [264.0, 58.5], [263.5, 58.0], [263.5, 57.0], [263.5, 56.0], [263.0, 55.5], [262.5, 55.0], [262.0, 54.5], [261.5, 54.0], [261.5, 53.0], [261.0, 52.5], [260.5, 52.0], [260.0, 51.5], [259.5, 51.0], [259.0, 50.5], [258.5, 50.0], [258.0, 49.5], [257.5, 49.0], [257.0, 48.5], [256.5, 48.0], [256.0, 47.5], [255.0, 47.5], [254.5, 47.0], [254.5, 46.0], [254.0, 45.5], [253.0, 45.5], [252.0, 45.5], [251.5, 45.0], [251.5, 44.0], [251.0, 43.5], [250.0, 43.5], [249.0, 43.5], [248.5, 43.0], [248.0, 42.5], [247.0, 42.5], [246.5, 42.0], [246.0, 41.5], [245.0, 41.5], [244.5, 41.0], [244.0, 40.5], [243.0, 40.5], [242.0, 40.5], [241.0, 40.5], [240.0, 40.5], [239.0, 40.5], [238.0, 40.5], [237.0, 40.5], [236.0, 40.5], [235.0, 40.5], [234.5, 41.0], [234.0, 41.5], [233.0, 41.5], [232.0, 41.5], [231.5, 42.0], [231.0, 42.5], [230.5, 43.0], [230.0, 43.5], [229.5, 44.0], [229.5, 45.0], [229.5, 46.0], [229.0, 46.5], [228.5, 47.0]]"
SLICE,Z5,VI_L,24.99771463870789,20.666722893711892,-176.60200500488187,,34.35098335854766,8.320960524825175,,,"[[214.0, 62.5], [213.5, 63.0], [213.5, 64.0], [213.5, 65.0], [214.0, 65.5], [214.5, 66.0], [215.0, 66.5], [216.0, 66.5], [216.5, 67.0], [217.0, 67.5], [218.0, 67.5], [218.5, 68.0], [219.0, 68.5], [219.5, 69.0], [220.0, 69.5], [221.0, 69.5], [221.5, 70.0], [222.0, 70.5], [223.0, 70.5], [223.5, 71.0], [224.0, 71.5], [225.0, 71.5], [226.0, 71.5], [226.5, 71.0], [227.0, 70.5], [227.5, 70.0], [228.0, 69.5], [228.5, 69.0], [229.0, 68.5], [229.5, 68.0], [229.5, 67.0], [229.5, 66.0], [230.0, 65.5], [231.0, 65.5], [231.5, 65.0], [232.0, 64.5], [233.0, 64.5], [234.0, 64.5], [235.0, 64.5], [236.0, 64.5], [237.0, 64.5], [238.0, 64.5], [238.5, 65.0], [239.0, 65.5], [240.0, 65.5], [240.5, 66.0], [241.0, 66.5], [241.5, 67.0], [242.0, 67.5], [242.5, 68.0], [242.5, 69.0], [242.5, 70.0], [242.0, 70.5], [241.5, 71.0], [241.5, 72.0], [241.0, 72.5], [240.5, 73.0], [240.5, 74.0], [240.0, 74.5], [239.5, 75.0], [239.0, 75.5], [238.0, 75.5], [237.5, 76.0], [237.0, 76.5], [236.5, 77.0], [236.0, 77.5], [235.5, 78.0], [235.0, 78.5], [234.0, 78.5], [233.5, 79.0], [233.5, 80.0], [233.5, 81.0], [234.0, 81.5], [234.5, 82.0], [234.5, 83.0], [234.5, 84.0], [234.5, 85.0], [234.5, 86.0], [234.5, 87.0], [235.0, 87.5], [236.0, 87.5], [237.0, 87.5], [238.0, 87.5], [238.5, 87.0], [239.0, 86.5], [240.0, 86.5], [241.0, 86.5], [241.5, 86.0], [241.5, 85.0], [242.0, 84.5], [243.0, 84.5], [244.0, 84.5], [244.5, 84.0], [245.0, 83.5], [245.5, 83.0], [246.0, 82.5], [246.5, 82.0], [247.0, 81.5], [248.0, 81.5], [248.5, 81.0], [249.0, 80.5], [249.5, 80.0], [249.5, 79.0], [249.5, 78.0], [250.0, 77.5], [250.5, 77.0], [250.5, 76.0], [250.5, 75.0], [250.5, 74.0], [251.0, 73.5], [251.5, 73.0], [251.5, 72.0], [251.5, 71.0], [251.5, 70.0], [251.5, 69.0], [251.5, 68.0], [251.5, 67.0], [251.5, 66.0], [251.5, 65.0], [251.0, 64.5], [250.5, 64.0], [250.5, 63.0], [250.0, 62.5], [249.5, 62.0], [249.5, 61.0], [249.0, 60.5], [248.5, 60.0], [248.0, 59.5], [247.5, 59.0], [247.0, 58.5], [246.5, 58.0], [246.0, 57.5], [245.5, 57.0], [245.0, 56.5], [244.0, 56.5], [243.5, 56.0], [243.0, 55.5], [242.0, 55.5], [241.5, 55.0], [241.0, 54.5], [240.0, 54.5], [239.0, 54.5], [238.5, 54.0], [238.0, 53.5], [237.0, 53.5], [236.0, 53.5], [235.5, 53.0], [235.0, 52.5], [234.0, 52.5], [233.0, 52.5], [232.0, 52.5], [231.0, 52.5], [230.0, 52.5], [229.0, 52.5], [228.0, 52.5], [227.0, 52.5], [226.5, 53.0], [226.0, 53.5], [225.0, 53.5], [224.5, 54.0], [224.0, 54.5], [223.0, 54.5], [222.0, 54.5], [221.5, 55.0], [221.5, 56.0], [221.0, 56.5], [220.0, 56.5], [219.0, 56.5], [218.5, 57.0], [218.0, 57.5], [217.0, 57.5], [216.0, 57.5], [215.5, 58.0], [215.0, 58.5], [214.5, 59.0], [214.5, 60.0], [214.5, 61.0], [214.5, 62.0]]"
SLICE,Z5,VM_L,24.99771463870789,20.666722893711892,-176.60200500488187,,35.24065420560748,8.129818860971131,,,"[[203.0, 59.5], [202.5, 60.0], [202.5, 61.0], [202.5, 62.0], [202.5, 63.0], [202.5, 64.0], [202.5, 65.0], [203.0, 65.5], [203.5, 66.0], [203.5, 67.0], [204.0, 67.5], [204.5, 68.0], [204.5, 69.0], [204.5, 70.0], [204.5, 71.0], [204.5, 72.0], [204.5, 73.0], [204.5, 74.0], [205.0, 74.5], [205.5, 75.0], [206.0, 75.5], [206.5, 76.0], [207.0, 76.5], [208.0, 76.5], [208.5, 77.0], [208.5, 78.0], [209.0, 78.5], [209.5, 79.0], [210.0, 79.5], [210.5, 80.0], [211.0, 80.5], [211.5, 81.0], [212.0, 81.5], [213.0, 81.5], [214.0, 81.5], [215.0, 81.5], [216.0, 81.5], [216.5, 82.0], [217.0, 82.5], [218.0, 82.5], [219.0, 82.5], [220.0, 82.5], [221.0, 82.5], [222.0, 82.5], [223.0, 82.5], [223.5, 82.0], [224.0, 81.5], [225.0, 81.5], [226.0, 81.5], [227.0, 81.5], [228.0, 81.5], [229.0, 81.5], [230.0, 81.5], [231.0, 81.5], [231.5, 81.0], [231.5, 80.0], [231.5, 79.0], [231.5, 78.0], [231.5, 77.0], [231.0, 76.5], [230.5, 76.0], [230.0, 75.5], [229.5, 75.0], [229.5, 74.0], [229.0, 73.5], [228.5, 73.0], [228.5, 72.0], [228.5, 71.0], [228.0, 70.5], [227.0, 70.5], [226.5, 71.0], [226.0, 71.5], [225.0, 71.5], [224.0, 71.5], [223.5, 71.0], [223.0, 70.5], [222.0, 70.5], [221.5, 70.0], [221.0, 69.5], [220.0, 69.5], [219.5, 69.0], [219.0, 68.5], [218.5, 68.0], [218.0, 67.5], [217.0, 67.5], [216.5, 67.0], [216.0, 66.5], [215.0, 66.5], [214.5, 66.0], [214.0, 65.5], [213.5, 65.0], [213.5, 64.0], [213.5, 63.0], [214.0, 62.5], [214.5, 62.0], [214.5, 61.0], [214.5, 60.0], [214.5, 59.0], [214.0, 58.5], [213.5, 58.0], [213.0, 57.5], [212.0, 57.5], [211.5, 57.0], [211.0, 56.5], [210.0, 56.5], [209.5, 56.0], [209.0, 55.5], [208.0, 55.5], [207.0, 55.5], [206.0, 55.5], [205.5, 56.0], [205.0, 56.5], [204.5, 57.0], [204.5, 58.0], [204.0, 58.5], [203.5, 59.0]]"
SLICE,Z5,RF_L,24.99771463870789,20.666722893711892,-176.60200500488187,,32.11607142857143,8.209401045064585,,,"[[207.0, 48.5], [206.5, 49.0], [206.5, 50.0], [206.5, 51.0], [206.5, 52.0], [206.5, 53.0], [206.5, 54.0], [206.5, 55.0], [207.0, 55.5], [208.0, 55.5], [209.0, 55.5], [209.5, 56.0], [210.0, 56.5], [211.0, 56.5], [211.5, 57.0], [212.0, 57.5], [213.0, 57.5], [213.5, 58.0], [214.0, 58.5], [215.0, 58.5], [215.5, 58.0], [216.0, 57.5], [217.0, 57.5], [218.0, 57.5], [218.5, 57.0], [219.0, 56.5], [220.0, 56.5], [221.0, 56.5], [221.5, 56.0], [221.5, 55.0], [222.0, 54.5], [223.0, 54.5], [224.0, 54.5], [224.5, 54.0], [225.0, 53.5], [225.5, 53.0], [226.0, 52.5], [226.5, 52.0], [226.5, 51.0], [227.0, 50.5], [227.5, 50.0], [227.5, 49.0], [227.5, 48.0], [228.0, 47.5], [228.5, 47.0], [229.0, 46.5], [229.5, 46.0], [229.5, 45.0], [229.5, 44.0], [230.0, 43.5], [230.5, 43.0], [231.0, 42.5], [231.5, 42.0], [232.0, 41.5], [233.0, 41.5], [234.0, 41.5], [234.5, 41.0], [234.5, 40.0], [234.0, 39.5], [233.5, 39.0], [233.0, 38.5], [232.0, 38.5], [231.0, 38.5], [230.0, 38.5], [229.0, 38.5], [228.0, 38.5], [227.0, 38.5], [226.0, 38.5], [225.0, 38.5], [224.0, 38.5], [223.0, 38.5], [222.0, 38.5], [221.5, 39.0], [221.0, 39.5], [220.0, 39.5], [219.5, 40.0], [219.0, 40.5], [218.0, 40.5], [217.0, 40.5], [216.0, 40.5], [215.0, 40.5], [214.5, 41.0], [214.0, 41.5], [213.5, 42.0], [213.0, 42.5], [212.5, 43.0], [212.0, 43.5], [211.0, 43.5], [210.5, 44.0], [210.5, 45.0], [210.0, 45.5], [209.0, 45.5], [208.5, 46.0], [208.5, 47.0], [208.5, 48.0], [208.0, 48.5]]"
SLICE,Z5,SAR_L,24.99771463870789,20.666722893711892,-176.60200500488187,,37.425233644859816,16.137305670129834,,,"[[193.0, 66.5], [192.5, 67.0], [192.5, 68.0], [192.5, 69.0], [192.5, 70.0], [192.5, 71.0], [192.5, 72.0], [192.5, 73.0], [192.5, 74.0], [193.0, 74.5], [193.5, 75.0], [193.5, 76.0], [193.5, 77.0], [194.0, 77.5], [195.0, 77.5], [195.5, 78.0], [196.0, 78.5], [196.5, 79.0], [197.0, 79.5], [198.0, 79.5], [199.0, 79.5], [199.5, 79.0], [199.5, 78.0], [200.0, 77.5], [200.5, 77.0], [201.0, 76.5], [202.0, 76.5], [202.5, 76.0], [203.0, 75.5], [203.5, 75.0], [204.0, 74.5], [204.5, 74.0], [204.5, 73.0], [204.5, 72.0], [204.5, 71.0], [204.5, 70.0], [204.5, 69.0], [204.5, 68.0], [204.0, 67.5], [203.5, 67.0], [203.5, 66.0], [203.0, 65.5], [202.5, 65.0], [202.5, 64.0], [202.5, 63.0], [202.5, 62.0], [202.5, 61.0], [202.5, 60.0], [203.0, 59.5], [203.5, 59.0], [204.0, 58.5], [204.5, 58.0], [204.5, 57.0], [204.5, 56.0], [204.0, 55.5], [203.0, 55.5], [202.0, 55.5], [201.0, 55.5], [200.0, 55.5], [199.0, 55.5], [198.5, 56.0], [198.0, 56.5], [197.5, 57.0], [197.5, 58.0], [197.0, 58.5], [196.0, 58.5], [195.5, 59.0], [195.5, 60.0], [195.5, 61.0], [195.0, 61.5], [194.5, 62.0], [194.5, 63.0], [194.0, 63.5], [193.5, 64.0], [193.5, 65.0], [193.5, 66.0]]"
SLICE,Z5,GRA_L,24.99771463870789,20.666722893711892,-176.60200500488187,,36.28971962616822,12.386312422808055,,,"[[177.0, 92.5], [176.5, 93.0], [177.0, 93.5], [177.5, 94.0], [177.5, 95.0], [177.5, 96.0], [177.5, 97.0], [178.0, 97.5], [178.5, 98.0], [178.5, 99.0], [178.5, 100.0], [178.5, 101.0], [179.0, 101.5], [179.5, 102.0], [179.5, 103.0], [180.0, 103.5], [180.5, 104.0], [181.0, 104.5], [181.5, 105.0], [182.0, 105.5], [182.5, 106.0], [183.0, 106.5], [184.0, 106.5], [184.5, 106.0], [184.5, 105.0], [184.5, 104.0], [184.5, 103.0], [184.5, 102.0], [184.5, 101.0], [184.5, 100.0], [184.5, 99.0], [184.5, 98.0], [184.5, 97.0], [184.5, 96.0], [184.5, 95.0], [184.5, 94.0], [184.5, 93.0], [184.5, 92.0], [184.5, 91.0], [184.0, 90.5], [183.5, 90.0], [183.5, 89.0], [183.0, 88.5], [182.5, 88.0], [182.0, 87.5], [181.0, 87.5], [180.0, 87.5], [179.5, 88.0], [179.0, 88.5], [178.5, 89.0], [178.0, 89.5], [177.5, 90.0], [177.5, 91.0], [177.5, 92.0]]"
SLICE,Z5,SM_L,24.99771463870789,20.666722893711892,-176.60200500488187,,36.47133757961783,10.398775350209716,,,"[[199.0, 114.5], [198.5, 115.0], [198.5, 116.0], [198.5, 117.0], [199.0, 117.5], [199.5, 118.0], [200.0, 118.5], [201.0, 118.5], [202.0, 118.5], [203.0, 118.5], [204.0, 118.5], [205.0, 118.5], [205.5, 118.0], [206.0, 117.5], [206.5, 117.0], [206.5, 116.0], [206.5, 115.0], [206.5, 114.0], [206.5, 113.0], [206.5, 112.0], [207.0, 111.5], [207.5, 111.0], [207.5, 110.0], [207.5, 109.0], [208.0, 108.5], [208.5, 108.0], [209.0, 107.5], [209.5, 107.0], [209.5, 106.0], [210.0, 105.5], [210.5, 105.0], [211.0, 104.5], [211.5, 104.0], [212.0, 103.5], [212.5, 103.0], [213.0, 102.5], [214.0, 102.5], [214.5, 102.0], [215.0, 101.5], [216.0, 101.5], [216.5, 101.0], [216.5, 100.0], [216.0, 99.5], [215.0, 99.5], [214.0, 99.5], [213.0, 99.5], [212.0, 99.5], [211.5, 100.0], [211.0, 100.5], [210.0, 100.5], [209.0, 100.5], [208.0, 100.5], [207.0, 100.5], [206.5, 101.0], [206.0, 101.5], [205.0, 101.5], [204.0, 101.5], [203.5, 102.0], [203.0, 102.5], [202.5, 103.0], [202.0, 103.5], [201.5, 104.0], [201.5, 105.0], [201.0, 105.5], [200.5, 106.0], [200.5, 107.0], [200.0, 107.5], [199.5, 108.0], [199.5, 109.0], [199.5, 110.0], [199.5, 111.0], [199.5, 112.0], [199.5, 113.0], [199.5, 114.0]]"
SLICE,Z5,ST_L,24.99771463870789,20.666722893711892,-176.60200500488187,,35.10705596107056,6.402039201002672,,,"[[206.0, 117.5], [205.5, 118.0], [205.5, 119.0], [206.0, 119.5], [206.5, 120.0], [207.0, 120.5], [207.5, 121.0], [208.0, 121.5], [209.0, 121.5], [210.0, 121.5], [210.5, 122.0], [211.0, 122.5], [212.0, 122.5], [213.0, 122.5], [214.0, 122.5], [215.0, 122.5], [215.5, 122.0], [216.0, 121.5], [217.0, 121.5], [218.0, 121.5], [219.0, 121.5], [219.5, 121.0], [220.0, 120.5], [220.5, 120.0], [221.0, 119.5], [222.0, 119.5], [222.5, 119.0], [223.0, 118.5], [223.5, 118.0], [224.0, 117.5], [224.5, 117.0], [225.0, 116.5], [225.5, 116.0], [226.0, 115.5], [226.5, 115.0], [227.0, 114.5], [227.5, 114.0], [228.0, 113.5], [228.5, 113.0], [228.5, 112.0], [229.0, 111.5], [229.5, 111.0], [229.5, 110.0], [229.5, 109.0], [229.5, 108.0], [229.5, 107.0], [230.0, 106.5], [230.5, 106.0], [230.5, 105.0], [230.5, 104.0], [230.5, 103.0], [230.0, 102.5], [229.5, 102.0], [229.5, 101.0], [229.0, 100.5], [228.0, 100.5], [227.0, 100.5], [226.5, 100.0], [226.0, 99.5], [225.0, 99.5], [224.0, 99.5], [223.0, 99.5], [222.0, 99.5], [221.0, 99.5], [220.0, 99.5], [219.0, 99.5], [218.0, 99.5], [217.0, 99.5], [216.5, 100.0], [216.5, 101.0], [216.0, 101.5], [215.0, 101.5], [214.5, 102.0], [214.0, 102.5], [213.0, 102.5], [212.5, 103.0], [212.0, 103.5], [211.5, 104.0], [211.0, 104.5], [210.5, 105.0], [210.0, 105.5], [209.5, 106.0], [209.5, 107.0], [209.0, 107.5], [208.5, 108.0], [208.0, 108.5], [207.5, 109.0], [207.5, 110.0], [207.5, 111.0], [207.0, 111.5], [206.5, 112.0], [206.5, 113.0], [206.5, 114.0], [206.5, 115.0], [206.5, 116.0], [206.5, 117.0]]"
SLICE,Z5,BF_L,24.99771463870789,20.666722893711892,-176.60200500488187,,38.13650793650794,9.320932264622625,,,"[[224.0, 117.5], [223.5, 118.0], [223.5, 119.0], [223.5, 120.0], [223.5, 121.0], [223.5, 122.0], [224.0, 122.5], [224.5, 123.0], [225.0, 123.5], [225.5, 124.0], [226.0, 124.5], [227.0, 124.5], [228.0, 124.5], [228.5, 124.0], [229.0, 123.5], [230.0, 123.5], [230.5, 123.0], [231.0, 122.5], [232.0, 122.5], [232.5, 122.0], [233.0, 121.5], [234.0, 121.5], [234.5, 121.0], [235.0, 120.5], [236.0, 120.5], [236.5, 120.0], [237.0, 119.5], [237.5, 119.0], [238.0, 118.5], [238.5, 118.0], [239.0, 117.5], [239.5, 117.0], [240.0, 116.5], [240.5, 116.0], [240.5, 115.0], [241.0, 114.5], [241.5, 114.0], [241.5, 113.0], [241.5, 112.0], [241.5, 111.0], [241.5, 110.0], [242.0, 109.5], [242.5, 109.0], [243.0, 108.5], [243.5, 108.0], [243.5, 107.0], [244.0, 106.5], [244.5, 106.0], [244.5, 105.0], [244.5, 104.0], [244.5, 103.0], [244.5, 102.0], [244.5, 101.0], [244.0, 100.5], [243.0, 100.5], [242.0, 100.5], [241.5, 100.0], [241.0, 99.5], [240.0, 99.5], [239.5, 99.0], [239.0, 98.5], [238.0, 98.5], [237.0, 98.5], [236.0, 98.5], [235.0, 98.5], [234.5, 99.0], [234.0, 99.5], [233.5, 100.0], [233.0, 100.5], [232.0, 100.5], [231.5, 101.0], [231.5, 102.0], [231.0, 102.5], [230.5, 103.0], [230.5, 104.0], [230.5, 105.0], [230.5, 106.0], [230.0, 106.5], [229.5, 107.0], [229.5, 108.0], [229.5, 109.0], [229.5, 110.0], [229.5, 111.0], [229.0, 111.5], [228.5, 112.0], [228.5, 113.0], [228.0, 113.5], [227.5, 114.0], [227.0, 114.5], [226.5, 115.0], [226.0, 115.5], [225.5, 116.0], [225.0, 116.5], [224.5, 117.0]]"
SLICE,Z5,BF_SH_L,24.99771463870789,20.666722893711892,-176.60200500488187,,,,,,
SLICE,Z5,AM_L,24.99771463870789,20.666722893711892,-176.60200500488187,,34.903290129611165,6.406285792065743,,,"[[184.0, 85.5], [183.5, 86.0], [183.5, 87.0], [183.5, 88.0], [183.5, 89.0], [183.5, 90.0], [184.0, 90.5], [184.5, 91.0], [184.5, 92.0], [184.5, 93.0], [184.5, 94.0], [184.5, 95.0], [184.5, 96.0], [184.5, 97.0], [184.5, 98.0], [184.5, 99.0], [184.5, 100.0], [184.5, 101.0], [184.5, 102.0], [184.5, 103.0], [184.5, 104.0], [184.5, 105.0], [184.5, 106.0], [184.5, 107.0], [185.0, 107.5], [185.5, 108.0], [185.5, 109.0], [186.0, 109.5], [187.0, 109.5], [187.5, 110.0], [188.0, 110.5], [188.5, 111.0], [189.0, 111.5], [190.0, 111.5], [190.5, 112.0], [191.0, 112.5], [192.0, 112.5], [192.5, 113.0], [193.0, 113.5], [193.5, 114.0], [194.0, 114.5], [195.0, 114.5], [196.0, 114.5], [197.0, 114.5], [198.0, 114.5], [199.0, 114.5], [199.5, 114.0], [199.5, 113.0], [199.5, 112.0], [199.5, 111.0], [199.5, 110.0], [199.5, 109.0], [199.5, 108.0], [200.0, 107.5], [200.5, 107.0], [200.5, 106.0], [201.0, 105.5], [201.5, 105.0], [201.5, 104.0], [202.0, 103.5], [202.5, 103.0], [203.0, 102.5], [203.5, 102.0], [204.0, 101.5], [205.0, 101.5], [206.0, 101.5], [206.5, 101.0], [207.0, 100.5], [208.0, 100.5], [209.0, 100.5], [210.0, 100.5], [211.0, 100.5], [211.5, 100.0], [212.0, 99.5], [213.0, 99.5], [214.0, 99.5], [215.0, 99.5], [216.0, 99.5], [217.0, 99.5], [218.0, 99.5], [219.0, 99.5], [220.0, 99.5], [221.0, 99.5], [222.0, 99.5], [223.0, 99.5], [224.0, 99.5], [225.0, 99.5], [226.0, 99.5], [227.0, 99.5], [228.0, 99.5], [229.0, 99.5], [230.0, 99.5], [230.5, 99.0], [231.0, 98.5], [231.5, 98.0], [232.0, 97.5], [232.5, 97.0], [233.0, 96.5], [234.0, 96.5], [234.5, 96.0], [234.5, 95.0], [235.0, 94.5], [235.5, 94.0], [235.5, 93.0], [235.5, 92.0], [235.5, 91.0], [235.5, 90.0], [235.5, 89.0], [235.5, 88.0], [235.0, 87.5], [234.5, 87.0], [234.5, 86.0], [234.5, 85.0], [234.5, 84.0], [234.5, 83.0], [234.5, 82.0], [234.0, 81.5], [233.0, 81.5], [232.0, 81.5], [231.0, 81.5], [230.0, 81.5], [229.5, 82.0], [229.0, 82.5], [228.5, 83.0], [228.0, 83.5], [227.5, 83.0], [227.0, 82.5], [226.0, 82.5], [225.5, 83.0], [225.0, 83.5], [224.0, 83.5], [223.0, 83.5], [222.5, 84.0], [222.0, 84.5], [221.0, 84.5], [220.0, 84.5], [219.5, 85.0], [219.5, 86.0], [219.0, 86.5], [218.0, 86.5], [217.0, 86.5], [216.0, 86.5], [215.0, 86.5], [214.0, 86.5], [213.5, 87.0], [213.0, 87.5], [212.0, 87.5], [211.0, 87.5], [210.0, 87.5], [209.0, 87.5], [208.0, 87.5], [207.5, 88.0], [207.0, 88.5], [206.0, 88.5], [205.0, 88.5], [204.0, 88.5], [203.5, 88.0], [203.0, 87.5], [202.0, 87.5], [201.5, 87.0], [201.0, 86.5], [200.5, 86.0], [200.5, 85.0], [200.0, 84.5], [199.5, 84.0], [199.0, 83.5], [198.5, 83.0], [198.5, 82.0], [198.5, 81.0], [199.0, 80.5], [199.5, 80.0], [199.0, 79.5], [198.0, 79.5], [197.0, 79.5], [196.5, 79.0], [196.0, 78.5], [195.5, 79.0], [195.0, 79.5], [194.0, 79.5], [193.5, 80.0], [193.0, 80.5], [192.0, 80.5], [191.0, 80.5], [190.0, 80.5], [189.0, 80.5], [188.5, 81.0], [188.0, 81.5], [187.5, 82.0], [187.0, 82.5], [186.5, 83.0], [186.0, 83.5], [185.5, 84.0], [185.0, 84.5], [184.5, 85.0]]"
SLICE,Z5,AL_L,24.99771463870789,20.666722893711892,-176.60200500488187,,34.561290322580646,6.055745201704812,,,"[[199.0, 80.5], [198.5, 81.0], [198.5, 82.0], [198.5, 83.0], [199.0, 83.5], [199.5, 84.0], [200.0, 84.5], [200.5, 85.0], [200.5, 86.0], [201.0, 86.5], [201.5, 87.0], [202.0, 87.5], [203.0, 87.5], [203.5, 88.0], [204.0, 88.5], [205.0, 88.5], [206.0, 88.5], [207.0, 88.5], [207.5, 88.0], [208.0, 87.5], [209.0, 87.5], [210.0, 87.5], [211.0, 87.5], [212.0, 87.5], [213.0, 87.5], [213.5, 87.0], [214.0, 86.5], [215.0, 86.5], [216.0, 86.5], [217.0, 86.5], [218.0, 86.5], [219.0, 86.5], [219.5, 86.0], [219.5, 85.0], [220.0, 84.5], [221.0, 84.5], [222.0, 84.5], [222.5, 84.0], [222.0, 83.5], [221.5, 83.0], [221.0, 82.5], [220.0, 82.5], [219.0, 82.5], [218.0, 82.5], [217.0, 82.5], [216.5, 82.0], [216.0, 81.5], [215.0, 81.5], [214.0, 81.5], [213.0, 81.5], [212.0, 81.5], [211.5, 81.0], [211.0, 80.5], [210.5, 80.0], [210.0, 79.5], [209.5, 79.0], [209.0, 78.5], [208.0, 78.5], [207.0, 78.5], [206.0, 78.5], [205.0, 78.5], [204.0, 78.5], [203.5, 78.0], [203.0, 77.5], [202.0, 77.5], [201.0, 77.5], [200.5, 78.0], [200.0, 78.5], [199.5, 79.0], [199.5, 80.0]]"
SLICE,Z5,AB_L,24.99771463870789,20.666722893711892,-176.60200500488187,,,,,,
SLICE,Z6,VL_R,24.99771463870789,20.666722893711892,-146.60200500488224,,35.735099337748345,4.854732479748383,,,"[[47.0, 69.5], [46.5, 70.0], [46.5, 71.0], [46.5, 72.0], [46.5, 73.0], [46.5, 74.0], [46.5, 75.0], [46.5, 76.0], [46.5, 77.0], [46.5, 78.0], [46.5, 79.0], [46.5, 80.0], [46.5, 81.0], [46.5, 82.0], [46.5, 83.0], [46.5, 84.0], [46.5, 85.0], [47.0, 85.5], [47.5, 86.0], [47.5, 87.0], [47.5, 88.0], [48.0, 88.5], [48.5, 89.0], [48.5, 90.0], [48.5, 91.0], [49.0, 91.5], [49.5, 92.0], [49.5, 93.0], [50.0, 93.5], [50.5, 94.0], [50.5, 95.0], [51.0, 95.5], [51.5, 96.0], [52.0, 96.5], [53.0, 96.5], [53.5, 97.0], [54.0, 97.5], [54.5, 98.0], [55.0, 98.5], [55.5, 99.0], [56.0, 99.5], [57.0, 99.5], [57.5, 100.0], [58.0, 100.5], [58.5, 101.0], [59.0, 101.5], [60.0, 101.5], [61.0, 101.5], [61.5, 102.0], [62.0, 102.5], [63.0, 102.5], [64.0, 102.5], [65.0, 102.5], [66.0, 102.5], [66.5, 103.0], [67.0, 103.5], [67.5, 103.0], [68.0, 102.5], [69.0, 102.5], [70.0, 102.5], [70.5, 102.0], [71.0, 101.5], [72.0, 101.5], [73.0, 101.5], [74.0, 101.5], [74.5, 101.0], [75.0, 100.5], [76.0, 100.5], [76.5, 100.0], [77.0, 99.5], [77.5, 99.0], [78.0, 98.5], [78.5, 98.0], [79.0, 97.5], [79.5, 97.0], [79.5, 96.0], [80.0, 95.5], [80.5, 95.0], [80.5, 94.0], [81.0, 93.5], [81.5, 93.0], [81.5, 92.0], [81.5, 91.0], [81.0, 90.5], [80.5, 90.0], [80.5, 89.0], [80.0, 88.5], [79.0, 88.5], [78.0, 88.5], [77.5, 88.0], [77.0, 87.5], [76.0, 87.5], [75.5, 87.0], [75.0, 86.5], [74.0, 86.5], [73.0, 86.5], [72.0, 86.5], [71.5, 86.0], [71.0, 85.5], [70.0, 85.5], [69.5, 85.0], [69.0, 84.5], [68.0, 84.5], [67.5, 84.0], [67.0, 83.5], [66.5, 83.0], [66.0, 82.5], [65.5, 82.0], [65.0, 81.5], [64.0, 81.5], [63.0, 81.5], [62.5, 81.0], [62.5, 80.0], [62.5, 79.0], [62.5, 78.0], [62.5, 77.0], [62.0, 76.5], [61.5, 76.0], [61.5, 75.0], [62.0, 74.5], [62.5, 74.0], [62.5, 73.0], [62.5, 72.0], [63.0, 71.5], [63.5, 71.0], [63.5, 70.0], [64.0, 69.5], [64.5, 69.0], [65.0, 68.5], [65.5, 68.0], [66.0, 67.5], [66.5, 67.0], [67.0, 66.5], [67.5, 66.0], [68.0, 65.5], [68.5, 65.0], [69.0, 64.5], [69.5, 64.0], [69.5, 63.0], [70.0, 62.5], [70.5, 62.0], [71.0, 61.5], [71.5, 61.0], [71.5, 60.0], [72.0, 59.5], [73.0, 59.5], [74.0, 59.5], [74.5, 59.0], [74.5, 58.0], [75.0, 57.5], [75.5, 57.0], [75.0, 56.5], [74.5, 56.0], [74.5, 55.0], [74.0, 54.5], [73.0, 54.5], [72.0, 54.5], [71.5, 54.0], [71.0, 53.5], [70.0, 53.5], [69.0, 53.5], [68.5, 53.0], [68.0, 52.5], [67.0, 52.5], [66.5, 52.0], [66.5, 51.0], [66.0, 50.5], [65.0, 50.5], [64.0, 50.5], [63.0, 50.5], [62.0, 50.5], [61.0, 50.5], [60.0, 50.5], [59.5, 51.0], [59.0, 51.5], [58.5, 52.0], [58.5, 53.0], [58.0, 53.5], [57.5, 54.0], [57.0, 54.5], [56.5, 55.0], [56.0, 55.5], [55.5, 56.0], [55.0, 56.5], [54.5, 57.0], [54.0, 57.5], [53.5, 58.0], [53.0, 58.5], [52.5, 59.0], [52.0, 59.5], [51.5, 60.0], [51.0, 60.5], [50.5, 61.0], [50.5, 62.0], [50.0, 62.5], [49.5, 63.0], [49.0, 63.5], [48.5, 64.0], [48.5, 65.0], [48.5, 66.0], [48.5, 67.0], [48.0, 67.5], [47.5, 68.0], [47.5, 69.0]]"
SLICE,Z6,VI_R,24.99771463870789,20.666722893711892,-146.60200500488224,,35.92946058091286,10.431917355358365,,,"[[62.0, 74.5], [61.5, 75.0], [61.5, 76.0], [62.0, 76.5], [62.5, 77.0], [62.5, 78.0], [62.5, 79.0], [62.5, 80.0], [62.5, 81.0], [63.0, 81.5], [64.0, 81.5], [65.0, 81.5], [65.5, 82.0], [66.0, 82.5], [66.5, 83.0], [67.0, 83.5], [67.5, 84.0], [68.0, 84.5], [69.0, 84.5], [69.5, 85.0], [70.0, 85.5], [71.0, 85.5], [71.5, 86.0], [72.0, 86.5], [73.0, 86.5], [74.0, 86.5], [75.0, 86.5], [75.5, 87.0], [76.0, 87.5], [77.0, 87.5], [77.5, 88.0], [78.0, 88.5], [79.0, 88.5], [80.0, 88.5], [80.5, 88.0], [81.0, 87.5], [81.5, 87.0], [81.5, 86.0], [81.0, 85.5], [80.0, 85.5], [79.5, 85.0], [79.5, 84.0], [79.0, 83.5], [78.0, 83.5], [77.0, 83.5], [76.5, 83.0], [76.5, 82.0], [76.0, 81.5], [75.5, 81.0], [75.0, 80.5], [74.5, 80.0], [74.5, 79.0], [74.0, 78.5], [73.5, 78.0], [73.5, 77.0], [73.5, 76.0], [73.0, 75.5], [72.5, 75.0], [73.0, 74.5], [73.5, 74.0], [74.0, 73.5], [74.5, 73.0], [74.5, 72.0], [75.0, 71.5], [76.0, 71.5], [76.5, 71.0], [77.0, 70.5], [78.0, 70.5], [78.5, 70.0], [79.0, 69.5], [80.0, 69.5], [81.0, 69.5], [82.0, 69.5], [83.0, 69.5], [84.0, 69.5], [85.0, 69.5], [86.0, 69.5], [87.0, 69.5], [88.0, 69.5], [89.0, 69.5], [90.0, 69.5], [90.5, 69.0], [91.0, 68.5], [91.5, 68.0], [92.0, 67.5], [92.5, 67.0], [93.0, 66.5], [94.0, 66.5], [94.5, 66.0], [94.5, 65.0], [94.5, 64.0], [94.5, 63.0], [94.5, 62.0], [95.0, 61.5], [96.0, 61.5], [96.5, 61.0], [96.0, 60.5], [95.0, 60.5], [94.0, 60.5], [93.0, 60.5], [92.0, 60.5], [91.5, 60.0], [91.0, 59.5], [90.0, 59.5], [89.0, 59.5], [88.0, 59.5], [87.0, 59.5], [86.0, 59.5], [85.5, 59.0], [85.0, 58.5], [84.0, 58.5], [83.0, 58.5], [82.5, 58.0], [82.0, 57.5], [81.5, 57.0], [81.0, 56.5], [80.0, 56.5], [79.0, 56.5], [78.0, 56.5], [77.0, 56.5], [76.0, 56.5], [75.5, 57.0], [75.0, 57.5], [74.5, 58.0], [74.5, 59.0], [74.0, 59.5], [73.0, 59.5], [72.0, 59.5], [71.5, 60.0], [71.5, 61.0], [71.0, 61.5], [70.5, 62.0], [70.0, 62.5], [69.5, 63.0], [69.5, 64.0], [69.0, 64.5], [68.5, 65.0], [68.0, 65.5], [67.5, 66.0], [67.0, 66.5], [66.5, 67.0], [66.0, 67.5], [65.5, 68.0], [65.0, 68.5], [64.5, 69.0], [64.0, 69.5], [63.5, 70.0], [63.5, 71.0], [63.0, 71.5], [62.5, 72.0], [62.5, 73.0], [62.5, 74.0]]"
SLICE,Z6,VM_R,24.99771463870789,20.666722893711892,-146.60200500488224,,35.70168067226891,12.219941569633493,,,"[[85.0, 80.5], [84.5, 81.0], [84.5, 82.0], [85.0, 82.5], [85.5, 83.0], [86.0, 83.5], [86.5, 83.0], [87.0, 82.5], [88.0, 82.5], [89.0, 82.5], [89.5, 82.0], [90.0, 81.5], [91.0, 81.5], [91.5, 81.0], [92.0, 80.5], [92.5, 80.0], [93.0, 79.5], [94.0, 79.5], [95.0, 79.5], [95.5, 79.0], [96.0, 78.5], [96.5, 78.0], [97.0, 77.5], [97.5, 77.0], [98.0, 76.5], [99.0, 76.5], [99.5, 76.0], [100.0, 75.5], [100.5, 75.0], [101.0, 74.5], [102.0, 74.5], [102.5, 74.0], [103.0, 73.5], [103.5, 73.0], [103.5, 72.0], [104.0, 71.5], [104.5, 71.0], [104.5, 70.0], [104.5, 69.0], [104.5, 68.0], [104.5, 67.0], [104.5, 66.0], [104.5, 65.0], [104.0, 64.5], [103.5, 64.0], [103.0, 63.5], [102.0, 63.5], [101.5, 63.0], [101.0, 62.5], [100.5, 62.0], [100.0, 61.5], [99.0, 61.5], [98.0, 61.5], [97.5, 61.0], [97.0, 60.5], [96.5, 61.0], [96.0, 61.5], [95.0, 61.5], [94.5, 62.0], [94.5, 63.0], [94.5, 64.0], [94.5, 65.0], [94.5, 66.0], [94.0, 66.5], [93.0, 66.5], [92.5, 67.0], [92.0, 67.5], [91.5, 68.0], [91.0, 68.5], [90.5, 69.0], [90.0, 69.5], [89.0, 69.5], [88.5, 70.0], [88.0, 70.5], [87.5, 71.0], [87.5, 72.0], [87.5, 73.0], [87.5, 74.0], [87.5, 75.0], [87.5, 76.0], [87.0, 76.5], [86.5, 77.0], [86.5, 78.0], [86.0, 78.5], [85.5, 79.0], [85.5, 80.0]]"
SLICE,Z6,RF_R,24.99771463870789,20.666722893711892,-146.60200500488224,,36.124744376278116,6.7420165001910775,,,"[[67.0, 48.5], [66.5, 49.0], [66.5, 50.0], [67.0, 50.5], [67.5, 51.0], [67.5, 52.0], [68.0, 52.5], [68.5, 53.0], [69.0, 53.5], [70.0, 53.5], [71.0, 53.5], [71.5, 54.0], [72.0, 54.5], [73.0, 54.5], [74.0, 54.5], [74.5, 55.0], [74.5, 56.0], [75.0, 56.5], [76.0, 56.5], [77.0, 56.5], [78.0, 56.5], [79.0, 56.5], [80.0, 56.5], [81.0, 56.5], [81.5, 57.0], [82.0, 57.5], [83.0, 57.5], [83.5, 58.0], [84.0, 58.5], [85.0, 58.5], [85.5, 59.0], [86.0, 59.5], [87.0, 59.5], [88.0, 59.5], [89.0, 59.5], [90.0, 59.5], [91.0, 59.5], [91.5, 60.0], [92.0, 60.5], [93.0, 60.5], [94.0, 60.5], [95.0, 60.5], [96.0, 60.5], [97.0, 60.5], [97.5, 61.0], [98.0, 61.5], [99.0, 61.5], [99.5, 61.0], [100.0, 60.5], [101.0, 60.5], [101.5, 60.0], [102.0, 59.5], [102.5, 59.0], [102.5, 58.0], [102.5, 57.0], [102.5, 56.0], [103.0, 55.5], [103.5, 55.0], [103.5, 54.0], [103.5, 53.0], [103.0, 52.5], [102.5, 52.0], [102.5, 51.0], [102.5, 50.0], [102.0, 49.5], [101.5, 49.0], [101.0, 48.5], [100.5, 48.0], [100.0, 47.5], [99.5, 47.0], [99.5, 46.0], [99.0, 45.5], [98.0, 45.5], [97.0, 45.5], [96.5, 45.0], [96.0, 44.5], [95.0, 44.5], [94.5, 44.0], [94.0, 43.5], [93.0, 43.5], [92.0, 43.5], [91.0, 43.5], [90.0, 43.5], [89.5, 43.0], [89.0, 42.5], [88.0, 42.5], [87.0, 42.5], [86.0, 42.5], [85.0, 42.5], [84.0, 42.5], [83.0, 42.5], [82.0, 42.5], [81.0, 42.5], [80.0, 42.5], [79.0, 42.5], [78.0, 42.5], [77.5, 43.0], [77.0, 43.5], [76.0, 43.5], [75.0, 43.5], [74.0, 43.5], [73.0, 43.5], [72.5, 44.0], [72.0, 44.5], [71.0, 44.5], [70.5, 45.0], [70.0, 45.5], [69.0, 45.5], [68.5, 46.0], [68.5, 47.0], [68.0, 47.5], [67.5, 48.0]]"
SLICE,Z6,SAR_R,24.99771463870789,20.666722893711892,-146.60200500488224,,47.26066350710901,17.02697379238551,,,"[[101.0, 60.5], [100.5, 61.0], [101.0, 61.5], [102.0, 61.5], [102.5, 62.0], [103.0, 62.5], [103.5, 63.0], [103.5, 64.0], [104.0, 64.5], [104.5, 65.0], [104.5, 66.0], [105.0, 66.5], [106.0, 66.5], [107.0, 66.5], [107.5, 67.0], [108.0, 67.5], [109.0, 67.5], [110.0, 67.5], [110.5, 68.0], [111.0, 68.5], [112.0, 68.5], [112.5, 69.0], [113.0, 69.5], [114.0, 69.5], [115.0, 69.5], [115.5, 69.0], [116.0, 68.5], [116.5, 68.0], [117.0, 67.5], [117.5, 67.0], [117.5, 66.0], [117.5, 65.0], [117.5, 64.0], [117.5, 63.0], [117.0, 62.5], [116.5, 62.0], [116.5, 61.0], [116.5, 60.0], [116.0, 59.5], [115.5, 59.0], [115.0, 58.5], [114.5, 58.0], [114.5, 57.0], [114.0, 56.5], [113.5, 56.0], [113.0, 55.5], [112.5, 55.0], [112.0, 54.5], [111.5, 54.0], [111.0, 53.5], [110.5, 53.0], [110.0, 52.5], [109.5, 52.0], [109.5, 51.0], [109.0, 50.5], [108.0, 50.5], [107.0, 50.5], [106.5, 50.0], [106.0, 49.5], [105.0, 49.5], [104.5, 49.0], [104.0, 48.5], [103.0, 48.5], [102.0, 48.5], [101.5, 49.0], [102.0, 49.5], [102.5, 50.0], [102.5, 51.0], [102.5, 52.0], [103.0, 52.5], [103.5, 53.0], [103.5, 54.0], [103.5, 55.0], [103.0, 55.5], [102.5, 56.0], [102.5, 57.0], [102.5, 58.0], [102.5, 59.0], [102.0, 59.5], [101.5, 60.0]]"
SLICE,Z6,GRA_R,24.99771463870789,20.666722893711892,-146.60200500488224,,23.70625,12.142691667727547,,,"[[135.0, 83.5], [134.5, 84.0], [134.5, 85.0], [135.0, 85.5], [135.5, 86.0], [135.5, 87.0], [135.5, 88.0], [136.0, 88.5], [136.5, 89.0], [136.5, 90.0], [136.5, 91.0], [136.0, 91.5], [135.5, 92.0], [135.5, 93.0], [136.0, 93.5], [136.5, 94.0], [136.0, 94.5], [135.5, 95.0], [136.0, 95.5], [136.5, 96.0], [137.0, 96.5], [138.0, 96.5], [139.0, 96.5], [139.5, 96.0], [140.0, 95.5], [140.5, 95.0], [141.0, 94.5], [141.5, 94.0], [141.5, 93.0], [141.5, 92.0], [141.5, 91.0], [141.5, 90.0], [141.5, 89.0], [141.5, 88.0], [142.0, 87.5], [142.5, 87.0], [142.5, 86.0], [142.5, 85.0], [142.5, 84.0], [143.0, 83.5], [143.5, 83.0], [143.5, 82.0], [143.5, 81.0], [143.5, 80.0], [143.5, 79.0], [143.0, 78.5], [142.5, 78.0], [142.5, 77.0], [142.5, 76.0], [142.0, 75.5], [141.5, 75.0], [141.5, 74.0], [141.0, 73.5], [140.0, 73.5], [139.5, 73.0], [139.5, 72.0], [139.5, 71.0], [139.0, 70.5], [138.0, 70.5], [137.0, 70.5], [136.5, 71.0], [136.0, 71.5], [135.5, 72.0], [135.5, 73.0], [135.5, 74.0], [135.5, 75.0], [135.5, 76.0], [135.5, 77.0], [135.5, 78.0], [135.5, 79.0], [135.5, 80.0], [135.5, 81.0], [135.5, 82.0], [135.5, 83.0]]"
SLICE,Z6,SM_R,24.99771463870789,20.666722893711892,-146.60200500488224,,,,,,
SLICE,Z6,ST_R,24.99771463870789,20.666722893711892,-146.60200500488224,,33.253787878787875,13.289890811183756,,,"[[95.0, 97.5], [94.5, 98.0], [94.5, 99.0], [94.5, 100.0], [94.5, 101.0], [94.5, 102.0], [94.5, 103.0], [94.5, 104.0], [94.5, 105.0], [94.5, 106.0], [94.5, 107.0], [94.5, 108.0], [94.5, 109.0], [94.5, 110.0], [95.0, 110.5], [95.5, 111.0], [96.0, 111.5], [96.5, 112.0], [97.0, 112.5], [97.5, 113.0], [97.5, 114.0], [98.0, 114.5], [99.0, 114.5], [100.0, 114.5], [100.5, 115.0], [101.0, 115.5], [101.5, 115.0], [102.0, 114.5], [103.0, 114.5], [104.0, 114.5], [105.0, 114.5], [106.0, 114.5], [106.5, 114.0], [107.0, 113.5], [107.5, 113.0], [108.0, 112.5], [108.5, 112.0], [109.0, 111.5], [109.5, 111.0], [110.0, 110.5], [110.5, 110.0], [110.5, 109.0], [111.0, 108.5], [111.5, 108.0], [111.5, 107.0], [111.5, 106.0], [111.5, 105.0], [112.0, 104.5], [112.5, 104.0], [112.5, 103.0], [113.0, 102.5], [113.5, 102.0], [113.0, 101.5], [112.5, 101.0], [112.0, 100.5], [111.5, 100.0], [111.0, 99.5], [110.0, 99.5], [109.0, 99.5], [108.0, 99.5], [107.0, 99.5], [106.5, 99.0], [106.0, 98.5], [105.0, 98.5], [104.5, 98.0], [104.0, 97.5], [103.0, 97.5], [102.0, 97.5], [101.5, 97.0], [101.0, 96.5], [100.0, 96.5], [99.0, 96.5], [98.0, 96.5], [97.0, 96.5], [96.0, 96.5], [95.5, 97.0]]"
SLICE,Z6,BF_R,24.99771463870789,20.666722893711892,-146.60200500488224,,35.525345622119815,5.61027308168259,,,"[[83.0, 100.5], [82.5, 101.0], [82.5, 102.0], [82.5, 103.0], [82.5, 104.0], [83.0, 104.5], [83.5, 105.0], [83.5, 106.0], [83.5, 107.0], [83.5, 108.0], [84.0, 108.5], [84.5, 109.0], [85.0, 109.5], [85.5, 110.0], [85.5, 111.0], [86.0, 111.5], [87.0, 111.5], [87.5, 112.0], [88.0, 112.5], [89.0, 112.5], [89.5, 113.0], [90.0, 113.5], [90.5, 114.0], [91.0, 114.5], [92.0, 114.5], [92.5, 115.0], [93.0, 115.5], [93.5, 116.0], [94.0, 116.5], [95.0, 116.5], [96.0, 116.5], [97.0, 116.5], [97.5, 116.0], [98.0, 115.5], [98.5, 115.0], [98.0, 114.5], [97.5, 114.0], [97.5, 113.0], [97.0, 112.5], [96.5, 112.0], [96.0, 111.5], [95.5, 111.0], [95.0, 110.5], [94.5, 110.0], [94.5, 109.0], [94.5, 108.0], [94.5, 107.0], [94.5, 106.0], [94.5, 105.0], [94.5, 104.0], [94.5, 103.0], [94.5, 102.0], [94.5, 101.0], [94.5, 100.0], [94.5, 99.0], [94.5, 98.0], [95.0, 97.5], [95.5, 97.0], [95.5, 96.0], [95.0, 95.5], [94.0, 95.5], [93.5, 95.0], [93.0, 94.5], [92.0, 94.5], [91.0, 94.5], [90.0, 94.5], [89.5, 94.0], [89.0, 93.5], [88.0, 93.5], [87.5, 94.0], [87.0, 94.5], [86.5, 95.0], [86.0, 95.5], [85.5, 96.0], [85.0, 96.5], [84.5, 97.0], [84.5, 98.0], [84.0, 98.5], [83.5, 99.0], [83.5, 100.0]]"
SLICE,Z6,BF_SH_R,24.99771463870789,20.666722893711892,-146.60200500488224,,,,,,
SLICE,Z6,AM_R,24.99771463870789,20.666722893711892,-146.60200500488224,,30.81935483870968,10.2382941384233,,,"[[82.0, 87.5], [81.5, 88.0], [82.0, 88.5], [82.5, 89.0], [83.0, 89.5], [83.5, 90.0], [84.0, 90.5], [84.5, 91.0], [85.0, 91.5], [86.0, 91.5], [86.5, 92.0], [87.0, 92.5], [88.0, 92.5], [88.5, 93.0], [89.0, 93.5], [89.5, 94.0], [90.0, 94.5], [91.0, 94.5], [92.0, 94.5], [93.0, 94.5], [93.5, 95.0], [94.0, 95.5], [95.0, 95.5], [95.5, 96.0], [96.0, 96.5], [97.0, 96.5], [98.0, 96.5], [99.0, 96.5], [100.0, 96.5], [101.0, 96.5], [101.5, 97.0], [102.0, 97.5], [103.0, 97.5], [104.0, 97.5], [104.5, 98.0], [105.0, 98.5], [106.0, 98.5], [106.5, 99.0], [107.0, 99.5], [108.0, 99.5], [109.0, 99.5], [110.0, 99.5], [111.0, 99.5], [111.5, 100.0], [112.0, 100.5], [112.5, 101.0], [113.0, 101.5], [113.5, 102.0], [114.0, 102.5], [114.5, 103.0], [115.0, 103.5], [115.5, 104.0], [115.5, 105.0], [116.0, 105.5], [116.5, 106.0], [117.0, 106.5], [118.0, 106.5], [119.0, 106.5], [120.0, 106.5], [121.0, 106.5], [121.5, 107.0], [122.0, 107.5], [123.0, 107.5], [124.0, 107.5], [125.0, 107.5], [126.0, 107.5], [126.5, 107.0], [127.0, 106.5], [127.5, 106.0], [128.0, 105.5], [129.0, 105.5], [129.5, 105.0], [130.0, 104.5], [130.5, 104.0], [131.0, 103.5], [131.5, 103.0], [131.5, 102.0], [132.0, 101.5], [132.5, 101.0], [132.5, 100.0], [133.0, 99.5], [133.5, 99.0], [134.0, 98.5], [134.5, 98.0], [134.5, 97.0], [135.0, 96.5], [135.5, 96.0], [135.5, 95.0], [136.0, 94.5], [136.5, 94.0], [136.0, 93.5], [135.5, 93.0], [135.5, 92.0], [136.0, 91.5], [136.5, 91.0], [136.5, 90.0], [136.5, 89.0], [136.0, 88.5], [135.5, 88.0], [135.5, 87.0], [135.5, 86.0], [135.0, 85.5], [134.5, 85.0], [134.5, 84.0], [135.0, 83.5], [135.5, 83.0], [135.5, 82.0], [135.5, 81.0], [135.5, 80.0], [135.5, 79.0], [135.5, 78.0], [135.0, 77.5], [134.5, 77.0], [134.5, 76.0], [134.0, 75.5], [133.0, 75.5], [132.0, 75.5], [131.0, 75.5], [130.5, 75.0], [130.0, 74.5], [129.0, 74.5], [128.0, 74.5], [127.5, 74.0], [127.0, 73.5], [126.5, 74.0], [126.0, 74.5], [125.0, 74.5], [124.0, 74.5], [123.0, 74.5], [122.0, 74.5], [121.0, 74.5], [120.0, 74.5], [119.0, 74.5], [118.5, 75.0], [118.0, 75.5], [117.0, 75.5], [116.0, 75.5], [115.0, 75.5], [114.0, 75.5], [113.5, 76.0], [113.0, 76.5], [112.0, 76.5], [111.0, 76.5], [110.5, 77.0], [110.0, 77.5], [109.0, 77.5], [108.5, 78.0], [108.5, 79.0], [108.0, 79.5], [107.5, 80.0], [107.0, 80.5], [106.5, 81.0], [106.0, 81.5], [105.0, 81.5], [104.5, 82.0], [104.0, 82.5], [103.5, 83.0], [103.0, 83.5], [102.0, 83.5], [101.5, 84.0], [101.0, 84.5], [100.0, 84.5], [99.0, 84.5], [98.0, 84.5], [97.0, 84.5], [96.0, 84.5], [95.0, 84.5], [94.5, 84.0], [94.5, 83.0], [94.0, 82.5], [93.0, 82.5], [92.0, 82.5], [91.0, 82.5], [90.5, 83.0], [90.0, 83.5], [89.0, 83.5], [88.0, 83.5], [87.0, 83.5], [86.0, 83.5], [85.5, 84.0], [85.0, 84.5], [84.5, 85.0], [84.0, 85.5], [83.5, 86.0], [83.0, 86.5], [82.5, 87.0]]"
SLICE,Z6,AL_R,24.99771463870789,20.666722893711892,-146.60200500488224,,29.4585635359116,15.660581339187964,,,"[[112.0, 75.5], [111.5, 76.0], [112.0, 76.5], [113.0, 76.5], [113.5, 76.0], [114.0, 75.5], [115.0, 75.5], [116.0, 75.5], [117.0, 75.5], [118.0, 75.5], [118.5, 75.0], [119.0, 74.5], [120.0, 74.5], [121.0, 74.5], [122.0, 74.5], [123.0, 74.5], [124.0, 74.5], [125.0, 74.5], [126.0, 74.5], [126.5, 74.0], [127.0, 73.5], [128.0, 73.5], [129.0, 73.5], [130.0, 73.5], [130.5, 73.0], [131.0, 72.5], [131.5, 72.0], [132.0, 71.5], [133.0, 71.5], [133.5, 71.0], [133.5, 70.0], [133.5, 69.0], [133.0, 68.5], [132.5, 68.0], [132.0, 67.5], [131.5, 67.0], [131.5, 66.0], [131.0, 65.5], [130.0, 65.5], [129.0, 65.5], [128.0, 65.5], [127.5, 65.0], [127.0, 64.5], [126.5, 64.0], [126.0, 63.5], [125.0, 63.5], [124.0, 63.5], [123.5, 63.0], [123.0, 62.5], [122.0, 62.5], [121.0, 62.5], [120.5, 63.0], [120.0, 63.5], [119.0, 63.5], [118.5, 64.0], [118.0, 64.5], [117.5, 65.0], [117.5, 66.0], [117.5, 67.0], [117.0, 67.5], [116.5, 68.0], [116.0, 68.5], [115.5, 69.0], [115.0, 69.5], [114.0, 69.5], [113.0, 69.5], [112.5, 70.0], [112.5, 71.0], [113.0, 71.5], [113.5, 72.0], [113.5, 73.0], [114.0, 73.5], [114.5, 74.0], [114.0, 74.5], [113.0, 74.5], [112.5, 75.0]]"
SLICE,Z6,AB_R,24.99771463870789,20.666722893711892,-146.60200500488224,,34.747368421052634,5.996434767167696,,,"[[94.0, 81.5], [93.5, 82.0], [94.0, 82.5], [94.5, 83.0], [94.5, 84.0], [95.0, 84.5], [96.0, 84.5], [97.0, 84.5], [98.0, 84.5], [99.0, 84.5], [100.0, 84.5], [101.0, 84.5], [101.5, 84.0], [102.0, 83.5], [103.0, 83.5], [103.5, 83.0], [104.0, 82.5], [104.5, 82.0], [105.0, 81.5], [106.0, 81.5], [106.5, 81.0], [107.0, 80.5], [107.5, 80.0], [108.0, 79.5], [108.5, 79.0], [108.5, 78.0], [109.0, 77.5], [109.5, 77.0], [110.0, 76.5], [111.0, 76.5], [111.5, 76.0], [112.0, 75.5], [112.5, 75.0], [112.0, 74.5], [111.5, 74.0], [111.0, 73.5], [110.0, 73.5], [109.0, 73.5], [108.5, 74.0], [108.0, 74.5], [107.0, 74.5], [106.0, 74.5], [105.5, 75.0], [105.0, 75.5], [104.0, 75.5], [103.5, 76.0], [103.0, 76.5], [102.0, 76.5], [101.5, 77.0], [101.0, 77.5], [100.5, 78.0], [100.0, 78.5], [99.0, 78.5], [98.0, 78.5], [97.5, 79.0], [97.0, 79.5], [96.5, 80.0], [96.0, 80.5], [95.0, 80.5], [94.5, 81.0]]"
SLICE,Z6,VL_L,24.99771463870789,20.666722893711892,-146.60200500488224,,36.56759348034516,5.739969755118875,,,"[[229.0, 50.5], [228.5, 51.0], [228.5, 52.0], [228.5, 53.0], [229.0, 53.5], [229.5, 54.0], [230.0, 54.5], [231.0, 54.5], [232.0, 54.5], [233.0, 54.5], [234.0, 54.5], [235.0, 54.5], [236.0, 54.5], [237.0, 54.5], [238.0, 54.5], [239.0, 54.5], [239.5, 55.0], [240.0, 55.5], [240.5, 56.0], [241.0, 56.5], [242.0, 56.5], [243.0, 56.5], [243.5, 57.0], [244.0, 57.5], [244.5, 58.0], [245.0, 58.5], [245.5, 59.0], [246.0, 59.5], [247.0, 59.5], [247.5, 60.0], [248.0, 60.5], [248.5, 61.0], [249.0, 61.5], [249.5, 62.0], [249.5, 63.0], [250.0, 63.5], [250.5, 64.0], [251.0, 64.5], [251.5, 65.0], [251.5, 66.0], [251.5, 67.0], [252.0, 67.5], [252.5, 68.0], [252.5, 69.0], [252.5, 70.0], [252.5, 71.0], [253.0, 71.5], [253.5, 72.0], [253.5, 73.0], [253.5, 74.0], [253.5, 75.0], [253.0, 75.5], [252.5, 76.0], [252.5, 77.0], [252.5, 78.0], [252.0, 78.5], [251.5, 79.0], [251.5, 80.0], [251.0, 80.5], [250.5, 81.0], [250.0, 81.5], [249.5, 82.0], [249.0, 82.5], [248.5, 83.0], [248.0, 83.5], [247.5, 84.0], [247.0, 84.5], [246.5, 85.0], [246.0, 85.5], [245.0, 85.5], [244.5, 86.0], [244.0, 86.5], [243.0, 86.5], [242.0, 86.5], [241.5, 87.0], [241.0, 87.5], [240.0, 87.5], [239.0, 87.5], [238.5, 88.0], [238.0, 88.5], [237.0, 88.5], [236.5, 89.0], [236.5, 90.0], [237.0, 90.5], [237.5, 91.0], [237.5, 92.0], [238.0, 92.5], [238.5, 93.0], [238.5, 94.0], [238.5, 95.0], [239.0, 95.5], [239.5, 96.0], [240.0, 96.5], [240.5, 97.0], [240.5, 98.0], [241.0, 98.5], [241.5, 99.0], [242.0, 99.5], [243.0, 99.5], [244.0, 99.5], [244.5, 100.0], [245.0, 100.5], [246.0, 100.5], [247.0, 100.5], [248.0, 100.5], [248.5, 101.0], [249.0, 101.5], [249.5, 101.0], [250.0, 100.5], [251.0, 100.5], [252.0, 100.5], [253.0, 100.5], [253.5, 100.0], [254.0, 99.5], [255.0, 99.5], [255.5, 99.0], [256.0, 98.5], [256.5, 98.0], [256.5, 97.0], [257.0, 96.5], [258.0, 96.5], [258.5, 96.0], [258.5, 95.0], [259.0, 94.5], [259.5, 94.0], [259.5, 93.0], [259.5, 92.0], [259.5, 91.0], [260.0, 90.5], [260.5, 90.0], [260.5, 89.0], [261.0, 88.5], [261.5, 88.0], [261.5, 87.0], [261.5, 86.0], [261.5, 85.0], [261.5, 84.0], [262.0, 83.5], [262.5, 83.0], [263.0, 82.5], [263.5, 82.0], [264.0, 81.5], [264.5, 81.0], [264.5, 80.0], [264.5, 79.0], [264.5, 78.0], [264.5, 77.0], [264.5, 76.0], [264.5, 75.0], [264.5, 74.0], [264.5, 73.0], [264.5, 72.0], [264.5, 71.0], [264.5, 70.0], [264.5, 69.0], [264.5, 68.0], [264.5, 67.0], [264.5, 66.0], [264.5, 65.0], [264.5, 64.0], [264.5, 63.0], [264.5, 62.0], [264.5, 61.0], [264.5, 60.0], [264.5, 59.0], [264.0, 58.5], [263.5, 58.0], [263.5, 57.0], [263.5, 56.0], [263.0, 55.5], [262.5, 55.0], [262.0, 54.5], [261.5, 54.0], [261.5, 53.0], [261.0, 52.5], [260.5, 52.0], [260.0, 51.5], [259.5, 51.0], [259.0, 50.5], [258.5, 50.0], [258.0, 49.5], [257.0, 49.5], [256.5, 49.0], [256.0, 48.5], [255.0, 48.5], [254.5, 48.0], [254.5, 47.0], [254.0, 46.5], [253.5, 46.0], [253.0, 45.5], [252.0, 45.5], [251.5, 45.0], [251.0, 44.5], [250.5, 44.0], [250.0, 43.5], [249.0, 43.5], [248.0, 43.5], [247.5, 43.0], [247.0, 42.5], [246.5, 42.0], [246.0, 41.5], [245.0, 41.5], [244.0, 41.5], [243.5, 41.0], [243.0, 40.5], [242.0, 40.5], [241.0, 40.5], [240.0, 40.5], [239.5, 41.0], [239.0, 41.5], [238.0, 41.5], [237.5, 42.0], [237.0, 42.5], [236.5, 43.0], [236.0, 43.5], [235.5, 44.0], [235.0, 44.5], [234.0, 44.5], [233.5, 45.0], [233.0, 45.5], [232.5, 46.0], [232.0, 46.5], [231.5, 47.0], [231.0, 47.5], [230.5, 48.0], [230.0, 48.5], [229.5, 49.0], [229.5, 50.0]]"
SLICE,Z6,VI_L,24.99771463870789,20.666722893711892,-146.60200500488224,,34.647147147147145,7.2279570233989,,,"[[215.0, 58.5], [214.5, 59.0], [214.5, 60.0], [214.5, 61.0], [214.5, 62.0], [214.5, 63.0], [215.0, 63.5], [215.5, 64.0], [215.5, 65.0], [215.5, 66.0], [216.0, 66.5], [216.5, 67.0], [216.5, 68.0], [216.5, 69.0], [217.0, 69.5], [218.0, 69.5], [219.0, 69.5], [219.5, 70.0], [220.0, 70.5], [221.0, 70.5], [221.5, 71.0], [222.0, 71.5], [223.0, 71.5], [224.0, 71.5], [225.0, 71.5], [226.0, 71.5], [227.0, 71.5], [228.0, 71.5], [228.5, 71.0], [229.0, 70.5], [229.5, 70.0], [229.5, 69.0], [230.0, 68.5], [230.5, 68.0], [231.0, 67.5], [231.5, 67.0], [232.0, 66.5], [233.0, 66.5], [234.0, 66.5], [235.0, 66.5], [236.0, 66.5], [237.0, 66.5], [238.0, 66.5], [238.5, 67.0], [239.0, 67.5], [239.5, 68.0], [240.0, 68.5], [240.5, 69.0], [241.0, 69.5], [242.0, 69.5], [242.5, 70.0], [242.5, 71.0], [243.0, 71.5], [243.5, 72.0], [243.5, 73.0], [243.5, 74.0], [243.0, 74.5], [242.5, 75.0], [242.0, 75.5], [241.5, 76.0], [241.0, 76.5], [240.5, 77.0], [240.5, 78.0], [240.0, 78.5], [239.0, 78.5], [238.5, 79.0], [238.0, 79.5], [237.5, 80.0], [237.0, 80.5], [236.0, 80.5], [235.5, 81.0], [235.5, 82.0], [235.5, 83.0], [235.5, 84.0], [236.0, 84.5], [236.5, 85.0], [236.5, 86.0], [236.5, 87.0], [237.0, 87.5], [238.0, 87.5], [239.0, 87.5], [240.0, 87.5], [241.0, 87.5], [241.5, 87.0], [242.0, 86.5], [243.0, 86.5], [244.0, 86.5], [244.5, 86.0], [245.0, 85.5], [246.0, 85.5], [246.5, 85.0], [247.0, 84.5], [247.5, 84.0], [248.0, 83.5], [248.5, 83.0], [249.0, 82.5], [249.5, 82.0], [250.0, 81.5], [250.5, 81.0], [251.0, 80.5], [251.5, 80.0], [251.5, 79.0], [252.0, 78.5], [252.5, 78.0], [252.5, 77.0], [252.5, 76.0], [253.0, 75.5], [253.5, 75.0], [253.5, 74.0], [253.5, 73.0], [253.5, 72.0], [253.0, 71.5], [252.5, 71.0], [252.5, 70.0], [252.5, 69.0], [252.5, 68.0], [252.0, 67.5], [251.5, 67.0], [251.5, 66.0], [251.5, 65.0], [251.0, 64.5], [250.5, 64.0], [250.0, 63.5], [249.5, 63.0], [249.5, 62.0], [249.0, 61.5], [248.5, 61.0], [248.0, 60.5], [247.5, 60.0], [247.0, 59.5], [246.0, 59.5], [245.5, 59.0], [245.0, 58.5], [244.5, 58.0], [244.0, 57.5], [243.5, 57.0], [243.0, 56.5], [242.0, 56.5], [241.0, 56.5], [240.5, 56.0], [240.0, 55.5], [239.5, 55.0], [239.0, 54.5], [238.0, 54.5], [237.0, 54.5], [236.0, 54.5], [235.0, 54.5], [234.0, 54.5], [233.0, 54.5], [232.0, 54.5], [231.0, 54.5], [230.0, 54.5], [229.5, 54.0], [229.0, 53.5], [228.0, 53.5], [227.0, 53.5], [226.0, 53.5], [225.0, 53.5], [224.5, 54.0], [224.0, 54.5], [223.0, 54.5], [222.5, 55.0], [222.0, 55.5], [221.5, 56.0], [221.0, 56.5], [220.0, 56.5], [219.5, 57.0], [219.0, 57.5], [218.0, 57.5], [217.0, 57.5], [216.0, 57.5], [215.5, 58.0]]"
SLICE,Z6,VM_L,24.99771463870789,20.666722893711892,-146.60200500488224,,33.275080906148865,11.444762248393664,,,"[[206.0, 59.5], [205.5, 60.0], [205.5, 61.0], [205.5, 62.0], [205.5, 63.0], [205.5, 64.0], [205.5, 65.0], [205.5, 66.0], [205.5, 67.0], [205.5, 68.0], [206.0, 68.5], [206.5, 69.0], [207.0, 69.5], [207.5, 70.0], [207.5, 71.0], [207.5, 72.0], [208.0, 72.5], [208.5, 73.0], [208.5, 74.0], [208.5, 75.0], [209.0, 75.5], [209.5, 76.0], [210.0, 76.5], [211.0, 76.5], [212.0, 76.5], [212.5, 77.0], [213.0, 77.5], [214.0, 77.5], [214.5, 78.0], [215.0, 78.5], [216.0, 78.5], [216.5, 79.0], [217.0, 79.5], [218.0, 79.5], [219.0, 79.5], [220.0, 79.5], [220.5, 80.0], [221.0, 80.5], [222.0, 80.5], [222.5, 81.0], [223.0, 81.5], [224.0, 81.5], [225.0, 81.5], [226.0, 81.5], [227.0, 81.5], [228.0, 81.5], [229.0, 81.5], [230.0, 81.5], [231.0, 81.5], [231.5, 81.0], [231.5, 80.0], [231.5, 79.0], [231.5, 78.0], [231.0, 77.5], [230.5, 77.0], [230.0, 76.5], [229.5, 76.0], [229.5, 75.0], [229.5, 74.0], [229.0, 73.5], [228.5, 73.0], [228.0, 72.5], [227.5, 72.0], [227.0, 71.5], [226.0, 71.5], [225.0, 71.5], [224.0, 71.5], [223.0, 71.5], [222.0, 71.5], [221.5, 71.0], [221.0, 70.5], [220.0, 70.5], [219.5, 70.0], [219.0, 69.5], [218.0, 69.5], [217.0, 69.5], [216.5, 69.0], [216.5, 68.0], [216.5, 67.0], [216.0, 66.5], [215.5, 66.0], [215.5, 65.0], [215.5, 64.0], [215.0, 63.5], [214.5, 63.0], [214.5, 62.0], [214.5, 61.0], [214.5, 60.0], [214.5, 59.0], [214.0, 58.5], [213.0, 58.5], [212.0, 58.5], [211.5, 58.0], [211.0, 57.5], [210.0, 57.5], [209.0, 57.5], [208.0, 57.5], [207.0, 57.5], [206.5, 58.0], [206.5, 59.0]]"
SLICE,Z6,RF_L,24.99771463870789,20.666722893711892,-146.60200500488224,,33.77647058823529,6.4161129346600045,,,"[[207.0, 48.5], [206.5, 49.0], [206.5, 50.0], [206.5, 51.0], [206.5, 52.0], [206.5, 53.0], [206.5, 54.0], [206.5, 55.0], [207.0, 55.5], [207.5, 56.0], [208.0, 56.5], [208.5, 57.0], [209.0, 57.5], [210.0, 57.5], [211.0, 57.5], [211.5, 58.0], [212.0, 58.5], [213.0, 58.5], [214.0, 58.5], [215.0, 58.5], [215.5, 58.0], [216.0, 57.5], [217.0, 57.5], [218.0, 57.5], [219.0, 57.5], [219.5, 57.0], [220.0, 56.5], [221.0, 56.5], [221.5, 56.0], [222.0, 55.5], [222.5, 55.0], [223.0, 54.5], [224.0, 54.5], [224.5, 54.0], [225.0, 53.5], [225.5, 53.0], [226.0, 52.5], [226.5, 52.0], [227.0, 51.5], [227.5, 51.0], [228.0, 50.5], [229.0, 50.5], [229.5, 50.0], [229.5, 49.0], [230.0, 48.5], [230.5, 48.0], [231.0, 47.5], [231.5, 47.0], [232.0, 46.5], [232.5, 46.0], [233.0, 45.5], [233.5, 45.0], [234.0, 44.5], [235.0, 44.5], [235.5, 44.0], [236.0, 43.5], [236.5, 43.0], [237.0, 42.5], [237.5, 42.0], [238.0, 41.5], [238.5, 41.0], [238.5, 40.0], [238.0, 39.5], [237.5, 39.0], [237.0, 38.5], [236.0, 38.5], [235.0, 38.5], [234.5, 38.0], [234.0, 37.5], [233.0, 37.5], [232.0, 37.5], [231.5, 37.0], [231.0, 36.5], [230.0, 36.5], [229.0, 36.5], [228.0, 36.5], [227.0, 36.5], [226.0, 36.5], [225.5, 37.0], [225.0, 37.5], [224.0, 37.5], [223.0, 37.5], [222.0, 37.5], [221.5, 38.0], [221.0, 38.5], [220.0, 38.5], [219.0, 38.5], [218.0, 38.5], [217.5, 39.0], [217.0, 39.5], [216.0, 39.5], [215.5, 40.0], [215.0, 40.5], [214.0, 40.5], [213.5, 41.0], [213.0, 41.5], [212.5, 42.0], [212.0, 42.5], [211.5, 43.0], [211.0, 43.5], [210.5, 44.0], [210.0, 44.5], [209.5, 45.0], [209.0, 45.5], [208.5, 46.0], [208.5, 47.0], [208.0, 47.5], [207.5, 48.0]]"
SLICE,Z6,SAR_L,24.99771463870789,20.666722893711892,-146.60200500488224,,36.75916230366492,17.553944003659268,,,"[[195.0, 62.5], [194.5, 63.0], [194.5, 64.0], [194.5, 65.0], [194.5, 66.0], [194.5, 67.0], [194.5, 68.0], [195.0, 68.5], [195.5, 69.0], [196.0, 69.5], [196.5, 70.0], [197.0, 70.5], [197.5, 71.0], [198.0, 71.5], [199.0, 71.5], [199.5, 71.0], [200.0, 70.5], [201.0, 70.5], [201.5, 70.0], [202.0, 69.5], [203.0, 69.5], [203.5, 69.0], [204.0, 68.5], [204.5, 68.0], [204.5, 67.0], [204.5, 66.0], [205.0, 65.5], [205.5, 65.0], [205.5, 64.0], [205.5, 63.0], [205.5, 62.0], [205.5, 61.0], [205.5, 60.0], [206.0, 59.5], [206.5, 59.0], [206.5, 58.0], [207.0, 57.5], [208.0, 57.5], [208.5, 57.0], [208.0, 56.5], [207.5, 56.0], [207.0, 55.5], [206.5, 55.0], [206.5, 54.0], [206.5, 53.0], [206.5, 52.0], [206.5, 51.0], [206.5, 50.0], [206.0, 49.5], [205.0, 49.5], [204.0, 49.5], [203.0, 49.5], [202.5, 50.0], [202.0, 50.5], [201.0, 50.5], [200.5, 51.0], [200.0, 51.5], [199.5, 52.0], [199.5, 53.0], [199.0, 53.5], [198.5, 54.0], [198.5, 55.0], [198.0, 55.5], [197.5, 56.0], [197.0, 56.5], [196.5, 57.0], [196.5, 58.0], [196.0, 58.5], [195.5, 59.0], [195.5, 60.0], [195.5, 61.0], [195.5, 62.0]]"
SLICE,Z6,GRA_L,24.99771463870789,20.666722893711892,-146.60200500488224,,35.70068027210884,13.064682082032338,,,"[[175.0, 81.5], [174.5, 82.0], [174.5, 83.0], [174.5, 84.0], [174.5, 85.0], [174.5, 86.0], [174.5, 87.0], [174.5, 88.0], [174.5, 89.0], [175.0, 89.5], [175.5, 90.0], [175.5, 91.0], [175.5, 92.0], [175.5, 93.0], [175.5, 94.0], [176.0, 94.5], [176.5, 95.0], [176.5, 96.0], [177.0, 96.5], [177.5, 97.0], [178.0, 97.5], [178.5, 98.0], [178.5, 99.0], [179.0, 99.5], [180.0, 99.5], [180.5, 100.0], [181.0, 100.5], [181.5, 100.0], [182.0, 99.5], [182.5, 99.0], [182.5, 98.0], [182.5, 97.0], [182.5, 96.0], [182.5, 95.0], [182.5, 94.0], [182.5, 93.0], [182.5, 92.0], [182.5, 91.0], [182.5, 90.0], [182.5, 89.0], [182.5, 88.0], [182.5, 87.0], [182.0, 86.5], [181.5, 86.0], [181.5, 85.0], [181.5, 84.0], [181.5, 83.0], [181.5, 82.0], [181.5, 81.0], [181.5, 80.0], [181.5, 79.0], [181.5, 78.0], [181.0, 77.5], [180.5, 77.0], [180.0, 76.5], [179.5, 76.0], [179.0, 75.5], [178.5, 76.0], [178.0, 76.5], [177.5, 77.0], [177.0, 77.5], [176.5, 78.0], [176.0, 78.5], [175.5, 79.0], [175.5, 80.0], [175.5, 81.0]]"
SLICE,Z6,SM_L,24.99771463870789,20.666722893711892,-146.60200500488224,,23.904761904761905,13.557302589923234,,,"[[202.0, 106.5], [201.5, 107.0], [201.5, 108.0], [202.0, 108.5], [202.5, 109.0], [203.0, 109.5], [204.0, 109.5], [204.5, 109.0], [205.0, 108.5], [205.5, 108.0], [205.5, 107.0], [206.0, 106.5], [206.5, 106.0], [206.5, 105.0], [206.5, 104.0], [206.0, 103.5], [205.0, 103.5], [204.0, 103.5], [203.5, 104.0], [203.0, 104.5], [202.5, 105.0], [202.5, 106.0]]"
SLICE,Z6,ST_L,24.99771463870789,20.666722893711892,-146.60200500488224,,33.95465393794749,7.3656848739989735,,,"[[204.0, 101.5], [203.5, 102.0], [203.5, 103.0], [204.0, 103.5], [205.0, 103.5], [206.0, 103.5], [206.5, 104.0], [206.5, 105.0], [206.5, 106.0], [206.0, 106.5], [205.5, 107.0], [205.5, 108.0], [205.0, 108.5], [204.5, 109.0], [205.0, 109.5], [205.5, 110.0], [205.5, 111.0], [205.5, 112.0], [205.5, 113.0], [205.5, 114.0], [206.0, 114.5], [206.5, 115.0], [206.5, 116.0], [207.0, 116.5], [208.0, 116.5], [208.5, 117.0], [209.0, 117.5], [209.5, 118.0], [210.0, 118.5], [211.0, 118.5], [211.5, 119.0], [212.0, 119.5], [213.0, 119.5], [214.0, 119.5], [215.0, 119.5], [216.0, 119.5], [217.0, 119.5], [218.0, 119.5], [218.5, 119.0], [219.0, 118.5], [219.5, 118.0], [220.0, 117.5], [221.0, 117.5], [221.5, 117.0], [222.0, 116.5], [223.0, 116.5], [224.0, 116.5], [224.5, 116.0], [224.5, 115.0], [225.0, 114.5], [226.0, 114.5], [226.5, 114.0], [226.5, 113.0], [226.5, 112.0], [227.0, 111.5], [227.5, 111.0], [227.5, 110.0], [228.0, 109.5], [228.5, 109.0], [228.5, 108.0], [228.5, 107.0], [229.0, 106.5], [229.5, 106.0], [229.5, 105.0], [229.5, 104.0], [229.5, 103.0], [229.5, 102.0], [229.5, 101.0], [229.0, 100.5], [228.5, 100.0], [228.0, 99.5], [227.0, 99.5], [226.5, 99.0], [226.5, 98.0], [226.0, 97.5], [225.0, 97.5], [224.0, 97.5], [223.5, 98.0], [223.0, 98.5], [222.0, 98.5], [221.0, 98.5], [220.0, 98.5], [219.0, 98.5], [218.5, 99.0], [218.0, 99.5], [217.0, 99.5], [216.0, 99.5], [215.0, 99.5], [214.0, 99.5], [213.0, 99.5], [212.0, 99.5], [211.0, 99.5], [210.0, 99.5], [209.0, 99.5], [208.0, 99.5], [207.5, 100.0], [207.0, 100.5], [206.5, 101.0], [206.0, 101.5], [205.0, 101.5]]"
SLICE,Z6,BF_L,24.99771463870789,20.666722893711892,-146.60200500488224,,38.03389830508475,10.79542605858001,,,"[[224.0, 116.5], [223.5, 117.0], [224.0, 117.5], [224.5, 118.0], [225.0, 118.5], [225.5, 119.0], [226.0, 119.5], [227.0, 119.5], [228.0, 119.5], [229.0, 119.5], [229.5, 119.0], [230.0, 118.5], [231.0, 118.5], [231.5, 118.0], [232.0, 117.5], [233.0, 117.5], [234.0, 117.5], [234.5, 117.0], [235.0, 116.5], [236.0, 116.5], [236.5, 116.0], [236.5, 115.0], [237.0, 114.5], [238.0, 114.5], [238.5, 114.0], [239.0, 113.5], [239.5, 113.0], [239.5, 112.0], [239.5, 111.0], [240.0, 110.5], [240.5, 110.0], [240.5, 109.0], [241.0, 108.5], [241.5, 108.0], [241.5, 107.0], [241.5, 106.0], [241.5, 105.0], [241.0, 104.5], [240.5, 104.0], [240.0, 103.5], [239.5, 103.0], [239.5, 102.0], [239.0, 101.5], [238.5, 101.0], [238.0, 100.5], [237.0, 100.5], [236.5, 100.0], [236.0, 99.5], [235.5, 99.0], [235.0, 98.5], [234.0, 98.5], [233.0, 98.5], [232.5, 98.0], [232.0, 97.5], [231.5, 97.0], [231.0, 96.5], [230.0, 96.5], [229.5, 97.0], [229.0, 97.5], [228.0, 97.5], [227.0, 97.5], [226.5, 98.0], [226.5, 99.0], [227.0, 99.5], [228.0, 99.5], [228.5, 100.0], [229.0, 100.5], [229.5, 101.0], [229.5, 102.0], [229.5, 103.0], [229.5, 104.0], [229.5, 105.0], [229.5, 106.0], [229.0, 106.5], [228.5, 107.0], [228.5, 108.0], [228.5, 109.0], [228.0, 109.5], [227.5, 110.0], [227.5, 111.0], [227.0, 111.5], [226.5, 112.0], [226.5, 113.0], [226.5, 114.0], [226.0, 114.5], [225.0, 114.5], [224.5, 115.0], [224.5, 116.0]]"
SLICE,Z6,BF_SH_L,24.99771463870789,20.666722893711892,-146.60200500488224,,,,,,
SLICE,Z6,AM_L,24.99771463870789,20.666722893711892,-146.60200500488224,,35.63030807660283,8.437350882440247,,,"[[182.0, 80.5], [181.5, 81.0], [181.5, 82.0], [181.5, 83.0], [181.5, 84.0], [181.5, 85.0], [181.5, 86.0], [182.0, 86.5], [182.5, 87.0], [182.5, 88.0], [182.5, 89.0], [182.5, 90.0], [182.5, 91.0], [182.5, 92.0], [182.5, 93.0], [182.5, 94.0], [182.5, 95.0], [182.5, 96.0], [182.5, 97.0], [182.5, 98.0], [182.5, 99.0], [183.0, 99.5], [183.5, 100.0], [183.5, 101.0], [184.0, 101.5], [184.5, 102.0], [184.5, 103.0], [185.0, 103.5], [185.5, 104.0], [185.5, 105.0], [185.5, 106.0], [186.0, 106.5], [187.0, 106.5], [187.5, 107.0], [188.0, 107.5], [188.5, 108.0], [188.5, 109.0], [189.0, 109.5], [190.0, 109.5], [190.5, 110.0], [191.0, 110.5], [192.0, 110.5], [192.5, 111.0], [193.0, 111.5], [194.0, 111.5], [195.0, 111.5], [196.0, 111.5], [197.0, 111.5], [198.0, 111.5], [199.0, 111.5], [199.5, 111.0], [200.0, 110.5], [200.5, 110.0], [200.5, 109.0], [201.0, 108.5], [201.5, 108.0], [201.5, 107.0], [201.5, 106.0], [201.5, 105.0], [201.5, 104.0], [202.0, 103.5], [202.5, 103.0], [203.0, 102.5], [203.5, 102.0], [204.0, 101.5], [205.0, 101.5], [206.0, 101.5], [206.5, 101.0], [207.0, 100.5], [207.5, 100.0], [208.0, 99.5], [209.0, 99.5], [210.0, 99.5], [211.0, 99.5], [212.0, 99.5], [213.0, 99.5], [214.0, 99.5], [215.0, 99.5], [216.0, 99.5], [217.0, 99.5], [218.0, 99.5], [218.5, 99.0], [219.0, 98.5], [220.0, 98.5], [221.0, 98.5], [222.0, 98.5], [223.0, 98.5], [223.5, 98.0], [224.0, 97.5], [225.0, 97.5], [226.0, 97.5], [227.0, 97.5], [228.0, 97.5], [229.0, 97.5], [229.5, 97.0], [230.0, 96.5], [231.0, 96.5], [231.5, 96.0], [232.0, 95.5], [233.0, 95.5], [233.5, 95.0], [234.0, 94.5], [234.5, 94.0], [234.5, 93.0], [234.5, 92.0], [235.0, 91.5], [236.0, 91.5], [236.5, 91.0], [236.5, 90.0], [236.5, 89.0], [236.5, 88.0], [236.5, 87.0], [236.5, 86.0], [236.5, 85.0], [236.0, 84.5], [235.5, 84.0], [235.5, 83.0], [235.0, 82.5], [234.5, 82.0], [234.0, 81.5], [233.0, 81.5], [232.0, 81.5], [231.0, 81.5], [230.5, 82.0], [230.0, 82.5], [229.0, 82.5], [228.5, 82.0], [228.0, 81.5], [227.0, 81.5], [226.0, 81.5], [225.0, 81.5], [224.0, 81.5], [223.0, 81.5], [222.0, 81.5], [221.5, 82.0], [221.5, 83.0], [221.0, 83.5], [220.5, 84.0], [220.0, 84.5], [219.0, 84.5], [218.0, 84.5], [217.0, 84.5], [216.5, 84.0], [216.0, 83.5], [215.0, 83.5], [214.0, 83.5], [213.5, 83.0], [213.0, 82.5], [212.0, 82.5], [211.5, 82.0], [211.0, 81.5], [210.0, 81.5], [209.5, 81.0], [209.0, 80.5], [208.0, 80.5], [207.0, 80.5], [206.5, 80.0], [206.0, 79.5], [205.0, 79.5], [204.5, 79.0], [204.0, 78.5], [203.0, 78.5], [202.0, 78.5], [201.0, 78.5], [200.0, 78.5], [199.5, 78.0], [199.5, 77.0], [199.0, 76.5], [198.0, 76.5], [197.5, 76.0], [197.5, 75.0], [197.5, 74.0], [197.0, 73.5], [196.0, 73.5], [195.0, 73.5], [194.0, 73.5], [193.5, 74.0], [193.0, 74.5], [192.0, 74.5], [191.5, 75.0], [191.0, 75.5], [190.0, 75.5], [189.0, 75.5], [188.5, 76.0], [188.5, 77.0], [188.0, 77.5], [187.0, 77.5], [186.5, 78.0], [186.0, 78.5], [185.0, 78.5], [184.0, 78.5], [183.5, 79.0], [183.0, 79.5], [182.5, 80.0]]"
SLICE,Z6,AL_L,24.99771463870789,20.666722893711892,-146.60200500488224,,18.037735849056602,12.42784801139663,,,"[[186.0, 65.5], [185.5, 66.0], [185.5, 67.0], [185.5, 68.0], [185.5, 69.0], [185.5, 70.0], [186.0, 70.5], [187.0, 70.5], [187.5, 71.0], [188.0, 71.5], [188.5, 72.0], [188.5, 73.0], [188.5, 74.0], [189.0, 74.5], [189.5, 75.0], [190.0, 75.5], [191.0, 75.5], [191.5, 75.0], [192.0, 74.5], [193.0, 74.5], [193.5, 74.0], [194.0, 73.5], [195.0, 73.5], [196.0, 73.5], [197.0, 73.5], [197.5, 74.0], [197.5, 75.0], [197.5, 76.0], [198.0, 76.5], [199.0, 76.5], [199.5, 77.0], [199.5, 78.0], [200.0, 78.5], [201.0, 78.5], [202.0, 78.5], [203.0, 78.5], [204.0, 78.5], [204.5, 79.0], [205.0, 79.5], [206.0, 79.5], [206.5, 80.0], [207.0, 80.5], [208.0, 80.5], [209.0, 80.5], [209.5, 80.0], [209.5, 79.0], [209.0, 78.5], [208.5, 78.0], [208.0, 77.5], [207.5, 77.0], [208.0, 76.5], [208.5, 76.0], [208.0, 75.5], [207.0, 75.5], [206.5, 75.0], [206.0, 74.5], [205.0, 74.5], [204.5, 74.0], [204.0, 73.5], [203.0, 73.5], [202.5, 73.0], [202.0, 72.5], [201.5, 72.0], [201.5, 71.0], [201.0, 70.5], [200.0, 70.5], [199.5, 71.0], [199.0, 71.5], [198.0, 71.5], [197.5, 71.0], [197.0, 70.5], [196.5, 70.0], [196.0, 69.5], [195.5, 69.0], [195.0, 68.5], [194.5, 68.0], [194.5, 67.0], [194.5, 66.0], [194.5, 65.0], [194.5, 64.0], [194.0, 63.5], [193.0, 63.5], [192.0, 63.5], [191.0, 63.5], [190.0, 63.5], [189.0, 63.5], [188.5, 64.0], [188.0, 64.5], [187.5, 65.0], [187.0, 65.5]]"
SLICE,Z6,AB_L,24.99771463870789,20.666722893711892,-146.60200500488224,,30.70967741935484,9.551873818488643,,,"[[208.0, 76.5], [207.5, 77.0], [208.0, 77.5], [208.5, 78.0], [209.0, 78.5], [209.5, 79.0], [209.5, 80.0], [209.5, 81.0], [210.0, 81.5], [211.0, 81.5], [211.5, 82.0], [212.0, 82.5], [213.0, 82.5], [213.5, 83.0], [214.0, 83.5], [215.0, 83.5], [216.0, 83.5], [216.5, 84.0], [217.0, 84.5], [218.0, 84.5], [219.0, 84.5], [220.0, 84.5], [220.5, 84.0], [221.0, 83.5], [221.5, 83.0], [221.5, 82.0], [221.5, 81.0], [221.0, 80.5], [220.0, 80.5], [219.5, 80.0], [219.0, 79.5], [218.0, 79.5], [217.0, 79.5], [216.5, 79.0], [216.0, 78.5], [215.0, 78.5], [214.5, 78.0], [214.0, 77.5], [213.0, 77.5], [212.0, 77.5], [211.5, 77.0], [211.0, 76.5], [210.0, 76.5], [209.5, 76.0], [209.0, 75.5], [208.5, 76.0]]"
SLICE,Z7,VL_R,24.99771463870789,20.666722893711892,-116.60200500488261,,35.41379310344828,6.158462617255975,,,"[[47.0, 71.5], [46.5, 72.0], [46.5, 73.0], [46.5, 74.0], [46.5, 75.0], [46.5, 76.0], [46.5, 77.0], [46.5, 78.0], [46.5, 79.0], [46.5, 80.0], [46.5, 81.0], [47.0, 81.5], [47.5, 82.0], [47.5, 83.0], [47.5, 84.0], [47.5, 85.0], [48.0, 85.5], [48.5, 86.0], [48.5, 87.0], [48.5, 88.0], [48.5, 89.0], [49.0, 89.5], [50.0, 89.5], [50.5, 90.0], [50.5, 91.0], [51.0, 91.5], [52.0, 91.5], [52.5, 92.0], [53.0, 92.5], [53.5, 93.0], [54.0, 93.5], [55.0, 93.5], [55.5, 94.0], [56.0, 94.5], [57.0, 94.5], [58.0, 94.5], [58.5, 95.0], [59.0, 95.5], [59.5, 96.0], [60.0, 96.5], [61.0, 96.5], [62.0, 96.5], [63.0, 96.5], [64.0, 96.5], [65.0, 96.5], [66.0, 96.5], [67.0, 96.5], [68.0, 96.5], [69.0, 96.5], [70.0, 96.5], [71.0, 96.5], [72.0, 96.5], [73.0, 96.5], [74.0, 96.5], [74.5, 96.0], [75.0, 95.5], [75.5, 95.0], [76.0, 94.5], [76.5, 94.0], [76.5, 93.0], [76.5, 92.0], [76.5, 91.0], [76.0, 90.5], [75.5, 90.0], [75.0, 89.5], [74.0, 89.5], [73.5, 89.0], [73.0, 88.5], [72.5, 88.0], [72.0, 87.5], [71.5, 87.0], [71.0, 86.5], [70.0, 86.5], [69.5, 86.0], [69.0, 85.5], [68.5, 85.0], [68.0, 84.5], [67.0, 84.5], [66.5, 84.0], [66.5, 83.0], [66.5, 82.0], [66.5, 81.0], [66.5, 80.0], [66.0, 79.5], [65.5, 79.0], [65.5, 78.0], [65.5, 77.0], [65.0, 76.5], [64.5, 76.0], [64.5, 75.0], [65.0, 74.5], [65.5, 74.0], [65.5, 73.0], [65.5, 72.0], [66.0, 71.5], [66.5, 71.0], [67.0, 70.5], [67.5, 70.0], [68.0, 69.5], [69.0, 69.5], [69.5, 69.0], [69.5, 68.0], [70.0, 67.5], [70.5, 67.0], [71.0, 66.5], [72.0, 66.5], [72.5, 66.0], [72.5, 65.0], [73.0, 64.5], [74.0, 64.5], [74.5, 64.0], [74.5, 63.0], [75.0, 62.5], [75.5, 62.0], [76.0, 61.5], [76.5, 61.0], [77.0, 60.5], [77.5, 60.0], [78.0, 59.5], [79.0, 59.5], [79.5, 59.0], [79.0, 58.5], [78.5, 58.0], [78.0, 57.5], [77.0, 57.5], [76.5, 57.0], [76.0, 56.5], [75.0, 56.5], [74.0, 56.5], [73.5, 56.0], [73.0, 55.5], [72.0, 55.5], [71.5, 55.0], [71.0, 54.5], [70.0, 54.5], [69.5, 54.0], [69.0, 53.5], [68.0, 53.5], [67.0, 53.5], [66.0, 53.5], [65.0, 53.5], [64.0, 53.5], [63.0, 53.5], [62.0, 53.5], [61.0, 53.5], [60.5, 54.0], [60.0, 54.5], [59.0, 54.5], [58.5, 55.0], [58.0, 55.5], [57.0, 55.5], [56.5, 56.0], [56.0, 56.5], [55.5, 57.0], [55.0, 57.5], [54.5, 58.0], [54.0, 58.5], [53.5, 59.0], [53.0, 59.5], [52.5, 60.0], [52.0, 60.5], [51.0, 60.5], [50.5, 61.0], [50.5, 62.0], [50.5, 63.0], [50.0, 63.5], [49.5, 64.0], [49.0, 64.5], [48.5, 65.0], [48.5, 66.0], [48.5, 67.0], [48.5, 68.0], [48.0, 68.5], [47.5, 69.0], [47.5, 70.0], [47.5, 71.0]]"
SLICE,Z7,VI_R,24.99771463870789,20.666722893711892,-116.60200500488261,,35.356973995271865,9.09460351337636,,,"[[65.0, 74.5], [64.5, 75.0], [64.5, 76.0], [65.0, 76.5], [65.5, 77.0], [65.5, 78.0], [65.5, 79.0], [66.0, 79.5], [66.5, 80.0], [66.5, 81.0], [66.5, 82.0], [66.5, 83.0], [66.5, 84.0], [67.0, 84.5], [68.0, 84.5], [68.5, 85.0], [69.0, 85.5], [69.5, 86.0], [70.0, 86.5], [71.0, 86.5], [71.5, 87.0], [72.0, 87.5], [72.5, 88.0], [73.0, 88.5], [73.5, 89.0], [74.0, 89.5], [75.0, 89.5], [76.0, 89.5], [76.5, 89.0], [76.5, 88.0], [76.5, 87.0], [76.0, 86.5], [75.5, 86.0], [75.0, 85.5], [74.5, 85.0], [74.5, 84.0], [74.0, 83.5], [73.5, 83.0], [73.5, 82.0], [73.0, 81.5], [72.5, 81.0], [72.5, 80.0], [72.5, 79.0], [72.5, 78.0], [73.0, 77.5], [73.5, 77.0], [74.0, 76.5], [74.5, 76.0], [75.0, 75.5], [75.5, 75.0], [76.0, 74.5], [77.0, 74.5], [78.0, 74.5], [78.5, 74.0], [79.0, 73.5], [79.5, 73.0], [80.0, 72.5], [81.0, 72.5], [82.0, 72.5], [83.0, 72.5], [84.0, 72.5], [84.5, 73.0], [85.0, 73.5], [86.0, 73.5], [87.0, 73.5], [87.5, 73.0], [87.5, 72.0], [88.0, 71.5], [88.5, 71.0], [89.0, 70.5], [89.5, 70.0], [90.0, 69.5], [90.5, 69.0], [91.0, 68.5], [91.5, 68.0], [92.0, 67.5], [93.0, 67.5], [93.5, 67.0], [94.0, 66.5], [94.5, 66.0], [95.0, 65.5], [95.5, 65.0], [96.0, 64.5], [97.0, 64.5], [97.5, 64.0], [98.0, 63.5], [98.5, 63.0], [98.5, 62.0], [98.0, 61.5], [97.5, 61.0], [97.0, 60.5], [96.0, 60.5], [95.0, 60.5], [94.5, 60.0], [94.0, 59.5], [93.0, 59.5], [92.0, 59.5], [91.0, 59.5], [90.0, 59.5], [89.0, 59.5], [88.0, 59.5], [87.0, 59.5], [86.5, 59.0], [86.0, 58.5], [85.0, 58.5], [84.0, 58.5], [83.0, 58.5], [82.0, 58.5], [81.0, 58.5], [80.0, 58.5], [79.5, 59.0], [79.0, 59.5], [78.0, 59.5], [77.5, 60.0], [77.0, 60.5], [76.5, 61.0], [76.0, 61.5], [75.5, 62.0], [75.0, 62.5], [74.5, 63.0], [74.5, 64.0], [74.0, 64.5], [73.0, 64.5], [72.5, 65.0], [72.5, 66.0], [72.0, 66.5], [71.0, 66.5], [70.5, 67.0], [70.0, 67.5], [69.5, 68.0], [69.5, 69.0], [69.0, 69.5], [68.0, 69.5], [67.5, 70.0], [67.0, 70.5], [66.5, 71.0], [66.0, 71.5], [65.5, 72.0], [65.5, 73.0], [65.5, 74.0]]"
SLICE,Z7,VM_R,24.99771463870789,20.666722893711892,-116.60200500488261,,37.36923076923077,13.867027001842263,,,"[[87.0, 73.5], [86.5, 74.0], [86.5, 75.0], [87.0, 75.5], [87.5, 76.0], [87.5, 77.0], [88.0, 77.5], [88.5, 78.0], [88.0, 78.5], [87.5, 79.0], [87.5, 80.0], [87.5, 81.0], [88.0, 81.5], [89.0, 81.5], [90.0, 81.5], [90.5, 81.0], [91.0, 80.5], [91.5, 80.0], [91.5, 79.0], [92.0, 78.5], [92.5, 78.0], [93.0, 77.5], [93.5, 77.0], [94.0, 76.5], [94.5, 76.0], [95.0, 75.5], [95.5, 75.0], [96.0, 74.5], [96.5, 74.0], [96.5, 73.0], [97.0, 72.5], [97.5, 72.0], [98.0, 71.5], [98.5, 71.0], [99.0, 70.5], [99.5, 70.0], [99.5, 69.0], [100.0, 68.5], [100.5, 68.0], [101.0, 67.5], [101.5, 67.0], [101.5, 66.0], [101.5, 65.0], [101.5, 64.0], [101.0, 63.5], [100.0, 63.5], [99.5, 63.0], [99.0, 62.5], [98.5, 63.0], [98.0, 63.5], [97.5, 64.0], [97.0, 64.5], [96.0, 64.5], [95.5, 65.0], [95.0, 65.5], [94.5, 66.0], [94.0, 66.5], [93.5, 67.0], [93.0, 67.5], [92.0, 67.5], [91.5, 68.0], [91.0, 68.5], [90.5, 69.0], [90.0, 69.5], [89.5, 70.0], [89.0, 70.5], [88.5, 71.0], [88.0, 71.5], [87.5, 72.0], [87.5, 73.0]]"
SLICE,Z7,RF_R,24.99771463870789,20.666722893711892,-116.60200500488261,,34.52088452088452,10.469045571977361,,,"[[68.0, 47.5], [67.5, 48.0], [67.5, 49.0], [67.5, 50.0], [67.5, 51.0], [68.0, 51.5], [68.5, 52.0], [68.5, 53.0], [69.0, 53.5], [69.5, 54.0], [70.0, 54.5], [71.0, 54.5], [71.5, 55.0], [72.0, 55.5], [73.0, 55.5], [73.5, 56.0], [74.0, 56.5], [75.0, 56.5], [76.0, 56.5], [76.5, 57.0], [77.0, 57.5], [78.0, 57.5], [78.5, 58.0], [79.0, 58.5], [80.0, 58.5], [81.0, 58.5], [82.0, 58.5], [83.0, 58.5], [84.0, 58.5], [85.0, 58.5], [86.0, 58.5], [86.5, 59.0], [87.0, 59.5], [88.0, 59.5], [89.0, 59.5], [90.0, 59.5], [91.0, 59.5], [92.0, 59.5], [93.0, 59.5], [94.0, 59.5], [95.0, 59.5], [96.0, 59.5], [97.0, 59.5], [98.0, 59.5], [98.5, 59.0], [98.5, 58.0], [98.5, 57.0], [99.0, 56.5], [99.5, 56.0], [99.5, 55.0], [99.5, 54.0], [99.5, 53.0], [99.0, 52.5], [98.5, 52.0], [98.5, 51.0], [98.0, 50.5], [97.5, 50.0], [97.0, 49.5], [96.5, 49.0], [96.5, 48.0], [96.0, 47.5], [95.5, 47.0], [95.0, 46.5], [94.5, 46.0], [94.0, 45.5], [93.0, 45.5], [92.5, 45.0], [92.0, 44.5], [91.5, 44.0], [91.0, 43.5], [90.0, 43.5], [89.0, 43.5], [88.0, 43.5], [87.0, 43.5], [86.0, 43.5], [85.0, 43.5], [84.0, 43.5], [83.0, 43.5], [82.0, 43.5], [81.0, 43.5], [80.0, 43.5], [79.0, 43.5], [78.0, 43.5], [77.0, 43.5], [76.0, 43.5], [75.0, 43.5], [74.5, 44.0], [74.0, 44.5], [73.0, 44.5], [72.5, 45.0], [72.0, 45.5], [71.0, 45.5], [70.0, 45.5], [69.5, 46.0], [69.0, 46.5], [68.5, 47.0]]"
SLICE,Z7,SAR_R,24.99771463870789,20.666722893711892,-116.60200500488261,,38.28333333333333,18.326142529184914,,,"[[95.0, 45.5], [94.5, 46.0], [95.0, 46.5], [95.5, 47.0], [96.0, 47.5], [96.5, 48.0], [96.5, 49.0], [97.0, 49.5], [97.5, 50.0], [98.0, 50.5], [98.5, 51.0], [98.5, 52.0], [99.0, 52.5], [99.5, 53.0], [99.5, 54.0], [99.5, 55.0], [99.5, 56.0], [99.0, 56.5], [98.5, 57.0], [98.5, 58.0], [99.0, 58.5], [99.5, 59.0], [100.0, 59.5], [100.5, 60.0], [101.0, 60.5], [102.0, 60.5], [103.0, 60.5], [104.0, 60.5], [105.0, 60.5], [106.0, 60.5], [107.0, 60.5], [108.0, 60.5], [109.0, 60.5], [110.0, 60.5], [110.5, 60.0], [111.0, 59.5], [112.0, 59.5], [112.5, 59.0], [113.0, 58.5], [113.5, 58.0], [113.5, 57.0], [113.0, 56.5], [112.5, 56.0], [112.5, 55.0], [112.0, 54.5], [111.5, 54.0], [111.0, 53.5], [110.5, 53.0], [110.0, 52.5], [109.5, 52.0], [109.5, 51.0], [109.0, 50.5], [108.0, 50.5], [107.5, 50.0], [107.5, 49.0], [107.0, 48.5], [106.5, 48.0], [106.0, 47.5], [105.0, 47.5], [104.5, 47.0], [104.5, 46.0], [104.0, 45.5], [103.0, 45.5], [102.0, 45.5], [101.5, 45.0], [101.0, 44.5], [100.0, 44.5], [99.0, 44.5], [98.0, 44.5], [97.0, 44.5], [96.0, 44.5], [95.5, 45.0]]"
SLICE,Z7,GRA_R,24.99771463870789,20.666722893711892,-116.60200500488261,,33.27325581395349,14.245390314541368,,,"[[136.0, 67.5], [135.5, 68.0], [135.5, 69.0], [135.5, 70.0], [135.5, 71.0], [135.5, 72.0], [135.5, 73.0], [136.0, 73.5], [136.5, 74.0], [137.0, 74.5], [137.5, 75.0], [137.5, 76.0], [138.0, 76.5], [138.5, 77.0], [138.5, 78.0], [138.5, 79.0], [138.5, 80.0], [138.0, 80.5], [137.5, 81.0], [137.5, 82.0], [137.0, 82.5], [136.5, 83.0], [136.5, 84.0], [136.5, 85.0], [136.5, 86.0], [137.0, 86.5], [138.0, 86.5], [139.0, 86.5], [140.0, 86.5], [141.0, 86.5], [141.5, 86.0], [141.5, 85.0], [142.0, 84.5], [142.5, 84.0], [143.0, 83.5], [143.5, 83.0], [143.5, 82.0], [144.0, 81.5], [144.5, 81.0], [144.5, 80.0], [144.5, 79.0], [144.5, 78.0], [144.5, 77.0], [144.5, 76.0], [144.5, 75.0], [144.5, 74.0], [144.5, 73.0], [144.5, 72.0], [144.5, 71.0], [144.5, 70.0], [144.5, 69.0], [144.5, 68.0], [144.0, 67.5], [143.5, 67.0], [143.5, 66.0], [143.5, 65.0], [143.5, 64.0], [143.0, 63.5], [142.5, 63.0], [142.0, 62.5], [141.5, 62.0], [141.5, 61.0], [141.0, 60.5], [140.0, 60.5], [139.0, 60.5], [138.5, 61.0], [138.5, 62.0], [138.5, 63.0], [138.0, 63.5], [137.5, 64.0], [137.5, 65.0], [137.0, 65.5], [136.5, 66.0], [136.5, 67.0]]"
SLICE,Z7,SM_R,24.99771463870789,20.666722893711892,-116.60200500488261,,,,,,
SLICE,Z7,ST_R,24.99771463870789,20.666722893711892,-116.60200500488261,,36.1747572815534,13.230537774234906,,,"[[97.0, 96.5], [96.5, 97.0], [96.5, 98.0], [96.5, 99.0], [96.5, 100.0], [96.5, 101.0], [96.5, 102.0], [96.5, 103.0], [96.5, 104.0], [97.0, 104.5], [97.5, 105.0], [98.0, 105.5], [98.5, 106.0], [99.0, 106.5], [100.0, 106.5], [101.0, 106.5], [102.0, 106.5], [103.0, 106.5], [104.0, 106.5], [104.5, 106.0], [105.0, 105.5], [106.0, 105.5], [106.5, 105.0], [107.0, 104.5], [108.0, 104.5], [109.0, 104.5], [110.0, 104.5], [110.5, 104.0], [111.0, 103.5], [111.5, 103.0], [111.5, 102.0], [112.0, 101.5], [113.0, 101.5], [113.5, 101.0], [113.5, 100.0], [114.0, 99.5], [114.5, 99.0], [114.5, 98.0], [114.5, 97.0], [114.5, 96.0], [114.0, 95.5], [113.5, 95.0], [113.0, 94.5], [112.5, 94.0], [112.0, 93.5], [111.5, 93.0], [111.5, 92.0], [111.0, 91.5], [110.0, 91.5], [109.0, 91.5], [108.0, 91.5], [107.0, 91.5], [106.0, 91.5], [105.5, 92.0], [105.0, 92.5], [104.5, 93.0], [104.0, 93.5], [103.0, 93.5], [102.0, 93.5], [101.0, 93.5], [100.0, 93.5], [99.5, 94.0], [99.0, 94.5], [98.0, 94.5], [97.5, 95.0], [97.5, 96.0]]"
SLICE,Z7,BF_R,24.99771463870789,20.666722893711892,-116.60200500488261,,34.12658227848101,7.95138247450646,,,"[[89.0, 93.5], [88.5, 94.0], [88.5, 95.0], [88.5, 96.0], [88.5, 97.0], [88.5, 98.0], [89.0, 98.5], [89.5, 99.0], [90.0, 99.5], [91.0, 99.5], [92.0, 99.5], [92.5, 100.0], [93.0, 100.5], [93.5, 101.0], [94.0, 101.5], [95.0, 101.5], [95.5, 101.0], [96.0, 100.5], [96.5, 100.0], [96.5, 99.0], [96.5, 98.0], [96.5, 97.0], [97.0, 96.5], [97.5, 96.0], [97.5, 95.0], [98.0, 94.5], [99.0, 94.5], [99.5, 94.0], [99.5, 93.0], [99.0, 92.5], [98.0, 92.5], [97.5, 92.0], [97.0, 91.5], [96.5, 91.0], [96.0, 90.5], [95.0, 90.5], [94.0, 90.5], [93.0, 90.5], [92.5, 91.0], [92.0, 91.5], [91.0, 91.5], [90.5, 92.0], [90.0, 92.5], [89.5, 93.0]]"
SLICE,Z7,BF_SH_R,24.99771463870789,20.666722893711892,-116.60200500488261,,,,,,
SLICE,Z7,AM_R,24.99771463870789,20.666722893711892,-116.60200500488261,,30.862244897959183,8.223374044436923,,,"[[92.0, 84.5], [91.5, 85.0], [91.5, 86.0], [92.0, 86.5], [92.5, 87.0], [93.0, 87.5], [93.5, 88.0], [94.0, 88.5], [95.0, 88.5], [95.5, 89.0], [96.0, 89.5], [97.0, 89.5], [97.5, 90.0], [98.0, 90.5], [98.5, 91.0], [99.0, 91.5], [99.5, 92.0], [100.0, 92.5], [101.0, 92.5], [102.0, 92.5], [103.0, 92.5], [104.0, 92.5], [104.5, 92.0], [105.0, 91.5], [106.0, 91.5], [107.0, 91.5], [108.0, 91.5], [109.0, 91.5], [110.0, 91.5], [111.0, 91.5], [111.5, 92.0], [112.0, 92.5], [113.0, 92.5], [113.5, 93.0], [113.5, 94.0], [114.0, 94.5], [115.0, 94.5], [116.0, 94.5], [117.0, 94.5], [118.0, 94.5], [119.0, 94.5], [120.0, 94.5], [120.5, 95.0], [121.0, 95.5], [122.0, 95.5], [123.0, 95.5], [124.0, 95.5], [124.5, 95.0], [125.0, 94.5], [126.0, 94.5], [126.5, 94.0], [126.5, 93.0], [127.0, 92.5], [127.5, 92.0], [128.0, 91.5], [129.0, 91.5], [129.5, 91.0], [130.0, 90.5], [130.5, 90.0], [131.0, 89.5], [131.5, 89.0], [132.0, 88.5], [133.0, 88.5], [133.5, 88.0], [134.0, 87.5], [134.5, 87.0], [135.0, 86.5], [135.5, 86.0], [136.0, 85.5], [136.5, 85.0], [136.5, 84.0], [136.5, 83.0], [137.0, 82.5], [137.5, 82.0], [137.5, 81.0], [137.5, 80.0], [137.5, 79.0], [137.5, 78.0], [137.5, 77.0], [137.0, 76.5], [136.5, 76.0], [136.5, 75.0], [136.0, 74.5], [135.5, 74.0], [135.0, 73.5], [134.5, 73.0], [134.0, 72.5], [133.0, 72.5], [132.5, 72.0], [132.0, 71.5], [131.0, 71.5], [130.5, 71.0], [130.0, 70.5], [129.0, 70.5], [128.0, 70.5], [127.0, 70.5], [126.5, 71.0], [126.0, 71.5], [125.0, 71.5], [124.5, 71.0], [124.0, 70.5], [123.0, 70.5], [122.5, 71.0], [122.0, 71.5], [121.0, 71.5], [120.0, 71.5], [119.0, 71.5], [118.0, 71.5], [117.0, 71.5], [116.0, 71.5], [115.0, 71.5], [114.0, 71.5], [113.0, 71.5], [112.0, 71.5], [111.5, 72.0], [111.0, 72.5], [110.0, 72.5], [109.5, 73.0], [109.5, 74.0], [109.0, 74.5], [108.0, 74.5], [107.0, 74.5], [106.5, 75.0], [106.0, 75.5], [105.5, 76.0], [105.0, 76.5], [104.0, 76.5], [103.0, 76.5], [102.5, 77.0], [102.0, 77.5], [101.0, 77.5], [100.5, 78.0], [100.0, 78.5], [99.0, 78.5], [98.5, 79.0], [98.0, 79.5], [97.5, 80.0], [97.0, 80.5], [96.0, 80.5], [95.5, 81.0], [95.0, 81.5], [94.5, 82.0], [94.0, 82.5], [93.5, 83.0], [93.0, 83.5], [92.5, 84.0]]"
SLICE,Z7,AL_R,24.99771463870789,20.666722893711892,-116.60200500488261,,25.836309523809526,16.11602251234717,,,"[[111.0, 64.5], [110.5, 65.0], [110.5, 66.0], [110.5, 67.0], [110.5, 68.0], [110.5, 69.0], [111.0, 69.5], [112.0, 69.5], [112.5, 70.0], [113.0, 70.5], [114.0, 70.5], [114.5, 71.0], [115.0, 71.5], [116.0, 71.5], [117.0, 71.5], [118.0, 71.5], [119.0, 71.5], [120.0, 71.5], [121.0, 71.5], [121.5, 71.0], [122.0, 70.5], [123.0, 70.5], [124.0, 70.5], [124.5, 71.0], [125.0, 71.5], [126.0, 71.5], [126.5, 71.0], [127.0, 70.5], [128.0, 70.5], [129.0, 70.5], [130.0, 70.5], [131.0, 70.5], [132.0, 70.5], [132.5, 70.0], [133.0, 69.5], [134.0, 69.5], [134.5, 69.0], [134.5, 68.0], [134.5, 67.0], [135.0, 66.5], [135.5, 66.0], [136.0, 65.5], [136.5, 65.0], [136.5, 64.0], [136.5, 63.0], [136.5, 62.0], [136.5, 61.0], [136.5, 60.0], [136.5, 59.0], [136.0, 58.5], [135.0, 58.5], [134.5, 58.0], [134.0, 57.5], [133.0, 57.5], [132.5, 57.0], [132.0, 56.5], [131.0, 56.5], [130.0, 56.5], [129.0, 56.5], [128.5, 56.0], [128.0, 55.5], [127.0, 55.5], [126.0, 55.5], [125.0, 55.5], [124.0, 55.5], [123.0, 55.5], [122.0, 55.5], [121.0, 55.5], [120.5, 56.0], [120.0, 56.5], [119.0, 56.5], [118.0, 56.5], [117.5, 57.0], [117.0, 57.5], [116.5, 58.0], [116.0, 58.5], [115.0, 58.5], [114.5, 59.0], [114.0, 59.5], [113.5, 60.0], [113.0, 60.5], [112.5, 61.0], [112.5, 62.0], [112.0, 62.5], [111.5, 63.0], [111.5, 64.0]]"
SLICE,Z7,AB_R,24.99771463870789,20.666722893711892,-116.60200500488261,,41.392857142857146,15.481185091482327,,,"[[101.0, 76.5], [100.5, 77.0], [101.0, 77.5], [102.0, 77.5], [102.5, 77.0], [103.0, 76.5], [104.0, 76.5], [105.0, 76.5], [105.5, 76.0], [106.0, 75.5], [106.5, 75.0], [107.0, 74.5], [108.0, 74.5], [109.0, 74.5], [109.5, 74.0], [109.5, 73.0], [110.0, 72.5], [111.0, 72.5], [111.5, 72.0], [112.0, 71.5], [113.0, 71.5], [114.0, 71.5], [114.5, 71.0], [114.0, 70.5], [113.0, 70.5], [112.5, 70.0], [112.0, 69.5], [111.0, 69.5], [110.5, 70.0], [110.0, 70.5], [109.0, 70.5], [108.5, 71.0], [108.0, 71.5], [107.5, 72.0], [107.0, 72.5], [106.5, 73.0], [106.0, 73.5], [105.0, 73.5], [104.5, 74.0], [104.5, 75.0], [104.0, 75.5], [103.0, 75.5], [102.5, 76.0], [102.0, 76.5]]"
SLICE,Z7,VL_L,24.99771463870789,20.666722893711892,-116.60200500488261,,36.288223140495866,6.059330090058715,,,"[[223.0, 54.5], [222.5, 55.0], [223.0, 55.5], [224.0, 55.5], [225.0, 55.5], [226.0, 55.5], [227.0, 55.5], [228.0, 55.5], [228.5, 56.0], [229.0, 56.5], [230.0, 56.5], [231.0, 56.5], [232.0, 56.5], [233.0, 56.5], [234.0, 56.5], [234.5, 57.0], [235.0, 57.5], [236.0, 57.5], [236.5, 58.0], [237.0, 58.5], [238.0, 58.5], [238.5, 59.0], [239.0, 59.5], [240.0, 59.5], [241.0, 59.5], [241.5, 60.0], [242.0, 60.5], [243.0, 60.5], [243.5, 61.0], [244.0, 61.5], [245.0, 61.5], [245.5, 62.0], [246.0, 62.5], [246.5, 63.0], [247.0, 63.5], [247.5, 64.0], [248.0, 64.5], [249.0, 64.5], [249.5, 65.0], [249.5, 66.0], [250.0, 66.5], [250.5, 67.0], [250.5, 68.0], [251.0, 68.5], [251.5, 69.0], [251.5, 70.0], [251.5, 71.0], [251.5, 72.0], [251.5, 73.0], [251.5, 74.0], [251.5, 75.0], [251.5, 76.0], [251.0, 76.5], [250.5, 77.0], [250.5, 78.0], [250.5, 79.0], [250.0, 79.5], [249.5, 80.0], [249.5, 81.0], [249.5, 82.0], [249.0, 82.5], [248.5, 83.0], [248.0, 83.5], [247.5, 84.0], [247.0, 84.5], [246.5, 85.0], [246.0, 85.5], [245.5, 86.0], [245.0, 86.5], [244.5, 87.0], [244.0, 87.5], [243.5, 88.0], [243.0, 88.5], [242.0, 88.5], [241.5, 89.0], [241.0, 89.5], [240.5, 90.0], [240.5, 91.0], [241.0, 91.5], [241.5, 92.0], [242.0, 92.5], [242.5, 93.0], [243.0, 93.5], [243.5, 94.0], [244.0, 94.5], [245.0, 94.5], [245.5, 95.0], [246.0, 95.5], [247.0, 95.5], [248.0, 95.5], [249.0, 95.5], [249.5, 96.0], [250.0, 96.5], [251.0, 96.5], [252.0, 96.5], [253.0, 96.5], [254.0, 96.5], [255.0, 96.5], [255.5, 96.0], [256.0, 95.5], [256.5, 95.0], [257.0, 94.5], [258.0, 94.5], [258.5, 94.0], [259.0, 93.5], [259.5, 93.0], [259.5, 92.0], [259.5, 91.0], [259.5, 90.0], [260.0, 89.5], [260.5, 89.0], [260.5, 88.0], [260.5, 87.0], [260.5, 86.0], [260.5, 85.0], [261.0, 84.5], [261.5, 84.0], [261.5, 83.0], [262.0, 82.5], [262.5, 82.0], [263.0, 81.5], [263.5, 81.0], [263.5, 80.0], [264.0, 79.5], [264.5, 79.0], [264.5, 78.0], [264.5, 77.0], [264.5, 76.0], [264.5, 75.0], [264.5, 74.0], [264.5, 73.0], [264.5, 72.0], [264.5, 71.0], [264.5, 70.0], [264.5, 69.0], [264.5, 68.0], [264.5, 67.0], [264.5, 66.0], [264.5, 65.0], [264.5, 64.0], [264.5, 63.0], [264.5, 62.0], [264.5, 61.0], [264.0, 60.5], [263.5, 60.0], [263.5, 59.0], [263.0, 58.5], [262.5, 58.0], [262.5, 57.0], [262.0, 56.5], [261.5, 56.0], [261.5, 55.0], [261.0, 54.5], [260.5, 54.0], [260.0, 53.5], [259.5, 53.0], [259.5, 52.0], [259.0, 51.5], [258.0, 51.5], [257.5, 51.0], [257.0, 50.5], [256.5, 50.0], [256.0, 49.5], [255.5, 49.0], [255.0, 48.5], [254.0, 48.5], [253.5, 48.0], [253.0, 47.5], [252.5, 47.0], [252.0, 46.5], [251.5, 46.0], [251.0, 45.5], [250.0, 45.5], [249.5, 45.0], [249.0, 44.5], [248.0, 44.5], [247.5, 44.0], [247.0, 43.5], [246.0, 43.5], [245.0, 43.5], [244.0, 43.5], [243.0, 43.5], [242.0, 43.5], [241.0, 43.5], [240.0, 43.5], [239.5, 44.0], [239.0, 44.5], [238.0, 44.5], [237.0, 44.5], [236.5, 45.0], [236.0, 45.5], [235.5, 46.0], [235.0, 46.5], [234.0, 46.5], [233.0, 46.5], [232.5, 47.0], [232.0, 47.5], [231.5, 48.0], [231.5, 49.0], [231.0, 49.5], [230.0, 49.5], [229.5, 50.0], [229.0, 50.5], [228.5, 51.0], [228.0, 51.5], [227.0, 51.5], [226.5, 52.0], [226.0, 52.5], [225.5, 53.0], [225.0, 53.5], [224.5, 54.0], [224.0, 54.5]]"
SLICE,Z7,VI_L,24.99771463870789,20.666722893711892,-116.60200500488261,,34.07454545454546,8.42290639067749,,,"[[215.0, 57.5], [214.5, 58.0], [214.5, 59.0], [215.0, 59.5], [215.5, 60.0], [215.5, 61.0], [216.0, 61.5], [216.5, 62.0], [216.5, 63.0], [217.0, 63.5], [217.5, 64.0], [218.0, 64.5], [219.0, 64.5], [219.5, 65.0], [219.5, 66.0], [220.0, 66.5], [220.5, 67.0], [220.5, 68.0], [221.0, 68.5], [221.5, 69.0], [222.0, 69.5], [223.0, 69.5], [223.5, 70.0], [224.0, 70.5], [224.5, 71.0], [225.0, 71.5], [226.0, 71.5], [227.0, 71.5], [227.5, 72.0], [227.5, 73.0], [228.0, 73.5], [228.5, 73.0], [229.0, 72.5], [229.5, 72.0], [230.0, 71.5], [231.0, 71.5], [231.5, 71.0], [232.0, 70.5], [233.0, 70.5], [233.5, 70.0], [234.0, 69.5], [235.0, 69.5], [236.0, 69.5], [237.0, 69.5], [237.5, 70.0], [238.0, 70.5], [238.5, 71.0], [239.0, 71.5], [240.0, 71.5], [240.5, 72.0], [241.0, 72.5], [241.5, 73.0], [242.0, 73.5], [242.5, 74.0], [243.0, 74.5], [243.5, 75.0], [243.5, 76.0], [243.5, 77.0], [243.5, 78.0], [243.5, 79.0], [243.5, 80.0], [243.0, 80.5], [242.0, 80.5], [241.5, 81.0], [241.0, 81.5], [240.5, 82.0], [240.5, 83.0], [240.0, 83.5], [239.0, 83.5], [238.5, 84.0], [238.5, 85.0], [238.0, 85.5], [237.5, 86.0], [237.5, 87.0], [238.0, 87.5], [238.5, 88.0], [238.5, 89.0], [239.0, 89.5], [240.0, 89.5], [241.0, 89.5], [241.5, 89.0], [242.0, 88.5], [243.0, 88.5], [243.5, 88.0], [244.0, 87.5], [244.5, 87.0], [245.0, 86.5], [245.5, 86.0], [246.0, 85.5], [246.5, 85.0], [247.0, 84.5], [247.5, 84.0], [248.0, 83.5], [248.5, 83.0], [249.0, 82.5], [249.5, 82.0], [249.5, 81.0], [249.5, 80.0], [250.0, 79.5], [250.5, 79.0], [250.5, 78.0], [250.5, 77.0], [251.0, 76.5], [251.5, 76.0], [251.5, 75.0], [251.5, 74.0], [251.5, 73.0], [251.5, 72.0], [251.5, 71.0], [251.5, 70.0], [251.5, 69.0], [251.0, 68.5], [250.5, 68.0], [250.5, 67.0], [250.0, 66.5], [249.5, 66.0], [249.5, 65.0], [249.0, 64.5], [248.0, 64.5], [247.5, 64.0], [247.0, 63.5], [246.5, 63.0], [246.0, 62.5], [245.5, 62.0], [245.0, 61.5], [244.0, 61.5], [243.5, 61.0], [243.0, 60.5], [242.0, 60.5], [241.5, 60.0], [241.0, 59.5], [240.0, 59.5], [239.0, 59.5], [238.5, 59.0], [238.0, 58.5], [237.0, 58.5], [236.5, 58.0], [236.0, 57.5], [235.0, 57.5], [234.5, 57.0], [234.0, 56.5], [233.0, 56.5], [232.0, 56.5], [231.0, 56.5], [230.0, 56.5], [229.0, 56.5], [228.5, 56.0], [228.0, 55.5], [227.0, 55.5], [226.0, 55.5], [225.0, 55.5], [224.0, 55.5], [223.0, 55.5], [222.0, 55.5], [221.0, 55.5], [220.5, 56.0], [220.0, 56.5], [219.0, 56.5], [218.0, 56.5], [217.0, 56.5], [216.5, 57.0], [216.0, 57.5]]"
SLICE,Z7,VM_L,24.99771463870789,20.666722893711892,-116.60200500488261,,34.18483412322275,13.471717164530677,,,"[[209.0, 60.5], [208.5, 61.0], [208.5, 62.0], [208.5, 63.0], [208.5, 64.0], [208.5, 65.0], [208.5, 66.0], [209.0, 66.5], [209.5, 67.0], [210.0, 67.5], [210.5, 68.0], [210.5, 69.0], [211.0, 69.5], [212.0, 69.5], [212.5, 70.0], [213.0, 70.5], [213.5, 71.0], [213.5, 72.0], [214.0, 72.5], [214.5, 73.0], [215.0, 73.5], [215.5, 74.0], [216.0, 74.5], [217.0, 74.5], [217.5, 75.0], [218.0, 75.5], [218.5, 76.0], [219.0, 76.5], [220.0, 76.5], [220.5, 77.0], [221.0, 77.5], [222.0, 77.5], [222.5, 78.0], [223.0, 78.5], [223.5, 79.0], [224.0, 79.5], [225.0, 79.5], [225.5, 80.0], [226.0, 80.5], [227.0, 80.5], [227.5, 81.0], [228.0, 81.5], [229.0, 81.5], [230.0, 81.5], [230.5, 81.0], [230.5, 80.0], [230.0, 79.5], [229.5, 79.0], [229.5, 78.0], [229.5, 77.0], [229.5, 76.0], [229.0, 75.5], [228.5, 75.0], [228.5, 74.0], [228.0, 73.5], [227.5, 73.0], [227.5, 72.0], [227.0, 71.5], [226.0, 71.5], [225.0, 71.5], [224.5, 71.0], [224.0, 70.5], [223.5, 70.0], [223.0, 69.5], [222.0, 69.5], [221.5, 69.0], [221.0, 68.5], [220.5, 68.0], [220.5, 67.0], [220.0, 66.5], [219.5, 66.0], [219.5, 65.0], [219.0, 64.5], [218.0, 64.5], [217.5, 64.0], [217.0, 63.5], [216.5, 63.0], [216.5, 62.0], [216.0, 61.5], [215.5, 61.0], [215.5, 60.0], [215.0, 59.5], [214.5, 59.0], [214.5, 58.0], [214.0, 57.5], [213.5, 58.0], [213.0, 58.5], [212.0, 58.5], [211.0, 58.5], [210.5, 59.0], [210.0, 59.5], [209.5, 60.0]]"
SLICE,Z7,RF_L,24.99771463870789,20.666722893711892,-116.60200500488261,,32.878411910669975,6.891761936517744,,,"[[209.0, 51.5], [208.5, 52.0], [209.0, 52.5], [209.5, 53.0], [209.5, 54.0], [209.5, 55.0], [209.5, 56.0], [210.0, 56.5], [211.0, 56.5], [212.0, 56.5], [213.0, 56.5], [214.0, 56.5], [215.0, 56.5], [216.0, 56.5], [217.0, 56.5], [218.0, 56.5], [219.0, 56.5], [220.0, 56.5], [220.5, 56.0], [221.0, 55.5], [221.5, 55.0], [222.0, 54.5], [223.0, 54.5], [224.0, 54.5], [224.5, 54.0], [225.0, 53.5], [225.5, 53.0], [226.0, 52.5], [226.5, 52.0], [227.0, 51.5], [228.0, 51.5], [228.5, 51.0], [229.0, 50.5], [229.5, 50.0], [230.0, 49.5], [231.0, 49.5], [231.5, 49.0], [231.5, 48.0], [232.0, 47.5], [232.5, 47.0], [233.0, 46.5], [234.0, 46.5], [235.0, 46.5], [235.5, 46.0], [236.0, 45.5], [236.5, 45.0], [237.0, 44.5], [238.0, 44.5], [239.0, 44.5], [239.5, 44.0], [239.5, 43.0], [239.5, 42.0], [239.5, 41.0], [239.5, 40.0], [239.0, 39.5], [238.5, 39.0], [238.0, 38.5], [237.0, 38.5], [236.0, 38.5], [235.0, 38.5], [234.5, 38.0], [234.0, 37.5], [233.0, 37.5], [232.0, 37.5], [231.5, 37.0], [231.0, 36.5], [230.0, 36.5], [229.0, 36.5], [228.0, 36.5], [227.0, 36.5], [226.0, 36.5], [225.5, 37.0], [225.0, 37.5], [224.0, 37.5], [223.0, 37.5], [222.0, 37.5], [221.5, 38.0], [221.0, 38.5], [220.0, 38.5], [219.0, 38.5], [218.0, 38.5], [217.5, 39.0], [217.0, 39.5], [216.0, 39.5], [215.5, 40.0], [215.0, 40.5], [214.0, 40.5], [213.5, 41.0], [213.0, 41.5], [212.5, 42.0], [212.0, 42.5], [211.5, 43.0], [211.5, 44.0], [211.0, 44.5], [210.5, 45.0], [210.0, 45.5], [209.5, 46.0], [209.5, 47.0], [209.5, 48.0], [209.5, 49.0], [209.5, 50.0], [209.5, 51.0]]"
SLICE,Z7,SAR_L,24.99771463870789,20.666722893711892,-116.60200500488261,,28.492753623188406,15.95384937276467,,,"[[199.0, 53.5], [198.5, 54.0], [198.5, 55.0], [198.5, 56.0], [199.0, 56.5], [199.5, 57.0], [199.5, 58.0], [199.5, 59.0], [199.5, 60.0], [200.0, 60.5], [200.5, 61.0], [201.0, 61.5], [202.0, 61.5], [203.0, 61.5], [204.0, 61.5], [204.5, 61.0], [205.0, 60.5], [205.5, 60.0], [206.0, 59.5], [207.0, 59.5], [207.5, 59.0], [208.0, 58.5], [208.5, 58.0], [208.5, 57.0], [209.0, 56.5], [209.5, 56.0], [209.5, 55.0], [209.5, 54.0], [209.5, 53.0], [209.0, 52.5], [208.5, 52.0], [209.0, 51.5], [209.5, 51.0], [209.5, 50.0], [209.5, 49.0], [209.5, 48.0], [209.5, 47.0], [209.5, 46.0], [210.0, 45.5], [210.5, 45.0], [211.0, 44.5], [211.5, 44.0], [211.5, 43.0], [211.0, 42.5], [210.5, 43.0], [210.0, 43.5], [209.0, 43.5], [208.5, 44.0], [208.0, 44.5], [207.5, 45.0], [207.0, 45.5], [206.0, 45.5], [205.0, 45.5], [204.5, 46.0], [204.0, 46.5], [203.5, 47.0], [203.5, 48.0], [203.0, 48.5], [202.0, 48.5], [201.5, 49.0], [201.0, 49.5], [200.5, 50.0], [200.5, 51.0], [200.0, 51.5], [199.5, 52.0], [199.5, 53.0]]"
SLICE,Z7,GRA_L,24.99771463870789,20.666722893711892,-116.60200500488261,,35.70552147239264,12.785599892275965,,,"[[175.0, 68.5], [174.5, 69.0], [174.5, 70.0], [174.5, 71.0], [174.5, 72.0], [174.5, 73.0], [174.5, 74.0], [174.5, 75.0], [174.5, 76.0], [174.5, 77.0], [174.5, 78.0], [174.5, 79.0], [174.5, 80.0], [174.5, 81.0], [174.5, 82.0], [174.5, 83.0], [174.5, 84.0], [174.5, 85.0], [174.5, 86.0], [175.0, 86.5], [175.5, 87.0], [175.5, 88.0], [175.5, 89.0], [176.0, 89.5], [177.0, 89.5], [178.0, 89.5], [178.5, 90.0], [179.0, 90.5], [180.0, 90.5], [180.5, 90.0], [181.0, 89.5], [181.5, 89.0], [181.5, 88.0], [181.5, 87.0], [181.5, 86.0], [181.5, 85.0], [181.5, 84.0], [181.5, 83.0], [181.5, 82.0], [181.5, 81.0], [181.5, 80.0], [181.5, 79.0], [181.5, 78.0], [181.5, 77.0], [181.5, 76.0], [181.5, 75.0], [181.5, 74.0], [181.5, 73.0], [181.5, 72.0], [181.5, 71.0], [181.5, 70.0], [181.0, 69.5], [180.5, 69.0], [180.5, 68.0], [180.5, 67.0], [180.5, 66.0], [180.0, 65.5], [179.5, 65.0], [179.0, 64.5], [178.0, 64.5], [177.0, 64.5], [176.5, 65.0], [176.0, 65.5], [175.5, 66.0], [175.5, 67.0], [175.5, 68.0]]"
SLICE,Z7,SM_L,24.99771463870789,20.666722893711892,-116.60200500488261,,,,,,
SLICE,Z7,ST_L,24.99771463870789,20.666722893711892,-116.60200500488261,,34.55965909090909,9.444326573622682,,,"[[203.0, 97.5], [202.5, 98.0], [202.5, 99.0], [202.5, 100.0], [202.5, 101.0], [203.0, 101.5], [203.5, 102.0], [203.5, 103.0], [203.5, 104.0], [203.5, 105.0], [204.0, 105.5], [204.5, 106.0], [205.0, 106.5], [205.5, 107.0], [205.5, 108.0], [206.0, 108.5], [206.5, 109.0], [207.0, 109.5], [208.0, 109.5], [208.5, 110.0], [208.5, 111.0], [209.0, 111.5], [210.0, 111.5], [210.5, 112.0], [211.0, 112.5], [212.0, 112.5], [213.0, 112.5], [213.5, 113.0], [214.0, 113.5], [214.5, 114.0], [215.0, 114.5], [216.0, 114.5], [217.0, 114.5], [218.0, 114.5], [219.0, 114.5], [220.0, 114.5], [221.0, 114.5], [221.5, 114.0], [222.0, 113.5], [222.5, 113.0], [223.0, 112.5], [223.5, 112.0], [224.0, 111.5], [224.5, 111.0], [224.5, 110.0], [224.5, 109.0], [224.5, 108.0], [224.5, 107.0], [224.5, 106.0], [224.5, 105.0], [224.5, 104.0], [225.0, 103.5], [225.5, 103.0], [225.5, 102.0], [225.5, 101.0], [225.5, 100.0], [225.5, 99.0], [225.0, 98.5], [224.5, 98.0], [224.5, 97.0], [224.5, 96.0], [224.0, 95.5], [223.0, 95.5], [222.0, 95.5], [221.0, 95.5], [220.0, 95.5], [219.5, 96.0], [219.0, 96.5], [218.0, 96.5], [217.0, 96.5], [216.0, 96.5], [215.0, 96.5], [214.0, 96.5], [213.5, 96.0], [213.0, 95.5], [212.0, 95.5], [211.5, 95.0], [211.0, 94.5], [210.0, 94.5], [209.0, 94.5], [208.0, 94.5], [207.5, 95.0], [207.0, 95.5], [206.0, 95.5], [205.5, 96.0], [205.0, 96.5], [204.0, 96.5], [203.5, 97.0]]"
SLICE,Z7,BF_L,24.99771463870789,20.666722893711892,-116.60200500488261,,36.6271186440678,5.405265182929325,,,"[[225.0, 106.5], [224.5, 107.0], [224.5, 108.0], [224.5, 109.0], [225.0, 109.5], [225.5, 110.0], [226.0, 110.5], [226.5, 110.0], [227.0, 109.5], [227.5, 109.0], [227.5, 108.0], [228.0, 107.5], [228.5, 107.0], [228.5, 106.0], [229.0, 105.5], [229.5, 105.0], [229.5, 104.0], [229.5, 103.0], [229.5, 102.0], [230.0, 101.5], [230.5, 101.0], [231.0, 100.5], [231.5, 100.0], [231.5, 99.0], [231.5, 98.0], [231.5, 97.0], [231.0, 96.5], [230.0, 96.5], [229.0, 96.5], [228.0, 96.5], [227.0, 96.5], [226.0, 96.5], [225.5, 97.0], [225.5, 98.0], [225.5, 99.0], [225.5, 100.0], [225.5, 101.0], [225.5, 102.0], [225.5, 103.0], [225.5, 104.0], [225.5, 105.0], [225.5, 106.0]]"
SLICE,Z7,BF_SH_L,24.99771463870789,20.666722893711892,-116.60200500488261,,,,,,
SLICE,Z7,AM_L,24.99771463870789,20.666722893711892,-116.60200500488261,,33.979568671963676,8.99739098493908,,,"[[182.0, 76.5], [181.5, 77.0], [181.5, 78.0], [181.5, 79.0], [181.5, 80.0], [181.5, 81.0], [181.5, 82.0], [181.5, 83.0], [181.5, 84.0], [181.5, 85.0], [181.5, 86.0], [181.5, 87.0], [181.5, 88.0], [182.0, 88.5], [182.5, 89.0], [183.0, 89.5], [183.5, 90.0], [184.0, 90.5], [184.5, 91.0], [185.0, 91.5], [186.0, 91.5], [186.5, 92.0], [187.0, 92.5], [188.0, 92.5], [188.5, 93.0], [188.5, 94.0], [189.0, 94.5], [189.5, 95.0], [190.0, 95.5], [190.5, 96.0], [191.0, 96.5], [192.0, 96.5], [192.5, 97.0], [193.0, 97.5], [193.5, 98.0], [194.0, 98.5], [194.5, 99.0], [195.0, 99.5], [196.0, 99.5], [197.0, 99.5], [198.0, 99.5], [198.5, 99.0], [199.0, 98.5], [199.5, 98.0], [200.0, 97.5], [200.5, 97.0], [201.0, 96.5], [202.0, 96.5], [203.0, 96.5], [204.0, 96.5], [205.0, 96.5], [205.5, 96.0], [206.0, 95.5], [207.0, 95.5], [207.5, 95.0], [208.0, 94.5], [209.0, 94.5], [210.0, 94.5], [211.0, 94.5], [211.5, 95.0], [212.0, 95.5], [213.0, 95.5], [213.5, 96.0], [214.0, 96.5], [215.0, 96.5], [216.0, 96.5], [217.0, 96.5], [218.0, 96.5], [219.0, 96.5], [219.5, 96.0], [220.0, 95.5], [220.5, 95.0], [221.0, 94.5], [222.0, 94.5], [223.0, 94.5], [223.5, 94.0], [224.0, 93.5], [225.0, 93.5], [225.5, 93.0], [226.0, 92.5], [226.5, 92.0], [227.0, 91.5], [228.0, 91.5], [229.0, 91.5], [229.5, 91.0], [229.5, 90.0], [230.0, 89.5], [230.5, 89.0], [230.5, 88.0], [230.5, 87.0], [230.5, 86.0], [230.0, 85.5], [229.5, 85.0], [229.0, 84.5], [228.0, 84.5], [227.5, 84.0], [227.0, 83.5], [226.0, 83.5], [225.0, 83.5], [224.5, 83.0], [224.0, 82.5], [223.5, 82.0], [223.0, 81.5], [222.0, 81.5], [221.5, 81.0], [221.0, 80.5], [220.0, 80.5], [219.5, 80.0], [219.0, 79.5], [218.5, 80.0], [218.0, 80.5], [217.0, 80.5], [216.0, 80.5], [215.5, 80.0], [215.0, 79.5], [214.0, 79.5], [213.0, 79.5], [212.0, 79.5], [211.0, 79.5], [210.5, 79.0], [210.0, 78.5], [209.0, 78.5], [208.0, 78.5], [207.5, 78.0], [207.0, 77.5], [206.5, 77.0], [206.0, 76.5], [205.0, 76.5], [204.5, 76.0], [204.5, 75.0], [204.5, 74.0], [205.0, 73.5], [205.5, 73.0], [205.0, 72.5], [204.0, 72.5], [203.0, 72.5], [202.0, 72.5], [201.0, 72.5], [200.0, 72.5], [199.0, 72.5], [198.0, 72.5], [197.0, 72.5], [196.0, 72.5], [195.0, 72.5], [194.0, 72.5], [193.0, 72.5], [192.0, 72.5], [191.0, 72.5], [190.0, 72.5], [189.5, 72.0], [189.0, 71.5], [188.0, 71.5], [187.5, 72.0], [187.0, 72.5], [186.5, 73.0], [186.0, 73.5], [185.5, 74.0], [185.0, 74.5], [184.0, 74.5], [183.5, 75.0], [183.0, 75.5], [182.5, 76.0]]"
SLICE,Z7,AL_L,24.99771463870789,20.666722893711892,-116.60200500488261,,16.67283950617284,12.881142426384768,,,"[[180.0, 60.5], [179.5, 61.0], [179.5, 62.0], [179.5, 63.0], [179.5, 64.0], [180.0, 64.5], [180.5, 65.0], [180.5, 66.0], [181.0, 66.5], [181.5, 67.0], [182.0, 67.5], [182.5, 68.0], [182.5, 69.0], [183.0, 69.5], [184.0, 69.5], [185.0, 69.5], [185.5, 70.0], [186.0, 70.5], [187.0, 70.5], [187.5, 71.0], [188.0, 71.5], [189.0, 71.5], [189.5, 72.0], [190.0, 72.5], [191.0, 72.5], [192.0, 72.5], [193.0, 72.5], [194.0, 72.5], [195.0, 72.5], [196.0, 72.5], [197.0, 72.5], [198.0, 72.5], [199.0, 72.5], [200.0, 72.5], [201.0, 72.5], [202.0, 72.5], [203.0, 72.5], [203.5, 72.0], [204.0, 71.5], [204.5, 71.0], [204.0, 70.5], [203.5, 70.0], [203.5, 69.0], [204.0, 68.5], [204.5, 68.0], [204.5, 67.0], [204.5, 66.0], [204.5, 65.0], [204.0, 64.5], [203.5, 64.0], [203.0, 63.5], [202.5, 63.0], [202.5, 62.0], [202.0, 61.5], [201.0, 61.5], [200.5, 61.0], [200.0, 60.5], [199.5, 60.0], [199.5, 59.0], [199.5, 58.0], [199.5, 57.0], [199.0, 56.5], [198.5, 56.0], [198.0, 55.5], [197.0, 55.5], [196.0, 55.5], [195.0, 55.5], [194.0, 55.5], [193.0, 55.5], [192.0, 55.5], [191.0, 55.5], [190.5, 56.0], [190.0, 56.5], [189.0, 56.5], [188.5, 57.0], [188.0, 57.5], [187.0, 57.5], [186.0, 57.5], [185.0, 57.5], [184.5, 58.0], [184.0, 58.5], [183.0, 58.5], [182.5, 59.0], [182.0, 59.5], [181.0, 59.5], [180.5, 60.0]]"
SLICE,Z7,AB_L,24.99771463870789,20.666722893711892,-116.60200500488261,,34.833333333333336,3.8532093405656305,,,"[[205.0, 73.5], [204.5, 74.0], [204.5, 75.0], [204.5, 76.0], [205.0, 76.5], [206.0, 76.5], [206.5, 77.0], [207.0, 77.5], [207.5, 78.0], [208.0, 78.5], [209.0, 78.5], [210.0, 78.5], [210.5, 79.0], [211.0, 79.5], [212.0, 79.5], [213.0, 79.5], [214.0, 79.5], [215.0, 79.5], [215.5, 80.0], [216.0, 80.5], [217.0, 80.5], [218.0, 80.5], [218.5, 80.0], [218.0, 79.5], [217.5, 79.0], [217.0, 78.5], [216.0, 78.5], [215.5, 78.0], [215.0, 77.5], [214.5, 77.0], [214.0, 76.5], [213.5, 76.0], [213.0, 75.5], [212.0, 75.5], [211.0, 75.5], [210.5, 75.0], [210.0, 74.5], [209.5, 74.0], [209.0, 73.5], [208.0, 73.5], [207.0, 73.5], [206.5, 73.0], [206.0, 72.5], [205.5, 73.0]]"
SLICE,Z8,VL_R,24.99771463870789,20.666722893711892,-86.60200500488298,,36.928223844282236,8.31121872527041,,,"[[49.0, 73.5], [48.5, 74.0], [48.5, 75.0], [48.5, 76.0], [48.5, 77.0], [49.0, 77.5], [49.5, 78.0], [49.5, 79.0], [49.5, 80.0], [50.0, 80.5], [50.5, 81.0], [50.5, 82.0], [50.5, 83.0], [51.0, 83.5], [51.5, 84.0], [52.0, 84.5], [53.0, 84.5], [53.5, 85.0], [54.0, 85.5], [54.5, 86.0], [55.0, 86.5], [56.0, 86.5], [57.0, 86.5], [57.5, 87.0], [58.0, 87.5], [59.0, 87.5], [59.5, 88.0], [60.0, 88.5], [61.0, 88.5], [61.5, 89.0], [62.0, 89.5], [63.0, 89.5], [64.0, 89.5], [65.0, 89.5], [65.5, 90.0], [65.5, 91.0], [66.0, 91.5], [67.0, 91.5], [68.0, 91.5], [68.5, 92.0], [69.0, 92.5], [70.0, 92.5], [71.0, 92.5], [71.5, 92.0], [72.0, 91.5], [73.0, 91.5], [74.0, 91.5], [74.5, 91.0], [74.5, 90.0], [74.5, 89.0], [74.0, 88.5], [73.0, 88.5], [72.5, 88.0], [72.5, 87.0], [72.0, 86.5], [71.5, 86.0], [71.5, 85.0], [71.5, 84.0], [71.5, 83.0], [71.5, 82.0], [71.5, 81.0], [71.5, 80.0], [71.5, 79.0], [72.0, 78.5], [72.5, 78.0], [72.5, 77.0], [73.0, 76.5], [74.0, 76.5], [74.5, 76.0], [74.5, 75.0], [75.0, 74.5], [75.5, 74.0], [76.0, 73.5], [76.5, 73.0], [76.5, 72.0], [77.0, 71.5], [77.5, 71.0], [77.5, 70.0], [78.0, 69.5], [79.0, 69.5], [79.5, 69.0], [79.5, 68.0], [79.5, 67.0], [80.0, 66.5], [81.0, 66.5], [81.5, 66.0], [81.5, 65.0], [82.0, 64.5], [83.0, 64.5], [84.0, 64.5], [84.5, 64.0], [84.5, 63.0], [84.5, 62.0], [84.5, 61.0], [84.5, 60.0], [84.0, 59.5], [83.0, 59.5], [82.0, 59.5], [81.5, 59.0], [81.0, 58.5], [80.0, 58.5], [79.0, 58.5], [78.5, 58.0], [78.0, 57.5], [77.0, 57.5], [76.0, 57.5], [75.5, 57.0], [75.0, 56.5], [74.0, 56.5], [73.0, 56.5], [72.0, 56.5], [71.5, 56.0], [71.0, 55.5], [70.0, 55.5], [69.0, 55.5], [68.0, 55.5], [67.0, 55.5], [66.0, 55.5], [65.0, 55.5], [64.0, 55.5], [63.5, 56.0], [63.0, 56.5], [62.0, 56.5], [61.0, 56.5], [60.5, 57.0], [60.0, 57.5], [59.0, 57.5], [58.5, 58.0], [58.0, 58.5], [57.0, 58.5], [56.5, 59.0], [56.0, 59.5], [55.5, 60.0], [55.5, 61.0], [55.5, 62.0], [55.0, 62.5], [54.5, 63.0], [54.0, 63.5], [53.5, 64.0], [53.0, 64.5], [52.5, 65.0], [52.0, 65.5], [51.5, 66.0], [51.0, 66.5], [50.5, 67.0], [50.5, 68.0], [50.5, 69.0], [50.0, 69.5], [49.5, 70.0], [49.5, 71.0], [49.5, 72.0], [49.5, 73.0]]"
SLICE,Z8,VI_R,24.99771463870789,20.666722893711892,-86.60200500488298,,33.435064935064936,14.562862090554546,,,"[[75.0, 74.5], [74.5, 75.0], [74.5, 76.0], [75.0, 76.5], [76.0, 76.5], [76.5, 76.0], [77.0, 75.5], [78.0, 75.5], [79.0, 75.5], [79.5, 75.0], [80.0, 74.5], [81.0, 74.5], [81.5, 74.0], [82.0, 73.5], [83.0, 73.5], [84.0, 73.5], [85.0, 73.5], [86.0, 73.5], [87.0, 73.5], [88.0, 73.5], [88.5, 73.0], [89.0, 72.5], [89.5, 72.0], [90.0, 71.5], [91.0, 71.5], [91.5, 71.0], [91.5, 70.0], [91.5, 69.0], [92.0, 68.5], [92.5, 68.0], [92.5, 67.0], [93.0, 66.5], [93.5, 66.0], [93.5, 65.0], [94.0, 64.5], [94.5, 64.0], [94.0, 63.5], [93.5, 63.0], [93.0, 62.5], [92.5, 62.0], [92.0, 61.5], [91.0, 61.5], [90.0, 61.5], [89.0, 61.5], [88.0, 61.5], [87.0, 61.5], [86.0, 61.5], [85.5, 62.0], [85.0, 62.5], [84.5, 63.0], [84.5, 64.0], [84.0, 64.5], [83.0, 64.5], [82.0, 64.5], [81.5, 65.0], [81.5, 66.0], [81.0, 66.5], [80.0, 66.5], [79.5, 67.0], [79.5, 68.0], [79.5, 69.0], [79.0, 69.5], [78.0, 69.5], [77.5, 70.0], [77.5, 71.0], [77.0, 71.5], [76.5, 72.0], [76.5, 73.0], [76.0, 73.5], [75.5, 74.0]]"
SLICE,Z8,VM_R,24.99771463870789,20.666722893711892,-86.60200500488298,,,,,,
SLICE,Z8,RF_R,24.99771463870789,20.666722893711892,-86.60200500488298,,32.76470588235294,12.05484341172861,,,"[[69.0, 48.5], [68.5, 49.0], [68.5, 50.0], [69.0, 50.5], [69.5, 51.0], [70.0, 51.5], [70.5, 52.0], [70.5, 53.0], [70.5, 54.0], [71.0, 54.5], [72.0, 54.5], [72.5, 55.0], [73.0, 55.5], [73.5, 56.0], [74.0, 56.5], [75.0, 56.5], [75.5, 57.0], [76.0, 57.5], [77.0, 57.5], [78.0, 57.5], [78.5, 58.0], [79.0, 58.5], [80.0, 58.5], [81.0, 58.5], [81.5, 59.0], [82.0, 59.5], [83.0, 59.5], [84.0, 59.5], [85.0, 59.5], [86.0, 59.5], [87.0, 59.5], [88.0, 59.5], [89.0, 59.5], [90.0, 59.5], [91.0, 59.5], [91.5, 59.0], [92.0, 58.5], [93.0, 58.5], [94.0, 58.5], [94.5, 58.0], [94.5, 57.0], [95.0, 56.5], [95.5, 56.0], [96.0, 55.5], [96.5, 55.0], [96.5, 54.0], [96.5, 53.0], [96.0, 52.5], [95.5, 52.0], [95.0, 51.5], [94.5, 51.0], [94.5, 50.0], [94.0, 49.5], [93.0, 49.5], [92.5, 49.0], [92.5, 48.0], [92.0, 47.5], [91.5, 47.0], [91.0, 46.5], [90.5, 46.0], [90.0, 45.5], [89.5, 45.0], [89.0, 44.5], [88.0, 44.5], [87.0, 44.5], [86.5, 44.0], [86.0, 43.5], [85.0, 43.5], [84.0, 43.5], [83.0, 43.5], [82.0, 43.5], [81.0, 43.5], [80.0, 43.5], [79.0, 43.5], [78.5, 44.0], [78.0, 44.5], [77.0, 44.5], [76.5, 45.0], [76.0, 45.5], [75.0, 45.5], [74.0, 45.5], [73.5, 46.0], [73.0, 46.5], [72.0, 46.5], [71.5, 47.0], [71.0, 47.5], [70.5, 48.0], [70.0, 48.5]]"
SLICE,Z8,SAR_R,24.99771463870789,20.666722893711892,-86.60200500488298,,28.105263157894736,14.972412303764076,,,"[[89.0, 40.5], [88.5, 41.0], [88.5, 42.0], [88.5, 43.0], [88.5, 44.0], [89.0, 44.5], [89.5, 45.0], [90.0, 45.5], [90.5, 46.0], [91.0, 46.5], [91.5, 47.0], [92.0, 47.5], [92.5, 48.0], [92.5, 49.0], [93.0, 49.5], [94.0, 49.5], [94.5, 50.0], [94.5, 51.0], [95.0, 51.5], [95.5, 52.0], [96.0, 52.5], [96.5, 53.0], [97.0, 53.5], [97.5, 54.0], [98.0, 54.5], [99.0, 54.5], [100.0, 54.5], [101.0, 54.5], [101.5, 54.0], [102.0, 53.5], [103.0, 53.5], [103.5, 53.0], [104.0, 52.5], [104.5, 52.0], [105.0, 51.5], [106.0, 51.5], [106.5, 51.0], [106.5, 50.0], [106.5, 49.0], [106.0, 48.5], [105.5, 48.0], [105.0, 47.5], [104.5, 47.0], [104.5, 46.0], [104.0, 45.5], [103.0, 45.5], [102.0, 45.5], [101.5, 45.0], [101.5, 44.0], [101.0, 43.5], [100.0, 43.5], [99.5, 43.0], [99.0, 42.5], [98.5, 42.0], [98.0, 41.5], [97.0, 41.5], [96.5, 41.0], [96.0, 40.5], [95.0, 40.5], [94.0, 40.5], [93.0, 40.5], [92.0, 40.5], [91.0, 40.5], [90.0, 40.5]]"
SLICE,Z8,GRA_R,24.99771463870789,20.666722893711892,-86.60200500488298,,33.724137931034484,9.003434408790282,,,"[[139.0, 61.5], [138.5, 62.0], [138.5, 63.0], [138.5, 64.0], [139.0, 64.5], [139.5, 65.0], [139.5, 66.0], [139.5, 67.0], [139.5, 68.0], [139.5, 69.0], [139.5, 70.0], [139.5, 71.0], [139.5, 72.0], [139.5, 73.0], [140.0, 73.5], [140.5, 73.0], [141.0, 72.5], [141.5, 72.0], [142.0, 71.5], [143.0, 71.5], [143.5, 71.0], [143.5, 70.0], [143.5, 69.0], [143.5, 68.0], [143.5, 67.0], [143.5, 66.0], [144.0, 65.5], [144.5, 65.0], [144.5, 64.0], [144.0, 63.5], [143.5, 63.0], [143.5, 62.0], [143.5, 61.0], [143.5, 60.0], [143.0, 59.5], [142.5, 59.0], [142.0, 58.5], [141.0, 58.5], [140.5, 59.0], [140.0, 59.5], [139.5, 60.0], [139.5, 61.0]]"
SLICE,Z8,SM_R,24.99771463870789,20.666722893711892,-86.60200500488298,,,,,,
SLICE,Z8,ST_R,24.99771463870789,20.666722893711892,-86.60200500488298,,34.352380952380955,14.486763056489716,,,"[[101.0, 97.5], [100.5, 98.0], [100.5, 99.0], [100.5, 100.0], [100.5, 101.0], [101.0, 101.5], [102.0, 101.5], [103.0, 101.5], [104.0, 101.5], [105.0, 101.5], [106.0, 101.5], [107.0, 101.5], [107.5, 101.0], [108.0, 100.5], [109.0, 100.5], [109.5, 100.0], [110.0, 99.5], [111.0, 99.5], [112.0, 99.5], [113.0, 99.5], [114.0, 99.5], [114.5, 99.0], [114.5, 98.0], [114.5, 97.0], [114.5, 96.0], [114.0, 95.5], [113.5, 95.0], [113.5, 94.0], [113.0, 93.5], [112.5, 93.0], [112.0, 92.5], [111.5, 92.0], [111.0, 91.5], [110.5, 91.0], [110.0, 90.5], [109.0, 90.5], [108.5, 91.0], [108.0, 91.5], [107.0, 91.5], [106.0, 91.5], [105.5, 92.0], [105.5, 93.0], [105.0, 93.5], [104.0, 93.5], [103.5, 94.0], [103.5, 95.0], [103.0, 95.5], [102.0, 95.5], [101.5, 96.0], [101.5, 97.0]]"
SLICE,Z8,BF_R,24.99771463870789,20.666722893711892,-86.60200500488298,,,,,,
SLICE,Z8,BF_SH_R,24.99771463870789,20.666722893711892,-86.60200500488298,,,,,,
SLICE,Z8,AM_R,24.99771463870789,20.666722893711892,-86.60200500488298,,38.41379310344828,8.843279248177216,,,"[[97.0, 82.5], [96.5, 83.0], [96.5, 84.0], [96.5, 85.0], [97.0, 85.5], [98.0, 85.5], [99.0, 85.5], [99.5, 85.0], [100.0, 84.5], [100.5, 85.0], [100.5, 86.0], [101.0, 86.5], [102.0, 86.5], [102.5, 87.0], [103.0, 87.5], [103.5, 88.0], [104.0, 88.5], [104.5, 89.0], [105.0, 89.5], [106.0, 89.5], [107.0, 89.5], [108.0, 89.5], [109.0, 89.5], [110.0, 89.5], [111.0, 89.5], [111.5, 90.0], [112.0, 90.5], [113.0, 90.5], [113.5, 91.0], [114.0, 91.5], [114.5, 92.0], [114.5, 93.0], [115.0, 93.5], [115.5, 94.0], [115.5, 95.0], [116.0, 95.5], [116.5, 96.0], [117.0, 96.5], [118.0, 96.5], [119.0, 96.5], [120.0, 96.5], [120.5, 96.0], [121.0, 95.5], [121.5, 95.0], [122.0, 94.5], [123.0, 94.5], [123.5, 94.0], [124.0, 93.5], [124.5, 93.0], [124.5, 92.0], [125.0, 91.5], [125.5, 91.0], [126.0, 90.5], [126.5, 90.0], [127.0, 89.5], [127.5, 89.0], [128.0, 88.5], [128.5, 88.0], [129.0, 87.5], [129.5, 87.0], [129.5, 86.0], [130.0, 85.5], [130.5, 85.0], [131.0, 84.5], [131.5, 84.0], [131.5, 83.0], [131.5, 82.0], [132.0, 81.5], [132.5, 81.0], [132.5, 80.0], [133.0, 79.5], [133.5, 79.0], [134.0, 78.5], [134.5, 78.0], [134.5, 77.0], [134.5, 76.0], [134.5, 75.0], [135.0, 74.5], [135.5, 74.0], [136.0, 73.5], [136.5, 73.0], [136.5, 72.0], [137.0, 71.5], [138.0, 71.5], [138.5, 71.0], [139.0, 70.5], [139.5, 70.0], [139.5, 69.0], [139.5, 68.0], [139.5, 67.0], [139.5, 66.0], [139.5, 65.0], [139.0, 64.5], [138.0, 64.5], [137.0, 64.5], [136.5, 65.0], [136.5, 66.0], [136.0, 66.5], [135.0, 66.5], [134.5, 67.0], [134.5, 68.0], [134.0, 68.5], [133.5, 69.0], [133.0, 69.5], [132.0, 69.5], [131.0, 69.5], [130.0, 69.5], [129.0, 69.5], [128.0, 69.5], [127.0, 69.5], [126.0, 69.5], [125.0, 69.5], [124.0, 69.5], [123.0, 69.5], [122.0, 69.5], [121.5, 70.0], [121.0, 70.5], [120.0, 70.5], [119.5, 71.0], [119.0, 71.5], [118.0, 71.5], [117.0, 71.5], [116.0, 71.5], [115.5, 72.0], [115.0, 72.5], [114.0, 72.5], [113.5, 73.0], [113.0, 73.5], [112.0, 73.5], [111.5, 74.0], [111.0, 74.5], [110.0, 74.5], [109.0, 74.5], [108.0, 74.5], [107.0, 74.5], [106.5, 75.0], [106.0, 75.5], [105.0, 75.5], [104.0, 75.5], [103.0, 75.5], [102.0, 75.5], [101.0, 75.5], [100.5, 76.0], [100.5, 77.0], [100.0, 77.5], [99.5, 78.0], [99.0, 78.5], [98.5, 79.0], [98.5, 80.0], [98.5, 81.0], [98.0, 81.5], [97.5, 82.0]]"
SLICE,Z8,AL_R,24.99771463870789,20.666722893711892,-86.60200500488298,,27.266990291262136,13.328980677197698,,,"[[117.0, 60.5], [116.5, 61.0], [116.5, 62.0], [117.0, 62.5], [117.5, 63.0], [118.0, 63.5], [118.5, 64.0], [119.0, 64.5], [120.0, 64.5], [121.0, 64.5], [122.0, 64.5], [123.0, 64.5], [124.0, 64.5], [125.0, 64.5], [126.0, 64.5], [127.0, 64.5], [128.0, 64.5], [129.0, 64.5], [130.0, 64.5], [131.0, 64.5], [132.0, 64.5], [133.0, 64.5], [134.0, 64.5], [134.5, 64.0], [135.0, 63.5], [136.0, 63.5], [136.5, 63.0], [136.5, 62.0], [137.0, 61.5], [137.5, 61.0], [138.0, 60.5], [138.5, 60.0], [138.5, 59.0], [138.5, 58.0], [138.5, 57.0], [138.5, 56.0], [138.0, 55.5], [137.5, 55.0], [137.0, 54.5], [136.5, 54.0], [136.0, 53.5], [135.0, 53.5], [134.0, 53.5], [133.0, 53.5], [132.0, 53.5], [131.0, 53.5], [130.0, 53.5], [129.0, 53.5], [128.0, 53.5], [127.0, 53.5], [126.0, 53.5], [125.0, 53.5], [124.0, 53.5], [123.5, 54.0], [123.5, 55.0], [123.0, 55.5], [122.0, 55.5], [121.0, 55.5], [120.0, 55.5], [119.0, 55.5], [118.5, 56.0], [118.5, 57.0], [118.0, 57.5], [117.5, 58.0], [117.5, 59.0], [117.5, 60.0]]"
SLICE,Z8,AB_R,24.99771463870789,20.666722893711892,-86.60200500488298,,41.89523809523809,12.561410149474089,,,"[[103.0, 73.5], [102.5, 74.0], [102.5, 75.0], [103.0, 75.5], [104.0, 75.5], [105.0, 75.5], [106.0, 75.5], [106.5, 75.0], [107.0, 74.5], [108.0, 74.5], [109.0, 74.5], [110.0, 74.5], [111.0, 74.5], [111.5, 74.0], [112.0, 73.5], [113.0, 73.5], [113.5, 73.0], [114.0, 72.5], [115.0, 72.5], [115.5, 72.0], [116.0, 71.5], [117.0, 71.5], [118.0, 71.5], [119.0, 71.5], [119.5, 71.0], [120.0, 70.5], [121.0, 70.5], [121.5, 70.0], [122.0, 69.5], [123.0, 69.5], [124.0, 69.5], [125.0, 69.5], [126.0, 69.5], [127.0, 69.5], [128.0, 69.5], [129.0, 69.5], [130.0, 69.5], [131.0, 69.5], [132.0, 69.5], [133.0, 69.5], [133.5, 69.0], [134.0, 68.5], [134.5, 68.0], [134.5, 67.0], [135.0, 66.5], [136.0, 66.5], [136.5, 66.0], [136.5, 65.0], [136.5, 64.0], [136.0, 63.5], [135.0, 63.5], [134.5, 64.0], [134.0, 64.5], [133.0, 64.5], [132.0, 64.5], [131.0, 64.5], [130.0, 64.5], [129.0, 64.5], [128.0, 64.5], [127.0, 64.5], [126.0, 64.5], [125.0, 64.5], [124.0, 64.5], [123.0, 64.5], [122.0, 64.5], [121.0, 64.5], [120.0, 64.5], [119.0, 64.5], [118.5, 65.0], [118.0, 65.5], [117.0, 65.5], [116.0, 65.5], [115.0, 65.5], [114.5, 66.0], [114.0, 66.5], [113.0, 66.5], [112.5, 67.0], [112.0, 67.5], [111.0, 67.5], [110.5, 68.0], [110.0, 68.5], [109.0, 68.5], [108.0, 68.5], [107.5, 69.0], [107.0, 69.5], [106.5, 70.0], [106.0, 70.5], [105.5, 71.0], [105.0, 71.5], [104.5, 72.0], [104.0, 72.5], [103.5, 73.0]]"
SLICE,Z8,VL_L,24.99771463870789,20.666722893711892,-86.60200500488298,,37.144578313253014,5.50404766548119,,,"[[220.0, 56.5], [219.5, 57.0], [220.0, 57.5], [220.5, 58.0], [220.5, 59.0], [220.5, 60.0], [221.0, 60.5], [221.5, 61.0], [222.0, 61.5], [223.0, 61.5], [224.0, 61.5], [225.0, 61.5], [226.0, 61.5], [226.5, 62.0], [227.0, 62.5], [228.0, 62.5], [228.5, 63.0], [229.0, 63.5], [230.0, 63.5], [230.5, 64.0], [231.0, 64.5], [232.0, 64.5], [233.0, 64.5], [234.0, 64.5], [234.5, 65.0], [235.0, 65.5], [236.0, 65.5], [236.5, 66.0], [237.0, 66.5], [238.0, 66.5], [239.0, 66.5], [239.5, 67.0], [240.0, 67.5], [241.0, 67.5], [241.5, 68.0], [242.0, 68.5], [242.5, 69.0], [243.0, 69.5], [244.0, 69.5], [245.0, 69.5], [245.5, 70.0], [246.0, 70.5], [246.5, 71.0], [247.0, 71.5], [247.5, 72.0], [247.5, 73.0], [248.0, 73.5], [248.5, 74.0], [248.5, 75.0], [248.5, 76.0], [248.5, 77.0], [248.5, 78.0], [248.5, 79.0], [248.5, 80.0], [248.5, 81.0], [248.0, 81.5], [247.5, 82.0], [247.0, 82.5], [246.5, 83.0], [246.5, 84.0], [246.0, 84.5], [245.5, 85.0], [245.0, 85.5], [244.5, 86.0], [244.5, 87.0], [245.0, 87.5], [245.5, 88.0], [246.0, 88.5], [247.0, 88.5], [248.0, 88.5], [249.0, 88.5], [249.5, 88.0], [250.0, 87.5], [251.0, 87.5], [251.5, 87.0], [252.0, 86.5], [253.0, 86.5], [253.5, 86.0], [254.0, 85.5], [254.5, 85.0], [255.0, 84.5], [256.0, 84.5], [256.5, 84.0], [256.5, 83.0], [257.0, 82.5], [257.5, 82.0], [258.0, 81.5], [259.0, 81.5], [259.5, 81.0], [259.5, 80.0], [260.0, 79.5], [261.0, 79.5], [261.5, 79.0], [261.5, 78.0], [261.5, 77.0], [262.0, 76.5], [262.5, 76.0], [262.5, 75.0], [263.0, 74.5], [263.5, 74.0], [263.5, 73.0], [263.5, 72.0], [263.5, 71.0], [263.5, 70.0], [263.5, 69.0], [263.5, 68.0], [263.5, 67.0], [263.0, 66.5], [262.5, 66.0], [262.5, 65.0], [262.5, 64.0], [262.0, 63.5], [261.5, 63.0], [261.5, 62.0], [261.5, 61.0], [261.0, 60.5], [260.5, 60.0], [260.5, 59.0], [260.0, 58.5], [259.5, 58.0], [259.0, 57.5], [258.5, 57.0], [258.0, 56.5], [257.5, 56.0], [257.0, 55.5], [256.5, 55.0], [256.0, 54.5], [255.5, 54.0], [255.0, 53.5], [254.5, 53.0], [254.0, 52.5], [253.5, 52.0], [253.0, 51.5], [252.5, 51.0], [252.0, 50.5], [251.5, 50.0], [251.0, 49.5], [250.5, 49.0], [250.0, 48.5], [249.0, 48.5], [248.5, 48.0], [248.0, 47.5], [247.5, 47.0], [247.0, 46.5], [246.5, 46.0], [246.0, 45.5], [245.0, 45.5], [244.0, 45.5], [243.0, 45.5], [242.0, 45.5], [241.0, 45.5], [240.0, 45.5], [239.0, 45.5], [238.0, 45.5], [237.5, 46.0], [237.0, 46.5], [236.0, 46.5], [235.0, 46.5], [234.5, 47.0], [234.0, 47.5], [233.5, 48.0], [233.0, 48.5], [232.0, 48.5], [231.5, 49.0], [231.0, 49.5], [230.0, 49.5], [229.5, 50.0], [229.0, 50.5], [228.0, 50.5], [227.5, 51.0], [227.0, 51.5], [226.0, 51.5], [225.5, 52.0], [225.0, 52.5], [224.5, 53.0], [224.5, 54.0], [224.0, 54.5], [223.0, 54.5], [222.0, 54.5], [221.5, 55.0], [221.0, 55.5], [220.5, 56.0]]"
SLICE,Z8,VI_L,24.99771463870789,20.666722893711892,-86.60200500488298,,35.269911504424776,7.012799738275697,,,"[[220.0, 60.5], [219.5, 61.0], [219.5, 62.0], [219.5, 63.0], [220.0, 63.5], [220.5, 64.0], [221.0, 64.5], [221.5, 65.0], [221.5, 66.0], [222.0, 66.5], [223.0, 66.5], [223.5, 67.0], [223.5, 68.0], [224.0, 68.5], [224.5, 69.0], [224.5, 70.0], [224.5, 71.0], [225.0, 71.5], [226.0, 71.5], [226.5, 72.0], [226.5, 73.0], [227.0, 73.5], [227.5, 74.0], [228.0, 74.5], [228.5, 74.0], [229.0, 73.5], [229.5, 73.0], [230.0, 72.5], [230.5, 72.0], [231.0, 71.5], [232.0, 71.5], [233.0, 71.5], [234.0, 71.5], [235.0, 71.5], [235.5, 72.0], [236.0, 72.5], [237.0, 72.5], [238.0, 72.5], [239.0, 72.5], [239.5, 73.0], [240.0, 73.5], [241.0, 73.5], [241.5, 74.0], [242.0, 74.5], [243.0, 74.5], [243.5, 75.0], [243.5, 76.0], [244.0, 76.5], [244.5, 77.0], [244.5, 78.0], [245.0, 78.5], [245.5, 79.0], [245.5, 80.0], [245.0, 80.5], [244.5, 81.0], [244.5, 82.0], [244.0, 82.5], [243.5, 83.0], [243.5, 84.0], [243.5, 85.0], [243.5, 86.0], [244.0, 86.5], [244.5, 86.0], [245.0, 85.5], [245.5, 85.0], [246.0, 84.5], [246.5, 84.0], [246.5, 83.0], [247.0, 82.5], [247.5, 82.0], [248.0, 81.5], [248.5, 81.0], [248.5, 80.0], [248.5, 79.0], [248.5, 78.0], [248.5, 77.0], [248.5, 76.0], [248.5, 75.0], [248.5, 74.0], [248.0, 73.5], [247.5, 73.0], [247.5, 72.0], [247.0, 71.5], [246.5, 71.0], [246.0, 70.5], [245.5, 70.0], [245.0, 69.5], [244.0, 69.5], [243.0, 69.5], [242.5, 69.0], [242.0, 68.5], [241.5, 68.0], [241.0, 67.5], [240.0, 67.5], [239.5, 67.0], [239.0, 66.5], [238.0, 66.5], [237.0, 66.5], [236.5, 66.0], [236.0, 65.5], [235.0, 65.5], [234.5, 65.0], [234.0, 64.5], [233.0, 64.5], [232.0, 64.5], [231.0, 64.5], [230.5, 64.0], [230.0, 63.5], [229.0, 63.5], [228.5, 63.0], [228.0, 62.5], [227.0, 62.5], [226.5, 62.0], [226.0, 61.5], [225.0, 61.5], [224.0, 61.5], [223.0, 61.5], [222.0, 61.5], [221.5, 61.0], [221.0, 60.5]]"
SLICE,Z8,VM_L,24.99771463870789,20.666722893711892,-86.60200500488298,,35.22784810126582,9.751273032229108,,,"[[216.0, 60.5], [215.5, 61.0], [215.5, 62.0], [215.5, 63.0], [215.5, 64.0], [216.0, 64.5], [216.5, 65.0], [216.5, 66.0], [217.0, 66.5], [217.5, 67.0], [218.0, 67.5], [218.5, 68.0], [218.5, 69.0], [219.0, 69.5], [220.0, 69.5], [220.5, 70.0], [220.5, 71.0], [220.5, 72.0], [221.0, 72.5], [221.5, 73.0], [221.5, 74.0], [222.0, 74.5], [222.5, 75.0], [223.0, 75.5], [223.5, 76.0], [224.0, 76.5], [225.0, 76.5], [225.5, 77.0], [226.0, 77.5], [226.5, 77.0], [227.0, 76.5], [227.5, 76.0], [227.5, 75.0], [227.5, 74.0], [227.0, 73.5], [226.5, 73.0], [226.5, 72.0], [226.0, 71.5], [225.0, 71.5], [224.5, 71.0], [224.5, 70.0], [224.5, 69.0], [224.0, 68.5], [223.5, 68.0], [223.5, 67.0], [223.0, 66.5], [222.0, 66.5], [221.5, 66.0], [221.5, 65.0], [221.0, 64.5], [220.5, 64.0], [220.0, 63.5], [219.5, 63.0], [219.5, 62.0], [219.5, 61.0], [219.0, 60.5], [218.0, 60.5], [217.0, 60.5]]"
SLICE,Z8,RF_L,24.99771463870789,20.666722893711892,-86.60200500488298,,36.92063492063492,9.588851971772133,,,"[[212.0, 48.5], [211.5, 49.0], [211.5, 50.0], [211.5, 51.0], [211.5, 52.0], [212.0, 52.5], [212.5, 53.0], [213.0, 53.5], [213.5, 54.0], [214.0, 54.5], [214.5, 55.0], [215.0, 55.5], [215.5, 56.0], [216.0, 56.5], [217.0, 56.5], [218.0, 56.5], [219.0, 56.5], [220.0, 56.5], [220.5, 56.0], [221.0, 55.5], [221.5, 55.0], [222.0, 54.5], [223.0, 54.5], [224.0, 54.5], [224.5, 54.0], [224.5, 53.0], [225.0, 52.5], [225.5, 52.0], [226.0, 51.5], [227.0, 51.5], [227.5, 51.0], [228.0, 50.5], [229.0, 50.5], [229.5, 50.0], [230.0, 49.5], [231.0, 49.5], [231.5, 49.0], [232.0, 48.5], [233.0, 48.5], [233.5, 48.0], [234.0, 47.5], [234.5, 47.0], [235.0, 46.5], [236.0, 46.5], [237.0, 46.5], [237.5, 46.0], [238.0, 45.5], [238.5, 45.0], [239.0, 44.5], [239.5, 44.0], [239.5, 43.0], [239.5, 42.0], [239.5, 41.0], [239.0, 40.5], [238.5, 40.0], [238.0, 39.5], [237.0, 39.5], [236.5, 39.0], [236.0, 38.5], [235.0, 38.5], [234.0, 38.5], [233.0, 38.5], [232.0, 38.5], [231.0, 38.5], [230.0, 38.5], [229.0, 38.5], [228.0, 38.5], [227.0, 38.5], [226.0, 38.5], [225.0, 38.5], [224.0, 38.5], [223.0, 38.5], [222.5, 39.0], [222.0, 39.5], [221.0, 39.5], [220.5, 40.0], [220.0, 40.5], [219.0, 40.5], [218.5, 41.0], [218.0, 41.5], [217.0, 41.5], [216.5, 42.0], [216.5, 43.0], [216.5, 44.0], [216.0, 44.5], [215.0, 44.5], [214.5, 45.0], [214.5, 46.0], [214.0, 46.5], [213.0, 46.5], [212.5, 47.0], [212.5, 48.0]]"
SLICE,Z8,SAR_L,24.99771463870789,20.666722893711892,-86.60200500488298,,39.691588785046726,18.11304647528816,,,"[[204.0, 46.5], [203.5, 47.0], [203.5, 48.0], [203.5, 49.0], [203.5, 50.0], [203.5, 51.0], [203.5, 52.0], [204.0, 52.5], [205.0, 52.5], [205.5, 53.0], [206.0, 53.5], [207.0, 53.5], [208.0, 53.5], [208.5, 53.0], [209.0, 52.5], [210.0, 52.5], [210.5, 52.0], [211.0, 51.5], [211.5, 51.0], [211.5, 50.0], [211.5, 49.0], [212.0, 48.5], [212.5, 48.0], [212.5, 47.0], [213.0, 46.5], [214.0, 46.5], [214.5, 46.0], [214.5, 45.0], [215.0, 44.5], [216.0, 44.5], [216.5, 44.0], [216.5, 43.0], [216.5, 42.0], [217.0, 41.5], [218.0, 41.5], [218.5, 41.0], [218.0, 40.5], [217.0, 40.5], [216.0, 40.5], [215.0, 40.5], [214.0, 40.5], [213.0, 40.5], [212.0, 40.5], [211.0, 40.5], [210.0, 40.5], [209.5, 41.0], [209.0, 41.5], [208.5, 42.0], [208.0, 42.5], [207.5, 43.0], [207.0, 43.5], [206.5, 44.0], [206.0, 44.5], [205.5, 45.0], [205.0, 45.5], [204.5, 46.0]]"
SLICE,Z8,GRA_L,24.99771463870789,20.666722893711892,-86.60200500488298,,26.95505617977528,8.553743004022643,,,"[[175.0, 61.5], [174.5, 62.0], [174.5, 63.0], [174.5, 64.0], [174.5, 65.0], [174.5, 66.0], [174.5, 67.0], [174.5, 68.0], [174.5, 69.0], [174.5, 70.0], [174.5, 71.0], [174.5, 72.0], [175.0, 72.5], [175.5, 73.0], [175.5, 74.0], [175.5, 75.0], [176.0, 75.5], [176.5, 76.0], [177.0, 76.5], [178.0, 76.5], [178.5, 77.0], [178.5, 78.0], [179.0, 78.5], [179.5, 79.0], [180.0, 79.5], [180.5, 80.0], [181.0, 80.5], [182.0, 80.5], [183.0, 80.5], [183.5, 80.0], [183.5, 79.0], [183.0, 78.5], [182.5, 78.0], [182.0, 77.5], [181.5, 77.0], [181.5, 76.0], [181.0, 75.5], [180.5, 75.0], [180.5, 74.0], [180.0, 73.5], [179.5, 73.0], [179.5, 72.0], [179.5, 71.0], [179.5, 70.0], [179.5, 69.0], [179.5, 68.0], [179.5, 67.0], [179.5, 66.0], [179.5, 65.0], [179.5, 64.0], [179.5, 63.0], [179.0, 62.5], [178.5, 62.0], [178.0, 61.5], [177.5, 61.0], [177.0, 60.5], [176.0, 60.5], [175.5, 61.0]]"
SLICE,Z8,SM_L,24.99771463870789,20.666722893711892,-86.60200500488298,,,,,,
SLICE,Z8,ST_L,24.99771463870789,20.666722893711892,-86.60200500488298,,36.0,11.070293666798495,,,"[[201.0, 100.5], [200.5, 101.0], [200.5, 102.0], [200.5, 103.0], [201.0, 103.5], [202.0, 103.5], [202.5, 104.0], [203.0, 104.5], [204.0, 104.5], [205.0, 104.5], [205.5, 105.0], [206.0, 105.5], [206.5, 106.0], [207.0, 106.5], [208.0, 106.5], [209.0, 106.5], [209.5, 107.0], [210.0, 107.5], [211.0, 107.5], [211.5, 108.0], [212.0, 108.5], [213.0, 108.5], [214.0, 108.5], [215.0, 108.5], [216.0, 108.5], [216.5, 108.0], [217.0, 107.5], [218.0, 107.5], [218.5, 107.0], [219.0, 106.5], [219.5, 106.0], [219.5, 105.0], [219.5, 104.0], [220.0, 103.5], [220.5, 103.0], [220.5, 102.0], [220.5, 101.0], [220.5, 100.0], [220.5, 99.0], [220.0, 98.5], [219.5, 98.0], [219.0, 97.5], [218.5, 97.0], [218.0, 96.5], [217.0, 96.5], [216.5, 96.0], [216.0, 95.5], [215.0, 95.5], [214.0, 95.5], [213.5, 95.0], [213.0, 94.5], [212.0, 94.5], [211.5, 94.0], [211.0, 93.5], [210.0, 93.5], [209.0, 93.5], [208.0, 93.5], [207.0, 93.5], [206.0, 93.5], [205.5, 94.0], [205.5, 95.0], [205.0, 95.5], [204.0, 95.5], [203.5, 96.0], [203.5, 97.0], [203.0, 97.5], [202.5, 98.0], [202.5, 99.0], [202.0, 99.5], [201.5, 100.0]]"
SLICE,Z8,BF_L,24.99771463870789,20.666722893711892,-86.60200500488298,,,,,,
SLICE,Z8,BF_SH_L,24.99771463870789,20.666722893711892,-86.60200500488298,,,,,,
SLICE,Z8,AM_L,24.99771463870789,20.666722893711892,-86.60200500488298,,36.830049261083744,6.71999321908649,,,"[[180.0, 64.5], [179.5, 65.0], [179.5, 66.0], [179.5, 67.0], [179.5, 68.0], [180.0, 68.5], [180.5, 69.0], [181.0, 69.5], [181.5, 70.0], [181.5, 71.0], [182.0, 71.5], [182.5, 72.0], [183.0, 72.5], [183.5, 73.0], [183.5, 74.0], [183.5, 75.0], [183.5, 76.0], [183.5, 77.0], [183.5, 78.0], [183.5, 79.0], [183.5, 80.0], [184.0, 80.5], [184.5, 81.0], [185.0, 81.5], [185.5, 82.0], [185.5, 83.0], [186.0, 83.5], [186.5, 84.0], [187.0, 84.5], [187.5, 85.0], [188.0, 85.5], [188.5, 86.0], [188.5, 87.0], [189.0, 87.5], [189.5, 88.0], [190.0, 88.5], [190.5, 89.0], [190.5, 90.0], [190.5, 91.0], [191.0, 91.5], [191.5, 92.0], [192.0, 92.5], [192.5, 93.0], [193.0, 93.5], [193.5, 94.0], [193.5, 95.0], [194.0, 95.5], [194.5, 96.0], [195.0, 96.5], [195.5, 97.0], [196.0, 97.5], [197.0, 97.5], [198.0, 97.5], [199.0, 97.5], [200.0, 97.5], [201.0, 97.5], [201.5, 97.0], [202.0, 96.5], [202.5, 96.0], [202.5, 95.0], [203.0, 94.5], [203.5, 94.0], [204.0, 93.5], [204.5, 93.0], [205.0, 92.5], [206.0, 92.5], [207.0, 92.5], [207.5, 92.0], [208.0, 91.5], [209.0, 91.5], [210.0, 91.5], [210.5, 92.0], [211.0, 92.5], [212.0, 92.5], [213.0, 92.5], [213.5, 93.0], [214.0, 93.5], [214.5, 94.0], [215.0, 94.5], [216.0, 94.5], [217.0, 94.5], [217.5, 94.0], [218.0, 93.5], [218.5, 93.0], [219.0, 92.5], [219.5, 92.0], [219.5, 91.0], [219.5, 90.0], [220.0, 89.5], [221.0, 89.5], [222.0, 89.5], [223.0, 89.5], [224.0, 89.5], [225.0, 89.5], [226.0, 89.5], [226.5, 89.0], [226.5, 88.0], [226.5, 87.0], [226.5, 86.0], [226.5, 85.0], [226.0, 84.5], [225.5, 84.0], [225.0, 83.5], [224.0, 83.5], [223.5, 83.0], [223.0, 82.5], [222.0, 82.5], [221.5, 82.0], [221.5, 81.0], [221.0, 80.5], [220.0, 80.5], [219.5, 80.0], [219.0, 79.5], [218.5, 79.0], [218.0, 78.5], [217.0, 78.5], [216.5, 78.0], [216.0, 77.5], [215.5, 77.0], [215.0, 76.5], [214.0, 76.5], [213.5, 76.0], [213.0, 75.5], [212.5, 75.0], [212.0, 74.5], [211.0, 74.5], [210.5, 74.0], [210.0, 73.5], [209.5, 73.0], [209.0, 72.5], [208.5, 72.0], [208.0, 71.5], [207.0, 71.5], [206.0, 71.5], [205.5, 72.0], [205.0, 72.5], [204.0, 72.5], [203.0, 72.5], [202.0, 72.5], [201.5, 72.0], [201.0, 71.5], [200.0, 71.5], [199.0, 71.5], [198.0, 71.5], [197.0, 71.5], [196.5, 71.0], [196.0, 70.5], [195.0, 70.5], [194.5, 70.0], [194.0, 69.5], [193.0, 69.5], [192.0, 69.5], [191.5, 69.0], [191.0, 68.5], [190.5, 68.0], [190.5, 67.0], [190.0, 66.5], [189.0, 66.5], [188.0, 66.5], [187.0, 66.5], [186.0, 66.5], [185.0, 66.5], [184.5, 66.0], [184.0, 65.5], [183.0, 65.5], [182.0, 65.5], [181.5, 65.0], [181.0, 64.5]]"
SLICE,Z8,AL_L,24.99771463870789,20.666722893711892,-86.60200500488298,,29.996415770609318,15.855869238355787,,,"[[178.0, 56.5], [177.5, 57.0], [177.5, 58.0], [177.5, 59.0], [178.0, 59.5], [178.5, 60.0], [178.5, 61.0], [178.5, 62.0], [179.0, 62.5], [179.5, 63.0], [179.5, 64.0], [180.0, 64.5], [181.0, 64.5], [181.5, 65.0], [182.0, 65.5], [183.0, 65.5], [184.0, 65.5], [184.5, 66.0], [185.0, 66.5], [186.0, 66.5], [187.0, 66.5], [188.0, 66.5], [189.0, 66.5], [190.0, 66.5], [190.5, 67.0], [191.0, 67.5], [192.0, 67.5], [193.0, 67.5], [194.0, 67.5], [195.0, 67.5], [196.0, 67.5], [197.0, 67.5], [197.5, 68.0], [198.0, 68.5], [198.5, 68.0], [199.0, 67.5], [199.5, 67.0], [200.0, 66.5], [201.0, 66.5], [201.5, 66.0], [201.5, 65.0], [201.5, 64.0], [202.0, 63.5], [202.5, 63.0], [202.5, 62.0], [202.0, 61.5], [201.5, 61.0], [201.5, 60.0], [201.5, 59.0], [201.5, 58.0], [201.0, 57.5], [200.5, 57.0], [200.0, 56.5], [199.0, 56.5], [198.5, 56.0], [198.0, 55.5], [197.0, 55.5], [196.0, 55.5], [195.0, 55.5], [194.5, 55.0], [194.0, 54.5], [193.0, 54.5], [192.0, 54.5], [191.0, 54.5], [190.5, 54.0], [190.0, 53.5], [189.0, 53.5], [188.0, 53.5], [187.0, 53.5], [186.0, 53.5], [185.0, 53.5], [184.0, 53.5], [183.0, 53.5], [182.0, 53.5], [181.0, 53.5], [180.5, 54.0], [180.0, 54.5], [179.0, 54.5], [178.5, 55.0], [178.5, 56.0]]"
SLICE,Z8,AB_L,24.99771463870789,20.666722893711892,-86.60200500488298,,37.30555555555556,9.106833345364727,,,"[[191.0, 67.5], [190.5, 68.0], [191.0, 68.5], [191.5, 69.0], [192.0, 69.5], [193.0, 69.5], [194.0, 69.5], [194.5, 70.0], [195.0, 70.5], [196.0, 70.5], [196.5, 71.0], [197.0, 71.5], [198.0, 71.5], [199.0, 71.5], [200.0, 71.5], [201.0, 71.5], [201.5, 72.0], [202.0, 72.5], [203.0, 72.5], [204.0, 72.5], [205.0, 72.5], [205.5, 72.0], [206.0, 71.5], [207.0, 71.5], [208.0, 71.5], [208.5, 72.0], [209.0, 72.5], [209.5, 73.0], [210.0, 73.5], [210.5, 74.0], [211.0, 74.5], [212.0, 74.5], [212.5, 75.0], [213.0, 75.5], [213.5, 76.0], [214.0, 76.5], [215.0, 76.5], [215.5, 76.0], [215.0, 75.5], [214.5, 75.0], [214.0, 74.5], [213.5, 74.0], [213.0, 73.5], [212.0, 73.5], [211.5, 73.0], [211.0, 72.5], [210.5, 72.0], [210.0, 71.5], [209.5, 71.0], [209.0, 70.5], [208.0, 70.5], [207.5, 70.0], [207.0, 69.5], [206.5, 69.0], [206.0, 68.5], [205.0, 68.5], [204.5, 68.0], [204.0, 67.5], [203.0, 67.5], [202.5, 67.0], [202.0, 66.5], [201.0, 66.5], [200.0, 66.5], [199.5, 67.0], [199.0, 67.5], [198.5, 68.0], [198.0, 68.5], [197.5, 68.0], [197.0, 67.5], [196.0, 67.5], [195.0, 67.5], [194.0, 67.5], [193.0, 67.5], [192.0, 67.5]]"
