HOW,INDEX,LABEL,X,Y,Z,NPIX,FF,OUTLINE
VOLUME,NA,TA_R,6.804137825957895,44.88424074649488,-622.6545715332,1805.0,0.3134623481623902,
VOLUME,NA,ED_R,6.804137825957895,44.88424074649488,-622.6545715332,1125.0,0.24265046221857053,
VOLUME,NA,PER_R,6.804137825957895,44.88424074649488,-622.6545715332,2065.0,0.3613943969669343,
VOLUME,NA,DLPC_R,6.804137825957895,44.88424074649488,-622.6545715332,2507.0,0.23353237222288786,
VOLUME,NA,POP_R,6.804137825957895,44.88424074649488,-622.6545715332,311.0,0.41648541221914176,
VOLUME,NA,SOL_R,6.804137825957895,44.88424074649488,-622.6545715332,7142.0,0.24355519846252616,
VOLUME,NA,GAS_MED_R,6.804137825957895,44.88424074649488,-622.6545715332,3322.0,0.3848258320051044,
VOLUME,NA,GAS_LAT_R,6.804137825957895,44.88424074649488,-622.6545715332,1794.0,0.4354363366831898,
VOLUME,NA,TA_L,6.804137825957895,44.88424074649488,-622.6545715332,1987.0,0.27206479611700707,
VOLUME,NA,ED_L,6.804137825957895,44.88424074649488,-622.6545715332,1191.0,0.2374727630212493,
VOLUME,NA,PER_L,6.804137825957895,44.88424074649488,-622.6545715332,2013.0,0.37383625434806594,
VOLUME,NA,DLPC_L,6.804137825957895,44.88424074649488,-622.6545715332,2274.0,0.23387509496301154,
VOLUME,NA,POP_L,6.804137825957895,44.88424074649488,-622.6545715332,325.0,0.3914462491969475,
VOLUME,NA,SOL_L,6.804137825957895,44.88424074649488,-622.6545715332,6915.0,0.2224807502417771,
VOLUME,NA,GAS_MED_L,6.804137825957895,44.88424074649488,-622.6545715332,3100.0,0.39323221099438516,
VOLUME,NA,GAS_LAT_L,6.804137825957895,44.88424074649488,-622.6545715332,1633.0,0.45190086050229084,
SLICE,Z0,TA_R,6.804137825957895,44.88424074649488,-742.6545715332,118.0,0.38560971776073644,"[[65.0, 67.5], [64.5, 68.0], [64.5, 69.0], [64.5, 70.0], [65.0, 70.5], [65.5, 70.0], [66.0, 69.5], [67.0, 69.5], [68.0, 69.5], [69.0, 69.5], [69.5, 70.0], [69.5, 71.0], [70.0, 71.5], [70.5, 72.0], [71.0, 72.5], [71.5, 73.0], [71.5, 74.0], [72.0, 74.5], [72.5, 75.0], [73.0, 75.5], [73.5, 76.0], [74.0, 76.5], [75.0, 76.5], [75.5, 77.0], [76.0, 77.5], [76.5, 77.0], [77.0, 76.5], [78.0, 76.5], [78.5, 76.0], [78.5, 75.0], [78.0, 74.5], [77.5, 74.0], [77.0, 73.5], [76.5, 73.0], [76.5, 72.0], [76.5, 71.0], [76.5, 70.0], [76.0, 69.5], [75.5, 69.0], [75.0, 68.5], [74.5, 68.0], [75.0, 67.5], [75.5, 67.0], [76.0, 66.5], [76.5, 66.0], [76.0, 65.5], [75.5, 65.0], [75.0, 64.5], [74.5, 64.0], [74.5, 63.0], [74.5, 62.0], [74.0, 61.5], [73.5, 61.0], [73.0, 60.5], [72.0, 60.5], [71.0, 60.5], [70.5, 61.0], [70.0, 61.5], [69.0, 61.5], [68.5, 62.0], [68.5, 63.0], [68.0, 63.5], [67.0, 63.5], [66.5, 64.0], [66.5, 65.0], [66.0, 65.5], [65.5, 66.0], [65.5, 67.0]]"
SLICE,Z0,ED_R,6.804137825957895,44.88424074649488,-742.6545715332,206.0,0.2200893825031226,"[[60.0, 74.5], [59.5, 75.0], [59.5, 76.0], [59.5, 77.0], [59.5, 78.0], [59.5, 79.0], [59.5, 80.0], [60.0, 80.5], [60.5, 81.0], [60.5, 82.0], [61.0, 82.5], [61.5, 83.0], [62.0, 83.5], [62.5, 84.0], [63.0, 84.5], [64.0, 84.5], [64.5, 85.0], [65.0, 85.5], [65.5, 86.0], [66.0, 86.5], [67.0, 86.5], [68.0, 86.5], [69.0, 86.5], [70.0, 86.5], [71.0, 86.5], [72.0, 86.5], [73.0, 86.5], [73.5, 86.0], [74.0, 85.5], [74.5, 85.0], [74.5, 84.0], [74.5, 83.0], [74.5, 82.0], [75.0, 81.5], [75.5, 81.0], [76.0, 80.5], [76.5, 80.0], [76.0, 79.5], [75.5, 79.0], [75.5, 78.0], [75.0, 77.5], [74.5, 77.0], [74.0, 76.5], [73.5, 76.0], [73.0, 75.5], [72.5, 75.0], [72.0, 74.5], [71.5, 74.0], [71.5, 73.0], [71.0, 72.5], [70.5, 72.0], [70.0, 71.5], [69.5, 71.0], [69.5, 70.0], [69.0, 69.5], [68.0, 69.5], [67.0, 69.5], [66.0, 69.5], [65.5, 70.0], [65.0, 70.5], [64.0, 70.5], [63.0, 70.5], [62.5, 71.0], [62.0, 71.5], [61.0, 71.5], [60.5, 72.0], [60.5, 73.0], [60.5, 74.0]]"
SLICE,Z0,PER_R,6.804137825957895,44.88424074649488,-742.6545715332,267.0,0.26355123700357685,"[[59.0, 86.5], [58.5, 87.0], [58.5, 88.0], [58.5, 89.0], [58.5, 90.0], [58.5, 91.0], [58.5, 92.0], [58.5, 93.0], [58.5, 94.0], [58.5, 95.0], [58.5, 96.0], [59.0, 96.5], [59.5, 97.0], [60.0, 97.5], [60.5, 98.0], [60.5, 99.0], [60.5, 100.0], [61.0, 100.5], [61.5, 101.0], [62.0, 101.5], [63.0, 101.5], [63.5, 102.0], [63.5, 103.0], [64.0, 103.5], [64.5, 104.0], [65.0, 104.5], [66.0, 104.5], [67.0, 104.5], [68.0, 104.5], [68.5, 105.0], [69.0, 105.5], [70.0, 105.5], [71.0, 105.5], [72.0, 105.5], [73.0, 105.5], [74.0, 105.5], [74.5, 105.0], [75.0, 104.5], [76.0, 104.5], [76.5, 104.0], [76.5, 103.0], [76.5, 102.0], [77.0, 101.5], [77.5, 101.0], [77.5, 100.0], [77.5, 99.0], [77.5, 98.0], [77.0, 97.5], [76.5, 97.0], [76.0, 96.5], [75.0, 96.5], [74.5, 96.0], [74.0, 95.5], [73.0, 95.5], [72.5, 95.0], [72.0, 94.5], [71.5, 94.0], [71.0, 93.5], [70.5, 93.0], [70.5, 92.0], [70.5, 91.0], [70.5, 90.0], [70.5, 89.0], [71.0, 88.5], [71.5, 88.0], [71.5, 87.0], [71.0, 86.5], [70.0, 86.5], [69.0, 86.5], [68.0, 86.5], [67.0, 86.5], [66.0, 86.5], [65.5, 86.0], [65.0, 85.5], [64.5, 85.0], [64.0, 84.5], [63.0, 84.5], [62.0, 84.5], [61.0, 84.5], [60.5, 85.0], [60.0, 85.5], [59.5, 86.0]]"
SLICE,Z0,DLPC_R,6.804137825957895,44.88424074649488,-742.6545715332,527.0,0.20240809665972456,"[[74.0, 85.5], [73.5, 86.0], [74.0, 86.5], [74.5, 87.0], [75.0, 87.5], [75.5, 88.0], [75.5, 89.0], [75.5, 90.0], [75.5, 91.0], [76.0, 91.5], [76.5, 92.0], [76.0, 92.5], [75.5, 93.0], [75.5, 94.0], [75.5, 95.0], [75.0, 95.5], [74.5, 96.0], [75.0, 96.5], [76.0, 96.5], [76.5, 97.0], [77.0, 97.5], [77.5, 98.0], [77.5, 99.0], [77.5, 100.0], [77.5, 101.0], [78.0, 101.5], [79.0, 101.5], [80.0, 101.5], [81.0, 101.5], [81.5, 101.0], [82.0, 100.5], [83.0, 100.5], [84.0, 100.5], [84.5, 100.0], [85.0, 99.5], [86.0, 99.5], [86.5, 99.0], [87.0, 98.5], [88.0, 98.5], [88.5, 98.0], [89.0, 97.5], [89.5, 97.0], [90.0, 96.5], [91.0, 96.5], [91.5, 96.0], [92.0, 95.5], [92.5, 95.0], [93.0, 94.5], [93.5, 94.0], [94.0, 93.5], [94.5, 93.0], [94.5, 92.0], [94.5, 91.0], [94.5, 90.0], [95.0, 89.5], [95.5, 89.0], [95.5, 88.0], [95.5, 87.0], [96.0, 86.5], [96.5, 86.0], [96.5, 85.0], [96.5, 84.0], [96.5, 83.0], [96.5, 82.0], [96.5, 81.0], [96.5, 80.0], [96.5, 79.0], [96.5, 78.0], [96.5, 77.0], [96.5, 76.0], [96.5, 75.0], [96.5, 74.0], [96.5, 73.0], [96.5, 72.0], [96.5, 71.0], [96.5, 70.0], [96.0, 69.5], [95.5, 69.0], [95.0, 68.5], [94.0, 68.5], [93.0, 68.5], [92.0, 68.5], [91.0, 68.5], [90.5, 69.0], [90.5, 70.0], [90.0, 70.5], [89.0, 70.5], [88.5, 71.0], [88.0, 71.5], [87.5, 72.0], [87.0, 72.5], [86.5, 73.0], [86.0, 73.5], [85.0, 73.5], [84.5, 74.0], [84.0, 74.5], [83.0, 74.5], [82.0, 74.5], [81.5, 75.0], [81.0, 75.5], [80.0, 75.5], [79.0, 75.5], [78.5, 76.0], [78.0, 76.5], [77.5, 77.0], [77.0, 77.5], [76.5, 78.0], [76.0, 78.5], [75.5, 79.0], [76.0, 79.5], [76.5, 80.0], [76.0, 80.5], [75.5, 81.0], [75.0, 81.5], [74.5, 82.0], [74.5, 83.0], [74.5, 84.0], [74.5, 85.0]]"
SLICE,Z0,POP_R,6.804137825957895,44.88424074649488,-742.6545715332,0.0,,
SLICE,Z0,SOL_R,6.804137825957895,44.88424074649488,-742.6545715332,652.0,0.29070248074387867,"[[69.0, 105.5], [68.5, 106.0], [69.0, 106.5], [69.5, 107.0], [70.0, 107.5], [70.5, 108.0], [70.5, 109.0], [71.0, 109.5], [72.0, 109.5], [73.0, 109.5], [74.0, 109.5], [74.5, 110.0], [75.0, 110.5], [76.0, 110.5], [77.0, 110.5], [77.5, 111.0], [78.0, 111.5], [79.0, 111.5], [80.0, 111.5], [81.0, 111.5], [82.0, 111.5], [83.0, 111.5], [84.0, 111.5], [84.5, 111.0], [85.0, 110.5], [86.0, 110.5], [86.5, 110.0], [87.0, 109.5], [88.0, 109.5], [89.0, 109.5], [90.0, 109.5], [91.0, 109.5], [92.0, 109.5], [93.0, 109.5], [94.0, 109.5], [95.0, 109.5], [96.0, 109.5], [96.5, 109.0], [97.0, 108.5], [98.0, 108.5], [98.5, 108.0], [99.0, 107.5], [99.5, 107.0], [100.0, 106.5], [101.0, 106.5], [102.0, 106.5], [102.5, 106.0], [103.0, 105.5], [103.5, 105.0], [104.0, 104.5], [104.5, 104.0], [105.0, 103.5], [105.5, 103.0], [106.0, 102.5], [106.5, 102.0], [107.0, 101.5], [107.5, 101.0], [107.5, 100.0], [108.0, 99.5], [108.5, 99.0], [109.0, 98.5], [109.5, 98.0], [109.5, 97.0], [109.5, 96.0], [109.5, 95.0], [109.5, 94.0], [109.5, 93.0], [109.5, 92.0], [109.5, 91.0], [109.5, 90.0], [109.5, 89.0], [109.5, 88.0], [109.5, 87.0], [109.5, 86.0], [109.5, 85.0], [109.5, 84.0], [109.0, 83.5], [108.5, 83.0], [108.0, 82.5], [107.5, 82.0], [107.5, 81.0], [107.0, 80.5], [106.5, 80.0], [106.5, 79.0], [106.0, 78.5], [105.5, 78.0], [105.0, 77.5], [104.5, 77.0], [104.5, 76.0], [104.0, 75.5], [103.0, 75.5], [102.5, 75.0], [102.0, 74.5], [101.5, 74.0], [101.0, 73.5], [100.5, 73.0], [100.0, 72.5], [99.0, 72.5], [98.5, 72.0], [98.0, 71.5], [97.5, 72.0], [97.0, 72.5], [96.5, 73.0], [96.5, 74.0], [96.5, 75.0], [96.5, 76.0], [96.5, 77.0], [96.5, 78.0], [96.5, 79.0], [96.5, 80.0], [96.5, 81.0], [96.5, 82.0], [96.5, 83.0], [96.5, 84.0], [96.5, 85.0], [96.5, 86.0], [96.0, 86.5], [95.5, 87.0], [95.5, 88.0], [95.5, 89.0], [95.0, 89.5], [94.5, 90.0], [94.5, 91.0], [94.5, 92.0], [94.5, 93.0], [94.0, 93.5], [93.5, 94.0], [93.0, 94.5], [92.5, 95.0], [92.0, 95.5], [91.5, 96.0], [91.0, 96.5], [90.0, 96.5], [89.5, 97.0], [89.0, 97.5], [88.5, 98.0], [88.0, 98.5], [87.0, 98.5], [86.5, 99.0], [86.0, 99.5], [85.0, 99.5], [84.5, 100.0], [84.0, 100.5], [83.0, 100.5], [82.0, 100.5], [81.5, 101.0], [81.0, 101.5], [80.0, 101.5], [79.0, 101.5], [78.0, 101.5], [77.0, 101.5], [76.5, 102.0], [76.5, 103.0], [76.5, 104.0], [76.0, 104.5], [75.0, 104.5], [74.5, 105.0], [74.0, 105.5], [73.0, 105.5], [72.0, 105.5], [71.0, 105.5], [70.0, 105.5]]"
SLICE,Z0,GAS_MED_R,6.804137825957895,44.88424074649488,-742.6545715332,0.0,,
SLICE,Z0,GAS_LAT_R,6.804137825957895,44.88424074649488,-742.6545715332,0.0,,
SLICE,Z0,TA_L,6.804137825957895,44.88424074649488,-742.6545715332,134.0,0.31257404408551037,"[[234.0, 62.5], [233.5, 63.0], [233.5, 64.0], [234.0, 64.5], [234.5, 65.0], [235.0, 65.5], [235.5, 66.0], [235.5, 67.0], [235.5, 68.0], [235.5, 69.0], [235.0, 69.5], [234.5, 70.0], [234.0, 70.5], [233.5, 71.0], [233.5, 72.0], [233.5, 73.0], [234.0, 73.5], [234.5, 74.0], [235.0, 74.5], [236.0, 74.5], [236.5, 74.0], [237.0, 73.5], [237.5, 73.0], [237.5, 72.0], [238.0, 71.5], [238.5, 71.0], [238.5, 70.0], [239.0, 69.5], [239.5, 69.0], [240.0, 68.5], [240.5, 68.0], [241.0, 67.5], [241.5, 67.0], [242.0, 66.5], [243.0, 66.5], [243.5, 67.0], [244.0, 67.5], [244.5, 68.0], [245.0, 68.5], [245.5, 68.0], [246.0, 67.5], [247.0, 67.5], [247.5, 67.0], [248.0, 66.5], [249.0, 66.5], [249.5, 66.0], [249.5, 65.0], [249.0, 64.5], [248.5, 64.0], [248.0, 63.5], [247.5, 63.0], [247.0, 62.5], [246.5, 62.0], [246.5, 61.0], [246.0, 60.5], [245.0, 60.5], [244.5, 60.0], [244.0, 59.5], [243.5, 59.0], [243.0, 58.5], [242.0, 58.5], [241.0, 58.5], [240.0, 58.5], [239.0, 58.5], [238.0, 58.5], [237.0, 58.5], [236.5, 59.0], [236.5, 60.0], [236.0, 60.5], [235.5, 61.0], [235.5, 62.0], [235.0, 62.5]]"
SLICE,Z0,ED_L,6.804137825957895,44.88424074649488,-742.6545715332,230.0,0.23093995324710978,"[[236.0, 74.5], [235.5, 75.0], [236.0, 75.5], [236.5, 76.0], [236.5, 77.0], [236.0, 77.5], [235.5, 78.0], [235.5, 79.0], [236.0, 79.5], [236.5, 80.0], [236.5, 81.0], [237.0, 81.5], [238.0, 81.5], [238.5, 82.0], [238.5, 83.0], [239.0, 83.5], [239.5, 84.0], [240.0, 84.5], [241.0, 84.5], [241.5, 84.0], [242.0, 83.5], [243.0, 83.5], [244.0, 83.5], [244.5, 83.0], [245.0, 82.5], [246.0, 82.5], [247.0, 82.5], [247.5, 82.0], [248.0, 81.5], [249.0, 81.5], [250.0, 81.5], [251.0, 81.5], [251.5, 81.0], [251.5, 80.0], [252.0, 79.5], [252.5, 79.0], [253.0, 78.5], [253.5, 78.0], [253.5, 77.0], [253.5, 76.0], [253.5, 75.0], [253.5, 74.0], [253.5, 73.0], [253.5, 72.0], [253.0, 71.5], [252.5, 71.0], [252.0, 70.5], [251.5, 70.0], [251.5, 69.0], [251.0, 68.5], [250.0, 68.5], [249.0, 68.5], [248.0, 68.5], [247.5, 68.0], [247.0, 67.5], [246.0, 67.5], [245.5, 68.0], [245.0, 68.5], [244.5, 68.0], [244.0, 67.5], [243.5, 67.0], [243.0, 66.5], [242.0, 66.5], [241.5, 67.0], [241.0, 67.5], [240.5, 68.0], [240.0, 68.5], [239.5, 69.0], [239.0, 69.5], [238.5, 70.0], [238.5, 71.0], [238.0, 71.5], [237.5, 72.0], [237.5, 73.0], [237.0, 73.5], [236.5, 74.0]]"
SLICE,Z0,PER_L,6.804137825957895,44.88424074649488,-742.6545715332,263.0,0.33784016016778756,"[[236.0, 94.5], [235.5, 95.0], [235.5, 96.0], [235.5, 97.0], [236.0, 97.5], [236.5, 98.0], [236.5, 99.0], [237.0, 99.5], [237.5, 100.0], [238.0, 100.5], [239.0, 100.5], [239.5, 101.0], [240.0, 101.5], [241.0, 101.5], [242.0, 101.5], [243.0, 101.5], [244.0, 101.5], [244.5, 101.0], [245.0, 100.5], [246.0, 100.5], [246.5, 100.0], [247.0, 99.5], [248.0, 99.5], [249.0, 99.5], [249.5, 99.0], [250.0, 98.5], [250.5, 98.0], [251.0, 97.5], [251.5, 97.0], [251.5, 96.0], [252.0, 95.5], [252.5, 95.0], [252.5, 94.0], [253.0, 93.5], [253.5, 93.0], [253.5, 92.0], [253.5, 91.0], [254.0, 90.5], [254.5, 90.0], [254.5, 89.0], [254.5, 88.0], [254.5, 87.0], [254.5, 86.0], [254.5, 85.0], [254.5, 84.0], [254.0, 83.5], [253.5, 83.0], [253.0, 82.5], [252.5, 82.0], [252.5, 81.0], [252.0, 80.5], [251.5, 81.0], [251.0, 81.5], [250.0, 81.5], [249.0, 81.5], [248.0, 81.5], [247.5, 82.0], [247.0, 82.5], [246.0, 82.5], [245.0, 82.5], [244.5, 83.0], [244.0, 83.5], [243.0, 83.5], [242.0, 83.5], [241.5, 84.0], [241.0, 84.5], [240.5, 85.0], [240.5, 86.0], [240.5, 87.0], [240.5, 88.0], [240.5, 89.0], [240.5, 90.0], [240.0, 90.5], [239.5, 91.0], [239.0, 91.5], [238.5, 92.0], [238.0, 92.5], [237.5, 93.0], [237.0, 93.5], [236.5, 94.0]]"
SLICE,Z0,DLPC_L,6.804137825957895,44.88424074649488,-742.6545715332,502.0,0.20078498306434475,"[[215.0, 77.5], [214.5, 78.0], [214.5, 79.0], [214.5, 80.0], [214.5, 81.0], [215.0, 81.5], [215.5, 82.0], [215.5, 83.0], [216.0, 83.5], [217.0, 83.5], [218.0, 83.5], [219.0, 83.5], [219.5, 84.0], [219.0, 84.5], [218.0, 84.5], [217.5, 85.0], [217.0, 85.5], [216.5, 86.0], [216.5, 87.0], [216.5, 88.0], [217.0, 88.5], [217.5, 89.0], [218.0, 89.5], [218.5, 90.0], [219.0, 90.5], [219.5, 91.0], [219.5, 92.0], [220.0, 92.5], [220.5, 93.0], [221.0, 93.5], [221.5, 94.0], [222.0, 94.5], [223.0, 94.5], [223.5, 95.0], [224.0, 95.5], [224.5, 96.0], [225.0, 96.5], [226.0, 96.5], [226.5, 97.0], [227.0, 97.5], [228.0, 97.5], [229.0, 97.5], [229.5, 98.0], [230.0, 98.5], [231.0, 98.5], [232.0, 98.5], [233.0, 98.5], [234.0, 98.5], [235.0, 98.5], [235.5, 98.0], [235.5, 97.0], [235.5, 96.0], [235.5, 95.0], [236.0, 94.5], [236.5, 94.0], [237.0, 93.5], [237.5, 93.0], [238.0, 92.5], [238.5, 92.0], [238.0, 91.5], [237.5, 91.0], [237.0, 90.5], [236.5, 90.0], [236.5, 89.0], [236.0, 88.5], [235.5, 88.0], [235.5, 87.0], [235.5, 86.0], [235.5, 85.0], [236.0, 84.5], [237.0, 84.5], [238.0, 84.5], [239.0, 84.5], [239.5, 84.0], [239.0, 83.5], [238.5, 83.0], [238.5, 82.0], [238.0, 81.5], [237.0, 81.5], [236.5, 81.0], [236.5, 80.0], [236.0, 79.5], [235.5, 79.0], [235.5, 78.0], [236.0, 77.5], [236.5, 77.0], [236.5, 76.0], [236.0, 75.5], [235.5, 75.0], [235.0, 74.5], [234.5, 74.0], [234.0, 73.5], [233.0, 73.5], [232.0, 73.5], [231.5, 73.0], [231.0, 72.5], [230.0, 72.5], [229.0, 72.5], [228.0, 72.5], [227.5, 72.0], [227.0, 71.5], [226.5, 71.0], [226.0, 70.5], [225.0, 70.5], [224.0, 70.5], [223.5, 70.0], [223.0, 69.5], [222.5, 69.0], [222.0, 68.5], [221.5, 68.0], [221.0, 67.5], [220.0, 67.5], [219.0, 67.5], [218.0, 67.5], [217.5, 68.0], [217.0, 68.5], [216.5, 69.0], [216.5, 70.0], [216.5, 71.0], [216.5, 72.0], [216.5, 73.0], [216.5, 74.0], [216.5, 75.0], [216.5, 76.0], [216.0, 76.5], [215.5, 77.0]]"
SLICE,Z0,POP_L,6.804137825957895,44.88424074649488,-742.6545715332,0.0,,
SLICE,Z0,SOL_L,6.804137825957895,44.88424074649488,-742.6545715332,613.0,0.29117199636527685,"[[206.0, 83.5], [205.5, 84.0], [205.5, 85.0], [205.5, 86.0], [205.5, 87.0], [205.5, 88.0], [205.5, 89.0], [205.5, 90.0], [205.5, 91.0], [205.5, 92.0], [205.5, 93.0], [205.5, 94.0], [205.5, 95.0], [205.5, 96.0], [206.0, 96.5], [206.5, 97.0], [207.0, 97.5], [207.5, 98.0], [207.5, 99.0], [208.0, 99.5], [208.5, 100.0], [208.5, 101.0], [209.0, 101.5], [209.5, 102.0], [210.0, 102.5], [210.5, 103.0], [210.5, 104.0], [211.0, 104.5], [212.0, 104.5], [213.0, 104.5], [213.5, 105.0], [214.0, 105.5], [214.5, 106.0], [215.0, 106.5], [216.0, 106.5], [217.0, 106.5], [218.0, 106.5], [218.5, 107.0], [219.0, 107.5], [220.0, 107.5], [221.0, 107.5], [222.0, 107.5], [223.0, 107.5], [223.5, 108.0], [224.0, 108.5], [225.0, 108.5], [226.0, 108.5], [226.5, 109.0], [227.0, 109.5], [228.0, 109.5], [229.0, 109.5], [230.0, 109.5], [231.0, 109.5], [232.0, 109.5], [233.0, 109.5], [234.0, 109.5], [235.0, 109.5], [236.0, 109.5], [237.0, 109.5], [238.0, 109.5], [239.0, 109.5], [239.5, 109.0], [240.0, 108.5], [240.5, 108.0], [241.0, 107.5], [241.5, 107.0], [242.0, 106.5], [243.0, 106.5], [244.0, 106.5], [244.5, 106.0], [244.5, 105.0], [245.0, 104.5], [245.5, 104.0], [246.0, 103.5], [246.5, 103.0], [246.5, 102.0], [246.5, 101.0], [246.0, 100.5], [245.0, 100.5], [244.5, 101.0], [244.0, 101.5], [243.0, 101.5], [242.0, 101.5], [241.0, 101.5], [240.0, 101.5], [239.5, 101.0], [239.0, 100.5], [238.0, 100.5], [237.5, 100.0], [237.0, 99.5], [236.5, 99.0], [236.5, 98.0], [236.0, 97.5], [235.5, 98.0], [235.0, 98.5], [234.0, 98.5], [233.0, 98.5], [232.0, 98.5], [231.0, 98.5], [230.0, 98.5], [229.5, 98.0], [229.0, 97.5], [228.0, 97.5], [227.0, 97.5], [226.5, 97.0], [226.0, 96.5], [225.0, 96.5], [224.5, 96.0], [224.0, 95.5], [223.5, 95.0], [223.0, 94.5], [222.0, 94.5], [221.5, 94.0], [221.0, 93.5], [220.5, 93.0], [220.0, 92.5], [219.5, 92.0], [219.5, 91.0], [219.0, 90.5], [218.5, 90.0], [218.0, 89.5], [217.5, 89.0], [217.0, 88.5], [216.5, 88.0], [216.5, 87.0], [216.5, 86.0], [217.0, 85.5], [217.5, 85.0], [218.0, 84.5], [219.0, 84.5], [219.5, 84.0], [219.0, 83.5], [218.0, 83.5], [217.0, 83.5], [216.0, 83.5], [215.5, 83.0], [215.5, 82.0], [215.0, 81.5], [214.5, 81.0], [214.5, 80.0], [214.5, 79.0], [214.5, 78.0], [215.0, 77.5], [215.5, 77.0], [216.0, 76.5], [216.5, 76.0], [216.5, 75.0], [216.5, 74.0], [216.5, 73.0], [216.5, 72.0], [216.0, 71.5], [215.0, 71.5], [214.0, 71.5], [213.5, 72.0], [213.0, 72.5], [212.5, 73.0], [212.0, 73.5], [211.0, 73.5], [210.5, 74.0], [210.5, 75.0], [210.0, 75.5], [209.5, 76.0], [209.5, 77.0], [209.0, 77.5], [208.5, 78.0], [208.5, 79.0], [208.0, 79.5], [207.5, 80.0], [207.0, 80.5], [206.5, 81.0], [206.5, 82.0], [206.5, 83.0]]"
SLICE,Z0,GAS_MED_L,6.804137825957895,44.88424074649488,-742.6545715332,0.0,,
SLICE,Z0,GAS_LAT_L,6.804137825957895,44.88424074649488,-742.6545715332,0.0,,
SLICE,Z1,TA_R,6.804137825957895,44.88424074649488,-712.6545715332,226.0,0.3879693389585184,"[[60.0, 68.5], [59.5, 69.0], [60.0, 69.5], [60.5, 70.0], [61.0, 70.5], [62.0, 70.5], [63.0, 70.5], [64.0, 70.5], [64.5, 71.0], [65.0, 71.5], [66.0, 71.5], [67.0, 71.5], [67.5, 72.0], [68.0, 72.5], [69.0, 72.5], [69.5, 73.0], [70.0, 73.5], [71.0, 73.5], [71.5, 74.0], [72.0, 74.5], [73.0, 74.5], [73.5, 75.0], [74.0, 75.5], [75.0, 75.5], [75.5, 76.0], [76.0, 76.5], [77.0, 76.5], [77.5, 76.0], [78.0, 75.5], [78.5, 75.0], [79.0, 74.5], [79.5, 74.0], [79.5, 73.0], [79.5, 72.0], [79.5, 71.0], [79.5, 70.0], [79.0, 69.5], [78.5, 69.0], [78.5, 68.0], [78.0, 67.5], [77.5, 67.0], [77.5, 66.0], [77.0, 65.5], [76.5, 65.0], [76.5, 64.0], [76.0, 63.5], [75.5, 63.0], [75.5, 62.0], [75.5, 61.0], [75.0, 60.5], [74.5, 60.0], [74.5, 59.0], [74.5, 58.0], [74.0, 57.5], [73.0, 57.5], [72.0, 57.5], [71.0, 57.5], [70.0, 57.5], [69.5, 58.0], [69.0, 58.5], [68.0, 58.5], [67.5, 59.0], [67.0, 59.5], [66.5, 60.0], [66.0, 60.5], [65.0, 60.5], [64.5, 61.0], [64.0, 61.5], [63.5, 62.0], [63.5, 63.0], [63.0, 63.5], [62.5, 64.0], [62.0, 64.5], [61.5, 65.0], [61.0, 65.5], [60.5, 66.0], [60.5, 67.0], [60.5, 68.0]]"
SLICE,Z1,ED_R,6.804137825957895,44.88424074649488,-712.6545715332,190.0,0.22040453291272435,"[[59.0, 70.5], [58.5, 71.0], [58.5, 72.0], [58.5, 73.0], [58.5, 74.0], [58.5, 75.0], [58.5, 76.0], [58.5, 77.0], [58.5, 78.0], [58.5, 79.0], [58.5, 80.0], [58.5, 81.0], [59.0, 81.5], [60.0, 81.5], [60.5, 82.0], [61.0, 82.5], [61.5, 83.0], [62.0, 83.5], [63.0, 83.5], [64.0, 83.5], [64.5, 84.0], [65.0, 84.5], [66.0, 84.5], [67.0, 84.5], [68.0, 84.5], [69.0, 84.5], [70.0, 84.5], [71.0, 84.5], [72.0, 84.5], [73.0, 84.5], [73.5, 84.0], [74.0, 83.5], [74.5, 83.0], [74.5, 82.0], [74.5, 81.0], [74.5, 80.0], [75.0, 79.5], [75.5, 79.0], [75.5, 78.0], [75.5, 77.0], [75.0, 76.5], [74.5, 76.0], [74.0, 75.5], [73.5, 75.0], [73.0, 74.5], [72.0, 74.5], [71.5, 74.0], [71.0, 73.5], [70.0, 73.5], [69.5, 73.0], [69.0, 72.5], [68.0, 72.5], [67.5, 72.0], [67.0, 71.5], [66.0, 71.5], [65.0, 71.5], [64.5, 71.0], [64.0, 70.5], [63.0, 70.5], [62.0, 70.5], [61.0, 70.5], [60.5, 70.0], [60.0, 69.5], [59.5, 70.0]]"
SLICE,Z1,PER_R,6.804137825957895,44.88424074649488,-712.6545715332,248.0,0.3532152408562477,"[[56.0, 88.5], [55.5, 89.0], [55.5, 90.0], [55.5, 91.0], [56.0, 91.5], [56.5, 92.0], [56.5, 93.0], [56.5, 94.0], [57.0, 94.5], [57.5, 95.0], [57.5, 96.0], [58.0, 96.5], [58.5, 97.0], [58.5, 98.0], [58.5, 99.0], [59.0, 99.5], [60.0, 99.5], [60.5, 100.0], [60.5, 101.0], [61.0, 101.5], [62.0, 101.5], [63.0, 101.5], [63.5, 102.0], [64.0, 102.5], [65.0, 102.5], [66.0, 102.5], [67.0, 102.5], [67.5, 102.0], [68.0, 101.5], [69.0, 101.5], [69.5, 101.0], [69.5, 100.0], [70.0, 99.5], [71.0, 99.5], [71.5, 99.0], [71.5, 98.0], [71.5, 97.0], [72.0, 96.5], [72.5, 96.0], [72.5, 95.0], [72.0, 94.5], [71.5, 94.0], [71.5, 93.0], [71.5, 92.0], [71.5, 91.0], [71.0, 90.5], [70.5, 90.0], [70.5, 89.0], [70.5, 88.0], [71.0, 87.5], [71.5, 87.0], [71.5, 86.0], [71.5, 85.0], [71.0, 84.5], [70.0, 84.5], [69.0, 84.5], [68.0, 84.5], [67.0, 84.5], [66.0, 84.5], [65.0, 84.5], [64.5, 84.0], [64.0, 83.5], [63.0, 83.5], [62.0, 83.5], [61.5, 83.0], [61.0, 82.5], [60.0, 82.5], [59.5, 83.0], [59.0, 83.5], [58.5, 84.0], [58.0, 84.5], [57.5, 85.0], [57.0, 85.5], [56.5, 86.0], [56.5, 87.0], [56.5, 88.0]]"
SLICE,Z1,DLPC_R,6.804137825957895,44.88424074649488,-712.6545715332,494.0,0.17545958954842808,"[[72.0, 96.5], [71.5, 97.0], [71.5, 98.0], [71.5, 99.0], [72.0, 99.5], [73.0, 99.5], [74.0, 99.5], [75.0, 99.5], [76.0, 99.5], [77.0, 99.5], [78.0, 99.5], [79.0, 99.5], [79.5, 99.0], [80.0, 98.5], [81.0, 98.5], [81.5, 98.0], [82.0, 97.5], [82.5, 97.0], [83.0, 96.5], [84.0, 96.5], [84.5, 96.0], [84.5, 95.0], [85.0, 94.5], [86.0, 94.5], [87.0, 94.5], [87.5, 94.0], [88.0, 93.5], [89.0, 93.5], [89.5, 93.0], [89.5, 92.0], [90.0, 91.5], [90.5, 91.0], [91.0, 90.5], [91.5, 90.0], [91.5, 89.0], [91.5, 88.0], [91.5, 87.0], [91.5, 86.0], [92.0, 85.5], [92.5, 85.0], [93.0, 84.5], [94.0, 84.5], [94.5, 84.0], [94.5, 83.0], [94.5, 82.0], [94.5, 81.0], [94.5, 80.0], [94.5, 79.0], [94.5, 78.0], [94.5, 77.0], [95.0, 76.5], [95.5, 76.0], [95.5, 75.0], [96.0, 74.5], [96.5, 74.0], [96.5, 73.0], [96.5, 72.0], [96.5, 71.0], [96.5, 70.0], [96.5, 69.0], [96.5, 68.0], [96.5, 67.0], [96.5, 66.0], [96.5, 65.0], [96.0, 64.5], [95.5, 64.0], [95.0, 63.5], [94.0, 63.5], [93.5, 64.0], [93.0, 64.5], [92.5, 65.0], [92.0, 65.5], [91.5, 66.0], [91.0, 66.5], [90.5, 67.0], [90.5, 68.0], [90.0, 68.5], [89.5, 69.0], [89.0, 69.5], [88.5, 70.0], [88.0, 70.5], [87.0, 70.5], [86.0, 70.5], [85.5, 71.0], [85.0, 71.5], [84.0, 71.5], [83.5, 72.0], [83.0, 72.5], [82.0, 72.5], [81.0, 72.5], [80.0, 72.5], [79.5, 73.0], [79.5, 74.0], [79.0, 74.5], [78.5, 75.0], [78.0, 75.5], [77.5, 76.0], [77.0, 76.5], [76.0, 76.5], [75.5, 77.0], [75.5, 78.0], [75.5, 79.0], [75.0, 79.5], [74.5, 80.0], [74.5, 81.0], [74.5, 82.0], [74.5, 83.0], [74.0, 83.5], [73.5, 84.0], [73.5, 85.0], [73.5, 86.0], [74.0, 86.5], [75.0, 86.5], [75.5, 87.0], [76.0, 87.5], [77.0, 87.5], [77.5, 88.0], [77.5, 89.0], [77.0, 89.5], [76.5, 90.0], [76.5, 91.0], [76.0, 91.5], [75.5, 92.0], [75.5, 93.0], [75.0, 93.5], [74.0, 93.5], [73.5, 94.0], [73.0, 94.5], [72.5, 95.0], [72.5, 96.0]]"
SLICE,Z1,POP_R,6.804137825957895,44.88424074649488,-712.6545715332,0.0,,
SLICE,Z1,SOL_R,6.804137825957895,44.88424074649488,-712.6545715332,1042.0,0.27248014635028833,"[[66.0, 102.5], [65.5, 103.0], [65.5, 104.0], [65.5, 105.0], [66.0, 105.5], [66.5, 106.0], [67.0, 106.5], [68.0, 106.5], [68.5, 107.0], [68.5, 108.0], [69.0, 108.5], [70.0, 108.5], [70.5, 109.0], [71.0, 109.5], [72.0, 109.5], [73.0, 109.5], [73.5, 110.0], [74.0, 110.5], [75.0, 110.5], [76.0, 110.5], [76.5, 111.0], [77.0, 111.5], [78.0, 111.5], [79.0, 111.5], [80.0, 111.5], [81.0, 111.5], [82.0, 111.5], [83.0, 111.5], [84.0, 111.5], [84.5, 111.0], [85.0, 110.5], [86.0, 110.5], [86.5, 110.0], [87.0, 109.5], [88.0, 109.5], [89.0, 109.5], [90.0, 109.5], [91.0, 109.5], [92.0, 109.5], [93.0, 109.5], [94.0, 109.5], [95.0, 109.5], [96.0, 109.5], [97.0, 109.5], [97.5, 109.0], [98.0, 108.5], [99.0, 108.5], [99.5, 108.0], [100.0, 107.5], [101.0, 107.5], [102.0, 107.5], [102.5, 107.0], [103.0, 106.5], [104.0, 106.5], [105.0, 106.5], [106.0, 106.5], [106.5, 106.0], [106.5, 105.0], [107.0, 104.5], [108.0, 104.5], [109.0, 104.5], [109.5, 104.0], [109.5, 103.0], [110.0, 102.5], [110.5, 102.0], [110.5, 101.0], [111.0, 100.5], [111.5, 100.0], [111.5, 99.0], [111.5, 98.0], [111.5, 97.0], [112.0, 96.5], [112.5, 96.0], [112.5, 95.0], [113.0, 94.5], [113.5, 94.0], [113.5, 93.0], [113.5, 92.0], [114.0, 91.5], [114.5, 91.0], [114.5, 90.0], [114.5, 89.0], [114.5, 88.0], [114.5, 87.0], [115.0, 86.5], [115.5, 86.0], [115.5, 85.0], [115.0, 84.5], [114.5, 84.0], [114.5, 83.0], [114.5, 82.0], [114.5, 81.0], [114.0, 80.5], [113.5, 80.0], [113.5, 79.0], [113.0, 78.5], [112.0, 78.5], [111.5, 78.0], [111.5, 77.0], [111.5, 76.0], [111.0, 75.5], [110.0, 75.5], [109.5, 75.0], [109.5, 74.0], [109.0, 73.5], [108.5, 73.0], [108.0, 72.5], [107.5, 72.0], [107.0, 71.5], [106.5, 71.0], [106.0, 70.5], [105.0, 70.5], [104.5, 70.0], [104.5, 69.0], [104.0, 68.5], [103.0, 68.5], [102.0, 68.5], [101.5, 68.0], [101.5, 67.0], [101.0, 66.5], [100.0, 66.5], [99.5, 66.0], [99.0, 65.5], [98.0, 65.5], [97.0, 65.5], [96.5, 66.0], [96.5, 67.0], [96.5, 68.0], [96.5, 69.0], [96.5, 70.0], [96.5, 71.0], [96.5, 72.0], [96.5, 73.0], [96.5, 74.0], [96.5, 75.0], [96.5, 76.0], [96.5, 77.0], [96.5, 78.0], [96.0, 78.5], [95.5, 79.0], [95.0, 79.5], [94.5, 80.0], [94.5, 81.0], [94.5, 82.0], [94.5, 83.0], [94.5, 84.0], [94.0, 84.5], [93.0, 84.5], [92.5, 85.0], [92.0, 85.5], [91.5, 86.0], [91.5, 87.0], [91.5, 88.0], [91.5, 89.0], [91.5, 90.0], [91.0, 90.5], [90.5, 91.0], [90.0, 91.5], [89.5, 92.0], [89.5, 93.0], [89.0, 93.5], [88.0, 93.5], [87.5, 94.0], [87.0, 94.5], [86.0, 94.5], [85.0, 94.5], [84.5, 95.0], [84.5, 96.0], [84.0, 96.5], [83.0, 96.5], [82.5, 97.0], [82.0, 97.5], [81.5, 98.0], [81.0, 98.5], [80.0, 98.5], [79.5, 99.0], [79.0, 99.5], [78.0, 99.5], [77.0, 99.5], [76.0, 99.5], [75.0, 99.5], [74.0, 99.5], [73.0, 99.5], [72.0, 99.5], [71.0, 99.5], [70.0, 99.5], [69.5, 100.0], [69.5, 101.0], [69.0, 101.5], [68.0, 101.5], [67.5, 102.0], [67.0, 102.5]]"
SLICE,Z1,GAS_MED_R,6.804137825957895,44.88424074649488,-712.6545715332,56.0,0.9264710495468094,"[[110.0, 102.5], [109.5, 103.0], [110.0, 103.5], [110.5, 104.0], [111.0, 104.5], [111.5, 104.0], [112.0, 103.5], [112.5, 103.0], [113.0, 102.5], [113.5, 102.0], [114.0, 101.5], [114.5, 101.0], [114.5, 100.0], [115.0, 99.5], [115.5, 99.0], [116.0, 98.5], [116.5, 98.0], [116.5, 97.0], [116.5, 96.0], [116.5, 95.0], [116.5, 94.0], [116.5, 93.0], [116.5, 92.0], [116.5, 91.0], [116.5, 90.0], [116.5, 89.0], [116.5, 88.0], [116.5, 87.0], [116.5, 86.0], [116.0, 85.5], [115.5, 86.0], [115.0, 86.5], [114.5, 87.0], [114.5, 88.0], [114.5, 89.0], [114.5, 90.0], [114.5, 91.0], [114.0, 91.5], [113.5, 92.0], [113.5, 93.0], [113.5, 94.0], [113.0, 94.5], [112.5, 95.0], [112.5, 96.0], [112.0, 96.5], [111.5, 97.0], [111.5, 98.0], [111.5, 99.0], [111.5, 100.0], [111.0, 100.5], [110.5, 101.0], [110.5, 102.0]]"
SLICE,Z1,GAS_LAT_R,6.804137825957895,44.88424074649488,-712.6545715332,0.0,,
SLICE,Z1,TA_L,6.804137825957895,44.88424074649488,-712.6545715332,235.0,0.29449244640877437,"[[235.0, 67.5], [234.5, 68.0], [234.5, 69.0], [234.5, 70.0], [234.5, 71.0], [234.5, 72.0], [234.5, 73.0], [235.0, 73.5], [236.0, 73.5], [236.5, 73.0], [237.0, 72.5], [238.0, 72.5], [239.0, 72.5], [239.5, 72.0], [240.0, 71.5], [241.0, 71.5], [241.5, 71.0], [242.0, 70.5], [243.0, 70.5], [243.5, 70.0], [244.0, 69.5], [245.0, 69.5], [246.0, 69.5], [247.0, 69.5], [247.5, 69.0], [247.5, 68.0], [248.0, 67.5], [248.5, 67.0], [249.0, 66.5], [250.0, 66.5], [251.0, 66.5], [252.0, 66.5], [253.0, 66.5], [253.5, 66.0], [253.5, 65.0], [253.5, 64.0], [253.5, 63.0], [253.0, 62.5], [252.5, 62.0], [252.5, 61.0], [252.0, 60.5], [251.5, 60.0], [251.0, 59.5], [250.5, 59.0], [250.0, 58.5], [249.5, 58.0], [249.0, 57.5], [248.5, 57.0], [248.0, 56.5], [247.5, 56.0], [247.0, 55.5], [246.0, 55.5], [245.0, 55.5], [244.5, 55.0], [244.0, 54.5], [243.5, 54.0], [243.0, 53.5], [242.0, 53.5], [241.0, 53.5], [240.0, 53.5], [239.0, 53.5], [238.5, 54.0], [238.5, 55.0], [238.5, 56.0], [238.0, 56.5], [237.5, 57.0], [237.5, 58.0], [237.5, 59.0], [237.5, 60.0], [237.0, 60.5], [236.5, 61.0], [236.5, 62.0], [236.5, 63.0], [236.0, 63.5], [235.5, 64.0], [235.5, 65.0], [235.5, 66.0], [235.5, 67.0]]"
SLICE,Z1,ED_L,6.804137825957895,44.88424074649488,-712.6545715332,215.0,0.2593575691608429,"[[237.0, 75.5], [236.5, 76.0], [236.5, 77.0], [237.0, 77.5], [237.5, 78.0], [238.0, 78.5], [238.5, 79.0], [239.0, 79.5], [239.5, 80.0], [239.5, 81.0], [240.0, 81.5], [241.0, 81.5], [242.0, 81.5], [243.0, 81.5], [244.0, 81.5], [245.0, 81.5], [246.0, 81.5], [247.0, 81.5], [248.0, 81.5], [249.0, 81.5], [249.5, 81.0], [250.0, 80.5], [251.0, 80.5], [252.0, 80.5], [252.5, 80.0], [253.0, 79.5], [254.0, 79.5], [254.5, 79.0], [255.0, 78.5], [255.5, 78.0], [255.5, 77.0], [256.0, 76.5], [256.5, 76.0], [256.5, 75.0], [256.5, 74.0], [256.5, 73.0], [256.5, 72.0], [256.0, 71.5], [255.5, 71.0], [255.5, 70.0], [255.5, 69.0], [255.0, 68.5], [254.5, 68.0], [254.5, 67.0], [254.0, 66.5], [253.0, 66.5], [252.0, 66.5], [251.0, 66.5], [250.0, 66.5], [249.0, 66.5], [248.5, 67.0], [248.0, 67.5], [247.5, 68.0], [247.5, 69.0], [247.0, 69.5], [246.0, 69.5], [245.0, 69.5], [244.0, 69.5], [243.5, 70.0], [243.0, 70.5], [242.0, 70.5], [241.5, 71.0], [241.0, 71.5], [240.0, 71.5], [239.5, 72.0], [239.0, 72.5], [238.5, 73.0], [238.5, 74.0], [238.0, 74.5], [237.5, 75.0]]"
SLICE,Z1,PER_L,6.804137825957895,44.88424074649488,-712.6545715332,251.0,0.35193369719590817,"[[241.0, 90.5], [240.5, 91.0], [240.5, 92.0], [241.0, 92.5], [241.5, 93.0], [241.5, 94.0], [242.0, 94.5], [242.5, 95.0], [243.0, 95.5], [243.5, 96.0], [244.0, 96.5], [244.5, 97.0], [245.0, 97.5], [245.5, 98.0], [246.0, 98.5], [246.5, 99.0], [247.0, 99.5], [248.0, 99.5], [249.0, 99.5], [249.5, 99.0], [250.0, 98.5], [251.0, 98.5], [251.5, 98.0], [252.0, 97.5], [252.5, 97.0], [253.0, 96.5], [254.0, 96.5], [254.5, 96.0], [254.5, 95.0], [255.0, 94.5], [256.0, 94.5], [256.5, 94.0], [256.5, 93.0], [256.5, 92.0], [256.5, 91.0], [256.5, 90.0], [257.0, 89.5], [257.5, 89.0], [257.5, 88.0], [257.5, 87.0], [257.5, 86.0], [257.5, 85.0], [257.5, 84.0], [257.0, 83.5], [256.5, 83.0], [256.5, 82.0], [256.5, 81.0], [256.0, 80.5], [255.5, 80.0], [255.0, 79.5], [254.0, 79.5], [253.0, 79.5], [252.5, 80.0], [252.0, 80.5], [251.0, 80.5], [250.0, 80.5], [249.5, 81.0], [249.0, 81.5], [248.0, 81.5], [247.0, 81.5], [246.0, 81.5], [245.0, 81.5], [244.0, 81.5], [243.0, 81.5], [242.0, 81.5], [241.5, 82.0], [241.5, 83.0], [241.5, 84.0], [242.0, 84.5], [242.5, 85.0], [242.5, 86.0], [242.0, 86.5], [241.5, 87.0], [241.5, 88.0], [241.5, 89.0], [241.5, 90.0]]"
SLICE,Z1,DLPC_L,6.804137825957895,44.88424074649488,-712.6545715332,447.0,0.19447208645855354,"[[217.0, 64.5], [216.5, 65.0], [216.5, 66.0], [216.5, 67.0], [216.5, 68.0], [216.5, 69.0], [216.5, 70.0], [216.5, 71.0], [216.5, 72.0], [216.5, 73.0], [216.5, 74.0], [217.0, 74.5], [217.5, 75.0], [217.5, 76.0], [218.0, 76.5], [219.0, 76.5], [220.0, 76.5], [220.5, 77.0], [221.0, 77.5], [221.5, 78.0], [221.5, 79.0], [221.5, 80.0], [221.5, 81.0], [221.5, 82.0], [221.5, 83.0], [221.5, 84.0], [222.0, 84.5], [222.5, 85.0], [222.5, 86.0], [223.0, 86.5], [224.0, 86.5], [224.5, 87.0], [224.5, 88.0], [224.5, 89.0], [225.0, 89.5], [225.5, 90.0], [226.0, 90.5], [226.5, 91.0], [227.0, 91.5], [228.0, 91.5], [229.0, 91.5], [229.5, 92.0], [230.0, 92.5], [230.5, 93.0], [231.0, 93.5], [231.5, 94.0], [232.0, 94.5], [232.5, 95.0], [233.0, 95.5], [233.5, 96.0], [234.0, 96.5], [235.0, 96.5], [236.0, 96.5], [237.0, 96.5], [238.0, 96.5], [239.0, 96.5], [240.0, 96.5], [241.0, 96.5], [242.0, 96.5], [242.5, 96.0], [242.5, 95.0], [242.0, 94.5], [241.5, 94.0], [241.5, 93.0], [241.0, 92.5], [240.5, 92.0], [240.5, 91.0], [240.0, 90.5], [239.0, 90.5], [238.5, 90.0], [238.0, 89.5], [237.5, 89.0], [237.0, 88.5], [236.5, 88.0], [236.5, 87.0], [236.5, 86.0], [236.5, 85.0], [237.0, 84.5], [237.5, 84.0], [238.0, 83.5], [239.0, 83.5], [239.5, 83.0], [240.0, 82.5], [240.5, 82.0], [240.0, 81.5], [239.5, 81.0], [239.5, 80.0], [239.0, 79.5], [238.5, 79.0], [238.0, 78.5], [237.5, 78.0], [237.0, 77.5], [236.5, 77.0], [236.5, 76.0], [237.0, 75.5], [237.5, 75.0], [237.5, 74.0], [237.0, 73.5], [236.0, 73.5], [235.0, 73.5], [234.5, 73.0], [234.5, 72.0], [234.5, 71.0], [234.0, 70.5], [233.0, 70.5], [232.0, 70.5], [231.0, 70.5], [230.0, 70.5], [229.0, 70.5], [228.5, 70.0], [228.0, 69.5], [227.0, 69.5], [226.5, 69.0], [226.0, 68.5], [225.0, 68.5], [224.5, 68.0], [224.0, 67.5], [223.5, 67.0], [223.0, 66.5], [222.5, 66.0], [222.0, 65.5], [221.5, 65.0], [221.5, 64.0], [221.0, 63.5], [220.0, 63.5], [219.0, 63.5], [218.0, 63.5], [217.5, 64.0]]"
SLICE,Z1,POP_L,6.804137825957895,44.88424074649488,-712.6545715332,0.0,,
SLICE,Z1,SOL_L,6.804137825957895,44.88424074649488,-712.6545715332,1026.0,0.23769222979472784,"[[201.0, 83.5], [200.5, 84.0], [201.0, 84.5], [201.5, 85.0], [201.5, 86.0], [201.5, 87.0], [201.5, 88.0], [201.5, 89.0], [201.5, 90.0], [201.5, 91.0], [202.0, 91.5], [202.5, 92.0], [202.5, 93.0], [202.5, 94.0], [203.0, 94.5], [203.5, 95.0], [204.0, 95.5], [204.5, 96.0], [204.5, 97.0], [204.5, 98.0], [205.0, 98.5], [205.5, 99.0], [206.0, 99.5], [206.5, 100.0], [206.5, 101.0], [207.0, 101.5], [207.5, 102.0], [208.0, 102.5], [208.5, 103.0], [209.0, 103.5], [209.5, 104.0], [210.0, 104.5], [211.0, 104.5], [212.0, 104.5], [212.5, 105.0], [213.0, 105.5], [214.0, 105.5], [214.5, 106.0], [215.0, 106.5], [216.0, 106.5], [217.0, 106.5], [218.0, 106.5], [219.0, 106.5], [220.0, 106.5], [220.5, 107.0], [221.0, 107.5], [222.0, 107.5], [223.0, 107.5], [224.0, 107.5], [225.0, 107.5], [225.5, 108.0], [226.0, 108.5], [227.0, 108.5], [228.0, 108.5], [228.5, 109.0], [229.0, 109.5], [230.0, 109.5], [231.0, 109.5], [232.0, 109.5], [233.0, 109.5], [234.0, 109.5], [235.0, 109.5], [236.0, 109.5], [237.0, 109.5], [238.0, 109.5], [239.0, 109.5], [240.0, 109.5], [241.0, 109.5], [242.0, 109.5], [243.0, 109.5], [243.5, 109.0], [244.0, 108.5], [245.0, 108.5], [245.5, 108.0], [246.0, 107.5], [246.5, 107.0], [247.0, 106.5], [248.0, 106.5], [249.0, 106.5], [249.5, 106.0], [249.5, 105.0], [250.0, 104.5], [250.5, 104.0], [251.0, 103.5], [251.5, 103.0], [251.5, 102.0], [251.5, 101.0], [251.5, 100.0], [251.5, 99.0], [251.0, 98.5], [250.0, 98.5], [249.5, 99.0], [249.0, 99.5], [248.0, 99.5], [247.0, 99.5], [246.5, 99.0], [246.0, 98.5], [245.5, 98.0], [245.0, 97.5], [244.5, 97.0], [244.0, 96.5], [243.5, 96.0], [243.0, 95.5], [242.5, 96.0], [242.0, 96.5], [241.0, 96.5], [240.0, 96.5], [239.0, 96.5], [238.0, 96.5], [237.0, 96.5], [236.0, 96.5], [235.0, 96.5], [234.0, 96.5], [233.5, 96.0], [233.0, 95.5], [232.5, 95.0], [232.0, 94.5], [231.5, 94.0], [231.0, 93.5], [230.5, 93.0], [230.0, 92.5], [229.5, 92.0], [229.0, 91.5], [228.0, 91.5], [227.0, 91.5], [226.5, 91.0], [226.0, 90.5], [225.5, 90.0], [225.0, 89.5], [224.5, 89.0], [224.5, 88.0], [224.5, 87.0], [224.0, 86.5], [223.0, 86.5], [222.5, 86.0], [222.5, 85.0], [222.0, 84.5], [221.5, 84.0], [221.5, 83.0], [221.5, 82.0], [221.5, 81.0], [221.5, 80.0], [221.5, 79.0], [221.5, 78.0], [221.0, 77.5], [220.0, 77.5], [219.5, 77.0], [219.0, 76.5], [218.0, 76.5], [217.5, 76.0], [217.5, 75.0], [217.0, 74.5], [216.5, 74.0], [216.5, 73.0], [216.5, 72.0], [216.5, 71.0], [216.5, 70.0], [216.5, 69.0], [216.5, 68.0], [216.5, 67.0], [216.5, 66.0], [216.5, 65.0], [216.0, 64.5], [215.5, 65.0], [215.0, 65.5], [214.0, 65.5], [213.5, 66.0], [213.0, 66.5], [212.0, 66.5], [211.5, 67.0], [211.0, 67.5], [210.5, 68.0], [210.0, 68.5], [209.5, 69.0], [209.0, 69.5], [208.5, 70.0], [208.0, 70.5], [207.5, 71.0], [207.0, 71.5], [206.5, 72.0], [206.0, 72.5], [205.5, 73.0], [205.5, 74.0], [205.0, 74.5], [204.5, 75.0], [204.0, 75.5], [203.5, 76.0], [203.5, 77.0], [203.5, 78.0], [203.5, 79.0], [203.5, 80.0], [203.0, 80.5], [202.5, 81.0], [202.0, 81.5], [201.5, 82.0], [201.5, 83.0]]"
SLICE,Z1,GAS_MED_L,6.804137825957895,44.88424074649488,-712.6545715332,44.0,0.9337775675736109,"[[200.0, 88.5], [199.5, 89.0], [199.5, 90.0], [199.5, 91.0], [199.5, 92.0], [199.5, 93.0], [199.5, 94.0], [200.0, 94.5], [200.5, 95.0], [200.5, 96.0], [200.5, 97.0], [201.0, 97.5], [201.5, 98.0], [201.5, 99.0], [202.0, 99.5], [202.5, 100.0], [203.0, 100.5], [203.5, 101.0], [204.0, 101.5], [205.0, 101.5], [206.0, 101.5], [206.5, 101.0], [206.5, 100.0], [206.0, 99.5], [205.5, 99.0], [205.0, 98.5], [204.5, 98.0], [204.5, 97.0], [204.5, 96.0], [204.0, 95.5], [203.5, 95.0], [203.0, 94.5], [202.5, 94.0], [202.5, 93.0], [202.5, 92.0], [202.0, 91.5], [201.5, 91.0], [201.5, 90.0], [201.5, 89.0], [201.5, 88.0], [201.5, 87.0], [201.5, 86.0], [201.5, 85.0], [201.0, 84.5], [200.5, 85.0], [200.5, 86.0], [200.5, 87.0], [200.5, 88.0]]"
SLICE,Z1,GAS_LAT_L,6.804137825957895,44.88424074649488,-712.6545715332,0.0,,
SLICE,Z2,TA_R,6.804137825957895,44.88424074649488,-682.6545715332,317.0,0.34748138946761786,"[[59.0, 63.5], [58.5, 64.0], [58.5, 65.0], [58.5, 66.0], [58.5, 67.0], [58.5, 68.0], [58.5, 69.0], [59.0, 69.5], [60.0, 69.5], [61.0, 69.5], [62.0, 69.5], [63.0, 69.5], [64.0, 69.5], [65.0, 69.5], [65.5, 70.0], [66.0, 70.5], [67.0, 70.5], [67.5, 71.0], [68.0, 71.5], [69.0, 71.5], [70.0, 71.5], [70.5, 72.0], [71.0, 72.5], [71.5, 73.0], [72.0, 73.5], [72.5, 74.0], [73.0, 74.5], [74.0, 74.5], [75.0, 74.5], [76.0, 74.5], [77.0, 74.5], [77.5, 74.0], [78.0, 73.5], [79.0, 73.5], [79.5, 73.0], [79.5, 72.0], [79.5, 71.0], [79.5, 70.0], [79.5, 69.0], [79.5, 68.0], [79.5, 67.0], [79.5, 66.0], [79.5, 65.0], [79.5, 64.0], [79.0, 63.5], [78.0, 63.5], [77.5, 63.0], [77.5, 62.0], [77.5, 61.0], [77.0, 60.5], [76.5, 60.0], [76.5, 59.0], [76.5, 58.0], [76.5, 57.0], [76.5, 56.0], [76.5, 55.0], [77.0, 54.5], [77.5, 54.0], [77.0, 53.5], [76.5, 53.0], [76.5, 52.0], [76.0, 51.5], [75.0, 51.5], [74.5, 52.0], [74.0, 52.5], [73.0, 52.5], [72.0, 52.5], [71.5, 53.0], [71.0, 53.5], [70.0, 53.5], [69.0, 53.5], [68.5, 54.0], [68.0, 54.5], [67.0, 54.5], [66.5, 55.0], [66.0, 55.5], [65.5, 56.0], [65.0, 56.5], [64.5, 57.0], [64.0, 57.5], [63.5, 58.0], [63.0, 58.5], [62.5, 59.0], [62.0, 59.5], [61.5, 60.0], [61.0, 60.5], [60.5, 61.0], [60.5, 62.0], [60.0, 62.5], [59.5, 63.0]]"
SLICE,Z2,ED_R,6.804137825957895,44.88424074649488,-682.6545715332,184.0,0.24531670175392575,"[[57.0, 71.5], [56.5, 72.0], [56.5, 73.0], [56.5, 74.0], [56.5, 75.0], [56.5, 76.0], [56.5, 77.0], [57.0, 77.5], [57.5, 78.0], [57.5, 79.0], [58.0, 79.5], [58.5, 80.0], [59.0, 80.5], [59.5, 81.0], [60.0, 81.5], [61.0, 81.5], [62.0, 81.5], [63.0, 81.5], [64.0, 81.5], [64.5, 82.0], [65.0, 82.5], [66.0, 82.5], [67.0, 82.5], [68.0, 82.5], [69.0, 82.5], [70.0, 82.5], [71.0, 82.5], [71.5, 82.0], [72.0, 81.5], [72.5, 81.0], [73.0, 80.5], [73.5, 80.0], [73.5, 79.0], [74.0, 78.5], [74.5, 78.0], [74.5, 77.0], [74.5, 76.0], [74.0, 75.5], [73.5, 75.0], [73.0, 74.5], [72.5, 74.0], [72.0, 73.5], [71.5, 73.0], [71.0, 72.5], [70.5, 72.0], [70.0, 71.5], [69.0, 71.5], [68.0, 71.5], [67.5, 71.0], [67.0, 70.5], [66.0, 70.5], [65.5, 70.0], [65.0, 69.5], [64.0, 69.5], [63.0, 69.5], [62.0, 69.5], [61.0, 69.5], [60.0, 69.5], [59.0, 69.5], [58.0, 69.5], [57.5, 70.0], [57.5, 71.0]]"
SLICE,Z2,PER_R,6.804137825957895,44.88424074649488,-682.6545715332,289.0,0.3483448625059986,"[[54.0, 87.5], [53.5, 88.0], [53.5, 89.0], [54.0, 89.5], [54.5, 90.0], [54.5, 91.0], [54.5, 92.0], [54.5, 93.0], [54.5, 94.0], [55.0, 94.5], [55.5, 95.0], [55.5, 96.0], [56.0, 96.5], [57.0, 96.5], [57.5, 97.0], [58.0, 97.5], [58.5, 98.0], [58.5, 99.0], [59.0, 99.5], [60.0, 99.5], [60.5, 100.0], [61.0, 100.5], [62.0, 100.5], [62.5, 101.0], [63.0, 101.5], [64.0, 101.5], [65.0, 101.5], [65.5, 101.0], [66.0, 100.5], [66.5, 100.0], [66.5, 99.0], [67.0, 98.5], [67.5, 98.0], [68.0, 97.5], [68.5, 97.0], [69.0, 96.5], [70.0, 96.5], [70.5, 96.0], [71.0, 95.5], [71.5, 95.0], [71.5, 94.0], [71.5, 93.0], [71.5, 92.0], [71.5, 91.0], [71.5, 90.0], [71.5, 89.0], [71.5, 88.0], [71.5, 87.0], [71.5, 86.0], [71.5, 85.0], [71.0, 84.5], [70.5, 84.0], [70.5, 83.0], [70.0, 82.5], [69.0, 82.5], [68.0, 82.5], [67.0, 82.5], [66.0, 82.5], [65.0, 82.5], [64.5, 82.0], [64.0, 81.5], [63.0, 81.5], [62.0, 81.5], [61.0, 81.5], [60.0, 81.5], [59.5, 81.0], [59.0, 80.5], [58.5, 80.0], [58.0, 79.5], [57.5, 79.0], [57.0, 78.5], [56.5, 79.0], [56.0, 79.5], [55.5, 80.0], [55.5, 81.0], [55.5, 82.0], [55.0, 82.5], [54.5, 83.0], [54.5, 84.0], [54.5, 85.0], [54.5, 86.0], [54.5, 87.0]]"
SLICE,Z2,DLPC_R,6.804137825957895,44.88424074649488,-682.6545715332,420.0,0.19547513991086699,"[[72.0, 95.5], [71.5, 96.0], [72.0, 96.5], [73.0, 96.5], [74.0, 96.5], [75.0, 96.5], [75.5, 96.0], [76.0, 95.5], [76.5, 95.0], [77.0, 94.5], [78.0, 94.5], [79.0, 94.5], [79.5, 94.0], [80.0, 93.5], [80.5, 93.0], [81.0, 92.5], [81.5, 92.0], [82.0, 91.5], [83.0, 91.5], [84.0, 91.5], [84.5, 91.0], [84.5, 90.0], [85.0, 89.5], [86.0, 89.5], [86.5, 89.0], [86.5, 88.0], [87.0, 87.5], [87.5, 87.0], [88.0, 86.5], [89.0, 86.5], [89.5, 86.0], [90.0, 85.5], [90.5, 85.0], [90.5, 84.0], [90.5, 83.0], [91.0, 82.5], [91.5, 82.0], [92.0, 81.5], [92.5, 81.0], [93.0, 80.5], [93.5, 80.0], [94.0, 79.5], [94.5, 79.0], [94.5, 78.0], [94.5, 77.0], [95.0, 76.5], [96.0, 76.5], [97.0, 76.5], [97.5, 76.0], [97.5, 75.0], [98.0, 74.5], [98.5, 74.0], [98.0, 73.5], [97.5, 73.0], [97.5, 72.0], [97.0, 71.5], [96.5, 71.0], [96.5, 70.0], [96.5, 69.0], [96.5, 68.0], [96.5, 67.0], [96.5, 66.0], [96.5, 65.0], [96.5, 64.0], [96.0, 63.5], [95.5, 63.0], [95.0, 62.5], [94.0, 62.5], [93.5, 63.0], [93.0, 63.5], [92.5, 64.0], [92.5, 65.0], [92.0, 65.5], [91.5, 66.0], [91.0, 66.5], [90.5, 67.0], [90.5, 68.0], [90.0, 68.5], [89.0, 68.5], [88.5, 69.0], [88.0, 69.5], [87.0, 69.5], [86.5, 70.0], [86.0, 70.5], [85.0, 70.5], [84.0, 70.5], [83.0, 70.5], [82.5, 70.0], [82.0, 69.5], [81.0, 69.5], [80.0, 69.5], [79.5, 70.0], [79.5, 71.0], [79.5, 72.0], [79.5, 73.0], [79.0, 73.5], [78.0, 73.5], [77.5, 74.0], [77.0, 74.5], [76.0, 74.5], [75.0, 74.5], [74.5, 75.0], [74.5, 76.0], [74.5, 77.0], [74.5, 78.0], [74.0, 78.5], [73.5, 79.0], [73.5, 80.0], [73.0, 80.5], [72.5, 81.0], [72.5, 82.0], [72.5, 83.0], [72.5, 84.0], [73.0, 84.5], [73.5, 85.0], [73.5, 86.0], [74.0, 86.5], [75.0, 86.5], [76.0, 86.5], [77.0, 86.5], [77.5, 87.0], [77.5, 88.0], [77.5, 89.0], [77.5, 90.0], [77.0, 90.5], [76.5, 91.0], [76.5, 92.0], [76.5, 93.0], [76.0, 93.5], [75.5, 94.0], [75.0, 94.5], [74.0, 94.5], [73.0, 94.5], [72.5, 95.0]]"
SLICE,Z2,POP_R,6.804137825957895,44.88424074649488,-682.6545715332,0.0,,
SLICE,Z2,SOL_R,6.804137825957895,44.88424074649488,-682.6545715332,1287.0,0.23705576762344768,"[[64.0, 101.5], [63.5, 102.0], [63.5, 103.0], [63.5, 104.0], [64.0, 104.5], [64.5, 105.0], [64.5, 106.0], [65.0, 106.5], [66.0, 106.5], [66.5, 107.0], [67.0, 107.5], [68.0, 107.5], [68.5, 108.0], [69.0, 108.5], [69.5, 109.0], [70.0, 109.5], [71.0, 109.5], [72.0, 109.5], [73.0, 109.5], [73.5, 110.0], [74.0, 110.5], [75.0, 110.5], [76.0, 110.5], [77.0, 110.5], [78.0, 110.5], [79.0, 110.5], [80.0, 110.5], [81.0, 110.5], [82.0, 110.5], [82.5, 110.0], [83.0, 109.5], [84.0, 109.5], [85.0, 109.5], [86.0, 109.5], [87.0, 109.5], [88.0, 109.5], [89.0, 109.5], [90.0, 109.5], [91.0, 109.5], [92.0, 109.5], [93.0, 109.5], [94.0, 109.5], [95.0, 109.5], [95.5, 109.0], [96.0, 108.5], [97.0, 108.5], [98.0, 108.5], [99.0, 108.5], [99.5, 108.0], [100.0, 107.5], [101.0, 107.5], [102.0, 107.5], [102.5, 107.0], [103.0, 106.5], [104.0, 106.5], [105.0, 106.5], [106.0, 106.5], [106.5, 106.0], [107.0, 105.5], [107.5, 105.0], [108.0, 104.5], [109.0, 104.5], [109.5, 104.0], [109.5, 103.0], [110.0, 102.5], [110.5, 102.0], [111.0, 101.5], [111.5, 101.0], [111.5, 100.0], [111.5, 99.0], [112.0, 98.5], [112.5, 98.0], [112.5, 97.0], [112.5, 96.0], [113.0, 95.5], [113.5, 95.0], [113.5, 94.0], [113.5, 93.0], [113.5, 92.0], [113.5, 91.0], [114.0, 90.5], [114.5, 90.0], [114.5, 89.0], [114.5, 88.0], [114.5, 87.0], [114.5, 86.0], [114.5, 85.0], [114.5, 84.0], [114.5, 83.0], [114.5, 82.0], [114.5, 81.0], [114.5, 80.0], [114.5, 79.0], [114.5, 78.0], [114.5, 77.0], [114.5, 76.0], [114.5, 75.0], [114.5, 74.0], [114.0, 73.5], [113.5, 73.0], [113.5, 72.0], [113.5, 71.0], [113.0, 70.5], [112.0, 70.5], [111.5, 70.0], [111.0, 69.5], [110.5, 69.0], [110.0, 68.5], [109.5, 68.0], [109.0, 67.5], [108.5, 67.0], [108.0, 66.5], [107.0, 66.5], [106.5, 66.0], [106.0, 65.5], [105.0, 65.5], [104.5, 65.0], [104.5, 64.0], [104.0, 63.5], [103.0, 63.5], [102.0, 63.5], [101.5, 63.0], [101.0, 62.5], [100.5, 62.0], [100.0, 61.5], [99.0, 61.5], [98.5, 61.0], [98.0, 60.5], [97.0, 60.5], [96.5, 61.0], [96.0, 61.5], [95.5, 62.0], [95.5, 63.0], [96.0, 63.5], [96.5, 64.0], [96.5, 65.0], [96.5, 66.0], [96.5, 67.0], [96.5, 68.0], [96.5, 69.0], [96.5, 70.0], [96.5, 71.0], [97.0, 71.5], [98.0, 71.5], [98.5, 72.0], [98.5, 73.0], [98.5, 74.0], [98.0, 74.5], [97.5, 75.0], [97.5, 76.0], [97.0, 76.5], [96.0, 76.5], [95.5, 77.0], [95.0, 77.5], [94.5, 78.0], [94.5, 79.0], [94.0, 79.5], [93.5, 80.0], [93.0, 80.5], [92.5, 81.0], [92.0, 81.5], [91.5, 82.0], [91.0, 82.5], [90.5, 83.0], [90.5, 84.0], [90.5, 85.0], [90.0, 85.5], [89.5, 86.0], [89.0, 86.5], [88.0, 86.5], [87.5, 87.0], [87.0, 87.5], [86.5, 88.0], [86.5, 89.0], [86.0, 89.5], [85.0, 89.5], [84.5, 90.0], [84.5, 91.0], [84.0, 91.5], [83.0, 91.5], [82.0, 91.5], [81.5, 92.0], [81.0, 92.5], [80.5, 93.0], [80.0, 93.5], [79.5, 94.0], [79.0, 94.5], [78.0, 94.5], [77.0, 94.5], [76.5, 95.0], [76.0, 95.5], [75.5, 96.0], [75.0, 96.5], [74.0, 96.5], [73.0, 96.5], [72.0, 96.5], [71.5, 96.0], [72.0, 95.5], [72.5, 95.0], [73.0, 94.5], [74.0, 94.5], [75.0, 94.5], [75.5, 94.0], [76.0, 93.5], [76.5, 93.0], [76.5, 92.0], [76.0, 91.5], [75.5, 92.0], [75.0, 92.5], [74.5, 93.0], [74.0, 93.5], [73.0, 93.5], [72.0, 93.5], [71.5, 94.0], [71.5, 95.0], [71.0, 95.5], [70.5, 96.0], [70.0, 96.5], [69.0, 96.5], [68.5, 97.0], [68.0, 97.5], [67.5, 98.0], [67.0, 98.5], [66.5, 99.0], [66.5, 100.0], [66.0, 100.5], [65.5, 101.0], [65.0, 101.5]]"
SLICE,Z2,GAS_MED_R,6.804137825957895,44.88424074649488,-682.6545715332,307.0,0.5868858496797543,"[[105.0, 106.5], [104.5, 107.0], [104.5, 108.0], [105.0, 108.5], [106.0, 108.5], [107.0, 108.5], [108.0, 108.5], [109.0, 108.5], [110.0, 108.5], [111.0, 108.5], [112.0, 108.5], [113.0, 108.5], [114.0, 108.5], [114.5, 108.0], [115.0, 107.5], [116.0, 107.5], [116.5, 107.0], [117.0, 106.5], [118.0, 106.5], [118.5, 106.0], [119.0, 105.5], [119.5, 105.0], [120.0, 104.5], [120.5, 104.0], [120.5, 103.0], [121.0, 102.5], [121.5, 102.0], [121.5, 101.0], [121.5, 100.0], [122.0, 99.5], [122.5, 99.0], [123.0, 98.5], [123.5, 98.0], [123.5, 97.0], [123.5, 96.0], [123.5, 95.0], [123.5, 94.0], [123.5, 93.0], [123.5, 92.0], [123.5, 91.0], [123.5, 90.0], [123.5, 89.0], [123.5, 88.0], [123.5, 87.0], [123.0, 86.5], [122.5, 86.0], [122.5, 85.0], [122.5, 84.0], [122.0, 83.5], [121.5, 83.0], [121.5, 82.0], [121.5, 81.0], [121.0, 80.5], [120.5, 80.0], [120.5, 79.0], [120.0, 78.5], [119.5, 78.0], [119.5, 77.0], [119.0, 76.5], [118.5, 76.0], [118.0, 75.5], [117.0, 75.5], [116.5, 75.0], [116.5, 74.0], [116.0, 73.5], [115.5, 73.0], [115.0, 72.5], [114.5, 72.0], [114.0, 71.5], [113.5, 72.0], [113.5, 73.0], [114.0, 73.5], [114.5, 74.0], [114.5, 75.0], [114.5, 76.0], [114.5, 77.0], [114.5, 78.0], [114.5, 79.0], [114.5, 80.0], [114.5, 81.0], [114.5, 82.0], [114.5, 83.0], [114.5, 84.0], [114.5, 85.0], [114.5, 86.0], [114.5, 87.0], [114.5, 88.0], [114.5, 89.0], [114.5, 90.0], [114.0, 90.5], [113.5, 91.0], [113.5, 92.0], [113.5, 93.0], [113.5, 94.0], [113.5, 95.0], [113.0, 95.5], [112.5, 96.0], [112.5, 97.0], [112.5, 98.0], [112.0, 98.5], [111.5, 99.0], [111.5, 100.0], [111.5, 101.0], [111.0, 101.5], [110.5, 102.0], [110.0, 102.5], [109.5, 103.0], [109.5, 104.0], [109.0, 104.5], [108.0, 104.5], [107.5, 105.0], [107.0, 105.5], [106.5, 106.0], [106.0, 106.5]]"
SLICE,Z2,GAS_LAT_R,6.804137825957895,44.88424074649488,-682.6545715332,11.0,1.0,"[[85.0, 109.5], [84.5, 110.0], [85.0, 110.5], [86.0, 110.5], [87.0, 110.5], [88.0, 110.5], [89.0, 110.5], [90.0, 110.5], [90.5, 111.0], [91.0, 111.5], [91.5, 111.0], [92.0, 110.5], [93.0, 110.5], [94.0, 110.5], [94.5, 110.0], [94.0, 109.5], [93.0, 109.5], [92.0, 109.5], [91.0, 109.5], [90.0, 109.5], [89.0, 109.5], [88.0, 109.5], [87.0, 109.5], [86.0, 109.5]]"
SLICE,Z2,TA_L,6.804137825957895,44.88424074649488,-682.6545715332,343.0,0.2663172328456674,"[[235.0, 66.5], [234.5, 67.0], [234.5, 68.0], [234.5, 69.0], [235.0, 69.5], [235.5, 70.0], [235.5, 71.0], [236.0, 71.5], [237.0, 71.5], [238.0, 71.5], [239.0, 71.5], [240.0, 71.5], [241.0, 71.5], [241.5, 71.0], [242.0, 70.5], [242.5, 70.0], [243.0, 69.5], [244.0, 69.5], [245.0, 69.5], [246.0, 69.5], [247.0, 69.5], [248.0, 69.5], [248.5, 69.0], [249.0, 68.5], [249.5, 68.0], [250.0, 67.5], [251.0, 67.5], [252.0, 67.5], [252.5, 67.0], [253.0, 66.5], [254.0, 66.5], [255.0, 66.5], [255.5, 67.0], [256.0, 67.5], [256.5, 67.0], [257.0, 66.5], [257.5, 66.0], [257.5, 65.0], [257.5, 64.0], [257.0, 63.5], [256.5, 63.0], [256.5, 62.0], [256.5, 61.0], [256.5, 60.0], [256.0, 59.5], [255.5, 59.0], [255.0, 58.5], [254.5, 58.0], [254.5, 57.0], [254.0, 56.5], [253.5, 56.0], [253.0, 55.5], [252.0, 55.5], [251.5, 55.0], [251.5, 54.0], [251.0, 53.5], [250.0, 53.5], [249.5, 53.0], [249.0, 52.5], [248.5, 52.0], [248.0, 51.5], [247.0, 51.5], [246.5, 51.0], [246.0, 50.5], [245.0, 50.5], [244.0, 50.5], [243.5, 50.0], [243.0, 49.5], [242.0, 49.5], [241.0, 49.5], [240.0, 49.5], [239.0, 49.5], [238.5, 50.0], [238.0, 50.5], [237.0, 50.5], [236.5, 51.0], [237.0, 51.5], [237.5, 52.0], [237.5, 53.0], [237.5, 54.0], [237.5, 55.0], [237.5, 56.0], [237.5, 57.0], [237.5, 58.0], [237.5, 59.0], [237.0, 59.5], [236.5, 60.0], [236.5, 61.0], [236.0, 61.5], [235.5, 62.0], [235.5, 63.0], [235.5, 64.0], [235.5, 65.0], [235.5, 66.0]]"
SLICE,Z2,ED_L,6.804137825957895,44.88424074649488,-682.6545715332,183.0,0.23665039286136977,"[[241.0, 71.5], [240.5, 72.0], [240.5, 73.0], [240.5, 74.0], [240.5, 75.0], [240.5, 76.0], [241.0, 76.5], [241.5, 77.0], [241.5, 78.0], [241.5, 79.0], [242.0, 79.5], [243.0, 79.5], [244.0, 79.5], [245.0, 79.5], [246.0, 79.5], [246.5, 79.0], [247.0, 78.5], [248.0, 78.5], [249.0, 78.5], [249.5, 79.0], [250.0, 79.5], [251.0, 79.5], [252.0, 79.5], [253.0, 79.5], [254.0, 79.5], [254.5, 79.0], [255.0, 78.5], [256.0, 78.5], [256.5, 78.0], [256.5, 77.0], [257.0, 76.5], [258.0, 76.5], [258.5, 76.0], [258.5, 75.0], [258.5, 74.0], [258.5, 73.0], [258.5, 72.0], [258.5, 71.0], [258.5, 70.0], [258.5, 69.0], [258.0, 68.5], [257.0, 68.5], [256.5, 68.0], [256.0, 67.5], [255.5, 67.0], [255.0, 66.5], [254.0, 66.5], [253.0, 66.5], [252.5, 67.0], [252.0, 67.5], [251.0, 67.5], [250.0, 67.5], [249.5, 68.0], [249.0, 68.5], [248.5, 69.0], [248.0, 69.5], [247.0, 69.5], [246.0, 69.5], [245.0, 69.5], [244.0, 69.5], [243.0, 69.5], [242.5, 70.0], [242.0, 70.5], [241.5, 71.0]]"
SLICE,Z2,PER_L,6.804137825957895,44.88424074649488,-682.6545715332,281.0,0.33767985202988593,"[[243.0, 83.5], [242.5, 84.0], [242.5, 85.0], [242.5, 86.0], [242.5, 87.0], [242.5, 88.0], [242.5, 89.0], [242.5, 90.0], [242.5, 91.0], [243.0, 91.5], [243.5, 92.0], [244.0, 92.5], [244.5, 93.0], [244.5, 94.0], [245.0, 94.5], [246.0, 94.5], [247.0, 94.5], [248.0, 94.5], [248.5, 95.0], [249.0, 95.5], [249.5, 96.0], [250.0, 96.5], [251.0, 96.5], [252.0, 96.5], [253.0, 96.5], [254.0, 96.5], [255.0, 96.5], [255.5, 96.0], [256.0, 95.5], [256.5, 95.0], [257.0, 94.5], [258.0, 94.5], [259.0, 94.5], [259.5, 94.0], [259.5, 93.0], [259.5, 92.0], [260.0, 91.5], [260.5, 91.0], [260.5, 90.0], [260.5, 89.0], [260.5, 88.0], [260.5, 87.0], [260.5, 86.0], [260.5, 85.0], [260.5, 84.0], [260.5, 83.0], [260.5, 82.0], [260.5, 81.0], [260.0, 80.5], [259.5, 80.0], [259.5, 79.0], [259.0, 78.5], [258.5, 78.0], [258.0, 77.5], [257.0, 77.5], [256.5, 78.0], [256.0, 78.5], [255.0, 78.5], [254.5, 79.0], [254.0, 79.5], [253.0, 79.5], [252.0, 79.5], [251.0, 79.5], [250.0, 79.5], [249.5, 79.0], [249.0, 78.5], [248.0, 78.5], [247.0, 78.5], [246.5, 79.0], [246.0, 79.5], [245.0, 79.5], [244.0, 79.5], [243.5, 80.0], [243.5, 81.0], [243.5, 82.0], [243.5, 83.0]]"
SLICE,Z2,DLPC_L,6.804137825957895,44.88424074649488,-682.6545715332,397.0,0.19971502441495845,"[[217.0, 69.5], [216.5, 70.0], [216.5, 71.0], [216.5, 72.0], [216.5, 73.0], [217.0, 73.5], [217.5, 74.0], [218.0, 74.5], [219.0, 74.5], [220.0, 74.5], [221.0, 74.5], [221.5, 75.0], [221.5, 76.0], [221.5, 77.0], [221.5, 78.0], [221.5, 79.0], [222.0, 79.5], [222.5, 80.0], [223.0, 80.5], [223.5, 81.0], [224.0, 81.5], [224.5, 82.0], [224.5, 83.0], [225.0, 83.5], [226.0, 83.5], [226.5, 84.0], [227.0, 84.5], [228.0, 84.5], [228.5, 85.0], [229.0, 85.5], [229.5, 86.0], [230.0, 86.5], [230.5, 87.0], [231.0, 87.5], [231.5, 88.0], [232.0, 88.5], [232.5, 89.0], [233.0, 89.5], [234.0, 89.5], [234.5, 90.0], [234.5, 91.0], [235.0, 91.5], [236.0, 91.5], [237.0, 91.5], [237.5, 92.0], [238.0, 92.5], [239.0, 92.5], [239.5, 93.0], [240.0, 93.5], [241.0, 93.5], [242.0, 93.5], [243.0, 93.5], [243.5, 93.0], [243.0, 92.5], [242.5, 92.0], [242.0, 91.5], [241.0, 91.5], [240.5, 91.0], [240.0, 90.5], [239.5, 90.0], [239.0, 89.5], [238.0, 89.5], [237.5, 89.0], [237.0, 88.5], [236.5, 88.0], [236.5, 87.0], [236.5, 86.0], [236.5, 85.0], [237.0, 84.5], [237.5, 84.0], [238.0, 83.5], [239.0, 83.5], [239.5, 83.0], [240.0, 82.5], [240.5, 82.0], [241.0, 81.5], [241.5, 81.0], [241.5, 80.0], [241.5, 79.0], [241.5, 78.0], [241.5, 77.0], [241.0, 76.5], [240.5, 76.0], [240.5, 75.0], [240.5, 74.0], [240.0, 73.5], [239.5, 73.0], [239.5, 72.0], [239.0, 71.5], [238.0, 71.5], [237.0, 71.5], [236.0, 71.5], [235.5, 71.0], [235.5, 70.0], [235.0, 69.5], [234.5, 69.0], [234.5, 68.0], [234.5, 67.0], [234.0, 66.5], [233.5, 67.0], [233.0, 67.5], [232.0, 67.5], [231.0, 67.5], [230.5, 68.0], [230.0, 68.5], [229.0, 68.5], [228.0, 68.5], [227.0, 68.5], [226.5, 68.0], [226.0, 67.5], [225.5, 67.0], [225.0, 66.5], [224.5, 66.0], [224.0, 65.5], [223.0, 65.5], [222.5, 65.0], [222.5, 64.0], [222.0, 63.5], [221.5, 63.0], [221.5, 62.0], [221.0, 61.5], [220.0, 61.5], [219.0, 61.5], [218.5, 62.0], [218.5, 63.0], [218.0, 63.5], [217.5, 64.0], [217.5, 65.0], [217.5, 66.0], [217.5, 67.0], [217.5, 68.0], [217.5, 69.0]]"
SLICE,Z2,POP_L,6.804137825957895,44.88424074649488,-682.6545715332,0.0,,
SLICE,Z2,SOL_L,6.804137825957895,44.88424074649488,-682.6545715332,1269.0,0.2100509642417367,"[[202.0, 78.5], [201.5, 79.0], [202.0, 79.5], [202.5, 80.0], [202.0, 80.5], [201.5, 81.0], [201.5, 82.0], [202.0, 82.5], [202.5, 83.0], [202.5, 84.0], [202.5, 85.0], [202.5, 86.0], [203.0, 86.5], [203.5, 87.0], [203.5, 88.0], [203.5, 89.0], [203.5, 90.0], [203.5, 91.0], [203.5, 92.0], [204.0, 92.5], [204.5, 93.0], [204.5, 94.0], [204.5, 95.0], [204.5, 96.0], [204.5, 97.0], [205.0, 97.5], [205.5, 98.0], [205.5, 99.0], [206.0, 99.5], [206.5, 100.0], [206.5, 101.0], [207.0, 101.5], [207.5, 102.0], [208.0, 102.5], [209.0, 102.5], [209.5, 103.0], [209.5, 104.0], [210.0, 104.5], [211.0, 104.5], [212.0, 104.5], [213.0, 104.5], [213.5, 105.0], [214.0, 105.5], [215.0, 105.5], [216.0, 105.5], [217.0, 105.5], [217.5, 106.0], [218.0, 106.5], [219.0, 106.5], [220.0, 106.5], [221.0, 106.5], [222.0, 106.5], [223.0, 106.5], [223.5, 107.0], [224.0, 107.5], [225.0, 107.5], [226.0, 107.5], [227.0, 107.5], [227.5, 108.0], [228.0, 108.5], [229.0, 108.5], [230.0, 108.5], [231.0, 108.5], [231.5, 109.0], [232.0, 109.5], [233.0, 109.5], [234.0, 109.5], [235.0, 109.5], [236.0, 109.5], [237.0, 109.5], [238.0, 109.5], [239.0, 109.5], [240.0, 109.5], [241.0, 109.5], [242.0, 109.5], [243.0, 109.5], [244.0, 109.5], [245.0, 109.5], [246.0, 109.5], [246.5, 109.0], [247.0, 108.5], [248.0, 108.5], [248.5, 108.0], [249.0, 107.5], [249.5, 107.0], [250.0, 106.5], [251.0, 106.5], [252.0, 106.5], [252.5, 106.0], [253.0, 105.5], [253.5, 105.0], [254.0, 104.5], [254.5, 104.0], [254.5, 103.0], [255.0, 102.5], [255.5, 102.0], [255.5, 101.0], [255.5, 100.0], [255.5, 99.0], [255.5, 98.0], [255.5, 97.0], [255.0, 96.5], [254.0, 96.5], [253.0, 96.5], [252.0, 96.5], [251.0, 96.5], [250.0, 96.5], [249.5, 96.0], [249.0, 95.5], [248.5, 95.0], [248.0, 94.5], [247.0, 94.5], [246.0, 94.5], [245.0, 94.5], [244.5, 94.0], [244.5, 93.0], [244.0, 92.5], [243.5, 92.0], [243.0, 91.5], [242.5, 91.0], [242.0, 90.5], [241.5, 90.0], [241.0, 89.5], [240.0, 89.5], [239.5, 89.0], [239.0, 88.5], [238.0, 88.5], [237.5, 88.0], [237.0, 87.5], [236.5, 88.0], [237.0, 88.5], [237.5, 89.0], [238.0, 89.5], [239.0, 89.5], [239.5, 90.0], [240.0, 90.5], [240.5, 91.0], [241.0, 91.5], [242.0, 91.5], [242.5, 92.0], [243.0, 92.5], [243.5, 93.0], [243.0, 93.5], [242.0, 93.5], [241.0, 93.5], [240.0, 93.5], [239.5, 93.0], [239.0, 92.5], [238.0, 92.5], [237.5, 92.0], [237.0, 91.5], [236.0, 91.5], [235.0, 91.5], [234.5, 91.0], [234.5, 90.0], [234.0, 89.5], [233.0, 89.5], [232.5, 89.0], [232.0, 88.5], [231.5, 88.0], [231.0, 87.5], [230.5, 87.0], [230.0, 86.5], [229.5, 86.0], [229.0, 85.5], [228.5, 85.0], [228.0, 84.5], [227.0, 84.5], [226.5, 84.0], [226.0, 83.5], [225.0, 83.5], [224.5, 83.0], [224.5, 82.0], [224.0, 81.5], [223.5, 81.0], [223.0, 80.5], [222.5, 80.0], [222.0, 79.5], [221.5, 79.0], [221.5, 78.0], [221.5, 77.0], [221.5, 76.0], [221.0, 75.5], [220.5, 75.0], [220.0, 74.5], [219.0, 74.5], [218.0, 74.5], [217.5, 74.0], [217.0, 73.5], [216.5, 73.0], [216.5, 72.0], [216.5, 71.0], [216.5, 70.0], [217.0, 69.5], [217.5, 69.0], [217.5, 68.0], [217.5, 67.0], [217.5, 66.0], [217.5, 65.0], [217.5, 64.0], [218.0, 63.5], [218.5, 63.0], [218.5, 62.0], [219.0, 61.5], [219.5, 61.0], [219.0, 60.5], [218.0, 60.5], [217.0, 60.5], [216.0, 60.5], [215.0, 60.5], [214.5, 61.0], [214.0, 61.5], [213.5, 62.0], [213.0, 62.5], [212.5, 63.0], [212.0, 63.5], [211.0, 63.5], [210.5, 64.0], [210.0, 64.5], [209.5, 65.0], [209.0, 65.5], [208.0, 65.5], [207.5, 66.0], [207.0, 66.5], [206.5, 67.0], [206.0, 67.5], [205.5, 68.0], [205.5, 69.0], [205.0, 69.5], [204.5, 70.0], [204.5, 71.0], [204.5, 72.0], [204.5, 73.0], [204.5, 74.0], [204.5, 75.0], [204.0, 75.5], [203.5, 76.0], [203.5, 77.0], [203.0, 77.5], [202.5, 78.0]]"
SLICE,Z2,GAS_MED_L,6.804137825957895,44.88424074649488,-682.6545715332,247.0,0.4821202474096683,"[[196.0, 80.5], [195.5, 81.0], [195.5, 82.0], [195.5, 83.0], [195.5, 84.0], [195.5, 85.0], [195.5, 86.0], [195.5, 87.0], [195.5, 88.0], [195.5, 89.0], [195.5, 90.0], [195.5, 91.0], [195.5, 92.0], [195.5, 93.0], [195.5, 94.0], [195.5, 95.0], [195.5, 96.0], [195.5, 97.0], [196.0, 97.5], [196.5, 98.0], [196.5, 99.0], [197.0, 99.5], [197.5, 100.0], [198.0, 100.5], [198.5, 101.0], [198.5, 102.0], [199.0, 102.5], [199.5, 103.0], [200.0, 103.5], [200.5, 104.0], [201.0, 104.5], [202.0, 104.5], [203.0, 104.5], [203.5, 105.0], [204.0, 105.5], [205.0, 105.5], [206.0, 105.5], [207.0, 105.5], [208.0, 105.5], [209.0, 105.5], [210.0, 105.5], [211.0, 105.5], [211.5, 105.0], [211.0, 104.5], [210.0, 104.5], [209.5, 104.0], [209.5, 103.0], [209.0, 102.5], [208.0, 102.5], [207.5, 102.0], [207.0, 101.5], [206.5, 101.0], [206.5, 100.0], [206.0, 99.5], [205.5, 99.0], [205.5, 98.0], [205.0, 97.5], [204.5, 97.0], [204.5, 96.0], [204.5, 95.0], [204.5, 94.0], [204.5, 93.0], [204.0, 92.5], [203.5, 92.0], [203.5, 91.0], [203.5, 90.0], [203.5, 89.0], [203.5, 88.0], [203.5, 87.0], [203.0, 86.5], [202.5, 86.0], [202.5, 85.0], [202.5, 84.0], [202.5, 83.0], [202.0, 82.5], [201.5, 82.0], [201.5, 81.0], [202.0, 80.5], [202.5, 80.0], [202.0, 79.5], [201.5, 79.0], [202.0, 78.5], [202.5, 78.0], [203.0, 77.5], [203.5, 77.0], [203.5, 76.0], [204.0, 75.5], [204.5, 75.0], [204.5, 74.0], [204.5, 73.0], [204.5, 72.0], [204.5, 71.0], [204.0, 70.5], [203.0, 70.5], [202.5, 71.0], [202.0, 71.5], [201.5, 72.0], [201.0, 72.5], [200.5, 73.0], [200.5, 74.0], [200.0, 74.5], [199.5, 75.0], [199.0, 75.5], [198.5, 76.0], [198.5, 77.0], [198.0, 77.5], [197.5, 78.0], [197.5, 79.0], [197.0, 79.5], [196.5, 80.0]]"
SLICE,Z2,GAS_LAT_L,6.804137825957895,44.88424074649488,-682.6545715332,22.0,0.8877757356011703,"[[221.0, 106.5], [220.5, 107.0], [221.0, 107.5], [222.0, 107.5], [222.5, 108.0], [223.0, 108.5], [224.0, 108.5], [224.5, 109.0], [225.0, 109.5], [226.0, 109.5], [227.0, 109.5], [228.0, 109.5], [229.0, 109.5], [229.5, 110.0], [230.0, 110.5], [231.0, 110.5], [232.0, 110.5], [233.0, 110.5], [234.0, 110.5], [235.0, 110.5], [236.0, 110.5], [236.5, 110.0], [236.0, 109.5], [235.0, 109.5], [234.0, 109.5], [233.0, 109.5], [232.0, 109.5], [231.5, 109.0], [231.0, 108.5], [230.0, 108.5], [229.0, 108.5], [228.0, 108.5], [227.5, 108.0], [227.0, 107.5], [226.0, 107.5], [225.0, 107.5], [224.0, 107.5], [223.5, 107.0], [223.0, 106.5], [222.0, 106.5]]"
SLICE,Z3,TA_R,6.804137825957895,44.88424074649488,-652.6545715332,382.0,0.265029144095328,"[[57.0, 64.5], [56.5, 65.0], [56.5, 66.0], [56.5, 67.0], [57.0, 67.5], [57.5, 68.0], [58.0, 68.5], [59.0, 68.5], [60.0, 68.5], [61.0, 68.5], [61.5, 69.0], [62.0, 69.5], [63.0, 69.5], [64.0, 69.5], [65.0, 69.5], [65.5, 70.0], [66.0, 70.5], [67.0, 70.5], [67.5, 71.0], [68.0, 71.5], [69.0, 71.5], [70.0, 71.5], [71.0, 71.5], [71.5, 72.0], [72.0, 72.5], [73.0, 72.5], [74.0, 72.5], [75.0, 72.5], [75.5, 72.0], [76.0, 71.5], [76.5, 71.0], [77.0, 70.5], [77.5, 70.0], [78.0, 69.5], [79.0, 69.5], [79.5, 69.0], [79.5, 68.0], [79.5, 67.0], [79.5, 66.0], [79.5, 65.0], [79.5, 64.0], [79.5, 63.0], [79.5, 62.0], [79.5, 61.0], [79.0, 60.5], [78.5, 60.0], [78.5, 59.0], [78.0, 58.5], [77.5, 58.0], [77.5, 57.0], [77.5, 56.0], [77.0, 55.5], [76.5, 55.0], [77.0, 54.5], [77.5, 54.0], [77.5, 53.0], [78.0, 52.5], [78.5, 52.0], [78.5, 51.0], [78.5, 50.0], [78.0, 49.5], [77.5, 49.0], [77.0, 48.5], [76.0, 48.5], [75.0, 48.5], [74.0, 48.5], [73.0, 48.5], [72.0, 48.5], [71.5, 49.0], [71.0, 49.5], [70.5, 50.0], [70.0, 50.5], [69.0, 50.5], [68.0, 50.5], [67.5, 51.0], [67.0, 51.5], [66.5, 52.0], [66.0, 52.5], [65.5, 53.0], [65.0, 53.5], [64.5, 54.0], [64.0, 54.5], [63.5, 55.0], [63.0, 55.5], [62.5, 56.0], [62.0, 56.5], [61.5, 57.0], [61.0, 57.5], [60.5, 58.0], [60.0, 58.5], [59.5, 59.0], [59.0, 59.5], [58.5, 60.0], [58.5, 61.0], [58.5, 62.0], [58.0, 62.5], [57.5, 63.0], [57.5, 64.0]]"
SLICE,Z3,ED_R,6.804137825957895,44.88424074649488,-652.6545715332,164.0,0.2207597787280462,"[[56.0, 66.5], [55.5, 67.0], [55.5, 68.0], [55.5, 69.0], [55.5, 70.0], [55.5, 71.0], [55.5, 72.0], [55.5, 73.0], [55.5, 74.0], [55.5, 75.0], [56.0, 75.5], [56.5, 76.0], [56.5, 77.0], [57.0, 77.5], [57.5, 78.0], [58.0, 78.5], [59.0, 78.5], [60.0, 78.5], [60.5, 79.0], [61.0, 79.5], [62.0, 79.5], [63.0, 79.5], [64.0, 79.5], [65.0, 79.5], [66.0, 79.5], [66.5, 80.0], [67.0, 80.5], [68.0, 80.5], [69.0, 80.5], [70.0, 80.5], [71.0, 80.5], [72.0, 80.5], [72.5, 80.0], [72.5, 79.0], [72.5, 78.0], [73.0, 77.5], [73.5, 77.0], [73.5, 76.0], [73.0, 75.5], [72.5, 75.0], [72.5, 74.0], [72.0, 73.5], [71.5, 73.0], [71.5, 72.0], [71.0, 71.5], [70.0, 71.5], [69.0, 71.5], [68.0, 71.5], [67.5, 71.0], [67.0, 70.5], [66.0, 70.5], [65.5, 70.0], [65.0, 69.5], [64.0, 69.5], [63.0, 69.5], [62.0, 69.5], [61.5, 69.0], [61.0, 68.5], [60.0, 68.5], [59.0, 68.5], [58.0, 68.5], [57.5, 68.0], [57.0, 67.5], [56.5, 67.0]]"
SLICE,Z3,PER_R,6.804137825957895,44.88424074649488,-652.6545715332,336.0,0.25591696343846965,"[[53.0, 81.5], [52.5, 82.0], [52.5, 83.0], [52.5, 84.0], [53.0, 84.5], [53.5, 85.0], [53.5, 86.0], [53.5, 87.0], [53.0, 87.5], [52.5, 88.0], [52.5, 89.0], [52.5, 90.0], [53.0, 90.5], [53.5, 91.0], [53.5, 92.0], [53.5, 93.0], [53.5, 94.0], [53.5, 95.0], [54.0, 95.5], [54.5, 96.0], [55.0, 96.5], [55.5, 97.0], [56.0, 97.5], [56.5, 98.0], [57.0, 98.5], [58.0, 98.5], [59.0, 98.5], [60.0, 98.5], [61.0, 98.5], [61.5, 99.0], [62.0, 99.5], [63.0, 99.5], [64.0, 99.5], [64.5, 99.0], [64.5, 98.0], [65.0, 97.5], [65.5, 97.0], [66.0, 96.5], [67.0, 96.5], [67.5, 96.0], [68.0, 95.5], [69.0, 95.5], [69.5, 95.0], [70.0, 94.5], [71.0, 94.5], [71.5, 94.0], [71.5, 93.0], [71.5, 92.0], [71.5, 91.0], [71.5, 90.0], [71.5, 89.0], [71.5, 88.0], [71.5, 87.0], [71.5, 86.0], [71.5, 85.0], [71.5, 84.0], [71.5, 83.0], [71.5, 82.0], [71.5, 81.0], [71.0, 80.5], [70.0, 80.5], [69.0, 80.5], [68.0, 80.5], [67.0, 80.5], [66.5, 80.0], [66.0, 79.5], [65.0, 79.5], [64.0, 79.5], [63.0, 79.5], [62.0, 79.5], [61.0, 79.5], [60.5, 79.0], [60.0, 78.5], [59.0, 78.5], [58.0, 78.5], [57.5, 78.0], [57.0, 77.5], [56.5, 77.0], [56.5, 76.0], [56.0, 75.5], [55.0, 75.5], [54.5, 76.0], [54.5, 77.0], [54.0, 77.5], [53.5, 78.0], [53.5, 79.0], [53.5, 80.0], [53.5, 81.0]]"
SLICE,Z3,DLPC_R,6.804137825957895,44.88424074649488,-652.6545715332,357.0,0.21767795144219318,"[[73.0, 77.5], [72.5, 78.0], [72.5, 79.0], [72.5, 80.0], [72.5, 81.0], [73.0, 81.5], [73.5, 82.0], [73.5, 83.0], [73.5, 84.0], [74.0, 84.5], [75.0, 84.5], [76.0, 84.5], [76.5, 85.0], [77.0, 85.5], [77.5, 86.0], [78.0, 86.5], [78.5, 87.0], [78.5, 88.0], [79.0, 88.5], [80.0, 88.5], [81.0, 88.5], [81.5, 88.0], [82.0, 87.5], [83.0, 87.5], [83.5, 87.0], [83.5, 86.0], [84.0, 85.5], [84.5, 86.0], [85.0, 86.5], [85.5, 86.0], [86.0, 85.5], [86.5, 85.0], [86.5, 84.0], [87.0, 83.5], [87.5, 83.0], [88.0, 82.5], [88.5, 82.0], [89.0, 81.5], [90.0, 81.5], [90.5, 81.0], [90.5, 80.0], [91.0, 79.5], [92.0, 79.5], [93.0, 79.5], [93.5, 79.0], [94.0, 78.5], [95.0, 78.5], [95.5, 78.0], [95.5, 77.0], [96.0, 76.5], [96.5, 76.0], [96.0, 75.5], [95.0, 75.5], [94.5, 75.0], [94.5, 74.0], [95.0, 73.5], [96.0, 73.5], [96.5, 73.0], [96.5, 72.0], [97.0, 71.5], [97.5, 71.0], [97.5, 70.0], [97.0, 69.5], [96.5, 69.0], [96.5, 68.0], [96.5, 67.0], [96.5, 66.0], [96.5, 65.0], [96.0, 64.5], [95.5, 64.0], [95.0, 63.5], [94.0, 63.5], [93.5, 64.0], [93.5, 65.0], [93.0, 65.5], [92.0, 65.5], [91.5, 66.0], [91.0, 66.5], [90.5, 67.0], [90.5, 68.0], [90.0, 68.5], [89.0, 68.5], [88.0, 68.5], [87.0, 68.5], [86.0, 68.5], [85.0, 68.5], [84.0, 68.5], [83.5, 68.0], [83.0, 67.5], [82.0, 67.5], [81.5, 67.0], [81.0, 66.5], [80.0, 66.5], [79.5, 67.0], [79.5, 68.0], [79.5, 69.0], [79.0, 69.5], [78.0, 69.5], [77.5, 70.0], [77.0, 70.5], [76.5, 71.0], [76.0, 71.5], [75.5, 72.0], [75.0, 72.5], [74.0, 72.5], [73.5, 73.0], [73.5, 74.0], [73.5, 75.0], [73.5, 76.0], [73.5, 77.0]]"
SLICE,Z3,POP_R,6.804137825957895,44.88424074649488,-652.6545715332,0.0,,
SLICE,Z3,SOL_R,6.804137825957895,44.88424074649488,-652.6545715332,1388.0,0.2345116989791193,"[[61.0, 98.5], [60.5, 99.0], [60.5, 100.0], [60.5, 101.0], [60.5, 102.0], [60.5, 103.0], [60.5, 104.0], [61.0, 104.5], [62.0, 104.5], [62.5, 105.0], [62.5, 106.0], [63.0, 106.5], [63.5, 107.0], [64.0, 107.5], [64.5, 108.0], [65.0, 108.5], [65.5, 109.0], [66.0, 109.5], [67.0, 109.5], [68.0, 109.5], [69.0, 109.5], [70.0, 109.5], [71.0, 109.5], [72.0, 109.5], [73.0, 109.5], [74.0, 109.5], [75.0, 109.5], [76.0, 109.5], [77.0, 109.5], [78.0, 109.5], [79.0, 109.5], [79.5, 109.0], [80.0, 108.5], [81.0, 108.5], [81.5, 108.0], [82.0, 107.5], [83.0, 107.5], [84.0, 107.5], [85.0, 107.5], [86.0, 107.5], [86.5, 108.0], [87.0, 108.5], [88.0, 108.5], [89.0, 108.5], [89.5, 108.0], [90.0, 107.5], [91.0, 107.5], [92.0, 107.5], [93.0, 107.5], [94.0, 107.5], [95.0, 107.5], [96.0, 107.5], [97.0, 107.5], [98.0, 107.5], [99.0, 107.5], [99.5, 107.0], [100.0, 106.5], [101.0, 106.5], [102.0, 106.5], [103.0, 106.5], [104.0, 106.5], [104.5, 106.0], [105.0, 105.5], [106.0, 105.5], [106.5, 105.0], [107.0, 104.5], [108.0, 104.5], [108.5, 104.0], [109.0, 103.5], [109.5, 103.0], [109.5, 102.0], [110.0, 101.5], [111.0, 101.5], [111.5, 101.0], [111.5, 100.0], [111.5, 99.0], [112.0, 98.5], [112.5, 98.0], [112.5, 97.0], [113.0, 96.5], [113.5, 96.0], [113.5, 95.0], [113.5, 94.0], [113.5, 93.0], [113.5, 92.0], [113.5, 91.0], [113.5, 90.0], [113.5, 89.0], [113.5, 88.0], [113.5, 87.0], [113.5, 86.0], [113.5, 85.0], [113.5, 84.0], [113.0, 83.5], [112.5, 83.0], [112.5, 82.0], [112.5, 81.0], [112.5, 80.0], [112.0, 79.5], [111.5, 79.0], [111.5, 78.0], [111.5, 77.0], [111.5, 76.0], [111.5, 75.0], [111.5, 74.0], [111.5, 73.0], [112.0, 72.5], [112.5, 72.0], [112.5, 71.0], [112.5, 70.0], [112.0, 69.5], [111.5, 69.0], [111.5, 68.0], [111.0, 67.5], [110.5, 67.0], [110.0, 66.5], [109.5, 66.0], [109.5, 65.0], [109.5, 64.0], [109.0, 63.5], [108.0, 63.5], [107.5, 63.0], [107.0, 62.5], [106.5, 62.0], [106.0, 61.5], [105.5, 61.0], [105.0, 60.5], [104.0, 60.5], [103.0, 60.5], [102.5, 60.0], [102.0, 59.5], [101.0, 59.5], [100.5, 59.0], [100.0, 58.5], [99.0, 58.5], [98.5, 59.0], [98.0, 59.5], [97.5, 59.0], [97.0, 58.5], [96.0, 58.5], [95.5, 59.0], [95.5, 60.0], [95.5, 61.0], [95.5, 62.0], [95.5, 63.0], [95.5, 64.0], [96.0, 64.5], [96.5, 65.0], [96.5, 66.0], [96.5, 67.0], [96.5, 68.0], [96.5, 69.0], [97.0, 69.5], [97.5, 70.0], [97.5, 71.0], [98.0, 71.5], [98.5, 72.0], [98.5, 73.0], [98.0, 73.5], [97.0, 73.5], [96.5, 74.0], [96.5, 75.0], [96.5, 76.0], [96.0, 76.5], [95.5, 77.0], [95.5, 78.0], [95.0, 78.5], [94.0, 78.5], [93.5, 79.0], [93.0, 79.5], [92.0, 79.5], [91.0, 79.5], [90.5, 80.0], [90.5, 81.0], [90.0, 81.5], [89.0, 81.5], [88.5, 82.0], [88.0, 82.5], [87.5, 83.0], [87.0, 83.5], [86.5, 84.0], [86.5, 85.0], [86.0, 85.5], [85.5, 86.0], [85.0, 86.5], [84.5, 86.0], [84.0, 85.5], [83.5, 86.0], [83.5, 87.0], [83.0, 87.5], [82.0, 87.5], [81.5, 88.0], [81.0, 88.5], [80.0, 88.5], [79.0, 88.5], [78.5, 89.0], [78.5, 90.0], [78.0, 90.5], [77.0, 90.5], [76.5, 91.0], [76.0, 91.5], [75.0, 91.5], [74.0, 91.5], [73.0, 91.5], [72.0, 91.5], [71.5, 92.0], [71.5, 93.0], [71.5, 94.0], [71.0, 94.5], [70.0, 94.5], [69.5, 95.0], [69.0, 95.5], [68.0, 95.5], [67.5, 96.0], [67.0, 96.5], [66.0, 96.5], [65.5, 97.0], [65.0, 97.5], [64.5, 98.0], [64.5, 99.0], [64.0, 99.5], [63.0, 99.5], [62.0, 99.5], [61.5, 99.0]]"
SLICE,Z3,GAS_MED_R,6.804137825957895,44.88424074649488,-652.6545715332,478.0,0.32105156209360874,"[[104.0, 106.5], [103.5, 107.0], [104.0, 107.5], [104.5, 108.0], [105.0, 108.5], [105.5, 109.0], [106.0, 109.5], [107.0, 109.5], [108.0, 109.5], [109.0, 109.5], [110.0, 109.5], [111.0, 109.5], [112.0, 109.5], [113.0, 109.5], [114.0, 109.5], [115.0, 109.5], [116.0, 109.5], [116.5, 109.0], [117.0, 108.5], [117.5, 108.0], [118.0, 107.5], [119.0, 107.5], [119.5, 107.0], [120.0, 106.5], [120.5, 106.0], [121.0, 105.5], [121.5, 105.0], [121.5, 104.0], [122.0, 103.5], [122.5, 103.0], [122.5, 102.0], [123.0, 101.5], [123.5, 101.0], [123.5, 100.0], [124.0, 99.5], [124.5, 99.0], [124.5, 98.0], [124.5, 97.0], [124.5, 96.0], [124.5, 95.0], [125.0, 94.5], [125.5, 94.0], [125.5, 93.0], [125.5, 92.0], [125.5, 91.0], [125.5, 90.0], [125.5, 89.0], [125.0, 88.5], [124.5, 88.0], [124.5, 87.0], [124.5, 86.0], [124.5, 85.0], [124.5, 84.0], [124.5, 83.0], [124.5, 82.0], [124.5, 81.0], [124.0, 80.5], [123.5, 80.0], [123.5, 79.0], [123.0, 78.5], [122.5, 78.0], [122.0, 77.5], [121.5, 77.0], [121.5, 76.0], [121.5, 75.0], [121.0, 74.5], [120.5, 74.0], [120.0, 73.5], [119.5, 73.0], [119.5, 72.0], [119.5, 71.0], [119.0, 70.5], [118.0, 70.5], [117.5, 70.0], [117.0, 69.5], [116.5, 69.0], [116.0, 68.5], [115.5, 68.0], [115.0, 67.5], [114.5, 67.0], [114.5, 66.0], [114.0, 65.5], [113.0, 65.5], [112.0, 65.5], [111.5, 65.0], [111.5, 64.0], [111.0, 63.5], [110.0, 63.5], [109.5, 64.0], [109.5, 65.0], [109.5, 66.0], [110.0, 66.5], [110.5, 67.0], [111.0, 67.5], [111.5, 68.0], [111.5, 69.0], [112.0, 69.5], [112.5, 70.0], [112.5, 71.0], [112.5, 72.0], [112.0, 72.5], [111.5, 73.0], [111.5, 74.0], [111.5, 75.0], [111.5, 76.0], [111.5, 77.0], [111.5, 78.0], [111.5, 79.0], [112.0, 79.5], [112.5, 80.0], [112.5, 81.0], [112.5, 82.0], [112.5, 83.0], [113.0, 83.5], [113.5, 84.0], [113.5, 85.0], [113.5, 86.0], [113.5, 87.0], [113.5, 88.0], [113.5, 89.0], [113.5, 90.0], [113.5, 91.0], [113.5, 92.0], [113.5, 93.0], [113.5, 94.0], [113.5, 95.0], [113.5, 96.0], [113.0, 96.5], [112.5, 97.0], [112.5, 98.0], [112.0, 98.5], [111.5, 99.0], [111.5, 100.0], [111.5, 101.0], [111.0, 101.5], [110.0, 101.5], [109.5, 102.0], [109.5, 103.0], [109.0, 103.5], [108.5, 104.0], [108.0, 104.5], [107.0, 104.5], [106.5, 105.0], [106.0, 105.5], [105.0, 105.5], [104.5, 106.0]]"
SLICE,Z3,GAS_LAT_R,6.804137825957895,44.88424074649488,-652.6545715332,113.0,0.4418372697258613,"[[71.0, 109.5], [70.5, 110.0], [71.0, 110.5], [71.5, 111.0], [72.0, 111.5], [73.0, 111.5], [74.0, 111.5], [75.0, 111.5], [76.0, 111.5], [77.0, 111.5], [78.0, 111.5], [79.0, 111.5], [79.5, 112.0], [80.0, 112.5], [81.0, 112.5], [82.0, 112.5], [83.0, 112.5], [84.0, 112.5], [85.0, 112.5], [86.0, 112.5], [87.0, 112.5], [88.0, 112.5], [89.0, 112.5], [90.0, 112.5], [90.5, 112.0], [91.0, 111.5], [92.0, 111.5], [93.0, 111.5], [94.0, 111.5], [95.0, 111.5], [96.0, 111.5], [97.0, 111.5], [98.0, 111.5], [98.5, 111.0], [99.0, 110.5], [100.0, 110.5], [100.5, 110.0], [101.0, 109.5], [102.0, 109.5], [102.5, 109.0], [102.5, 108.0], [103.0, 107.5], [103.5, 107.0], [103.0, 106.5], [102.0, 106.5], [101.0, 106.5], [100.0, 106.5], [99.5, 107.0], [99.0, 107.5], [98.0, 107.5], [97.0, 107.5], [96.0, 107.5], [95.0, 107.5], [94.0, 107.5], [93.0, 107.5], [92.0, 107.5], [91.0, 107.5], [90.0, 107.5], [89.5, 108.0], [89.0, 108.5], [88.0, 108.5], [87.0, 108.5], [86.5, 108.0], [86.0, 107.5], [85.0, 107.5], [84.0, 107.5], [83.0, 107.5], [82.0, 107.5], [81.5, 108.0], [81.0, 108.5], [80.0, 108.5], [79.5, 109.0], [79.0, 109.5], [78.0, 109.5], [77.0, 109.5], [76.0, 109.5], [75.0, 109.5], [74.0, 109.5], [73.0, 109.5], [72.0, 109.5]]"
SLICE,Z3,TA_L,6.804137825957895,44.88424074649488,-652.6545715332,432.0,0.23518033065163899,"[[236.0, 60.5], [235.5, 61.0], [235.5, 62.0], [235.5, 63.0], [235.5, 64.0], [235.5, 65.0], [235.5, 66.0], [236.0, 66.5], [236.5, 67.0], [236.5, 68.0], [237.0, 68.5], [237.5, 69.0], [238.0, 69.5], [239.0, 69.5], [239.5, 70.0], [240.0, 70.5], [241.0, 70.5], [242.0, 70.5], [243.0, 70.5], [244.0, 70.5], [245.0, 70.5], [246.0, 70.5], [246.5, 70.0], [247.0, 69.5], [248.0, 69.5], [248.5, 69.0], [249.0, 68.5], [249.5, 68.0], [250.0, 67.5], [251.0, 67.5], [252.0, 67.5], [253.0, 67.5], [254.0, 67.5], [254.5, 67.0], [255.0, 66.5], [256.0, 66.5], [256.5, 67.0], [257.0, 67.5], [257.5, 67.0], [258.0, 66.5], [259.0, 66.5], [260.0, 66.5], [260.5, 66.0], [260.0, 65.5], [259.5, 65.0], [259.5, 64.0], [259.5, 63.0], [259.5, 62.0], [259.5, 61.0], [259.5, 60.0], [259.0, 59.5], [258.5, 59.0], [258.0, 58.5], [257.5, 58.0], [257.5, 57.0], [257.0, 56.5], [256.5, 56.0], [256.5, 55.0], [256.0, 54.5], [255.5, 54.0], [255.0, 53.5], [254.5, 53.0], [254.0, 52.5], [253.5, 52.0], [253.0, 51.5], [252.0, 51.5], [251.5, 51.0], [251.0, 50.5], [250.5, 50.0], [250.0, 49.5], [249.5, 49.0], [249.0, 48.5], [248.0, 48.5], [247.5, 48.0], [247.0, 47.5], [246.5, 47.0], [246.0, 46.5], [245.0, 46.5], [244.0, 46.5], [243.0, 46.5], [242.5, 46.0], [242.0, 45.5], [241.0, 45.5], [240.0, 45.5], [239.0, 45.5], [238.5, 46.0], [238.0, 46.5], [237.5, 47.0], [237.5, 48.0], [237.0, 48.5], [236.5, 49.0], [236.5, 50.0], [236.5, 51.0], [237.0, 51.5], [237.5, 52.0], [237.5, 53.0], [238.0, 53.5], [238.5, 54.0], [238.5, 55.0], [238.0, 55.5], [237.5, 56.0], [237.5, 57.0], [237.5, 58.0], [237.0, 58.5], [236.5, 59.0], [236.5, 60.0]]"
SLICE,Z3,ED_L,6.804137825957895,44.88424074649488,-652.6545715332,168.0,0.20346814507388047,"[[242.0, 73.5], [241.5, 74.0], [241.5, 75.0], [241.5, 76.0], [241.5, 77.0], [242.0, 77.5], [242.5, 78.0], [243.0, 78.5], [244.0, 78.5], [245.0, 78.5], [246.0, 78.5], [247.0, 78.5], [247.5, 78.0], [248.0, 77.5], [249.0, 77.5], [250.0, 77.5], [251.0, 77.5], [252.0, 77.5], [253.0, 77.5], [254.0, 77.5], [254.5, 77.0], [255.0, 76.5], [256.0, 76.5], [257.0, 76.5], [258.0, 76.5], [258.5, 76.0], [259.0, 75.5], [259.5, 75.0], [259.5, 74.0], [260.0, 73.5], [260.5, 73.0], [260.5, 72.0], [261.0, 71.5], [261.5, 71.0], [261.5, 70.0], [261.5, 69.0], [261.0, 68.5], [260.5, 68.0], [260.5, 67.0], [260.0, 66.5], [259.0, 66.5], [258.0, 66.5], [257.5, 67.0], [257.0, 67.5], [256.5, 67.0], [256.0, 66.5], [255.0, 66.5], [254.5, 67.0], [254.0, 67.5], [253.0, 67.5], [252.0, 67.5], [251.0, 67.5], [250.0, 67.5], [249.5, 68.0], [249.0, 68.5], [248.5, 69.0], [248.0, 69.5], [247.0, 69.5], [246.5, 70.0], [246.0, 70.5], [245.0, 70.5], [244.0, 70.5], [243.5, 71.0], [243.5, 72.0], [243.0, 72.5], [242.5, 73.0]]"
SLICE,Z3,PER_L,6.804137825957895,44.88424074649488,-652.6545715332,326.0,0.3067762012314709,"[[243.0, 88.5], [242.5, 89.0], [243.0, 89.5], [243.5, 90.0], [244.0, 90.5], [244.5, 91.0], [245.0, 91.5], [246.0, 91.5], [246.5, 92.0], [247.0, 92.5], [247.5, 93.0], [248.0, 93.5], [249.0, 93.5], [249.5, 94.0], [250.0, 94.5], [251.0, 94.5], [252.0, 94.5], [252.5, 95.0], [253.0, 95.5], [254.0, 95.5], [255.0, 95.5], [256.0, 95.5], [256.5, 96.0], [257.0, 96.5], [258.0, 96.5], [258.5, 96.0], [259.0, 95.5], [259.5, 95.0], [260.0, 94.5], [260.5, 94.0], [261.0, 93.5], [261.5, 93.0], [261.5, 92.0], [262.0, 91.5], [262.5, 91.0], [262.5, 90.0], [262.5, 89.0], [262.5, 88.0], [262.5, 87.0], [262.5, 86.0], [263.0, 85.5], [263.5, 85.0], [263.0, 84.5], [262.5, 84.0], [262.5, 83.0], [262.5, 82.0], [262.5, 81.0], [262.5, 80.0], [262.5, 79.0], [262.5, 78.0], [262.5, 77.0], [262.0, 76.5], [261.5, 76.0], [261.5, 75.0], [261.0, 74.5], [260.5, 74.0], [260.0, 73.5], [259.5, 74.0], [259.5, 75.0], [259.0, 75.5], [258.5, 76.0], [258.0, 76.5], [257.0, 76.5], [256.0, 76.5], [255.0, 76.5], [254.5, 77.0], [254.0, 77.5], [253.0, 77.5], [252.0, 77.5], [251.0, 77.5], [250.0, 77.5], [249.0, 77.5], [248.0, 77.5], [247.5, 78.0], [247.0, 78.5], [246.0, 78.5], [245.0, 78.5], [244.0, 78.5], [243.5, 79.0], [243.5, 80.0], [243.5, 81.0], [243.5, 82.0], [243.5, 83.0], [243.5, 84.0], [243.5, 85.0], [243.5, 86.0], [243.5, 87.0], [243.5, 88.0]]"
SLICE,Z3,DLPC_L,6.804137825957895,44.88424074649488,-652.6545715332,324.0,0.22309893922965512,"[[219.0, 66.5], [218.5, 67.0], [218.5, 68.0], [218.5, 69.0], [218.5, 70.0], [218.5, 71.0], [219.0, 71.5], [220.0, 71.5], [221.0, 71.5], [221.5, 72.0], [222.0, 72.5], [222.5, 73.0], [222.5, 74.0], [222.5, 75.0], [222.0, 75.5], [221.5, 76.0], [221.5, 77.0], [222.0, 77.5], [222.5, 78.0], [223.0, 78.5], [224.0, 78.5], [224.5, 79.0], [225.0, 79.5], [226.0, 79.5], [226.5, 80.0], [226.5, 81.0], [227.0, 81.5], [228.0, 81.5], [229.0, 81.5], [229.5, 82.0], [230.0, 82.5], [230.5, 83.0], [231.0, 83.5], [231.5, 83.0], [231.5, 82.0], [231.5, 81.0], [231.5, 80.0], [232.0, 79.5], [233.0, 79.5], [233.5, 80.0], [233.5, 81.0], [233.5, 82.0], [234.0, 82.5], [234.5, 83.0], [234.0, 83.5], [233.5, 84.0], [234.0, 84.5], [234.5, 85.0], [235.0, 85.5], [235.5, 86.0], [236.0, 86.5], [236.5, 86.0], [236.5, 85.0], [237.0, 84.5], [237.5, 84.0], [238.0, 83.5], [238.5, 83.0], [239.0, 82.5], [239.5, 82.0], [240.0, 81.5], [241.0, 81.5], [241.5, 81.0], [241.5, 80.0], [241.5, 79.0], [242.0, 78.5], [242.5, 78.0], [242.0, 77.5], [241.5, 77.0], [241.5, 76.0], [241.5, 75.0], [241.5, 74.0], [241.5, 73.0], [241.5, 72.0], [241.0, 71.5], [240.5, 71.0], [240.0, 70.5], [239.5, 70.0], [239.0, 69.5], [238.0, 69.5], [237.5, 69.0], [237.0, 68.5], [236.5, 68.0], [236.5, 67.0], [236.0, 66.5], [235.5, 66.0], [235.5, 65.0], [235.5, 64.0], [235.0, 63.5], [234.5, 64.0], [234.0, 64.5], [233.5, 65.0], [233.0, 65.5], [232.0, 65.5], [231.0, 65.5], [230.5, 66.0], [230.0, 66.5], [229.0, 66.5], [228.0, 66.5], [227.0, 66.5], [226.5, 66.0], [226.0, 65.5], [225.0, 65.5], [224.5, 65.0], [224.0, 64.5], [223.0, 64.5], [222.5, 64.0], [222.0, 63.5], [221.5, 63.0], [221.0, 62.5], [220.5, 62.0], [220.0, 61.5], [219.5, 62.0], [219.5, 63.0], [219.5, 64.0], [219.5, 65.0], [219.5, 66.0]]"
SLICE,Z3,POP_L,6.804137825957895,44.88424074649488,-652.6545715332,0.0,,
SLICE,Z3,SOL_L,6.804137825957895,44.88424074649488,-652.6545715332,1341.0,0.2022634566110751,"[[205.0, 68.5], [204.5, 69.0], [204.5, 70.0], [205.0, 70.5], [205.5, 71.0], [205.5, 72.0], [205.5, 73.0], [205.5, 74.0], [205.5, 75.0], [205.5, 76.0], [205.5, 77.0], [205.5, 78.0], [205.5, 79.0], [205.0, 79.5], [204.5, 80.0], [204.5, 81.0], [204.5, 82.0], [204.5, 83.0], [204.5, 84.0], [204.5, 85.0], [204.5, 86.0], [204.5, 87.0], [204.5, 88.0], [204.5, 89.0], [204.5, 90.0], [204.5, 91.0], [204.5, 92.0], [204.5, 93.0], [204.5, 94.0], [204.5, 95.0], [205.0, 95.5], [205.5, 96.0], [206.0, 96.5], [206.5, 97.0], [206.5, 98.0], [206.5, 99.0], [207.0, 99.5], [208.0, 99.5], [208.5, 100.0], [209.0, 100.5], [209.5, 101.0], [210.0, 101.5], [211.0, 101.5], [211.5, 102.0], [212.0, 102.5], [213.0, 102.5], [213.5, 103.0], [214.0, 103.5], [215.0, 103.5], [216.0, 103.5], [216.5, 104.0], [217.0, 104.5], [218.0, 104.5], [219.0, 104.5], [220.0, 104.5], [221.0, 104.5], [222.0, 104.5], [223.0, 104.5], [223.5, 105.0], [224.0, 105.5], [225.0, 105.5], [226.0, 105.5], [227.0, 105.5], [228.0, 105.5], [228.5, 106.0], [229.0, 106.5], [230.0, 106.5], [231.0, 106.5], [232.0, 106.5], [233.0, 106.5], [234.0, 106.5], [235.0, 106.5], [236.0, 106.5], [236.5, 107.0], [237.0, 107.5], [238.0, 107.5], [239.0, 107.5], [239.5, 108.0], [240.0, 108.5], [241.0, 108.5], [241.5, 109.0], [242.0, 109.5], [243.0, 109.5], [244.0, 109.5], [245.0, 109.5], [246.0, 109.5], [246.5, 109.0], [247.0, 108.5], [248.0, 108.5], [249.0, 108.5], [249.5, 108.0], [250.0, 107.5], [251.0, 107.5], [251.5, 107.0], [252.0, 106.5], [253.0, 106.5], [254.0, 106.5], [254.5, 106.0], [254.5, 105.0], [255.0, 104.5], [255.5, 104.0], [256.0, 103.5], [256.5, 103.0], [256.5, 102.0], [256.5, 101.0], [256.5, 100.0], [256.5, 99.0], [256.5, 98.0], [256.5, 97.0], [256.5, 96.0], [256.0, 95.5], [255.0, 95.5], [254.0, 95.5], [253.0, 95.5], [252.5, 95.0], [252.0, 94.5], [251.0, 94.5], [250.0, 94.5], [249.5, 94.0], [249.0, 93.5], [248.0, 93.5], [247.5, 93.0], [247.0, 92.5], [246.5, 92.0], [246.0, 91.5], [245.0, 91.5], [244.5, 91.0], [244.0, 90.5], [243.5, 90.0], [243.0, 89.5], [242.5, 89.0], [242.0, 88.5], [241.0, 88.5], [240.0, 88.5], [239.5, 88.0], [239.0, 87.5], [238.5, 87.0], [238.0, 86.5], [237.5, 86.0], [237.0, 85.5], [236.5, 86.0], [236.0, 86.5], [235.5, 86.0], [235.0, 85.5], [234.5, 85.0], [234.0, 84.5], [233.5, 84.0], [234.0, 83.5], [234.5, 83.0], [234.0, 82.5], [233.5, 82.0], [233.0, 81.5], [232.5, 81.0], [232.0, 80.5], [231.5, 81.0], [231.5, 82.0], [231.5, 83.0], [231.0, 83.5], [230.5, 83.0], [230.0, 82.5], [229.5, 82.0], [229.0, 81.5], [228.0, 81.5], [227.0, 81.5], [226.5, 81.0], [226.5, 80.0], [226.0, 79.5], [225.0, 79.5], [224.5, 79.0], [224.0, 78.5], [223.0, 78.5], [222.5, 78.0], [222.0, 77.5], [221.5, 77.0], [221.5, 76.0], [222.0, 75.5], [222.5, 75.0], [222.5, 74.0], [222.5, 73.0], [222.0, 72.5], [221.5, 72.0], [221.0, 71.5], [220.0, 71.5], [219.0, 71.5], [218.5, 71.0], [218.5, 70.0], [218.5, 69.0], [218.5, 68.0], [218.5, 67.0], [219.0, 66.5], [219.5, 66.0], [219.5, 65.0], [219.5, 64.0], [219.5, 63.0], [219.5, 62.0], [220.0, 61.5], [220.5, 61.0], [220.5, 60.0], [220.0, 59.5], [219.5, 59.0], [219.0, 58.5], [218.0, 58.5], [217.0, 58.5], [216.0, 58.5], [215.5, 59.0], [215.0, 59.5], [214.0, 59.5], [213.5, 60.0], [213.0, 60.5], [212.0, 60.5], [211.5, 61.0], [211.0, 61.5], [210.5, 62.0], [210.5, 63.0], [210.0, 63.5], [209.5, 64.0], [209.0, 64.5], [208.0, 64.5], [207.5, 65.0], [207.0, 65.5], [206.5, 66.0], [206.0, 66.5], [205.5, 67.0], [205.5, 68.0]]"
SLICE,Z3,GAS_MED_L,6.804137825957895,44.88424074649488,-652.6545715332,427.0,0.30927677777658374,"[[194.0, 82.5], [193.5, 83.0], [193.5, 84.0], [193.5, 85.0], [193.5, 86.0], [193.5, 87.0], [193.5, 88.0], [193.5, 89.0], [193.5, 90.0], [193.5, 91.0], [193.5, 92.0], [194.0, 92.5], [194.5, 93.0], [194.5, 94.0], [194.5, 95.0], [194.5, 96.0], [195.0, 96.5], [195.5, 97.0], [195.5, 98.0], [195.5, 99.0], [196.0, 99.5], [196.5, 100.0], [196.5, 101.0], [197.0, 101.5], [197.5, 102.0], [198.0, 102.5], [198.5, 103.0], [198.5, 104.0], [199.0, 104.5], [200.0, 104.5], [200.5, 105.0], [201.0, 105.5], [201.5, 106.0], [202.0, 106.5], [203.0, 106.5], [204.0, 106.5], [205.0, 106.5], [206.0, 106.5], [206.5, 107.0], [207.0, 107.5], [208.0, 107.5], [209.0, 107.5], [210.0, 107.5], [211.0, 107.5], [212.0, 107.5], [213.0, 107.5], [213.5, 107.0], [214.0, 106.5], [214.5, 106.0], [215.0, 105.5], [215.5, 105.0], [215.5, 104.0], [215.0, 103.5], [214.0, 103.5], [213.5, 103.0], [213.0, 102.5], [212.0, 102.5], [211.5, 102.0], [211.0, 101.5], [210.0, 101.5], [209.5, 101.0], [209.0, 100.5], [208.5, 100.0], [208.0, 99.5], [207.0, 99.5], [206.5, 99.0], [206.5, 98.0], [206.5, 97.0], [206.0, 96.5], [205.5, 96.0], [205.0, 95.5], [204.5, 95.0], [204.5, 94.0], [204.5, 93.0], [204.5, 92.0], [204.5, 91.0], [204.5, 90.0], [204.5, 89.0], [204.5, 88.0], [204.5, 87.0], [204.5, 86.0], [204.5, 85.0], [204.5, 84.0], [204.5, 83.0], [204.5, 82.0], [204.5, 81.0], [204.5, 80.0], [205.0, 79.5], [205.5, 79.0], [205.5, 78.0], [205.5, 77.0], [205.5, 76.0], [205.5, 75.0], [205.5, 74.0], [205.5, 73.0], [205.5, 72.0], [205.5, 71.0], [205.0, 70.5], [204.5, 70.0], [204.5, 69.0], [205.0, 68.5], [205.5, 68.0], [205.5, 67.0], [206.0, 66.5], [206.5, 66.0], [207.0, 65.5], [207.5, 65.0], [208.0, 64.5], [209.0, 64.5], [209.5, 64.0], [209.5, 63.0], [209.0, 62.5], [208.5, 63.0], [208.0, 63.5], [207.0, 63.5], [206.0, 63.5], [205.5, 64.0], [205.0, 64.5], [204.5, 65.0], [204.0, 65.5], [203.5, 66.0], [203.0, 66.5], [202.5, 67.0], [202.0, 67.5], [201.5, 68.0], [201.0, 68.5], [200.5, 69.0], [200.0, 69.5], [199.5, 70.0], [199.0, 70.5], [198.5, 71.0], [198.5, 72.0], [198.0, 72.5], [197.5, 73.0], [197.0, 73.5], [196.5, 74.0], [196.5, 75.0], [196.0, 75.5], [195.5, 76.0], [195.5, 77.0], [195.5, 78.0], [195.5, 79.0], [195.0, 79.5], [194.5, 80.0], [194.5, 81.0], [194.5, 82.0]]"
SLICE,Z3,GAS_LAT_L,6.804137825957895,44.88424074649488,-652.6545715332,132.0,0.35272081291393953,"[[215.0, 105.5], [214.5, 106.0], [214.5, 107.0], [215.0, 107.5], [215.5, 108.0], [216.0, 108.5], [217.0, 108.5], [218.0, 108.5], [218.5, 109.0], [219.0, 109.5], [220.0, 109.5], [221.0, 109.5], [222.0, 109.5], [222.5, 110.0], [223.0, 110.5], [224.0, 110.5], [225.0, 110.5], [225.5, 111.0], [226.0, 111.5], [227.0, 111.5], [228.0, 111.5], [229.0, 111.5], [230.0, 111.5], [231.0, 111.5], [232.0, 111.5], [233.0, 111.5], [234.0, 111.5], [235.0, 111.5], [236.0, 111.5], [237.0, 111.5], [238.0, 111.5], [239.0, 111.5], [240.0, 111.5], [241.0, 111.5], [241.5, 111.0], [242.0, 110.5], [243.0, 110.5], [244.0, 110.5], [244.5, 110.0], [244.0, 109.5], [243.0, 109.5], [242.0, 109.5], [241.5, 109.0], [241.0, 108.5], [240.0, 108.5], [239.5, 108.0], [239.0, 107.5], [238.0, 107.5], [237.0, 107.5], [236.5, 107.0], [236.0, 106.5], [235.0, 106.5], [234.0, 106.5], [233.0, 106.5], [232.0, 106.5], [231.0, 106.5], [230.0, 106.5], [229.0, 106.5], [228.5, 106.0], [228.0, 105.5], [227.0, 105.5], [226.0, 105.5], [225.0, 105.5], [224.0, 105.5], [223.5, 105.0], [223.0, 104.5], [222.0, 104.5], [221.0, 104.5], [220.0, 104.5], [219.0, 104.5], [218.0, 104.5], [217.0, 104.5], [216.5, 104.0], [216.0, 103.5], [215.5, 104.0], [215.5, 105.0]]"
SLICE,Z4,TA_R,6.804137825957895,44.88424074649488,-622.6545715332,319.0,0.18128833186756418,"[[58.0, 62.5], [57.5, 63.0], [57.5, 64.0], [57.5, 65.0], [58.0, 65.5], [59.0, 65.5], [59.5, 65.0], [60.0, 64.5], [61.0, 64.5], [62.0, 64.5], [63.0, 64.5], [64.0, 64.5], [65.0, 64.5], [66.0, 64.5], [66.5, 65.0], [67.0, 65.5], [68.0, 65.5], [68.5, 66.0], [69.0, 66.5], [69.5, 67.0], [69.5, 68.0], [70.0, 68.5], [70.5, 69.0], [71.0, 69.5], [71.5, 70.0], [72.0, 70.5], [72.5, 71.0], [73.0, 71.5], [74.0, 71.5], [74.5, 71.0], [75.0, 70.5], [75.5, 70.0], [76.0, 69.5], [76.5, 69.0], [76.5, 68.0], [76.5, 67.0], [77.0, 66.5], [78.0, 66.5], [79.0, 66.5], [79.5, 66.0], [79.5, 65.0], [79.5, 64.0], [79.5, 63.0], [79.5, 62.0], [79.5, 61.0], [79.0, 60.5], [78.5, 60.0], [78.5, 59.0], [78.5, 58.0], [78.0, 57.5], [77.5, 57.0], [77.5, 56.0], [77.0, 55.5], [76.5, 55.0], [76.5, 54.0], [76.5, 53.0], [77.0, 52.5], [77.5, 52.0], [77.5, 51.0], [78.0, 50.5], [78.5, 50.0], [78.5, 49.0], [78.0, 48.5], [77.5, 48.0], [77.0, 47.5], [76.0, 47.5], [75.0, 47.5], [74.5, 47.0], [74.0, 46.5], [73.5, 47.0], [73.0, 47.5], [72.0, 47.5], [71.0, 47.5], [70.5, 48.0], [70.0, 48.5], [69.0, 48.5], [68.5, 49.0], [68.5, 50.0], [68.0, 50.5], [67.0, 50.5], [66.0, 50.5], [65.5, 51.0], [65.5, 52.0], [65.0, 52.5], [64.5, 53.0], [64.0, 53.5], [63.5, 54.0], [63.0, 54.5], [62.5, 55.0], [62.0, 55.5], [61.5, 56.0], [61.0, 56.5], [60.5, 57.0], [60.5, 58.0], [60.0, 58.5], [59.5, 59.0], [59.0, 59.5], [58.5, 60.0], [58.5, 61.0], [58.5, 62.0]]"
SLICE,Z4,ED_R,6.804137825957895,44.88424074649488,-622.6545715332,175.0,0.19099620414399146,"[[56.0, 67.5], [55.5, 68.0], [55.5, 69.0], [55.5, 70.0], [55.5, 71.0], [55.5, 72.0], [55.5, 73.0], [55.5, 74.0], [56.0, 74.5], [56.5, 75.0], [57.0, 75.5], [58.0, 75.5], [59.0, 75.5], [60.0, 75.5], [60.5, 75.0], [61.0, 74.5], [61.5, 75.0], [62.0, 75.5], [63.0, 75.5], [64.0, 75.5], [64.5, 76.0], [65.0, 76.5], [66.0, 76.5], [67.0, 76.5], [68.0, 76.5], [68.5, 77.0], [69.0, 77.5], [70.0, 77.5], [71.0, 77.5], [71.5, 77.0], [72.0, 76.5], [72.5, 76.0], [72.5, 75.0], [73.0, 74.5], [73.5, 74.0], [73.5, 73.0], [74.0, 72.5], [74.5, 72.0], [74.0, 71.5], [73.0, 71.5], [72.5, 71.0], [72.0, 70.5], [71.5, 70.0], [71.0, 69.5], [70.5, 69.0], [70.0, 68.5], [69.5, 68.0], [69.5, 67.0], [69.0, 66.5], [68.5, 66.0], [68.0, 65.5], [67.0, 65.5], [66.5, 65.0], [66.0, 64.5], [65.0, 64.5], [64.0, 64.5], [63.0, 64.5], [62.0, 64.5], [61.0, 64.5], [60.0, 64.5], [59.5, 65.0], [59.0, 65.5], [58.0, 65.5], [57.0, 65.5], [56.5, 66.0], [56.5, 67.0]]"
SLICE,Z4,PER_R,6.804137825957895,44.88424074649488,-622.6545715332,383.0,0.29252471012653075,"[[53.0, 82.5], [52.5, 83.0], [52.5, 84.0], [52.5, 85.0], [52.5, 86.0], [52.5, 87.0], [52.5, 88.0], [52.5, 89.0], [53.0, 89.5], [53.5, 90.0], [53.5, 91.0], [53.5, 92.0], [53.5, 93.0], [53.5, 94.0], [54.0, 94.5], [54.5, 95.0], [55.0, 95.5], [55.5, 96.0], [56.0, 96.5], [56.5, 97.0], [57.0, 97.5], [57.5, 98.0], [58.0, 98.5], [59.0, 98.5], [60.0, 98.5], [61.0, 98.5], [61.5, 98.0], [61.5, 97.0], [62.0, 96.5], [63.0, 96.5], [64.0, 96.5], [64.5, 96.0], [65.0, 95.5], [66.0, 95.5], [66.5, 95.0], [67.0, 94.5], [68.0, 94.5], [69.0, 94.5], [69.5, 94.0], [69.5, 93.0], [70.0, 92.5], [71.0, 92.5], [71.5, 92.0], [72.0, 91.5], [72.5, 91.0], [72.5, 90.0], [73.0, 89.5], [73.5, 89.0], [73.5, 88.0], [73.0, 87.5], [72.5, 87.0], [72.5, 86.0], [72.5, 85.0], [72.5, 84.0], [72.5, 83.0], [72.5, 82.0], [72.5, 81.0], [72.5, 80.0], [72.0, 79.5], [71.5, 79.0], [71.5, 78.0], [71.0, 77.5], [70.0, 77.5], [69.0, 77.5], [68.5, 77.0], [68.0, 76.5], [67.0, 76.5], [66.0, 76.5], [65.0, 76.5], [64.5, 76.0], [64.0, 75.5], [63.0, 75.5], [62.0, 75.5], [61.5, 75.0], [61.0, 74.5], [60.5, 75.0], [60.0, 75.5], [59.0, 75.5], [58.0, 75.5], [57.0, 75.5], [56.5, 75.0], [56.0, 74.5], [55.5, 74.0], [55.0, 73.5], [54.5, 74.0], [54.5, 75.0], [54.0, 75.5], [53.5, 76.0], [53.5, 77.0], [53.5, 78.0], [53.5, 79.0], [53.5, 80.0], [53.5, 81.0], [53.5, 82.0]]"
SLICE,Z4,DLPC_R,6.804137825957895,44.88424074649488,-622.6545715332,346.0,0.2614257338479082,"[[73.0, 77.5], [72.5, 78.0], [72.5, 79.0], [73.0, 79.5], [73.5, 80.0], [73.5, 81.0], [74.0, 81.5], [75.0, 81.5], [75.5, 82.0], [76.0, 82.5], [76.5, 83.0], [77.0, 83.5], [77.5, 84.0], [78.0, 84.5], [78.5, 84.0], [79.0, 83.5], [79.5, 83.0], [80.0, 82.5], [81.0, 82.5], [82.0, 82.5], [82.5, 83.0], [83.0, 83.5], [83.5, 83.0], [84.0, 82.5], [84.5, 82.0], [84.5, 81.0], [85.0, 80.5], [86.0, 80.5], [86.5, 81.0], [86.5, 82.0], [87.0, 82.5], [88.0, 82.5], [88.5, 82.0], [89.0, 81.5], [90.0, 81.5], [91.0, 81.5], [91.5, 81.0], [92.0, 80.5], [92.5, 80.0], [93.0, 79.5], [94.0, 79.5], [95.0, 79.5], [95.5, 79.0], [96.0, 78.5], [96.5, 78.0], [96.5, 77.0], [96.5, 76.0], [96.5, 75.0], [96.5, 74.0], [96.0, 73.5], [95.5, 73.0], [95.5, 72.0], [96.0, 71.5], [97.0, 71.5], [97.5, 71.0], [97.5, 70.0], [97.5, 69.0], [97.5, 68.0], [97.5, 67.0], [97.0, 66.5], [96.5, 66.0], [96.0, 65.5], [95.0, 65.5], [94.0, 65.5], [93.0, 65.5], [92.5, 66.0], [92.0, 66.5], [91.0, 66.5], [90.0, 66.5], [89.0, 66.5], [88.5, 67.0], [88.0, 67.5], [87.0, 67.5], [86.0, 67.5], [85.0, 67.5], [84.5, 67.0], [84.0, 66.5], [83.0, 66.5], [82.5, 66.0], [82.0, 65.5], [81.5, 65.0], [81.0, 64.5], [80.0, 64.5], [79.5, 65.0], [79.5, 66.0], [79.0, 66.5], [78.0, 66.5], [77.0, 66.5], [76.5, 67.0], [76.5, 68.0], [76.5, 69.0], [76.0, 69.5], [75.5, 70.0], [75.0, 70.5], [74.5, 71.0], [74.5, 72.0], [74.0, 72.5], [73.5, 73.0], [73.5, 74.0], [73.5, 75.0], [73.5, 76.0], [73.5, 77.0]]"
SLICE,Z4,POP_R,6.804137825957895,44.88424074649488,-622.6545715332,0.0,,
SLICE,Z4,SOL_R,6.804137825957895,44.88424074649488,-622.6545715332,1245.0,0.21713724405009457,"[[61.0, 98.5], [60.5, 99.0], [60.5, 100.0], [60.5, 101.0], [60.5, 102.0], [60.5, 103.0], [61.0, 103.5], [61.5, 104.0], [62.0, 104.5], [62.5, 105.0], [63.0, 105.5], [63.5, 106.0], [64.0, 106.5], [64.5, 107.0], [65.0, 107.5], [66.0, 107.5], [66.5, 108.0], [67.0, 108.5], [67.5, 108.0], [68.0, 107.5], [69.0, 107.5], [69.5, 107.0], [70.0, 106.5], [71.0, 106.5], [72.0, 106.5], [73.0, 106.5], [73.5, 106.0], [74.0, 105.5], [75.0, 105.5], [76.0, 105.5], [76.5, 105.0], [77.0, 104.5], [78.0, 104.5], [79.0, 104.5], [80.0, 104.5], [81.0, 104.5], [82.0, 104.5], [83.0, 104.5], [84.0, 104.5], [85.0, 104.5], [86.0, 104.5], [87.0, 104.5], [88.0, 104.5], [89.0, 104.5], [90.0, 104.5], [91.0, 104.5], [92.0, 104.5], [93.0, 104.5], [94.0, 104.5], [95.0, 104.5], [96.0, 104.5], [97.0, 104.5], [97.5, 104.0], [98.0, 103.5], [99.0, 103.5], [100.0, 103.5], [101.0, 103.5], [102.0, 103.5], [103.0, 103.5], [104.0, 103.5], [104.5, 103.0], [105.0, 102.5], [105.5, 102.0], [106.0, 101.5], [107.0, 101.5], [107.5, 101.0], [108.0, 100.5], [108.5, 100.0], [109.0, 99.5], [109.5, 99.0], [110.0, 98.5], [110.5, 98.0], [110.5, 97.0], [111.0, 96.5], [111.5, 96.0], [111.5, 95.0], [111.5, 94.0], [112.0, 93.5], [112.5, 93.0], [112.5, 92.0], [112.5, 91.0], [112.5, 90.0], [112.5, 89.0], [112.5, 88.0], [112.5, 87.0], [112.0, 86.5], [111.5, 86.0], [111.5, 85.0], [111.5, 84.0], [111.5, 83.0], [111.5, 82.0], [111.5, 81.0], [111.5, 80.0], [111.5, 79.0], [111.5, 78.0], [111.0, 77.5], [110.5, 77.0], [110.5, 76.0], [110.5, 75.0], [110.0, 74.5], [109.5, 74.0], [109.5, 73.0], [109.5, 72.0], [109.0, 71.5], [108.5, 71.0], [108.5, 70.0], [108.0, 69.5], [107.5, 69.0], [107.5, 68.0], [107.5, 67.0], [107.5, 66.0], [108.0, 65.5], [108.5, 65.0], [108.5, 64.0], [108.5, 63.0], [108.0, 62.5], [107.5, 62.0], [107.0, 61.5], [106.0, 61.5], [105.5, 61.0], [105.0, 60.5], [104.5, 60.0], [104.0, 59.5], [103.0, 59.5], [102.0, 59.5], [101.5, 59.0], [101.0, 58.5], [100.0, 58.5], [99.0, 58.5], [98.0, 58.5], [97.0, 58.5], [96.5, 59.0], [96.0, 59.5], [95.5, 60.0], [95.5, 61.0], [95.5, 62.0], [95.5, 63.0], [95.5, 64.0], [95.5, 65.0], [96.0, 65.5], [96.5, 66.0], [97.0, 66.5], [97.5, 67.0], [97.5, 68.0], [97.5, 69.0], [97.5, 70.0], [97.5, 71.0], [97.5, 72.0], [97.5, 73.0], [97.5, 74.0], [97.0, 74.5], [96.5, 75.0], [96.5, 76.0], [96.5, 77.0], [96.5, 78.0], [96.0, 78.5], [95.5, 79.0], [95.0, 79.5], [94.0, 79.5], [93.0, 79.5], [92.5, 80.0], [92.0, 80.5], [91.5, 81.0], [91.0, 81.5], [90.0, 81.5], [89.0, 81.5], [88.5, 82.0], [88.0, 82.5], [87.0, 82.5], [86.5, 82.0], [86.5, 81.0], [86.0, 80.5], [85.0, 80.5], [84.5, 81.0], [84.5, 82.0], [84.0, 82.5], [83.5, 83.0], [83.0, 83.5], [82.5, 83.0], [82.0, 82.5], [81.0, 82.5], [80.0, 82.5], [79.5, 83.0], [79.0, 83.5], [78.5, 84.0], [78.5, 85.0], [78.5, 86.0], [78.5, 87.0], [78.0, 87.5], [77.5, 88.0], [77.0, 88.5], [76.0, 88.5], [75.0, 88.5], [74.5, 89.0], [74.0, 89.5], [73.0, 89.5], [72.5, 90.0], [72.5, 91.0], [72.0, 91.5], [71.5, 92.0], [71.0, 92.5], [70.0, 92.5], [69.5, 93.0], [69.5, 94.0], [69.0, 94.5], [68.0, 94.5], [67.0, 94.5], [66.5, 95.0], [66.0, 95.5], [65.0, 95.5], [64.5, 96.0], [64.0, 96.5], [63.0, 96.5], [62.0, 96.5], [61.5, 97.0], [61.5, 98.0]]"
SLICE,Z4,GAS_MED_R,6.804137825957895,44.88424074649488,-622.6545715332,602.0,0.2738075132284556,"[[105.0, 59.5], [104.5, 60.0], [105.0, 60.5], [105.5, 61.0], [106.0, 61.5], [107.0, 61.5], [107.5, 62.0], [108.0, 62.5], [108.5, 63.0], [108.5, 64.0], [108.5, 65.0], [108.0, 65.5], [107.5, 66.0], [107.5, 67.0], [107.5, 68.0], [107.5, 69.0], [108.0, 69.5], [108.5, 70.0], [108.5, 71.0], [109.0, 71.5], [109.5, 72.0], [109.5, 73.0], [109.5, 74.0], [110.0, 74.5], [110.5, 75.0], [110.5, 76.0], [110.5, 77.0], [111.0, 77.5], [111.5, 78.0], [111.5, 79.0], [111.5, 80.0], [111.5, 81.0], [111.5, 82.0], [111.5, 83.0], [111.5, 84.0], [111.5, 85.0], [111.5, 86.0], [112.0, 86.5], [112.5, 87.0], [112.5, 88.0], [112.5, 89.0], [112.5, 90.0], [112.5, 91.0], [112.5, 92.0], [112.5, 93.0], [112.0, 93.5], [111.5, 94.0], [111.5, 95.0], [111.5, 96.0], [111.0, 96.5], [110.5, 97.0], [110.5, 98.0], [110.0, 98.5], [109.5, 99.0], [109.0, 99.5], [108.5, 100.0], [108.0, 100.5], [107.5, 101.0], [107.0, 101.5], [106.0, 101.5], [105.5, 102.0], [105.0, 102.5], [104.5, 103.0], [104.5, 104.0], [104.5, 105.0], [104.5, 106.0], [104.5, 107.0], [105.0, 107.5], [105.5, 108.0], [105.5, 109.0], [106.0, 109.5], [107.0, 109.5], [108.0, 109.5], [109.0, 109.5], [110.0, 109.5], [111.0, 109.5], [112.0, 109.5], [113.0, 109.5], [114.0, 109.5], [115.0, 109.5], [116.0, 109.5], [116.5, 109.0], [117.0, 108.5], [117.5, 108.0], [118.0, 107.5], [119.0, 107.5], [119.5, 107.0], [120.0, 106.5], [120.5, 106.0], [120.5, 105.0], [121.0, 104.5], [121.5, 104.0], [122.0, 103.5], [122.5, 103.0], [122.5, 102.0], [123.0, 101.5], [123.5, 101.0], [123.5, 100.0], [124.0, 99.5], [124.5, 99.0], [124.5, 98.0], [124.5, 97.0], [124.5, 96.0], [124.5, 95.0], [125.0, 94.5], [125.5, 94.0], [125.5, 93.0], [125.5, 92.0], [125.5, 91.0], [125.5, 90.0], [125.5, 89.0], [125.0, 88.5], [124.5, 88.0], [124.5, 87.0], [124.5, 86.0], [124.5, 85.0], [124.5, 84.0], [124.5, 83.0], [124.5, 82.0], [124.5, 81.0], [124.5, 80.0], [124.0, 79.5], [123.5, 79.0], [123.5, 78.0], [123.0, 77.5], [122.5, 77.0], [122.5, 76.0], [122.0, 75.5], [121.5, 75.0], [121.5, 74.0], [121.5, 73.0], [121.0, 72.5], [120.5, 72.0], [120.5, 71.0], [120.0, 70.5], [119.5, 70.0], [119.5, 69.0], [119.0, 68.5], [118.0, 68.5], [117.5, 68.0], [117.5, 67.0], [117.0, 66.5], [116.5, 66.0], [116.0, 65.5], [115.0, 65.5], [114.5, 65.0], [114.5, 64.0], [114.0, 63.5], [113.0, 63.5], [112.5, 63.0], [112.0, 62.5], [111.5, 62.0], [111.0, 61.5], [110.5, 61.0], [110.0, 60.5], [109.0, 60.5], [108.0, 60.5], [107.5, 60.0], [107.0, 59.5], [106.0, 59.5]]"
SLICE,Z4,GAS_LAT_R,6.804137825957895,44.88424074649488,-622.6545715332,265.0,0.23165984430144193,"[[66.0, 107.5], [65.5, 108.0], [65.5, 109.0], [66.0, 109.5], [67.0, 109.5], [68.0, 109.5], [68.5, 110.0], [69.0, 110.5], [70.0, 110.5], [70.5, 111.0], [71.0, 111.5], [72.0, 111.5], [73.0, 111.5], [74.0, 111.5], [75.0, 111.5], [76.0, 111.5], [77.0, 111.5], [77.5, 112.0], [78.0, 112.5], [79.0, 112.5], [80.0, 112.5], [81.0, 112.5], [81.5, 113.0], [82.0, 113.5], [83.0, 113.5], [84.0, 113.5], [85.0, 113.5], [86.0, 113.5], [87.0, 113.5], [88.0, 113.5], [89.0, 113.5], [90.0, 113.5], [91.0, 113.5], [91.5, 113.0], [92.0, 112.5], [93.0, 112.5], [94.0, 112.5], [94.5, 112.0], [95.0, 111.5], [96.0, 111.5], [97.0, 111.5], [98.0, 111.5], [99.0, 111.5], [99.5, 111.0], [100.0, 110.5], [101.0, 110.5], [101.5, 110.0], [102.0, 109.5], [102.5, 109.0], [103.0, 108.5], [104.0, 108.5], [104.5, 108.0], [104.5, 107.0], [104.5, 106.0], [104.5, 105.0], [104.5, 104.0], [104.0, 103.5], [103.0, 103.5], [102.0, 103.5], [101.0, 103.5], [100.0, 103.5], [99.0, 103.5], [98.0, 103.5], [97.5, 104.0], [97.0, 104.5], [96.0, 104.5], [95.0, 104.5], [94.0, 104.5], [93.0, 104.5], [92.0, 104.5], [91.0, 104.5], [90.0, 104.5], [89.0, 104.5], [88.0, 104.5], [87.0, 104.5], [86.0, 104.5], [85.0, 104.5], [84.0, 104.5], [83.0, 104.5], [82.0, 104.5], [81.0, 104.5], [80.0, 104.5], [79.0, 104.5], [78.0, 104.5], [77.0, 104.5], [76.5, 105.0], [76.0, 105.5], [75.0, 105.5], [74.0, 105.5], [73.5, 106.0], [73.0, 106.5], [72.0, 106.5], [71.0, 106.5], [70.0, 106.5], [69.5, 107.0], [69.0, 107.5], [68.0, 107.5], [67.5, 108.0], [67.0, 108.5], [66.5, 108.0]]"
SLICE,Z4,TA_L,6.804137825957895,44.88424074649488,-622.6545715332,372.0,0.1658740442683869,"[[237.0, 60.5], [236.5, 61.0], [236.5, 62.0], [237.0, 62.5], [237.5, 63.0], [237.5, 64.0], [238.0, 64.5], [239.0, 64.5], [239.5, 65.0], [239.5, 66.0], [240.0, 66.5], [240.5, 67.0], [241.0, 67.5], [241.5, 68.0], [241.5, 69.0], [242.0, 69.5], [243.0, 69.5], [244.0, 69.5], [244.5, 69.0], [244.5, 68.0], [244.5, 67.0], [245.0, 66.5], [246.0, 66.5], [246.5, 66.0], [246.5, 65.0], [247.0, 64.5], [248.0, 64.5], [249.0, 64.5], [250.0, 64.5], [251.0, 64.5], [252.0, 64.5], [253.0, 64.5], [253.5, 65.0], [254.0, 65.5], [255.0, 65.5], [256.0, 65.5], [256.5, 65.0], [257.0, 64.5], [258.0, 64.5], [259.0, 64.5], [259.5, 64.0], [259.5, 63.0], [259.5, 62.0], [259.5, 61.0], [259.5, 60.0], [259.5, 59.0], [259.0, 58.5], [258.5, 58.0], [258.0, 57.5], [257.5, 57.0], [257.5, 56.0], [257.0, 55.5], [256.5, 55.0], [256.5, 54.0], [256.0, 53.5], [255.5, 53.0], [255.0, 52.5], [254.5, 52.0], [254.5, 51.0], [254.0, 50.5], [253.0, 50.5], [252.5, 50.0], [252.0, 49.5], [251.5, 49.0], [251.0, 48.5], [250.5, 48.0], [250.0, 47.5], [249.5, 47.0], [249.0, 46.5], [248.5, 46.0], [248.0, 45.5], [247.0, 45.5], [246.0, 45.5], [245.5, 45.0], [245.0, 44.5], [244.0, 44.5], [243.0, 44.5], [242.0, 44.5], [241.0, 44.5], [240.0, 44.5], [239.5, 45.0], [239.0, 45.5], [238.5, 46.0], [238.0, 46.5], [237.5, 47.0], [237.5, 48.0], [238.0, 48.5], [238.5, 49.0], [238.5, 50.0], [238.5, 51.0], [238.5, 52.0], [238.5, 53.0], [238.5, 54.0], [238.5, 55.0], [238.5, 56.0], [238.5, 57.0], [238.5, 58.0], [238.0, 58.5], [237.5, 59.0], [237.5, 60.0]]"
SLICE,Z4,ED_L,6.804137825957895,44.88424074649488,-622.6545715332,172.0,0.15666562136910686,"[[244.0, 69.5], [243.5, 70.0], [243.5, 71.0], [244.0, 71.5], [244.5, 72.0], [244.5, 73.0], [244.5, 74.0], [244.0, 74.5], [243.5, 75.0], [244.0, 75.5], [244.5, 76.0], [244.5, 77.0], [245.0, 77.5], [245.5, 77.0], [246.0, 76.5], [247.0, 76.5], [248.0, 76.5], [249.0, 76.5], [249.5, 76.0], [250.0, 75.5], [250.5, 75.0], [251.0, 74.5], [252.0, 74.5], [253.0, 74.5], [254.0, 74.5], [255.0, 74.5], [256.0, 74.5], [257.0, 74.5], [257.5, 74.0], [258.0, 73.5], [259.0, 73.5], [259.5, 73.0], [260.0, 72.5], [261.0, 72.5], [261.5, 72.0], [261.5, 71.0], [261.5, 70.0], [261.5, 69.0], [261.5, 68.0], [261.5, 67.0], [261.5, 66.0], [261.0, 65.5], [260.5, 65.0], [260.5, 64.0], [260.0, 63.5], [259.5, 64.0], [259.0, 64.5], [258.0, 64.5], [257.0, 64.5], [256.5, 65.0], [256.0, 65.5], [255.0, 65.5], [254.0, 65.5], [253.5, 65.0], [253.0, 64.5], [252.0, 64.5], [251.0, 64.5], [250.0, 64.5], [249.0, 64.5], [248.0, 64.5], [247.0, 64.5], [246.5, 65.0], [246.5, 66.0], [246.0, 66.5], [245.0, 66.5], [244.5, 67.0], [244.5, 68.0], [244.5, 69.0]]"
SLICE,Z4,PER_L,6.804137825957895,44.88424074649488,-622.6545715332,360.0,0.28765814701200193,"[[244.0, 76.5], [243.5, 77.0], [243.5, 78.0], [243.5, 79.0], [243.5, 80.0], [243.5, 81.0], [243.5, 82.0], [243.5, 83.0], [243.5, 84.0], [243.5, 85.0], [243.5, 86.0], [244.0, 86.5], [244.5, 87.0], [244.0, 87.5], [243.5, 88.0], [244.0, 88.5], [244.5, 89.0], [245.0, 89.5], [245.5, 90.0], [246.0, 90.5], [246.5, 91.0], [247.0, 91.5], [248.0, 91.5], [249.0, 91.5], [249.5, 92.0], [250.0, 92.5], [251.0, 92.5], [251.5, 93.0], [252.0, 93.5], [252.5, 94.0], [253.0, 94.5], [254.0, 94.5], [255.0, 94.5], [255.5, 95.0], [256.0, 95.5], [257.0, 95.5], [258.0, 95.5], [258.5, 95.0], [259.0, 94.5], [260.0, 94.5], [260.5, 94.0], [261.0, 93.5], [261.5, 93.0], [261.5, 92.0], [261.5, 91.0], [262.0, 90.5], [262.5, 90.0], [262.5, 89.0], [262.5, 88.0], [263.0, 87.5], [263.5, 87.0], [263.5, 86.0], [263.5, 85.0], [263.5, 84.0], [263.5, 83.0], [264.0, 82.5], [264.5, 82.0], [264.5, 81.0], [264.5, 80.0], [264.5, 79.0], [264.0, 78.5], [263.5, 78.0], [263.5, 77.0], [263.5, 76.0], [263.5, 75.0], [263.5, 74.0], [263.0, 73.5], [262.5, 73.0], [262.0, 72.5], [261.0, 72.5], [260.0, 72.5], [259.5, 73.0], [259.0, 73.5], [258.0, 73.5], [257.5, 74.0], [257.0, 74.5], [256.0, 74.5], [255.0, 74.5], [254.0, 74.5], [253.0, 74.5], [252.0, 74.5], [251.0, 74.5], [250.5, 75.0], [250.0, 75.5], [249.5, 76.0], [249.0, 76.5], [248.0, 76.5], [247.0, 76.5], [246.0, 76.5], [245.5, 77.0], [245.0, 77.5], [244.5, 77.0]]"
SLICE,Z4,DLPC_L,6.804137825957895,44.88424074649488,-622.6545715332,286.0,0.2198492038673984,"[[220.0, 64.5], [219.5, 65.0], [219.5, 66.0], [220.0, 66.5], [220.5, 67.0], [220.5, 68.0], [220.5, 69.0], [220.5, 70.0], [220.5, 71.0], [221.0, 71.5], [222.0, 71.5], [223.0, 71.5], [223.5, 72.0], [223.5, 73.0], [224.0, 73.5], [224.5, 74.0], [224.5, 75.0], [225.0, 75.5], [225.5, 76.0], [226.0, 76.5], [227.0, 76.5], [227.5, 77.0], [228.0, 77.5], [229.0, 77.5], [229.5, 78.0], [229.5, 79.0], [230.0, 79.5], [231.0, 79.5], [232.0, 79.5], [232.5, 79.0], [233.0, 78.5], [234.0, 78.5], [234.5, 79.0], [235.0, 79.5], [235.5, 80.0], [235.5, 81.0], [236.0, 81.5], [237.0, 81.5], [237.5, 82.0], [238.0, 82.5], [238.5, 82.0], [239.0, 81.5], [239.5, 81.0], [240.0, 80.5], [240.5, 80.0], [241.0, 79.5], [241.5, 79.0], [242.0, 78.5], [242.5, 78.0], [243.0, 77.5], [243.5, 77.0], [244.0, 76.5], [244.5, 76.0], [244.0, 75.5], [243.5, 75.0], [243.5, 74.0], [243.0, 73.5], [242.0, 73.5], [241.5, 73.0], [241.5, 72.0], [241.5, 71.0], [242.0, 70.5], [242.5, 70.0], [242.0, 69.5], [241.5, 69.0], [241.5, 68.0], [241.0, 67.5], [240.5, 67.0], [240.0, 66.5], [239.5, 66.0], [239.5, 65.0], [239.0, 64.5], [238.0, 64.5], [237.5, 64.0], [237.5, 63.0], [237.0, 62.5], [236.0, 62.5], [235.5, 63.0], [235.0, 63.5], [234.5, 64.0], [234.0, 64.5], [233.0, 64.5], [232.0, 64.5], [231.5, 65.0], [231.0, 65.5], [230.0, 65.5], [229.0, 65.5], [228.0, 65.5], [227.0, 65.5], [226.0, 65.5], [225.0, 65.5], [224.5, 65.0], [224.0, 64.5], [223.0, 64.5], [222.5, 64.0], [222.0, 63.5], [221.5, 64.0], [221.0, 64.5]]"
SLICE,Z4,POP_L,6.804137825957895,44.88424074649488,-622.6545715332,1.0,0.7398156708537695,"[[221.0, 60.5], [220.5, 61.0], [221.0, 61.5], [221.5, 61.0]]"
SLICE,Z4,SOL_L,6.804137825957895,44.88424074649488,-622.6545715332,1184.0,0.1979397791822349,"[[206.0, 83.5], [205.5, 84.0], [205.5, 85.0], [205.5, 86.0], [205.5, 87.0], [205.5, 88.0], [205.5, 89.0], [206.0, 89.5], [206.5, 90.0], [206.5, 91.0], [206.5, 92.0], [207.0, 92.5], [207.5, 93.0], [207.5, 94.0], [208.0, 94.5], [209.0, 94.5], [209.5, 95.0], [209.5, 96.0], [210.0, 96.5], [211.0, 96.5], [211.5, 97.0], [211.5, 98.0], [212.0, 98.5], [212.5, 99.0], [213.0, 99.5], [214.0, 99.5], [214.5, 100.0], [215.0, 100.5], [216.0, 100.5], [217.0, 100.5], [218.0, 100.5], [219.0, 100.5], [220.0, 100.5], [221.0, 100.5], [222.0, 100.5], [223.0, 100.5], [224.0, 100.5], [224.5, 101.0], [225.0, 101.5], [226.0, 101.5], [227.0, 101.5], [228.0, 101.5], [229.0, 101.5], [230.0, 101.5], [231.0, 101.5], [232.0, 101.5], [233.0, 101.5], [233.5, 102.0], [234.0, 102.5], [235.0, 102.5], [236.0, 102.5], [237.0, 102.5], [238.0, 102.5], [238.5, 103.0], [239.0, 103.5], [240.0, 103.5], [241.0, 103.5], [241.5, 104.0], [242.0, 104.5], [243.0, 104.5], [244.0, 104.5], [245.0, 104.5], [246.0, 104.5], [246.5, 105.0], [247.0, 105.5], [247.5, 106.0], [248.0, 106.5], [249.0, 106.5], [249.5, 107.0], [250.0, 107.5], [250.5, 107.0], [251.0, 106.5], [252.0, 106.5], [252.5, 106.0], [253.0, 105.5], [253.5, 105.0], [254.0, 104.5], [254.5, 104.0], [255.0, 103.5], [255.5, 103.0], [256.0, 102.5], [256.5, 102.0], [256.5, 101.0], [256.5, 100.0], [256.5, 99.0], [256.5, 98.0], [256.5, 97.0], [256.5, 96.0], [256.0, 95.5], [255.5, 95.0], [255.0, 94.5], [254.0, 94.5], [253.0, 94.5], [252.5, 94.0], [252.0, 93.5], [251.5, 93.0], [251.0, 92.5], [250.0, 92.5], [249.5, 92.0], [249.0, 91.5], [248.0, 91.5], [247.0, 91.5], [246.5, 91.0], [246.0, 90.5], [245.5, 90.0], [245.0, 89.5], [244.5, 89.0], [244.0, 88.5], [243.5, 88.0], [244.0, 87.5], [244.5, 87.0], [244.0, 86.5], [243.0, 86.5], [242.0, 86.5], [241.0, 86.5], [240.0, 86.5], [239.5, 86.0], [239.0, 85.5], [238.0, 85.5], [237.5, 85.0], [238.0, 84.5], [238.5, 84.0], [238.5, 83.0], [238.0, 82.5], [237.5, 82.0], [237.0, 81.5], [236.0, 81.5], [235.5, 81.0], [235.5, 80.0], [235.0, 79.5], [234.5, 79.0], [234.0, 78.5], [233.0, 78.5], [232.5, 79.0], [232.0, 79.5], [231.0, 79.5], [230.0, 79.5], [229.5, 79.0], [229.5, 78.0], [229.0, 77.5], [228.0, 77.5], [227.5, 77.0], [227.0, 76.5], [226.0, 76.5], [225.5, 76.0], [225.0, 75.5], [224.5, 75.0], [224.5, 74.0], [224.0, 73.5], [223.5, 73.0], [223.5, 72.0], [223.0, 71.5], [222.0, 71.5], [221.0, 71.5], [220.5, 71.0], [220.5, 70.0], [220.5, 69.0], [220.5, 68.0], [220.5, 67.0], [220.0, 66.5], [219.5, 66.0], [219.5, 65.0], [220.0, 64.5], [221.0, 64.5], [221.5, 64.0], [221.0, 63.5], [220.5, 63.0], [220.5, 62.0], [220.5, 61.0], [220.5, 60.0], [220.5, 59.0], [220.0, 58.5], [219.0, 58.5], [218.0, 58.5], [217.0, 58.5], [216.0, 58.5], [215.0, 58.5], [214.5, 59.0], [214.0, 59.5], [213.5, 60.0], [213.0, 60.5], [212.5, 61.0], [212.0, 61.5], [211.5, 62.0], [211.0, 62.5], [210.0, 62.5], [209.5, 63.0], [209.5, 64.0], [209.5, 65.0], [209.5, 66.0], [209.5, 67.0], [209.5, 68.0], [209.5, 69.0], [209.5, 70.0], [209.5, 71.0], [209.5, 72.0], [209.5, 73.0], [209.5, 74.0], [209.0, 74.5], [208.5, 75.0], [208.5, 76.0], [208.0, 76.5], [207.5, 77.0], [207.5, 78.0], [207.5, 79.0], [207.0, 79.5], [206.5, 80.0], [206.5, 81.0], [206.5, 82.0], [206.5, 83.0]]"
SLICE,Z4,GAS_MED_L,6.804137825957895,44.88424074649488,-622.6545715332,553.0,0.30826216515640525,"[[194.0, 83.5], [193.5, 84.0], [193.5, 85.0], [193.5, 86.0], [193.5, 87.0], [193.5, 88.0], [193.5, 89.0], [194.0, 89.5], [194.5, 90.0], [194.5, 91.0], [194.5, 92.0], [194.5, 93.0], [194.5, 94.0], [195.0, 94.5], [195.5, 95.0], [195.5, 96.0], [195.5, 97.0], [195.5, 98.0], [195.5, 99.0], [196.0, 99.5], [196.5, 100.0], [197.0, 100.5], [197.5, 101.0], [198.0, 101.5], [198.5, 102.0], [198.5, 103.0], [199.0, 103.5], [199.5, 104.0], [200.0, 104.5], [200.5, 105.0], [201.0, 105.5], [201.5, 106.0], [202.0, 106.5], [203.0, 106.5], [204.0, 106.5], [205.0, 106.5], [205.5, 107.0], [206.0, 107.5], [207.0, 107.5], [208.0, 107.5], [209.0, 107.5], [210.0, 107.5], [211.0, 107.5], [211.5, 107.0], [212.0, 106.5], [213.0, 106.5], [214.0, 106.5], [214.5, 106.0], [214.5, 105.0], [214.5, 104.0], [214.5, 103.0], [214.5, 102.0], [214.5, 101.0], [214.5, 100.0], [214.0, 99.5], [213.0, 99.5], [212.5, 99.0], [212.0, 98.5], [211.5, 98.0], [211.5, 97.0], [211.0, 96.5], [210.0, 96.5], [209.5, 96.0], [209.5, 95.0], [209.0, 94.5], [208.0, 94.5], [207.5, 94.0], [207.5, 93.0], [207.0, 92.5], [206.5, 92.0], [206.5, 91.0], [206.5, 90.0], [206.0, 89.5], [205.5, 89.0], [205.5, 88.0], [205.5, 87.0], [205.5, 86.0], [205.5, 85.0], [205.5, 84.0], [206.0, 83.5], [206.5, 83.0], [206.5, 82.0], [206.5, 81.0], [206.5, 80.0], [207.0, 79.5], [207.5, 79.0], [207.5, 78.0], [207.5, 77.0], [208.0, 76.5], [208.5, 76.0], [208.5, 75.0], [209.0, 74.5], [209.5, 74.0], [209.5, 73.0], [209.5, 72.0], [209.5, 71.0], [209.5, 70.0], [209.5, 69.0], [209.5, 68.0], [209.5, 67.0], [209.5, 66.0], [209.5, 65.0], [209.5, 64.0], [209.5, 63.0], [210.0, 62.5], [211.0, 62.5], [211.5, 62.0], [212.0, 61.5], [212.5, 61.0], [213.0, 60.5], [213.5, 60.0], [214.0, 59.5], [214.5, 59.0], [214.0, 58.5], [213.0, 58.5], [212.5, 59.0], [212.0, 59.5], [211.0, 59.5], [210.5, 60.0], [210.0, 60.5], [209.0, 60.5], [208.5, 61.0], [208.0, 61.5], [207.0, 61.5], [206.5, 62.0], [206.0, 62.5], [205.5, 63.0], [205.0, 63.5], [204.0, 63.5], [203.5, 64.0], [203.5, 65.0], [203.0, 65.5], [202.0, 65.5], [201.5, 66.0], [201.5, 67.0], [201.0, 67.5], [200.5, 68.0], [200.5, 69.0], [200.0, 69.5], [199.5, 70.0], [199.0, 70.5], [198.5, 71.0], [198.5, 72.0], [198.5, 73.0], [198.0, 73.5], [197.5, 74.0], [197.0, 74.5], [196.5, 75.0], [196.0, 75.5], [195.5, 76.0], [195.5, 77.0], [195.5, 78.0], [195.5, 79.0], [195.5, 80.0], [195.0, 80.5], [194.5, 81.0], [194.5, 82.0], [194.5, 83.0]]"
SLICE,Z4,GAS_LAT_L,6.804137825957895,44.88424074649488,-622.6545715332,281.0,0.3057358073788994,"[[215.0, 100.5], [214.5, 101.0], [214.5, 102.0], [214.5, 103.0], [214.5, 104.0], [214.5, 105.0], [214.5, 106.0], [215.0, 106.5], [215.5, 107.0], [215.5, 108.0], [216.0, 108.5], [217.0, 108.5], [218.0, 108.5], [218.5, 109.0], [219.0, 109.5], [220.0, 109.5], [221.0, 109.5], [222.0, 109.5], [222.5, 110.0], [223.0, 110.5], [224.0, 110.5], [224.5, 111.0], [225.0, 111.5], [226.0, 111.5], [227.0, 111.5], [228.0, 111.5], [229.0, 111.5], [230.0, 111.5], [231.0, 111.5], [232.0, 111.5], [233.0, 111.5], [234.0, 111.5], [235.0, 111.5], [236.0, 111.5], [237.0, 111.5], [238.0, 111.5], [239.0, 111.5], [240.0, 111.5], [241.0, 111.5], [241.5, 111.0], [242.0, 110.5], [243.0, 110.5], [244.0, 110.5], [244.5, 110.0], [245.0, 109.5], [246.0, 109.5], [247.0, 109.5], [247.5, 109.0], [248.0, 108.5], [249.0, 108.5], [249.5, 108.0], [249.5, 107.0], [249.0, 106.5], [248.0, 106.5], [247.5, 106.0], [247.0, 105.5], [246.5, 105.0], [246.0, 104.5], [245.0, 104.5], [244.0, 104.5], [243.0, 104.5], [242.0, 104.5], [241.5, 104.0], [241.0, 103.5], [240.0, 103.5], [239.0, 103.5], [238.5, 103.0], [238.0, 102.5], [237.0, 102.5], [236.0, 102.5], [235.0, 102.5], [234.0, 102.5], [233.5, 102.0], [233.0, 101.5], [232.0, 101.5], [231.0, 101.5], [230.0, 101.5], [229.0, 101.5], [228.0, 101.5], [227.0, 101.5], [226.0, 101.5], [225.0, 101.5], [224.5, 101.0], [224.0, 100.5], [223.0, 100.5], [222.0, 100.5], [221.0, 100.5], [220.0, 100.5], [219.0, 100.5], [218.0, 100.5], [217.0, 100.5], [216.0, 100.5]]"
SLICE,Z5,TA_R,6.804137825957895,44.88424074649488,-592.6545715332,271.0,0.26677994835011387,"[[59.0, 60.5], [58.5, 61.0], [58.5, 62.0], [58.5, 63.0], [59.0, 63.5], [59.5, 64.0], [60.0, 64.5], [61.0, 64.5], [62.0, 64.5], [63.0, 64.5], [64.0, 64.5], [65.0, 64.5], [66.0, 64.5], [66.5, 65.0], [67.0, 65.5], [68.0, 65.5], [68.5, 66.0], [69.0, 66.5], [69.5, 67.0], [70.0, 67.5], [71.0, 67.5], [71.5, 68.0], [72.0, 68.5], [72.5, 69.0], [73.0, 69.5], [74.0, 69.5], [75.0, 69.5], [75.5, 69.0], [75.5, 68.0], [75.5, 67.0], [76.0, 66.5], [76.5, 66.0], [76.5, 65.0], [77.0, 64.5], [77.5, 64.0], [77.5, 63.0], [77.5, 62.0], [77.5, 61.0], [77.5, 60.0], [77.5, 59.0], [77.0, 58.5], [76.5, 58.0], [76.5, 57.0], [76.5, 56.0], [76.5, 55.0], [76.5, 54.0], [76.5, 53.0], [76.5, 52.0], [76.5, 51.0], [76.5, 50.0], [76.5, 49.0], [76.5, 48.0], [76.0, 47.5], [75.5, 47.0], [75.0, 46.5], [74.0, 46.5], [73.0, 46.5], [72.5, 47.0], [72.0, 47.5], [71.0, 47.5], [70.5, 48.0], [70.0, 48.5], [69.0, 48.5], [68.5, 49.0], [68.5, 50.0], [68.0, 50.5], [67.0, 50.5], [66.0, 50.5], [65.5, 51.0], [65.5, 52.0], [65.0, 52.5], [64.5, 53.0], [64.0, 53.5], [63.5, 54.0], [63.5, 55.0], [63.0, 55.5], [62.5, 56.0], [62.0, 56.5], [61.5, 57.0], [61.0, 57.5], [60.5, 58.0], [60.5, 59.0], [60.0, 59.5], [59.5, 60.0]]"
SLICE,Z5,ED_R,6.804137825957895,44.88424074649488,-592.6545715332,135.0,0.2620736873535131,"[[58.0, 67.5], [57.5, 68.0], [57.5, 69.0], [57.5, 70.0], [57.5, 71.0], [58.0, 71.5], [59.0, 71.5], [60.0, 71.5], [60.5, 72.0], [61.0, 72.5], [62.0, 72.5], [63.0, 72.5], [63.5, 73.0], [64.0, 73.5], [64.5, 74.0], [65.0, 74.5], [66.0, 74.5], [67.0, 74.5], [67.5, 75.0], [68.0, 75.5], [68.5, 76.0], [69.0, 76.5], [70.0, 76.5], [71.0, 76.5], [72.0, 76.5], [72.5, 76.0], [72.5, 75.0], [73.0, 74.5], [73.5, 74.0], [74.0, 73.5], [74.5, 73.0], [74.5, 72.0], [74.5, 71.0], [74.5, 70.0], [74.0, 69.5], [73.0, 69.5], [72.5, 69.0], [72.0, 68.5], [71.5, 68.0], [71.0, 67.5], [70.0, 67.5], [69.5, 67.0], [69.0, 66.5], [68.5, 66.0], [68.0, 65.5], [67.0, 65.5], [66.5, 65.0], [66.0, 64.5], [65.0, 64.5], [64.0, 64.5], [63.0, 64.5], [62.0, 64.5], [61.0, 64.5], [60.0, 64.5], [59.0, 64.5], [58.5, 65.0], [58.5, 66.0], [58.5, 67.0]]"
SLICE,Z5,PER_R,6.804137825957895,44.88424074649488,-592.6545715332,334.0,0.4095114154449961,"[[54.0, 78.5], [53.5, 79.0], [53.5, 80.0], [53.5, 81.0], [54.0, 81.5], [54.5, 82.0], [54.5, 83.0], [54.5, 84.0], [55.0, 84.5], [55.5, 85.0], [55.5, 86.0], [55.5, 87.0], [55.5, 88.0], [55.5, 89.0], [56.0, 89.5], [56.5, 90.0], [56.5, 91.0], [57.0, 91.5], [58.0, 91.5], [58.5, 92.0], [58.5, 93.0], [58.5, 94.0], [59.0, 94.5], [60.0, 94.5], [61.0, 94.5], [62.0, 94.5], [63.0, 94.5], [64.0, 94.5], [64.5, 94.0], [65.0, 93.5], [65.5, 93.0], [66.0, 92.5], [66.5, 92.0], [67.0, 91.5], [68.0, 91.5], [69.0, 91.5], [69.5, 91.0], [70.0, 90.5], [71.0, 90.5], [71.5, 90.0], [72.0, 89.5], [73.0, 89.5], [73.5, 89.0], [73.5, 88.0], [74.0, 87.5], [74.5, 87.0], [74.5, 86.0], [74.0, 85.5], [73.5, 85.0], [73.5, 84.0], [73.0, 83.5], [72.5, 83.0], [72.5, 82.0], [72.5, 81.0], [72.5, 80.0], [72.5, 79.0], [72.5, 78.0], [72.5, 77.0], [72.0, 76.5], [71.0, 76.5], [70.0, 76.5], [69.0, 76.5], [68.5, 76.0], [68.0, 75.5], [67.5, 75.0], [67.0, 74.5], [66.0, 74.5], [65.0, 74.5], [64.5, 74.0], [64.0, 73.5], [63.5, 73.0], [63.0, 72.5], [62.0, 72.5], [61.0, 72.5], [60.5, 72.0], [60.0, 71.5], [59.0, 71.5], [58.0, 71.5], [57.5, 72.0], [57.0, 72.5], [56.5, 73.0], [56.0, 73.5], [55.5, 74.0], [55.5, 75.0], [55.0, 75.5], [54.5, 76.0], [54.5, 77.0], [54.5, 78.0]]"
SLICE,Z5,DLPC_R,6.804137825957895,44.88424074649488,-592.6545715332,269.0,0.29592520069474637,"[[75.0, 69.5], [74.5, 70.0], [74.5, 71.0], [74.5, 72.0], [74.5, 73.0], [75.0, 73.5], [75.5, 74.0], [75.5, 75.0], [75.5, 76.0], [75.5, 77.0], [75.5, 78.0], [75.5, 79.0], [76.0, 79.5], [77.0, 79.5], [77.5, 80.0], [78.0, 80.5], [79.0, 80.5], [80.0, 80.5], [80.5, 80.0], [81.0, 79.5], [82.0, 79.5], [83.0, 79.5], [84.0, 79.5], [85.0, 79.5], [86.0, 79.5], [86.5, 79.0], [86.5, 78.0], [86.5, 77.0], [87.0, 76.5], [88.0, 76.5], [89.0, 76.5], [89.5, 77.0], [89.5, 78.0], [89.5, 79.0], [89.5, 80.0], [90.0, 80.5], [91.0, 80.5], [91.5, 81.0], [92.0, 81.5], [92.5, 81.0], [93.0, 80.5], [94.0, 80.5], [94.5, 80.0], [94.0, 79.5], [93.5, 79.0], [93.5, 78.0], [93.5, 77.0], [93.5, 76.0], [94.0, 75.5], [94.5, 75.0], [94.5, 74.0], [94.5, 73.0], [94.5, 72.0], [94.5, 71.0], [94.5, 70.0], [95.0, 69.5], [95.5, 69.0], [95.0, 68.5], [94.5, 68.0], [94.5, 67.0], [94.0, 66.5], [93.0, 66.5], [92.5, 66.0], [92.0, 65.5], [91.0, 65.5], [90.0, 65.5], [89.5, 66.0], [89.0, 66.5], [88.0, 66.5], [87.0, 66.5], [86.0, 66.5], [85.0, 66.5], [84.5, 66.0], [84.0, 65.5], [83.0, 65.5], [82.0, 65.5], [81.5, 65.0], [81.0, 64.5], [80.5, 64.0], [80.0, 63.5], [79.5, 63.0], [79.0, 62.5], [78.0, 62.5], [77.5, 63.0], [77.5, 64.0], [77.0, 64.5], [76.5, 65.0], [76.5, 66.0], [76.0, 66.5], [75.5, 67.0], [75.5, 68.0], [75.5, 69.0]]"
SLICE,Z5,POP_R,6.804137825957895,44.88424074649488,-592.6545715332,51.0,0.38125652474381944,"[[93.0, 65.5], [92.5, 66.0], [93.0, 66.5], [94.0, 66.5], [94.5, 67.0], [94.5, 68.0], [95.0, 68.5], [95.5, 68.0], [95.5, 67.0], [96.0, 66.5], [96.5, 66.0], [96.5, 65.0], [97.0, 64.5], [98.0, 64.5], [98.5, 64.0], [98.5, 63.0], [99.0, 62.5], [99.5, 62.0], [100.0, 61.5], [101.0, 61.5], [102.0, 61.5], [102.5, 61.0], [102.0, 60.5], [101.5, 60.0], [101.5, 59.0], [101.5, 58.0], [101.0, 57.5], [100.5, 57.0], [100.0, 56.5], [99.5, 56.0], [99.0, 55.5], [98.0, 55.5], [97.5, 56.0], [97.0, 56.5], [96.5, 57.0], [96.5, 58.0], [96.0, 58.5], [95.5, 59.0], [95.5, 60.0], [95.5, 61.0], [95.5, 62.0], [95.5, 63.0], [95.0, 63.5], [94.5, 64.0], [94.0, 64.5], [93.5, 65.0]]"
SLICE,Z5,SOL_R,6.804137825957895,44.88424074649488,-592.6545715332,937.0,0.23061056555714887,"[[62.0, 94.5], [61.5, 95.0], [61.5, 96.0], [61.5, 97.0], [61.5, 98.0], [61.5, 99.0], [61.5, 100.0], [61.5, 101.0], [62.0, 101.5], [63.0, 101.5], [63.5, 102.0], [63.5, 103.0], [64.0, 103.5], [65.0, 103.5], [65.5, 103.0], [66.0, 102.5], [67.0, 102.5], [68.0, 102.5], [68.5, 102.0], [69.0, 101.5], [70.0, 101.5], [71.0, 101.5], [71.5, 101.0], [72.0, 100.5], [73.0, 100.5], [74.0, 100.5], [75.0, 100.5], [76.0, 100.5], [77.0, 100.5], [78.0, 100.5], [79.0, 100.5], [80.0, 100.5], [81.0, 100.5], [82.0, 100.5], [83.0, 100.5], [84.0, 100.5], [85.0, 100.5], [86.0, 100.5], [86.5, 100.0], [87.0, 99.5], [88.0, 99.5], [89.0, 99.5], [90.0, 99.5], [91.0, 99.5], [92.0, 99.5], [92.5, 99.0], [93.0, 98.5], [94.0, 98.5], [94.5, 98.0], [95.0, 97.5], [95.5, 97.0], [96.0, 96.5], [97.0, 96.5], [98.0, 96.5], [99.0, 96.5], [100.0, 96.5], [101.0, 96.5], [102.0, 96.5], [103.0, 96.5], [104.0, 96.5], [105.0, 96.5], [106.0, 96.5], [106.5, 96.0], [106.5, 95.0], [107.0, 94.5], [108.0, 94.5], [108.5, 94.0], [108.5, 93.0], [109.0, 92.5], [109.5, 92.0], [109.5, 91.0], [109.5, 90.0], [109.5, 89.0], [109.5, 88.0], [110.0, 87.5], [110.5, 87.0], [110.5, 86.0], [110.5, 85.0], [110.5, 84.0], [110.0, 83.5], [109.5, 83.0], [109.5, 82.0], [109.5, 81.0], [109.5, 80.0], [109.5, 79.0], [109.5, 78.0], [109.5, 77.0], [109.0, 76.5], [108.5, 76.0], [108.0, 75.5], [107.5, 75.0], [107.0, 74.5], [106.5, 74.0], [106.5, 73.0], [106.5, 72.0], [106.0, 71.5], [105.5, 71.0], [105.5, 70.0], [105.0, 69.5], [104.5, 69.0], [104.5, 68.0], [104.5, 67.0], [104.5, 66.0], [104.5, 65.0], [104.5, 64.0], [104.5, 63.0], [104.0, 62.5], [103.5, 62.0], [103.5, 61.0], [103.0, 60.5], [102.5, 61.0], [102.0, 61.5], [101.0, 61.5], [100.0, 61.5], [99.5, 62.0], [99.0, 62.5], [98.5, 63.0], [98.5, 64.0], [98.0, 64.5], [97.0, 64.5], [96.5, 65.0], [96.5, 66.0], [96.0, 66.5], [95.5, 67.0], [95.5, 68.0], [95.5, 69.0], [95.5, 70.0], [96.0, 70.5], [96.5, 71.0], [97.0, 71.5], [97.5, 72.0], [97.5, 73.0], [97.0, 73.5], [96.5, 74.0], [96.0, 74.5], [95.5, 75.0], [95.0, 75.5], [94.0, 75.5], [93.5, 76.0], [93.5, 77.0], [93.5, 78.0], [93.5, 79.0], [94.0, 79.5], [94.5, 80.0], [94.0, 80.5], [93.0, 80.5], [92.5, 81.0], [92.0, 81.5], [91.5, 81.0], [91.0, 80.5], [90.0, 80.5], [89.5, 80.0], [89.5, 79.0], [89.0, 78.5], [88.5, 79.0], [88.0, 79.5], [87.0, 79.5], [86.0, 79.5], [85.0, 79.5], [84.0, 79.5], [83.0, 79.5], [82.0, 79.5], [81.0, 79.5], [80.5, 80.0], [80.5, 81.0], [80.0, 81.5], [79.5, 82.0], [79.5, 83.0], [79.0, 83.5], [78.5, 84.0], [78.5, 85.0], [78.5, 86.0], [78.0, 86.5], [77.0, 86.5], [76.0, 86.5], [75.0, 86.5], [74.5, 87.0], [74.0, 87.5], [73.5, 88.0], [73.5, 89.0], [73.0, 89.5], [72.0, 89.5], [71.5, 90.0], [71.0, 90.5], [70.0, 90.5], [69.5, 91.0], [69.0, 91.5], [68.0, 91.5], [67.0, 91.5], [66.5, 92.0], [66.0, 92.5], [65.5, 93.0], [65.0, 93.5], [64.5, 94.0], [64.0, 94.5], [63.0, 94.5]]"
SLICE,Z5,GAS_MED_R,6.804137825957895,44.88424074649488,-592.6545715332,635.0,0.34540041601166327,"[[104.0, 60.5], [103.5, 61.0], [103.5, 62.0], [104.0, 62.5], [104.5, 63.0], [104.5, 64.0], [104.5, 65.0], [104.5, 66.0], [104.5, 67.0], [104.5, 68.0], [104.5, 69.0], [105.0, 69.5], [105.5, 70.0], [105.5, 71.0], [106.0, 71.5], [106.5, 72.0], [106.5, 73.0], [106.5, 74.0], [107.0, 74.5], [107.5, 75.0], [108.0, 75.5], [108.5, 76.0], [109.0, 76.5], [109.5, 77.0], [109.5, 78.0], [109.5, 79.0], [109.5, 80.0], [109.5, 81.0], [109.5, 82.0], [109.5, 83.0], [110.0, 83.5], [110.5, 84.0], [110.5, 85.0], [110.5, 86.0], [110.5, 87.0], [110.0, 87.5], [109.5, 88.0], [109.5, 89.0], [109.5, 90.0], [109.5, 91.0], [109.5, 92.0], [109.0, 92.5], [108.5, 93.0], [108.5, 94.0], [108.0, 94.5], [107.0, 94.5], [106.5, 95.0], [106.5, 96.0], [106.0, 96.5], [105.5, 97.0], [105.5, 98.0], [105.0, 98.5], [104.5, 99.0], [104.5, 100.0], [104.5, 101.0], [104.5, 102.0], [104.5, 103.0], [104.5, 104.0], [104.5, 105.0], [104.5, 106.0], [105.0, 106.5], [106.0, 106.5], [107.0, 106.5], [108.0, 106.5], [109.0, 106.5], [110.0, 106.5], [111.0, 106.5], [112.0, 106.5], [113.0, 106.5], [114.0, 106.5], [115.0, 106.5], [116.0, 106.5], [116.5, 106.0], [116.5, 105.0], [117.0, 104.5], [118.0, 104.5], [118.5, 104.0], [119.0, 103.5], [119.5, 103.0], [119.5, 102.0], [120.0, 101.5], [120.5, 101.0], [120.5, 100.0], [121.0, 99.5], [121.5, 99.0], [121.5, 98.0], [122.0, 97.5], [122.5, 97.0], [122.5, 96.0], [122.5, 95.0], [123.0, 94.5], [123.5, 94.0], [123.5, 93.0], [123.5, 92.0], [123.5, 91.0], [124.0, 90.5], [124.5, 90.0], [124.5, 89.0], [124.5, 88.0], [124.5, 87.0], [124.5, 86.0], [124.5, 85.0], [124.5, 84.0], [124.0, 83.5], [123.5, 83.0], [123.5, 82.0], [123.5, 81.0], [123.5, 80.0], [123.5, 79.0], [123.0, 78.5], [122.5, 78.0], [122.5, 77.0], [122.0, 76.5], [121.5, 76.0], [121.5, 75.0], [121.5, 74.0], [121.5, 73.0], [121.0, 72.5], [120.5, 72.0], [120.5, 71.0], [120.0, 70.5], [119.5, 70.0], [119.5, 69.0], [119.0, 68.5], [118.0, 68.5], [117.5, 68.0], [117.0, 67.5], [116.5, 67.0], [116.5, 66.0], [116.0, 65.5], [115.0, 65.5], [114.5, 65.0], [114.5, 64.0], [114.0, 63.5], [113.0, 63.5], [112.5, 63.0], [112.0, 62.5], [111.5, 62.0], [111.0, 61.5], [110.5, 61.0], [110.0, 60.5], [109.0, 60.5], [108.0, 60.5], [107.5, 60.0], [107.0, 59.5], [106.0, 59.5], [105.0, 59.5], [104.5, 60.0]]"
SLICE,Z5,GAS_LAT_R,6.804137825957895,44.88424074649488,-592.6545715332,442.0,0.3755677499263268,"[[64.0, 103.5], [63.5, 104.0], [64.0, 104.5], [65.0, 104.5], [65.5, 105.0], [65.5, 106.0], [66.0, 106.5], [67.0, 106.5], [67.5, 107.0], [68.0, 107.5], [68.5, 108.0], [69.0, 108.5], [69.5, 109.0], [70.0, 109.5], [71.0, 109.5], [72.0, 109.5], [73.0, 109.5], [73.5, 110.0], [74.0, 110.5], [75.0, 110.5], [76.0, 110.5], [76.5, 111.0], [77.0, 111.5], [78.0, 111.5], [79.0, 111.5], [80.0, 111.5], [81.0, 111.5], [82.0, 111.5], [83.0, 111.5], [84.0, 111.5], [85.0, 111.5], [85.5, 112.0], [86.0, 112.5], [87.0, 112.5], [88.0, 112.5], [89.0, 112.5], [90.0, 112.5], [91.0, 112.5], [92.0, 112.5], [93.0, 112.5], [93.5, 112.0], [94.0, 111.5], [95.0, 111.5], [96.0, 111.5], [97.0, 111.5], [98.0, 111.5], [99.0, 111.5], [99.5, 111.0], [100.0, 110.5], [101.0, 110.5], [101.5, 110.0], [102.0, 109.5], [102.5, 109.0], [103.0, 108.5], [103.5, 108.0], [104.0, 107.5], [104.5, 107.0], [104.5, 106.0], [104.5, 105.0], [104.5, 104.0], [104.5, 103.0], [104.5, 102.0], [104.5, 101.0], [104.5, 100.0], [104.5, 99.0], [105.0, 98.5], [105.5, 98.0], [105.5, 97.0], [105.0, 96.5], [104.0, 96.5], [103.0, 96.5], [102.0, 96.5], [101.0, 96.5], [100.0, 96.5], [99.0, 96.5], [98.0, 96.5], [97.0, 96.5], [96.0, 96.5], [95.5, 97.0], [95.0, 97.5], [94.5, 98.0], [94.0, 98.5], [93.0, 98.5], [92.5, 99.0], [92.0, 99.5], [91.0, 99.5], [90.0, 99.5], [89.0, 99.5], [88.0, 99.5], [87.0, 99.5], [86.5, 100.0], [86.0, 100.5], [85.0, 100.5], [84.0, 100.5], [83.0, 100.5], [82.0, 100.5], [81.0, 100.5], [80.0, 100.5], [79.0, 100.5], [78.0, 100.5], [77.0, 100.5], [76.0, 100.5], [75.0, 100.5], [74.0, 100.5], [73.0, 100.5], [72.0, 100.5], [71.5, 101.0], [71.0, 101.5], [70.0, 101.5], [69.0, 101.5], [68.5, 102.0], [68.0, 102.5], [67.0, 102.5], [66.0, 102.5], [65.5, 103.0], [65.0, 103.5]]"
SLICE,Z5,TA_L,6.804137825957895,44.88424074649488,-592.6545715332,283.0,0.23814202301631504,"[[240.0, 57.5], [239.5, 58.0], [239.5, 59.0], [240.0, 59.5], [240.5, 60.0], [240.5, 61.0], [241.0, 61.5], [241.5, 62.0], [241.5, 63.0], [241.5, 64.0], [241.5, 65.0], [242.0, 65.5], [242.5, 66.0], [242.5, 67.0], [243.0, 67.5], [244.0, 67.5], [244.5, 67.0], [245.0, 66.5], [246.0, 66.5], [246.5, 66.0], [247.0, 65.5], [247.5, 65.0], [248.0, 64.5], [249.0, 64.5], [250.0, 64.5], [250.5, 64.0], [251.0, 63.5], [251.5, 63.0], [252.0, 62.5], [252.5, 62.0], [253.0, 61.5], [254.0, 61.5], [255.0, 61.5], [255.5, 61.0], [256.0, 60.5], [257.0, 60.5], [257.5, 61.0], [258.0, 61.5], [259.0, 61.5], [259.5, 61.0], [259.5, 60.0], [259.5, 59.0], [259.0, 58.5], [258.5, 58.0], [258.0, 57.5], [257.5, 57.0], [257.5, 56.0], [257.0, 55.5], [256.5, 55.0], [256.5, 54.0], [256.0, 53.5], [255.5, 53.0], [255.0, 52.5], [254.5, 52.0], [254.5, 51.0], [254.0, 50.5], [253.0, 50.5], [252.5, 50.0], [252.0, 49.5], [251.5, 49.0], [251.0, 48.5], [250.5, 48.0], [250.0, 47.5], [249.5, 47.0], [249.0, 46.5], [248.5, 46.0], [248.0, 45.5], [247.0, 45.5], [246.5, 45.0], [246.0, 44.5], [245.0, 44.5], [244.5, 44.0], [244.0, 43.5], [243.0, 43.5], [242.0, 43.5], [241.0, 43.5], [240.5, 44.0], [240.5, 45.0], [240.5, 46.0], [240.5, 47.0], [241.0, 47.5], [241.5, 48.0], [241.5, 49.0], [241.5, 50.0], [241.0, 50.5], [240.5, 51.0], [240.5, 52.0], [240.5, 53.0], [240.5, 54.0], [240.5, 55.0], [240.5, 56.0], [240.5, 57.0]]"
SLICE,Z5,ED_L,6.804137825957895,44.88424074649488,-592.6545715332,148.0,0.2353619135404936,"[[245.0, 66.5], [244.5, 67.0], [244.5, 68.0], [244.5, 69.0], [244.5, 70.0], [245.0, 70.5], [245.5, 71.0], [245.5, 72.0], [245.5, 73.0], [245.5, 74.0], [246.0, 74.5], [247.0, 74.5], [248.0, 74.5], [249.0, 74.5], [250.0, 74.5], [250.5, 74.0], [251.0, 73.5], [251.5, 73.0], [252.0, 72.5], [252.5, 72.0], [253.0, 71.5], [254.0, 71.5], [255.0, 71.5], [256.0, 71.5], [256.5, 71.0], [257.0, 70.5], [258.0, 70.5], [259.0, 70.5], [259.5, 70.0], [260.0, 69.5], [260.5, 69.0], [261.0, 68.5], [261.5, 68.0], [261.5, 67.0], [261.0, 66.5], [260.5, 66.0], [260.5, 65.0], [260.5, 64.0], [260.0, 63.5], [259.5, 63.0], [259.5, 62.0], [259.0, 61.5], [258.0, 61.5], [257.5, 61.0], [257.0, 60.5], [256.0, 60.5], [255.5, 61.0], [255.0, 61.5], [254.0, 61.5], [253.0, 61.5], [252.5, 62.0], [252.0, 62.5], [251.5, 63.0], [251.0, 63.5], [250.5, 64.0], [250.0, 64.5], [249.0, 64.5], [248.0, 64.5], [247.5, 65.0], [247.0, 65.5], [246.5, 66.0], [246.0, 66.5]]"
SLICE,Z5,PER_L,6.804137825957895,44.88424074649488,-592.6545715332,312.0,0.37068920142340067,"[[245.0, 75.5], [244.5, 76.0], [244.5, 77.0], [244.5, 78.0], [244.5, 79.0], [245.0, 79.5], [245.5, 80.0], [245.5, 81.0], [245.5, 82.0], [245.5, 83.0], [245.0, 83.5], [244.5, 84.0], [244.5, 85.0], [244.5, 86.0], [245.0, 86.5], [246.0, 86.5], [246.5, 87.0], [247.0, 87.5], [247.5, 88.0], [248.0, 88.5], [249.0, 88.5], [249.5, 89.0], [250.0, 89.5], [251.0, 89.5], [251.5, 90.0], [252.0, 90.5], [253.0, 90.5], [253.5, 91.0], [254.0, 91.5], [255.0, 91.5], [256.0, 91.5], [257.0, 91.5], [258.0, 91.5], [259.0, 91.5], [259.5, 91.0], [259.5, 90.0], [260.0, 89.5], [260.5, 89.0], [261.0, 88.5], [261.5, 88.0], [261.5, 87.0], [261.5, 86.0], [261.5, 85.0], [262.0, 84.5], [262.5, 84.0], [262.5, 83.0], [263.0, 82.5], [263.5, 82.0], [263.5, 81.0], [263.5, 80.0], [264.0, 79.5], [264.5, 79.0], [264.0, 78.5], [263.5, 78.0], [263.5, 77.0], [263.5, 76.0], [263.5, 75.0], [263.5, 74.0], [263.0, 73.5], [262.5, 73.0], [262.5, 72.0], [262.0, 71.5], [261.5, 71.0], [261.5, 70.0], [261.0, 69.5], [260.0, 69.5], [259.5, 70.0], [259.0, 70.5], [258.0, 70.5], [257.0, 70.5], [256.5, 71.0], [256.0, 71.5], [255.0, 71.5], [254.0, 71.5], [253.0, 71.5], [252.5, 72.0], [252.0, 72.5], [251.5, 73.0], [251.0, 73.5], [250.5, 74.0], [250.0, 74.5], [249.0, 74.5], [248.0, 74.5], [247.0, 74.5], [246.5, 75.0], [246.0, 75.5]]"
SLICE,Z5,DLPC_L,6.804137825957895,44.88424074649488,-592.6545715332,224.0,0.3055464588544902,"[[224.0, 66.5], [223.5, 67.0], [223.5, 68.0], [224.0, 68.5], [224.5, 69.0], [224.5, 70.0], [224.5, 71.0], [224.5, 72.0], [225.0, 72.5], [225.5, 73.0], [225.5, 74.0], [226.0, 74.5], [226.5, 74.0], [227.0, 73.5], [227.5, 74.0], [228.0, 74.5], [229.0, 74.5], [230.0, 74.5], [230.5, 74.0], [231.0, 73.5], [232.0, 73.5], [232.5, 74.0], [233.0, 74.5], [233.5, 75.0], [233.5, 76.0], [233.5, 77.0], [234.0, 77.5], [234.5, 78.0], [235.0, 78.5], [236.0, 78.5], [236.5, 79.0], [237.0, 79.5], [238.0, 79.5], [239.0, 79.5], [240.0, 79.5], [240.5, 79.0], [241.0, 78.5], [241.5, 78.0], [241.5, 77.0], [242.0, 76.5], [242.5, 76.0], [242.5, 75.0], [242.5, 74.0], [242.5, 73.0], [242.0, 72.5], [241.5, 72.0], [241.5, 71.0], [242.0, 70.5], [242.5, 70.0], [243.0, 69.5], [244.0, 69.5], [244.5, 69.0], [244.5, 68.0], [244.0, 67.5], [243.0, 67.5], [242.5, 67.0], [242.5, 66.0], [242.0, 65.5], [241.5, 65.0], [241.5, 64.0], [241.5, 63.0], [241.5, 62.0], [241.0, 61.5], [240.5, 61.0], [240.0, 60.5], [239.0, 60.5], [238.5, 61.0], [238.0, 61.5], [237.5, 62.0], [237.0, 62.5], [236.5, 63.0], [236.0, 63.5], [235.5, 64.0], [235.0, 64.5], [234.0, 64.5], [233.5, 65.0], [233.0, 65.5], [232.0, 65.5], [231.0, 65.5], [230.0, 65.5], [229.0, 65.5], [228.0, 65.5], [227.5, 65.0], [227.0, 64.5], [226.5, 65.0], [226.0, 65.5], [225.0, 65.5], [224.5, 66.0]]"
SLICE,Z5,POP_L,6.804137825957895,44.88424074649488,-592.6545715332,36.0,0.31915246240892536,"[[217.0, 58.5], [216.5, 59.0], [217.0, 59.5], [218.0, 59.5], [218.5, 60.0], [219.0, 60.5], [219.5, 61.0], [219.5, 62.0], [220.0, 62.5], [220.5, 63.0], [220.5, 64.0], [221.0, 64.5], [221.5, 65.0], [222.0, 65.5], [222.5, 66.0], [223.0, 66.5], [224.0, 66.5], [224.5, 66.0], [225.0, 65.5], [226.0, 65.5], [226.5, 65.0], [226.5, 64.0], [226.0, 63.5], [225.0, 63.5], [224.0, 63.5], [223.5, 63.0], [223.0, 62.5], [222.5, 62.0], [222.0, 61.5], [221.5, 61.0], [221.5, 60.0], [221.5, 59.0], [221.0, 58.5], [220.5, 58.0], [220.0, 57.5], [219.5, 57.0], [219.5, 56.0], [219.0, 55.5], [218.0, 55.5], [217.5, 56.0], [217.5, 57.0], [217.5, 58.0]]"
SLICE,Z5,SOL_L,6.804137825957895,44.88424074649488,-592.6545715332,907.0,0.22795861020973984,"[[209.0, 78.5], [208.5, 79.0], [208.5, 80.0], [208.5, 81.0], [208.5, 82.0], [208.5, 83.0], [208.5, 84.0], [209.0, 84.5], [209.5, 85.0], [209.5, 86.0], [209.5, 87.0], [209.5, 88.0], [210.0, 88.5], [210.5, 89.0], [211.0, 89.5], [211.5, 90.0], [211.5, 91.0], [212.0, 91.5], [213.0, 91.5], [213.5, 92.0], [213.5, 93.0], [214.0, 93.5], [214.5, 94.0], [215.0, 94.5], [216.0, 94.5], [217.0, 94.5], [218.0, 94.5], [219.0, 94.5], [220.0, 94.5], [221.0, 94.5], [222.0, 94.5], [223.0, 94.5], [224.0, 94.5], [225.0, 94.5], [226.0, 94.5], [227.0, 94.5], [227.5, 95.0], [228.0, 95.5], [229.0, 95.5], [229.5, 96.0], [230.0, 96.5], [231.0, 96.5], [232.0, 96.5], [233.0, 96.5], [234.0, 96.5], [235.0, 96.5], [236.0, 96.5], [237.0, 96.5], [238.0, 96.5], [238.5, 97.0], [239.0, 97.5], [240.0, 97.5], [240.5, 98.0], [241.0, 98.5], [241.5, 99.0], [242.0, 99.5], [243.0, 99.5], [244.0, 99.5], [245.0, 99.5], [246.0, 99.5], [246.5, 100.0], [247.0, 100.5], [248.0, 100.5], [249.0, 100.5], [249.5, 101.0], [250.0, 101.5], [251.0, 101.5], [252.0, 101.5], [253.0, 101.5], [253.5, 101.0], [254.0, 100.5], [254.5, 100.0], [254.5, 99.0], [255.0, 98.5], [255.5, 98.0], [255.5, 97.0], [256.0, 96.5], [256.5, 96.0], [256.5, 95.0], [256.5, 94.0], [256.5, 93.0], [256.5, 92.0], [256.0, 91.5], [255.0, 91.5], [254.0, 91.5], [253.5, 91.0], [253.0, 90.5], [252.0, 90.5], [251.5, 90.0], [251.0, 89.5], [250.0, 89.5], [249.5, 89.0], [249.0, 88.5], [248.0, 88.5], [247.5, 88.0], [247.0, 87.5], [246.5, 87.0], [246.0, 86.5], [245.0, 86.5], [244.5, 86.0], [244.5, 85.0], [244.5, 84.0], [244.0, 83.5], [243.0, 83.5], [242.0, 83.5], [241.0, 83.5], [240.0, 83.5], [239.5, 83.0], [239.0, 82.5], [238.5, 82.0], [238.5, 81.0], [238.5, 80.0], [238.0, 79.5], [237.0, 79.5], [236.5, 79.0], [236.0, 78.5], [235.0, 78.5], [234.5, 78.0], [234.0, 77.5], [233.5, 77.0], [233.5, 76.0], [233.0, 75.5], [232.0, 75.5], [231.0, 75.5], [230.0, 75.5], [229.0, 75.5], [228.0, 75.5], [227.0, 75.5], [226.0, 75.5], [225.0, 75.5], [224.5, 75.0], [224.5, 74.0], [224.5, 73.0], [224.5, 72.0], [224.5, 71.0], [224.5, 70.0], [224.5, 69.0], [224.0, 68.5], [223.5, 68.0], [223.5, 67.0], [223.0, 66.5], [222.5, 66.0], [222.0, 65.5], [221.5, 65.0], [221.0, 64.5], [220.5, 64.0], [220.5, 63.0], [220.0, 62.5], [219.5, 62.0], [219.5, 61.0], [219.0, 60.5], [218.5, 60.0], [218.0, 59.5], [217.0, 59.5], [216.5, 60.0], [216.5, 61.0], [216.0, 61.5], [215.5, 62.0], [215.5, 63.0], [215.5, 64.0], [215.0, 64.5], [214.5, 65.0], [214.5, 66.0], [214.5, 67.0], [214.5, 68.0], [214.0, 68.5], [213.5, 69.0], [213.0, 69.5], [212.5, 70.0], [212.5, 71.0], [212.0, 71.5], [211.5, 72.0], [211.5, 73.0], [211.0, 73.5], [210.5, 74.0], [210.0, 74.5], [209.5, 75.0], [209.5, 76.0], [209.5, 77.0], [209.5, 78.0]]"
SLICE,Z5,GAS_MED_L,6.804137825957895,44.88424074649488,-592.6545715332,587.0,0.36797494630576427,"[[196.0, 80.5], [195.5, 81.0], [195.5, 82.0], [195.5, 83.0], [195.5, 84.0], [195.5, 85.0], [195.5, 86.0], [195.5, 87.0], [195.5, 88.0], [195.5, 89.0], [196.0, 89.5], [196.5, 90.0], [196.5, 91.0], [196.5, 92.0], [197.0, 92.5], [197.5, 93.0], [197.5, 94.0], [198.0, 94.5], [198.5, 95.0], [198.5, 96.0], [199.0, 96.5], [199.5, 97.0], [199.5, 98.0], [200.0, 98.5], [200.5, 99.0], [201.0, 99.5], [201.5, 100.0], [202.0, 100.5], [202.5, 101.0], [203.0, 101.5], [203.5, 102.0], [204.0, 102.5], [204.5, 103.0], [205.0, 103.5], [205.5, 104.0], [206.0, 104.5], [207.0, 104.5], [208.0, 104.5], [209.0, 104.5], [210.0, 104.5], [211.0, 104.5], [212.0, 104.5], [213.0, 104.5], [214.0, 104.5], [214.5, 104.0], [214.5, 103.0], [214.5, 102.0], [214.5, 101.0], [214.5, 100.0], [215.0, 99.5], [215.5, 99.0], [215.5, 98.0], [216.0, 97.5], [216.5, 97.0], [216.5, 96.0], [216.5, 95.0], [216.0, 94.5], [215.0, 94.5], [214.5, 94.0], [214.0, 93.5], [213.5, 93.0], [213.5, 92.0], [213.0, 91.5], [212.0, 91.5], [211.5, 91.0], [211.5, 90.0], [211.0, 89.5], [210.5, 89.0], [210.0, 88.5], [209.5, 88.0], [209.5, 87.0], [209.5, 86.0], [209.5, 85.0], [209.0, 84.5], [208.5, 84.0], [208.5, 83.0], [208.5, 82.0], [208.5, 81.0], [208.5, 80.0], [208.5, 79.0], [209.0, 78.5], [209.5, 78.0], [209.5, 77.0], [209.5, 76.0], [209.5, 75.0], [210.0, 74.5], [210.5, 74.0], [211.0, 73.5], [211.5, 73.0], [211.5, 72.0], [212.0, 71.5], [212.5, 71.0], [212.5, 70.0], [213.0, 69.5], [213.5, 69.0], [214.0, 68.5], [214.5, 68.0], [214.5, 67.0], [214.5, 66.0], [214.5, 65.0], [215.0, 64.5], [215.5, 64.0], [215.5, 63.0], [215.5, 62.0], [216.0, 61.5], [216.5, 61.0], [216.5, 60.0], [216.0, 59.5], [215.0, 59.5], [214.5, 59.0], [214.0, 58.5], [213.0, 58.5], [212.0, 58.5], [211.5, 59.0], [211.0, 59.5], [210.5, 60.0], [210.0, 60.5], [209.0, 60.5], [208.5, 61.0], [208.0, 61.5], [207.0, 61.5], [206.5, 62.0], [206.0, 62.5], [205.5, 63.0], [205.0, 63.5], [204.5, 64.0], [204.0, 64.5], [203.5, 65.0], [203.0, 65.5], [202.5, 66.0], [202.0, 66.5], [201.5, 67.0], [201.0, 67.5], [200.5, 68.0], [200.5, 69.0], [200.5, 70.0], [200.0, 70.5], [199.5, 71.0], [199.0, 71.5], [198.5, 72.0], [198.5, 73.0], [198.5, 74.0], [198.0, 74.5], [197.5, 75.0], [197.5, 76.0], [197.5, 77.0], [197.5, 78.0], [197.0, 78.5], [196.5, 79.0], [196.5, 80.0]]"
SLICE,Z5,GAS_LAT_L,6.804137825957895,44.88424074649488,-592.6545715332,369.0,0.4300635616036461,"[[215.0, 99.5], [214.5, 100.0], [214.5, 101.0], [214.5, 102.0], [214.5, 103.0], [214.5, 104.0], [214.5, 105.0], [215.0, 105.5], [215.5, 106.0], [216.0, 106.5], [217.0, 106.5], [218.0, 106.5], [218.5, 107.0], [219.0, 107.5], [220.0, 107.5], [221.0, 107.5], [222.0, 107.5], [223.0, 107.5], [224.0, 107.5], [225.0, 107.5], [225.5, 108.0], [226.0, 108.5], [227.0, 108.5], [228.0, 108.5], [229.0, 108.5], [230.0, 108.5], [231.0, 108.5], [232.0, 108.5], [233.0, 108.5], [234.0, 108.5], [235.0, 108.5], [235.5, 108.0], [236.0, 107.5], [237.0, 107.5], [238.0, 107.5], [239.0, 107.5], [240.0, 107.5], [241.0, 107.5], [241.5, 107.0], [242.0, 106.5], [243.0, 106.5], [244.0, 106.5], [245.0, 106.5], [246.0, 106.5], [246.5, 106.0], [247.0, 105.5], [247.5, 105.0], [248.0, 104.5], [249.0, 104.5], [249.5, 104.0], [250.0, 103.5], [250.5, 103.0], [251.0, 102.5], [251.5, 102.0], [251.0, 101.5], [250.0, 101.5], [249.5, 101.0], [249.0, 100.5], [248.0, 100.5], [247.0, 100.5], [246.5, 100.0], [246.0, 99.5], [245.0, 99.5], [244.0, 99.5], [243.0, 99.5], [242.0, 99.5], [241.5, 99.0], [241.0, 98.5], [240.5, 98.0], [240.0, 97.5], [239.0, 97.5], [238.5, 97.0], [238.0, 96.5], [237.0, 96.5], [236.0, 96.5], [235.0, 96.5], [234.0, 96.5], [233.0, 96.5], [232.0, 96.5], [231.0, 96.5], [230.0, 96.5], [229.5, 96.0], [229.0, 95.5], [228.0, 95.5], [227.5, 95.0], [227.0, 94.5], [226.0, 94.5], [225.0, 94.5], [224.0, 94.5], [223.0, 94.5], [222.0, 94.5], [221.0, 94.5], [220.0, 94.5], [219.0, 94.5], [218.0, 94.5], [217.0, 94.5], [216.5, 95.0], [216.5, 96.0], [216.5, 97.0], [216.0, 97.5], [215.5, 98.0], [215.5, 99.0]]"
SLICE,Z6,TA_R,6.804137825957895,44.88424074649488,-562.6545715331999,172.0,0.5296246730141756,"[[64.0, 56.5], [63.5, 57.0], [63.5, 58.0], [63.5, 59.0], [63.5, 60.0], [63.5, 61.0], [63.5, 62.0], [64.0, 62.5], [65.0, 62.5], [65.5, 63.0], [66.0, 63.5], [66.5, 64.0], [67.0, 64.5], [68.0, 64.5], [69.0, 64.5], [69.5, 65.0], [69.5, 66.0], [70.0, 66.5], [71.0, 66.5], [71.5, 67.0], [72.0, 67.5], [72.5, 68.0], [72.5, 69.0], [73.0, 69.5], [74.0, 69.5], [74.5, 69.0], [74.5, 68.0], [74.5, 67.0], [74.5, 66.0], [74.5, 65.0], [75.0, 64.5], [75.5, 64.0], [75.5, 63.0], [76.0, 62.5], [76.5, 62.0], [76.5, 61.0], [76.5, 60.0], [76.5, 59.0], [76.0, 58.5], [75.5, 58.0], [75.5, 57.0], [75.5, 56.0], [75.0, 55.5], [74.5, 55.0], [74.5, 54.0], [74.5, 53.0], [74.5, 52.0], [74.5, 51.0], [74.0, 50.5], [73.5, 50.0], [73.0, 49.5], [72.0, 49.5], [71.0, 49.5], [70.0, 49.5], [69.0, 49.5], [68.5, 50.0], [68.0, 50.5], [67.0, 50.5], [66.5, 51.0], [66.5, 52.0], [66.0, 52.5], [65.5, 53.0], [65.5, 54.0], [65.0, 54.5], [64.5, 55.0], [64.5, 56.0]]"
SLICE,Z6,ED_R,6.804137825957895,44.88424074649488,-562.6545715331999,71.0,0.5016807830251595,"[[62.0, 65.5], [61.5, 66.0], [61.5, 67.0], [61.5, 68.0], [61.5, 69.0], [62.0, 69.5], [63.0, 69.5], [64.0, 69.5], [65.0, 69.5], [65.5, 70.0], [66.0, 70.5], [66.5, 71.0], [67.0, 71.5], [68.0, 71.5], [69.0, 71.5], [69.5, 72.0], [70.0, 72.5], [71.0, 72.5], [72.0, 72.5], [72.5, 72.0], [73.0, 71.5], [73.5, 71.0], [73.5, 70.0], [73.0, 69.5], [72.5, 69.0], [72.5, 68.0], [72.0, 67.5], [71.5, 67.0], [71.0, 66.5], [70.0, 66.5], [69.5, 66.0], [69.5, 65.0], [69.0, 64.5], [68.0, 64.5], [67.0, 64.5], [66.5, 64.0], [66.0, 63.5], [65.5, 63.0], [65.0, 62.5], [64.0, 62.5], [63.5, 63.0], [63.0, 63.5], [62.5, 64.0], [62.5, 65.0]]"
SLICE,Z6,PER_R,6.804137825957895,44.88424074649488,-562.6545715331999,208.0,0.7348092692681036,"[[60.0, 72.5], [59.5, 73.0], [59.5, 74.0], [59.5, 75.0], [59.5, 76.0], [59.5, 77.0], [59.5, 78.0], [59.5, 79.0], [59.5, 80.0], [60.0, 80.5], [60.5, 81.0], [60.5, 82.0], [60.5, 83.0], [60.5, 84.0], [61.0, 84.5], [61.5, 85.0], [61.5, 86.0], [62.0, 86.5], [62.5, 87.0], [63.0, 87.5], [63.5, 88.0], [63.5, 89.0], [64.0, 89.5], [65.0, 89.5], [66.0, 89.5], [67.0, 89.5], [67.5, 89.0], [68.0, 88.5], [69.0, 88.5], [69.5, 88.0], [70.0, 87.5], [71.0, 87.5], [72.0, 87.5], [72.5, 87.0], [73.0, 86.5], [73.5, 86.0], [74.0, 85.5], [74.5, 85.0], [74.0, 84.5], [73.5, 84.0], [73.0, 83.5], [72.5, 83.0], [72.0, 82.5], [71.5, 82.0], [71.5, 81.0], [71.5, 80.0], [71.5, 79.0], [71.5, 78.0], [71.5, 77.0], [71.5, 76.0], [71.5, 75.0], [71.5, 74.0], [71.5, 73.0], [71.0, 72.5], [70.0, 72.5], [69.5, 72.0], [69.0, 71.5], [68.0, 71.5], [67.0, 71.5], [66.5, 71.0], [66.0, 70.5], [65.5, 70.0], [65.0, 69.5], [64.0, 69.5], [63.0, 69.5], [62.0, 69.5], [61.0, 69.5], [60.5, 70.0], [60.5, 71.0], [60.5, 72.0]]"
SLICE,Z6,DLPC_R,6.804137825957895,44.88424074649488,-562.6545715331999,94.0,0.6622530070265041,"[[75.0, 64.5], [74.5, 65.0], [74.5, 66.0], [74.5, 67.0], [74.5, 68.0], [75.0, 68.5], [75.5, 69.0], [75.5, 70.0], [75.5, 71.0], [76.0, 71.5], [77.0, 71.5], [77.5, 72.0], [77.5, 73.0], [78.0, 73.5], [78.5, 74.0], [79.0, 74.5], [80.0, 74.5], [81.0, 74.5], [82.0, 74.5], [82.5, 74.0], [83.0, 73.5], [84.0, 73.5], [84.5, 73.0], [85.0, 72.5], [85.5, 72.0], [86.0, 71.5], [86.5, 71.0], [86.5, 70.0], [86.5, 69.0], [86.5, 68.0], [87.0, 67.5], [87.5, 67.0], [87.0, 66.5], [86.5, 67.0], [86.0, 67.5], [85.0, 67.5], [84.5, 67.0], [84.0, 66.5], [83.0, 66.5], [82.5, 66.0], [82.0, 65.5], [81.0, 65.5], [80.0, 65.5], [79.5, 65.0], [79.5, 64.0], [79.0, 63.5], [78.0, 63.5], [77.5, 63.0], [77.0, 62.5], [76.0, 62.5], [75.5, 63.0], [75.5, 64.0]]"
SLICE,Z6,POP_R,6.804137825957895,44.88424074649488,-562.6545715331999,163.0,0.3032679093626146,"[[86.0, 71.5], [85.5, 72.0], [85.5, 73.0], [86.0, 73.5], [87.0, 73.5], [87.5, 74.0], [88.0, 74.5], [89.0, 74.5], [89.5, 74.0], [90.0, 73.5], [91.0, 73.5], [92.0, 73.5], [93.0, 73.5], [94.0, 73.5], [95.0, 73.5], [96.0, 73.5], [97.0, 73.5], [97.5, 73.0], [98.0, 72.5], [99.0, 72.5], [99.5, 72.0], [99.5, 71.0], [99.5, 70.0], [100.0, 69.5], [100.5, 69.0], [100.5, 68.0], [101.0, 67.5], [101.5, 67.0], [101.5, 66.0], [102.0, 65.5], [102.5, 65.0], [103.0, 64.5], [103.5, 64.0], [104.0, 63.5], [104.5, 63.0], [104.5, 62.0], [104.5, 61.0], [104.5, 60.0], [104.5, 59.0], [104.0, 58.5], [103.0, 58.5], [102.5, 58.0], [102.0, 57.5], [101.5, 57.0], [101.0, 56.5], [100.5, 57.0], [100.0, 57.5], [99.5, 58.0], [99.5, 59.0], [99.0, 59.5], [98.5, 60.0], [98.5, 61.0], [98.0, 61.5], [97.5, 62.0], [97.0, 62.5], [96.5, 63.0], [96.0, 63.5], [95.0, 63.5], [94.5, 64.0], [94.0, 64.5], [93.5, 65.0], [93.0, 65.5], [92.0, 65.5], [91.0, 65.5], [90.0, 65.5], [89.0, 65.5], [88.5, 66.0], [88.0, 66.5], [87.5, 67.0], [87.0, 67.5], [86.5, 68.0], [86.5, 69.0], [86.5, 70.0], [86.5, 71.0]]"
SLICE,Z6,SOL_R,6.804137825957895,44.88424074649488,-562.6545715331999,494.0,0.27264192348179517,"[[64.0, 90.5], [63.5, 91.0], [63.5, 92.0], [63.5, 93.0], [64.0, 93.5], [64.5, 94.0], [65.0, 94.5], [66.0, 94.5], [67.0, 94.5], [68.0, 94.5], [69.0, 94.5], [70.0, 94.5], [71.0, 94.5], [71.5, 95.0], [72.0, 95.5], [73.0, 95.5], [74.0, 95.5], [75.0, 95.5], [76.0, 95.5], [77.0, 95.5], [78.0, 95.5], [79.0, 95.5], [80.0, 95.5], [81.0, 95.5], [82.0, 95.5], [82.5, 95.0], [83.0, 94.5], [84.0, 94.5], [85.0, 94.5], [86.0, 94.5], [87.0, 94.5], [88.0, 94.5], [89.0, 94.5], [89.5, 94.0], [90.0, 93.5], [91.0, 93.5], [92.0, 93.5], [92.5, 93.0], [93.0, 92.5], [94.0, 92.5], [94.5, 92.0], [95.0, 91.5], [96.0, 91.5], [97.0, 91.5], [97.5, 91.0], [98.0, 90.5], [98.5, 90.0], [99.0, 89.5], [100.0, 89.5], [101.0, 89.5], [101.5, 89.0], [102.0, 88.5], [103.0, 88.5], [104.0, 88.5], [104.5, 88.0], [104.5, 87.0], [104.5, 86.0], [105.0, 85.5], [105.5, 85.0], [105.0, 84.5], [104.5, 84.0], [104.5, 83.0], [104.5, 82.0], [104.5, 81.0], [105.0, 80.5], [105.5, 80.0], [105.5, 79.0], [105.5, 78.0], [105.0, 77.5], [104.5, 77.0], [104.0, 76.5], [103.0, 76.5], [102.5, 76.0], [102.0, 75.5], [101.0, 75.5], [100.0, 75.5], [99.0, 75.5], [98.0, 75.5], [97.0, 75.5], [96.0, 75.5], [95.5, 76.0], [95.0, 76.5], [94.0, 76.5], [93.5, 77.0], [93.0, 77.5], [92.5, 78.0], [92.0, 78.5], [91.0, 78.5], [90.0, 78.5], [89.0, 78.5], [88.0, 78.5], [87.0, 78.5], [86.0, 78.5], [85.0, 78.5], [84.0, 78.5], [83.5, 79.0], [83.0, 79.5], [82.5, 80.0], [82.0, 80.5], [81.5, 81.0], [81.0, 81.5], [80.5, 82.0], [80.5, 83.0], [80.0, 83.5], [79.5, 84.0], [79.0, 84.5], [78.5, 85.0], [78.0, 85.5], [77.0, 85.5], [76.0, 85.5], [75.0, 85.5], [74.0, 85.5], [73.5, 86.0], [73.0, 86.5], [72.5, 87.0], [72.0, 87.5], [71.0, 87.5], [70.0, 87.5], [69.5, 88.0], [69.0, 88.5], [68.0, 88.5], [67.5, 89.0], [67.0, 89.5], [66.0, 89.5], [65.5, 90.0], [65.0, 90.5]]"
SLICE,Z6,GAS_MED_R,6.804137825957895,44.88424074649488,-562.6545715331999,574.0,0.33954557820857323,"[[100.0, 69.5], [99.5, 70.0], [99.5, 71.0], [99.5, 72.0], [99.5, 73.0], [99.5, 74.0], [100.0, 74.5], [100.5, 75.0], [101.0, 75.5], [102.0, 75.5], [102.5, 76.0], [103.0, 76.5], [104.0, 76.5], [104.5, 77.0], [105.0, 77.5], [105.5, 78.0], [105.5, 79.0], [105.5, 80.0], [105.0, 80.5], [104.5, 81.0], [104.5, 82.0], [104.5, 83.0], [104.5, 84.0], [105.0, 84.5], [105.5, 85.0], [105.0, 85.5], [104.5, 86.0], [104.5, 87.0], [104.5, 88.0], [104.5, 89.0], [104.5, 90.0], [104.5, 91.0], [104.5, 92.0], [104.5, 93.0], [104.5, 94.0], [104.5, 95.0], [104.5, 96.0], [104.0, 96.5], [103.5, 97.0], [103.5, 98.0], [103.5, 99.0], [104.0, 99.5], [104.5, 100.0], [104.5, 101.0], [104.5, 102.0], [104.0, 102.5], [103.5, 103.0], [104.0, 103.5], [105.0, 103.5], [106.0, 103.5], [107.0, 103.5], [107.5, 103.0], [108.0, 102.5], [108.5, 102.0], [109.0, 101.5], [109.5, 101.0], [110.0, 100.5], [110.5, 100.0], [111.0, 99.5], [111.5, 99.0], [112.0, 98.5], [113.0, 98.5], [114.0, 98.5], [114.5, 98.0], [115.0, 97.5], [115.5, 97.0], [116.0, 96.5], [117.0, 96.5], [117.5, 96.0], [117.5, 95.0], [118.0, 94.5], [119.0, 94.5], [119.5, 94.0], [119.5, 93.0], [119.5, 92.0], [119.5, 91.0], [120.0, 90.5], [120.5, 90.0], [120.5, 89.0], [120.5, 88.0], [120.5, 87.0], [120.5, 86.0], [120.5, 85.0], [121.0, 84.5], [121.5, 84.0], [121.5, 83.0], [121.5, 82.0], [121.5, 81.0], [121.5, 80.0], [121.0, 79.5], [120.5, 79.0], [120.5, 78.0], [120.5, 77.0], [120.5, 76.0], [120.0, 75.5], [119.5, 75.0], [119.5, 74.0], [119.5, 73.0], [119.5, 72.0], [119.0, 71.5], [118.5, 71.0], [118.0, 70.5], [117.5, 70.0], [117.5, 69.0], [117.0, 68.5], [116.5, 68.0], [116.0, 67.5], [115.5, 67.0], [115.0, 66.5], [114.5, 66.0], [114.0, 65.5], [113.0, 65.5], [112.0, 65.5], [111.5, 65.0], [111.0, 64.5], [110.5, 64.0], [110.0, 63.5], [109.0, 63.5], [108.0, 63.5], [107.5, 63.0], [107.0, 62.5], [106.0, 62.5], [105.0, 62.5], [104.5, 63.0], [104.0, 63.5], [103.5, 64.0], [103.0, 64.5], [102.5, 65.0], [102.0, 65.5], [101.5, 66.0], [101.5, 67.0], [101.0, 67.5], [100.5, 68.0], [100.5, 69.0]]"
SLICE,Z6,GAS_LAT_R,6.804137825957895,44.88424074649488,-562.6545715331999,430.0,0.5266725848340863,"[[66.0, 94.5], [65.5, 95.0], [65.5, 96.0], [66.0, 96.5], [67.0, 96.5], [67.5, 97.0], [68.0, 97.5], [68.5, 98.0], [68.5, 99.0], [69.0, 99.5], [69.5, 100.0], [70.0, 100.5], [70.5, 101.0], [71.0, 101.5], [72.0, 101.5], [72.5, 102.0], [73.0, 102.5], [73.5, 103.0], [74.0, 103.5], [75.0, 103.5], [75.5, 104.0], [76.0, 104.5], [77.0, 104.5], [78.0, 104.5], [79.0, 104.5], [80.0, 104.5], [81.0, 104.5], [81.5, 105.0], [82.0, 105.5], [83.0, 105.5], [83.5, 106.0], [84.0, 106.5], [85.0, 106.5], [86.0, 106.5], [87.0, 106.5], [88.0, 106.5], [89.0, 106.5], [90.0, 106.5], [90.5, 107.0], [91.0, 107.5], [92.0, 107.5], [93.0, 107.5], [94.0, 107.5], [95.0, 107.5], [96.0, 107.5], [96.5, 107.0], [97.0, 106.5], [98.0, 106.5], [99.0, 106.5], [100.0, 106.5], [101.0, 106.5], [101.5, 106.0], [102.0, 105.5], [102.5, 105.0], [103.0, 104.5], [103.5, 104.0], [103.5, 103.0], [104.0, 102.5], [104.5, 102.0], [104.5, 101.0], [104.5, 100.0], [104.0, 99.5], [103.5, 99.0], [103.5, 98.0], [103.5, 97.0], [104.0, 96.5], [104.5, 96.0], [104.5, 95.0], [104.5, 94.0], [104.5, 93.0], [104.5, 92.0], [104.5, 91.0], [104.5, 90.0], [104.5, 89.0], [104.0, 88.5], [103.0, 88.5], [102.0, 88.5], [101.5, 89.0], [101.0, 89.5], [100.0, 89.5], [99.0, 89.5], [98.5, 90.0], [98.0, 90.5], [97.5, 91.0], [97.0, 91.5], [96.0, 91.5], [95.0, 91.5], [94.5, 92.0], [94.0, 92.5], [93.0, 92.5], [92.5, 93.0], [92.0, 93.5], [91.0, 93.5], [90.0, 93.5], [89.5, 94.0], [89.0, 94.5], [88.0, 94.5], [87.0, 94.5], [86.0, 94.5], [85.0, 94.5], [84.0, 94.5], [83.0, 94.5], [82.5, 95.0], [82.0, 95.5], [81.0, 95.5], [80.0, 95.5], [79.0, 95.5], [78.0, 95.5], [77.0, 95.5], [76.0, 95.5], [75.0, 95.5], [74.0, 95.5], [73.0, 95.5], [72.0, 95.5], [71.5, 95.0], [71.0, 94.5], [70.0, 94.5], [69.0, 94.5], [68.0, 94.5], [67.0, 94.5]]"
SLICE,Z6,TA_L,6.804137825957895,44.88424074649488,-562.6545715331999,175.0,0.5411048440633089,"[[245.0, 48.5], [244.5, 49.0], [244.5, 50.0], [244.5, 51.0], [244.5, 52.0], [244.5, 53.0], [244.5, 54.0], [244.5, 55.0], [244.5, 56.0], [244.5, 57.0], [244.5, 58.0], [244.5, 59.0], [244.5, 60.0], [244.5, 61.0], [245.0, 61.5], [245.5, 62.0], [245.5, 63.0], [245.5, 64.0], [245.5, 65.0], [246.0, 65.5], [247.0, 65.5], [247.5, 65.0], [248.0, 64.5], [249.0, 64.5], [249.5, 64.0], [249.5, 63.0], [250.0, 62.5], [250.5, 62.0], [251.0, 61.5], [252.0, 61.5], [253.0, 61.5], [254.0, 61.5], [254.5, 61.0], [255.0, 60.5], [256.0, 60.5], [256.5, 60.0], [256.5, 59.0], [256.5, 58.0], [256.5, 57.0], [256.5, 56.0], [256.5, 55.0], [256.5, 54.0], [256.0, 53.5], [255.5, 53.0], [255.5, 52.0], [255.0, 51.5], [254.5, 51.0], [254.5, 50.0], [254.0, 49.5], [253.5, 49.0], [253.0, 48.5], [252.5, 48.0], [252.0, 47.5], [251.5, 47.0], [251.0, 46.5], [250.0, 46.5], [249.5, 46.0], [249.0, 45.5], [248.0, 45.5], [247.5, 46.0], [247.0, 46.5], [246.0, 46.5], [245.5, 47.0], [245.5, 48.0]]"
SLICE,Z6,ED_L,6.804137825957895,44.88424074649488,-562.6545715331999,75.0,0.46243031728492545,"[[247.0, 66.5], [246.5, 67.0], [246.5, 68.0], [246.5, 69.0], [247.0, 69.5], [247.5, 70.0], [248.0, 70.5], [248.5, 71.0], [249.0, 71.5], [249.5, 71.0], [250.0, 70.5], [250.5, 70.0], [251.0, 69.5], [252.0, 69.5], [252.5, 69.0], [253.0, 68.5], [254.0, 68.5], [254.5, 68.0], [255.0, 67.5], [256.0, 67.5], [256.5, 67.0], [257.0, 66.5], [258.0, 66.5], [258.5, 66.0], [258.5, 65.0], [258.5, 64.0], [258.0, 63.5], [257.5, 63.0], [257.5, 62.0], [257.0, 61.5], [256.5, 61.0], [256.0, 60.5], [255.0, 60.5], [254.5, 61.0], [254.0, 61.5], [253.0, 61.5], [252.0, 61.5], [251.0, 61.5], [250.5, 62.0], [250.0, 62.5], [249.5, 63.0], [249.5, 64.0], [249.0, 64.5], [248.5, 65.0], [248.0, 65.5], [247.5, 66.0]]"
SLICE,Z6,PER_L,6.804137825957895,44.88424074649488,-562.6545715331999,220.0,0.7328909822367111,"[[246.0, 81.5], [245.5, 82.0], [246.0, 82.5], [246.5, 83.0], [246.5, 84.0], [247.0, 84.5], [248.0, 84.5], [249.0, 84.5], [249.5, 85.0], [250.0, 85.5], [251.0, 85.5], [251.5, 86.0], [252.0, 86.5], [253.0, 86.5], [253.5, 87.0], [254.0, 87.5], [255.0, 87.5], [256.0, 87.5], [256.5, 87.0], [257.0, 86.5], [257.5, 86.0], [257.5, 85.0], [258.0, 84.5], [258.5, 84.0], [259.0, 83.5], [259.5, 83.0], [259.5, 82.0], [259.5, 81.0], [259.5, 80.0], [260.0, 79.5], [260.5, 79.0], [260.5, 78.0], [260.5, 77.0], [261.0, 76.5], [261.5, 76.0], [261.5, 75.0], [261.5, 74.0], [261.5, 73.0], [261.5, 72.0], [261.0, 71.5], [260.5, 71.0], [260.5, 70.0], [260.0, 69.5], [259.5, 69.0], [259.5, 68.0], [259.0, 67.5], [258.5, 67.0], [258.0, 66.5], [257.0, 66.5], [256.5, 67.0], [256.0, 67.5], [255.0, 67.5], [254.5, 68.0], [254.0, 68.5], [253.0, 68.5], [252.5, 69.0], [252.0, 69.5], [251.0, 69.5], [250.5, 70.0], [250.0, 70.5], [249.5, 71.0], [249.0, 71.5], [248.5, 72.0], [248.0, 72.5], [247.5, 73.0], [247.5, 74.0], [247.5, 75.0], [247.5, 76.0], [248.0, 76.5], [248.5, 77.0], [248.5, 78.0], [248.5, 79.0], [248.5, 80.0], [248.0, 80.5], [247.0, 80.5], [246.5, 81.0]]"
SLICE,Z6,DLPC_L,6.804137825957895,44.88424074649488,-562.6545715331999,94.0,0.6512625713615445,"[[235.0, 65.5], [234.5, 66.0], [234.5, 67.0], [234.5, 68.0], [234.5, 69.0], [235.0, 69.5], [235.5, 70.0], [236.0, 70.5], [237.0, 70.5], [237.5, 71.0], [238.0, 71.5], [239.0, 71.5], [240.0, 71.5], [241.0, 71.5], [242.0, 71.5], [242.5, 71.0], [243.0, 70.5], [243.5, 70.0], [244.0, 69.5], [244.5, 69.0], [245.0, 68.5], [245.5, 68.0], [245.5, 67.0], [246.0, 66.5], [246.5, 66.0], [246.0, 65.5], [245.5, 65.0], [245.5, 64.0], [245.5, 63.0], [245.5, 62.0], [245.0, 61.5], [244.5, 61.0], [244.5, 60.0], [244.5, 59.0], [244.0, 58.5], [243.5, 59.0], [243.0, 59.5], [242.5, 60.0], [242.0, 60.5], [241.0, 60.5], [240.5, 61.0], [240.5, 62.0], [240.0, 62.5], [239.5, 63.0], [239.0, 63.5], [238.0, 63.5], [237.5, 64.0], [237.0, 64.5], [236.0, 64.5], [235.5, 65.0]]"
SLICE,Z6,POP_L,6.804137825957895,44.88424074649488,-562.6545715331999,162.0,0.23565682009068878,"[[216.0, 55.5], [215.5, 56.0], [215.5, 57.0], [215.5, 58.0], [215.5, 59.0], [215.5, 60.0], [215.5, 61.0], [216.0, 61.5], [216.5, 62.0], [216.5, 63.0], [216.5, 64.0], [217.0, 64.5], [217.5, 65.0], [218.0, 65.5], [218.5, 66.0], [219.0, 66.5], [219.5, 67.0], [219.5, 68.0], [219.5, 69.0], [220.0, 69.5], [220.5, 70.0], [221.0, 70.5], [221.5, 71.0], [222.0, 71.5], [223.0, 71.5], [224.0, 71.5], [224.5, 72.0], [225.0, 72.5], [226.0, 72.5], [227.0, 72.5], [228.0, 72.5], [229.0, 72.5], [230.0, 72.5], [231.0, 72.5], [232.0, 72.5], [233.0, 72.5], [234.0, 72.5], [235.0, 72.5], [235.5, 72.0], [236.0, 71.5], [237.0, 71.5], [237.5, 71.0], [237.0, 70.5], [236.0, 70.5], [235.5, 70.0], [235.0, 69.5], [234.5, 69.0], [234.5, 68.0], [234.5, 67.0], [234.5, 66.0], [234.0, 65.5], [233.5, 66.0], [233.0, 66.5], [232.5, 66.0], [232.0, 65.5], [231.0, 65.5], [230.0, 65.5], [229.5, 65.0], [229.0, 64.5], [228.0, 64.5], [227.0, 64.5], [226.5, 64.0], [226.0, 63.5], [225.0, 63.5], [224.0, 63.5], [223.5, 63.0], [223.0, 62.5], [222.5, 62.0], [222.0, 61.5], [221.5, 61.0], [221.0, 60.5], [220.5, 60.0], [220.0, 59.5], [219.5, 59.0], [219.5, 58.0], [219.0, 57.5], [218.5, 57.0], [218.5, 56.0], [218.0, 55.5], [217.0, 55.5]]"
SLICE,Z6,SOL_L,6.804137825957895,44.88424074649488,-562.6545715331999,444.0,0.24274366496095448,"[[215.0, 79.5], [214.5, 80.0], [214.5, 81.0], [214.5, 82.0], [214.5, 83.0], [215.0, 83.5], [215.5, 84.0], [216.0, 84.5], [216.5, 85.0], [216.5, 86.0], [217.0, 86.5], [218.0, 86.5], [219.0, 86.5], [219.5, 87.0], [220.0, 87.5], [220.5, 87.0], [221.0, 86.5], [222.0, 86.5], [223.0, 86.5], [223.5, 87.0], [224.0, 87.5], [225.0, 87.5], [226.0, 87.5], [226.5, 88.0], [227.0, 88.5], [228.0, 88.5], [229.0, 88.5], [229.5, 89.0], [230.0, 89.5], [231.0, 89.5], [232.0, 89.5], [233.0, 89.5], [233.5, 90.0], [234.0, 90.5], [235.0, 90.5], [236.0, 90.5], [236.5, 91.0], [237.0, 91.5], [238.0, 91.5], [239.0, 91.5], [240.0, 91.5], [241.0, 91.5], [242.0, 91.5], [243.0, 91.5], [244.0, 91.5], [244.5, 92.0], [245.0, 92.5], [246.0, 92.5], [247.0, 92.5], [248.0, 92.5], [249.0, 92.5], [249.5, 92.0], [250.0, 91.5], [251.0, 91.5], [252.0, 91.5], [253.0, 91.5], [254.0, 91.5], [254.5, 91.0], [254.5, 90.0], [254.5, 89.0], [254.0, 88.5], [253.5, 88.0], [253.5, 87.0], [253.0, 86.5], [252.0, 86.5], [251.5, 86.0], [251.0, 85.5], [250.0, 85.5], [249.5, 85.0], [249.0, 84.5], [248.0, 84.5], [247.0, 84.5], [246.5, 84.0], [246.5, 83.0], [246.0, 82.5], [245.0, 82.5], [244.5, 82.0], [244.0, 81.5], [243.5, 81.0], [243.0, 80.5], [242.0, 80.5], [241.0, 80.5], [240.5, 80.0], [240.0, 79.5], [239.5, 79.0], [239.0, 78.5], [238.5, 78.0], [238.5, 77.0], [238.5, 76.0], [238.0, 75.5], [237.5, 75.0], [237.0, 74.5], [236.0, 74.5], [235.5, 74.0], [235.0, 73.5], [234.0, 73.5], [233.5, 74.0], [233.0, 74.5], [232.0, 74.5], [231.5, 75.0], [231.0, 75.5], [230.0, 75.5], [229.0, 75.5], [228.0, 75.5], [227.0, 75.5], [226.0, 75.5], [225.0, 75.5], [224.0, 75.5], [223.0, 75.5], [222.0, 75.5], [221.5, 75.0], [221.0, 74.5], [220.0, 74.5], [219.0, 74.5], [218.5, 75.0], [218.0, 75.5], [217.0, 75.5], [216.5, 76.0], [216.5, 77.0], [216.5, 78.0], [216.0, 78.5], [215.5, 79.0]]"
SLICE,Z6,GAS_MED_L,6.804137825957895,44.88424074649488,-562.6545715331999,580.0,0.3689275053078848,"[[200.0, 76.5], [199.5, 77.0], [199.5, 78.0], [199.5, 79.0], [199.5, 80.0], [199.5, 81.0], [199.5, 82.0], [199.5, 83.0], [199.5, 84.0], [199.5, 85.0], [199.5, 86.0], [200.0, 86.5], [200.5, 87.0], [200.5, 88.0], [200.5, 89.0], [200.5, 90.0], [201.0, 90.5], [201.5, 91.0], [202.0, 91.5], [202.5, 92.0], [202.5, 93.0], [203.0, 93.5], [203.5, 94.0], [204.0, 94.5], [204.5, 95.0], [205.0, 95.5], [205.5, 96.0], [206.0, 96.5], [206.5, 97.0], [207.0, 97.5], [207.5, 98.0], [208.0, 98.5], [208.5, 99.0], [209.0, 99.5], [210.0, 99.5], [211.0, 99.5], [211.5, 100.0], [212.0, 100.5], [213.0, 100.5], [213.5, 101.0], [214.0, 101.5], [214.5, 101.0], [215.0, 100.5], [215.5, 100.0], [215.5, 99.0], [215.5, 98.0], [215.5, 97.0], [216.0, 96.5], [216.5, 96.0], [216.5, 95.0], [216.5, 94.0], [217.0, 93.5], [217.5, 93.0], [218.0, 92.5], [218.5, 92.0], [218.5, 91.0], [218.5, 90.0], [218.5, 89.0], [218.5, 88.0], [218.5, 87.0], [218.0, 86.5], [217.0, 86.5], [216.5, 86.0], [216.5, 85.0], [216.0, 84.5], [215.5, 84.0], [215.0, 83.5], [214.5, 83.0], [214.5, 82.0], [214.5, 81.0], [214.5, 80.0], [215.0, 79.5], [215.5, 79.0], [216.0, 78.5], [216.5, 78.0], [216.5, 77.0], [216.5, 76.0], [217.0, 75.5], [218.0, 75.5], [218.5, 75.0], [219.0, 74.5], [220.0, 74.5], [221.0, 74.5], [221.5, 74.0], [221.5, 73.0], [221.5, 72.0], [221.5, 71.0], [221.0, 70.5], [220.5, 70.0], [220.0, 69.5], [219.5, 69.0], [219.5, 68.0], [219.5, 67.0], [219.0, 66.5], [218.5, 66.0], [218.0, 65.5], [217.5, 65.0], [217.0, 64.5], [216.5, 64.0], [216.5, 63.0], [216.5, 62.0], [216.0, 61.5], [215.0, 61.5], [214.0, 61.5], [213.0, 61.5], [212.0, 61.5], [211.0, 61.5], [210.5, 62.0], [210.0, 62.5], [209.5, 63.0], [209.0, 63.5], [208.0, 63.5], [207.0, 63.5], [206.5, 64.0], [206.0, 64.5], [205.5, 65.0], [205.0, 65.5], [204.0, 65.5], [203.5, 66.0], [203.5, 67.0], [203.5, 68.0], [203.0, 68.5], [202.5, 69.0], [202.0, 69.5], [201.5, 70.0], [201.5, 71.0], [201.0, 71.5], [200.5, 72.0], [200.5, 73.0], [200.5, 74.0], [200.5, 75.0], [200.5, 76.0]]"
SLICE,Z6,GAS_LAT_L,6.804137825957895,44.88424074649488,-562.6545715331999,366.0,0.48908493970872624,"[[216.0, 96.5], [215.5, 97.0], [215.5, 98.0], [215.5, 99.0], [215.5, 100.0], [215.5, 101.0], [216.0, 101.5], [217.0, 101.5], [218.0, 101.5], [219.0, 101.5], [219.5, 102.0], [220.0, 102.5], [221.0, 102.5], [221.5, 103.0], [222.0, 103.5], [223.0, 103.5], [224.0, 103.5], [225.0, 103.5], [225.5, 103.0], [226.0, 102.5], [226.5, 102.0], [227.0, 101.5], [228.0, 101.5], [229.0, 101.5], [230.0, 101.5], [231.0, 101.5], [232.0, 101.5], [233.0, 101.5], [234.0, 101.5], [235.0, 101.5], [236.0, 101.5], [236.5, 101.0], [237.0, 100.5], [238.0, 100.5], [239.0, 100.5], [239.5, 100.0], [240.0, 99.5], [241.0, 99.5], [242.0, 99.5], [243.0, 99.5], [244.0, 99.5], [244.5, 99.0], [245.0, 98.5], [245.5, 98.0], [246.0, 97.5], [246.5, 97.0], [247.0, 96.5], [248.0, 96.5], [249.0, 96.5], [249.5, 96.0], [249.5, 95.0], [250.0, 94.5], [251.0, 94.5], [251.5, 94.0], [251.5, 93.0], [252.0, 92.5], [252.5, 92.0], [252.0, 91.5], [251.0, 91.5], [250.0, 91.5], [249.5, 92.0], [249.0, 92.5], [248.0, 92.5], [247.0, 92.5], [246.0, 92.5], [245.0, 92.5], [244.5, 92.0], [244.0, 91.5], [243.0, 91.5], [242.0, 91.5], [241.0, 91.5], [240.0, 91.5], [239.0, 91.5], [238.0, 91.5], [237.0, 91.5], [236.5, 91.0], [236.0, 90.5], [235.0, 90.5], [234.0, 90.5], [233.5, 90.0], [233.0, 89.5], [232.0, 89.5], [231.0, 89.5], [230.0, 89.5], [229.5, 89.0], [229.0, 88.5], [228.0, 88.5], [227.0, 88.5], [226.5, 88.0], [226.0, 87.5], [225.0, 87.5], [224.0, 87.5], [223.5, 87.0], [223.0, 86.5], [222.0, 86.5], [221.0, 86.5], [220.5, 87.0], [220.0, 87.5], [219.5, 87.0], [219.0, 86.5], [218.5, 87.0], [218.5, 88.0], [218.5, 89.0], [218.5, 90.0], [218.5, 91.0], [218.5, 92.0], [218.0, 92.5], [217.5, 93.0], [217.0, 93.5], [216.5, 94.0], [216.5, 95.0], [216.5, 96.0]]"
SLICE,Z7,TA_R,6.804137825957895,44.88424074649488,-532.6545715331999,0.0,,
SLICE,Z7,ED_R,6.804137825957895,44.88424074649488,-532.6545715331999,0.0,,
SLICE,Z7,PER_R,6.804137825957895,44.88424074649488,-532.6545715331999,0.0,,
SLICE,Z7,DLPC_R,6.804137825957895,44.88424074649488,-532.6545715331999,0.0,,
SLICE,Z7,POP_R,6.804137825957895,44.88424074649488,-532.6545715331999,97.0,0.625259909403218,"[[85.0, 70.5], [84.5, 71.0], [84.5, 72.0], [85.0, 72.5], [85.5, 73.0], [85.5, 74.0], [85.5, 75.0], [86.0, 75.5], [87.0, 75.5], [88.0, 75.5], [89.0, 75.5], [90.0, 75.5], [91.0, 75.5], [92.0, 75.5], [93.0, 75.5], [93.5, 75.0], [94.0, 74.5], [95.0, 74.5], [95.5, 74.0], [96.0, 73.5], [97.0, 73.5], [98.0, 73.5], [98.5, 73.0], [99.0, 72.5], [99.5, 72.0], [100.0, 71.5], [100.5, 71.0], [100.5, 70.0], [100.5, 69.0], [100.0, 68.5], [99.0, 68.5], [98.5, 68.0], [98.0, 67.5], [97.0, 67.5], [96.0, 67.5], [95.0, 67.5], [94.5, 68.0], [94.0, 68.5], [93.0, 68.5], [92.0, 68.5], [91.5, 68.0], [91.0, 67.5], [90.5, 68.0], [90.0, 68.5], [89.0, 68.5], [88.0, 68.5], [87.0, 68.5], [86.0, 68.5], [85.5, 69.0], [85.5, 70.0]]"
SLICE,Z7,SOL_R,6.804137825957895,44.88424074649488,-532.6545715331999,97.0,0.14755471539726456,"[[79.0, 85.5], [78.5, 86.0], [79.0, 86.5], [80.0, 86.5], [81.0, 86.5], [81.5, 86.0], [82.0, 85.5], [83.0, 85.5], [84.0, 85.5], [85.0, 85.5], [86.0, 85.5], [87.0, 85.5], [87.5, 85.0], [88.0, 84.5], [89.0, 84.5], [89.5, 85.0], [90.0, 85.5], [91.0, 85.5], [92.0, 85.5], [92.5, 85.0], [93.0, 84.5], [94.0, 84.5], [95.0, 84.5], [96.0, 84.5], [96.5, 84.0], [96.5, 83.0], [97.0, 82.5], [97.5, 82.0], [97.5, 81.0], [97.0, 80.5], [96.5, 80.0], [96.0, 79.5], [95.0, 79.5], [94.5, 79.0], [94.0, 78.5], [93.0, 78.5], [92.0, 78.5], [91.0, 78.5], [90.0, 78.5], [89.0, 78.5], [88.5, 79.0], [88.0, 79.5], [87.0, 79.5], [86.0, 79.5], [85.0, 79.5], [84.0, 79.5], [83.0, 79.5], [82.5, 80.0], [82.0, 80.5], [81.5, 81.0], [81.5, 82.0], [81.5, 83.0], [81.0, 83.5], [80.5, 84.0], [80.0, 84.5], [79.5, 85.0]]"
SLICE,Z7,GAS_MED_R,6.804137825957895,44.88424074649488,-532.6545715331999,417.0,0.3841598730502108,"[[99.0, 72.5], [98.5, 73.0], [99.0, 73.5], [99.5, 74.0], [99.5, 75.0], [99.5, 76.0], [99.5, 77.0], [99.5, 78.0], [99.5, 79.0], [99.5, 80.0], [99.5, 81.0], [100.0, 81.5], [100.5, 82.0], [101.0, 82.5], [101.5, 83.0], [101.5, 84.0], [101.5, 85.0], [101.5, 86.0], [101.5, 87.0], [101.5, 88.0], [101.5, 89.0], [102.0, 89.5], [102.5, 90.0], [102.5, 91.0], [103.0, 91.5], [103.5, 92.0], [103.5, 93.0], [103.0, 93.5], [102.5, 94.0], [102.5, 95.0], [102.0, 95.5], [101.5, 96.0], [101.5, 97.0], [101.5, 98.0], [101.5, 99.0], [102.0, 99.5], [103.0, 99.5], [104.0, 99.5], [104.5, 99.0], [105.0, 98.5], [106.0, 98.5], [106.5, 98.0], [107.0, 97.5], [108.0, 97.5], [108.5, 97.0], [109.0, 96.5], [110.0, 96.5], [111.0, 96.5], [111.5, 96.0], [111.5, 95.0], [112.0, 94.5], [112.5, 94.0], [113.0, 93.5], [113.5, 93.0], [113.5, 92.0], [114.0, 91.5], [114.5, 91.0], [114.5, 90.0], [114.5, 89.0], [114.5, 88.0], [114.5, 87.0], [115.0, 86.5], [115.5, 86.0], [116.0, 85.5], [116.5, 85.0], [116.5, 84.0], [116.5, 83.0], [117.0, 82.5], [117.5, 82.0], [117.5, 81.0], [117.5, 80.0], [117.5, 79.0], [117.5, 78.0], [117.5, 77.0], [117.0, 76.5], [116.5, 76.0], [116.5, 75.0], [116.5, 74.0], [116.0, 73.5], [115.5, 73.0], [115.5, 72.0], [115.5, 71.0], [115.0, 70.5], [114.5, 70.0], [114.0, 69.5], [113.0, 69.5], [112.5, 69.0], [112.0, 68.5], [111.0, 68.5], [110.0, 68.5], [109.0, 68.5], [108.5, 69.0], [108.0, 69.5], [107.5, 69.0], [107.0, 68.5], [106.0, 68.5], [105.0, 68.5], [104.0, 68.5], [103.0, 68.5], [102.0, 68.5], [101.0, 68.5], [100.5, 69.0], [100.5, 70.0], [100.5, 71.0], [100.0, 71.5], [99.5, 72.0]]"
SLICE,Z7,GAS_LAT_R,6.804137825957895,44.88424074649488,-532.6545715331999,341.0,0.4383977150753825,"[[76.0, 86.5], [75.5, 87.0], [75.5, 88.0], [75.5, 89.0], [76.0, 89.5], [76.5, 90.0], [77.0, 90.5], [77.5, 91.0], [78.0, 91.5], [78.5, 92.0], [79.0, 92.5], [80.0, 92.5], [80.5, 93.0], [80.5, 94.0], [81.0, 94.5], [82.0, 94.5], [83.0, 94.5], [84.0, 94.5], [84.5, 95.0], [85.0, 95.5], [85.5, 96.0], [86.0, 96.5], [87.0, 96.5], [87.5, 97.0], [88.0, 97.5], [88.5, 98.0], [89.0, 98.5], [90.0, 98.5], [90.5, 99.0], [91.0, 99.5], [92.0, 99.5], [93.0, 99.5], [94.0, 99.5], [95.0, 99.5], [96.0, 99.5], [97.0, 99.5], [98.0, 99.5], [99.0, 99.5], [100.0, 99.5], [101.0, 99.5], [101.5, 99.0], [101.5, 98.0], [101.5, 97.0], [101.5, 96.0], [102.0, 95.5], [102.5, 95.0], [102.5, 94.0], [103.0, 93.5], [103.5, 93.0], [103.5, 92.0], [103.0, 91.5], [102.5, 91.0], [102.5, 90.0], [102.0, 89.5], [101.5, 89.0], [101.5, 88.0], [101.5, 87.0], [101.5, 86.0], [101.5, 85.0], [101.5, 84.0], [101.5, 83.0], [101.0, 82.5], [100.5, 82.0], [100.0, 81.5], [99.5, 81.0], [99.0, 80.5], [98.0, 80.5], [97.5, 81.0], [97.5, 82.0], [97.0, 82.5], [96.5, 83.0], [96.5, 84.0], [96.0, 84.5], [95.0, 84.5], [94.0, 84.5], [93.0, 84.5], [92.5, 85.0], [92.0, 85.5], [91.0, 85.5], [90.0, 85.5], [89.5, 85.0], [89.0, 84.5], [88.0, 84.5], [87.5, 85.0], [87.0, 85.5], [86.0, 85.5], [85.0, 85.5], [84.0, 85.5], [83.0, 85.5], [82.0, 85.5], [81.5, 86.0], [81.0, 86.5], [80.0, 86.5], [79.0, 86.5], [78.5, 86.0], [79.0, 85.5], [79.5, 85.0], [80.0, 84.5], [80.5, 84.0], [81.0, 83.5], [81.5, 83.0], [81.5, 82.0], [81.5, 81.0], [82.0, 80.5], [82.5, 80.0], [83.0, 79.5], [83.5, 79.0], [83.0, 78.5], [82.0, 78.5], [81.0, 78.5], [80.0, 78.5], [79.0, 78.5], [78.5, 79.0], [78.5, 80.0], [78.5, 81.0], [78.5, 82.0], [78.5, 83.0], [78.5, 84.0], [78.0, 84.5], [77.5, 85.0], [77.0, 85.5], [76.5, 86.0]]"
SLICE,Z7,TA_L,6.804137825957895,44.88424074649488,-532.6545715331999,13.0,0.9819003592972714,"[[254.0, 54.5], [253.5, 55.0], [253.5, 56.0], [253.5, 57.0], [253.5, 58.0], [253.5, 59.0], [253.5, 60.0], [253.5, 61.0], [254.0, 61.5], [254.5, 61.0], [255.0, 60.5], [255.5, 60.0], [255.5, 59.0], [255.5, 58.0], [255.5, 57.0], [255.5, 56.0], [255.5, 55.0], [255.0, 54.5]]"
SLICE,Z7,ED_L,6.804137825957895,44.88424074649488,-532.6545715331999,0.0,,
SLICE,Z7,PER_L,6.804137825957895,44.88424074649488,-532.6545715331999,0.0,,
SLICE,Z7,DLPC_L,6.804137825957895,44.88424074649488,-532.6545715331999,0.0,,
SLICE,Z7,POP_L,6.804137825957895,44.88424074649488,-532.6545715331999,126.0,0.6096374747360419,"[[218.0, 68.5], [217.5, 69.0], [218.0, 69.5], [218.5, 70.0], [219.0, 70.5], [219.5, 71.0], [220.0, 71.5], [221.0, 71.5], [221.5, 72.0], [222.0, 72.5], [222.5, 73.0], [223.0, 73.5], [224.0, 73.5], [225.0, 73.5], [226.0, 73.5], [227.0, 73.5], [227.5, 74.0], [228.0, 74.5], [229.0, 74.5], [230.0, 74.5], [231.0, 74.5], [232.0, 74.5], [233.0, 74.5], [234.0, 74.5], [235.0, 74.5], [236.0, 74.5], [236.5, 74.0], [237.0, 73.5], [237.5, 73.0], [237.5, 72.0], [238.0, 71.5], [238.5, 71.0], [238.5, 70.0], [238.0, 69.5], [237.5, 69.0], [237.0, 68.5], [236.0, 68.5], [235.0, 68.5], [234.5, 68.0], [234.0, 67.5], [233.0, 67.5], [232.0, 67.5], [231.5, 67.0], [231.0, 66.5], [230.0, 66.5], [229.0, 66.5], [228.0, 66.5], [227.0, 66.5], [226.0, 66.5], [225.0, 66.5], [224.0, 66.5], [223.0, 66.5], [222.0, 66.5], [221.0, 66.5], [220.5, 67.0], [220.0, 67.5], [219.0, 67.5], [218.5, 68.0]]"
SLICE,Z7,SOL_L,6.804137825957895,44.88424074649488,-532.6545715331999,124.0,0.2055375911954241,"[[224.0, 78.5], [223.5, 79.0], [223.5, 80.0], [223.5, 81.0], [224.0, 81.5], [225.0, 81.5], [225.5, 82.0], [226.0, 82.5], [226.5, 83.0], [227.0, 83.5], [228.0, 83.5], [229.0, 83.5], [230.0, 83.5], [231.0, 83.5], [232.0, 83.5], [233.0, 83.5], [234.0, 83.5], [235.0, 83.5], [236.0, 83.5], [237.0, 83.5], [238.0, 83.5], [238.5, 84.0], [239.0, 84.5], [240.0, 84.5], [241.0, 84.5], [241.5, 85.0], [242.0, 85.5], [243.0, 85.5], [244.0, 85.5], [244.5, 86.0], [245.0, 86.5], [246.0, 86.5], [246.5, 86.0], [246.5, 85.0], [246.5, 84.0], [246.0, 83.5], [245.5, 83.0], [245.0, 82.5], [244.5, 82.0], [244.0, 81.5], [243.5, 81.0], [243.5, 80.0], [243.0, 79.5], [242.0, 79.5], [241.5, 79.0], [241.0, 78.5], [240.0, 78.5], [239.5, 78.0], [239.0, 77.5], [238.0, 77.5], [237.0, 77.5], [236.0, 77.5], [235.0, 77.5], [234.0, 77.5], [233.0, 77.5], [232.5, 77.0], [232.0, 76.5], [231.0, 76.5], [230.5, 77.0], [230.0, 77.5], [229.0, 77.5], [228.5, 78.0], [228.0, 78.5], [227.0, 78.5], [226.0, 78.5], [225.0, 78.5]]"
SLICE,Z7,GAS_MED_L,6.804137825957895,44.88424074649488,-532.6545715331999,419.0,0.42588398206078315,"[[204.0, 71.5], [203.5, 72.0], [203.5, 73.0], [203.5, 74.0], [203.5, 75.0], [203.5, 76.0], [203.5, 77.0], [203.5, 78.0], [203.5, 79.0], [203.5, 80.0], [203.5, 81.0], [203.5, 82.0], [204.0, 82.5], [204.5, 83.0], [204.5, 84.0], [205.0, 84.5], [205.5, 85.0], [205.5, 86.0], [205.5, 87.0], [205.5, 88.0], [205.5, 89.0], [205.5, 90.0], [206.0, 90.5], [206.5, 91.0], [207.0, 91.5], [207.5, 92.0], [208.0, 92.5], [208.5, 93.0], [209.0, 93.5], [209.5, 94.0], [210.0, 94.5], [211.0, 94.5], [212.0, 94.5], [213.0, 94.5], [213.5, 95.0], [214.0, 95.5], [215.0, 95.5], [215.5, 96.0], [216.0, 96.5], [217.0, 96.5], [218.0, 96.5], [219.0, 96.5], [219.5, 96.0], [220.0, 95.5], [220.5, 95.0], [220.0, 94.5], [219.5, 94.0], [219.5, 93.0], [219.5, 92.0], [219.5, 91.0], [219.5, 90.0], [220.0, 89.5], [220.5, 89.0], [220.5, 88.0], [220.5, 87.0], [220.5, 86.0], [220.0, 85.5], [219.5, 85.0], [219.5, 84.0], [219.5, 83.0], [219.5, 82.0], [220.0, 81.5], [221.0, 81.5], [221.5, 81.0], [222.0, 80.5], [222.5, 80.0], [222.5, 79.0], [222.5, 78.0], [222.5, 77.0], [223.0, 76.5], [223.5, 76.0], [223.0, 75.5], [222.5, 75.0], [222.5, 74.0], [222.5, 73.0], [222.0, 72.5], [221.5, 72.0], [221.0, 71.5], [220.0, 71.5], [219.5, 71.0], [219.0, 70.5], [218.5, 70.0], [218.0, 69.5], [217.5, 69.0], [217.0, 68.5], [216.0, 68.5], [215.0, 68.5], [214.0, 68.5], [213.0, 68.5], [212.0, 68.5], [211.0, 68.5], [210.0, 68.5], [209.0, 68.5], [208.0, 68.5], [207.0, 68.5], [206.5, 69.0], [206.0, 69.5], [205.5, 70.0], [205.0, 70.5], [204.5, 71.0]]"
SLICE,Z7,GAS_LAT_L,6.804137825957895,44.88424074649488,-532.6545715331999,291.0,0.44832448891263327,"[[220.0, 81.5], [219.5, 82.0], [219.5, 83.0], [219.5, 84.0], [219.5, 85.0], [220.0, 85.5], [220.5, 86.0], [220.5, 87.0], [220.5, 88.0], [220.5, 89.0], [220.0, 89.5], [219.5, 90.0], [219.5, 91.0], [219.5, 92.0], [219.5, 93.0], [219.5, 94.0], [220.0, 94.5], [220.5, 95.0], [220.5, 96.0], [221.0, 96.5], [222.0, 96.5], [223.0, 96.5], [224.0, 96.5], [225.0, 96.5], [226.0, 96.5], [227.0, 96.5], [228.0, 96.5], [229.0, 96.5], [229.5, 96.0], [230.0, 95.5], [231.0, 95.5], [231.5, 95.0], [232.0, 94.5], [233.0, 94.5], [233.5, 94.0], [234.0, 93.5], [234.5, 93.0], [235.0, 92.5], [236.0, 92.5], [236.5, 92.0], [237.0, 91.5], [238.0, 91.5], [239.0, 91.5], [240.0, 91.5], [241.0, 91.5], [241.5, 91.0], [241.5, 90.0], [242.0, 89.5], [243.0, 89.5], [244.0, 89.5], [244.5, 89.0], [244.5, 88.0], [245.0, 87.5], [245.5, 87.0], [245.0, 86.5], [244.5, 86.0], [244.0, 85.5], [243.0, 85.5], [242.0, 85.5], [241.5, 85.0], [241.0, 84.5], [240.0, 84.5], [239.0, 84.5], [238.5, 84.0], [238.0, 83.5], [237.0, 83.5], [236.0, 83.5], [235.0, 83.5], [234.0, 83.5], [233.0, 83.5], [232.0, 83.5], [231.0, 83.5], [230.0, 83.5], [229.0, 83.5], [228.0, 83.5], [227.0, 83.5], [226.5, 83.0], [226.0, 82.5], [225.5, 82.0], [225.0, 81.5], [224.0, 81.5], [223.5, 81.0], [223.5, 80.0], [223.0, 79.5], [222.5, 80.0], [222.0, 80.5], [221.5, 81.0], [221.0, 81.5]]"
SLICE,Z8,TA_R,6.804137825957895,44.88424074649488,-502.6545715332,0.0,,
SLICE,Z8,ED_R,6.804137825957895,44.88424074649488,-502.6545715332,0.0,,
SLICE,Z8,PER_R,6.804137825957895,44.88424074649488,-502.6545715332,0.0,,
SLICE,Z8,DLPC_R,6.804137825957895,44.88424074649488,-502.6545715332,0.0,,
SLICE,Z8,POP_R,6.804137825957895,44.88424074649488,-502.6545715332,0.0,,
SLICE,Z8,SOL_R,6.804137825957895,44.88424074649488,-502.6545715332,0.0,,
SLICE,Z8,GAS_MED_R,6.804137825957895,44.88424074649488,-502.6545715332,253.0,0.6071826740288964,"[[100.0, 65.5], [99.5, 66.0], [99.5, 67.0], [99.5, 68.0], [99.5, 69.0], [99.5, 70.0], [99.5, 71.0], [99.5, 72.0], [99.5, 73.0], [99.5, 74.0], [99.5, 75.0], [99.5, 76.0], [99.5, 77.0], [99.5, 78.0], [99.5, 79.0], [100.0, 79.5], [100.5, 80.0], [100.5, 81.0], [100.5, 82.0], [100.5, 83.0], [100.5, 84.0], [100.5, 85.0], [100.5, 86.0], [101.0, 86.5], [101.5, 87.0], [101.5, 88.0], [101.5, 89.0], [102.0, 89.5], [103.0, 89.5], [104.0, 89.5], [105.0, 89.5], [106.0, 89.5], [106.5, 89.0], [107.0, 88.5], [107.5, 88.0], [107.5, 87.0], [108.0, 86.5], [109.0, 86.5], [109.5, 86.0], [109.5, 85.0], [109.5, 84.0], [109.5, 83.0], [110.0, 82.5], [110.5, 82.0], [110.5, 81.0], [110.5, 80.0], [111.0, 79.5], [111.5, 79.0], [111.5, 78.0], [111.5, 77.0], [111.5, 76.0], [111.5, 75.0], [111.5, 74.0], [111.5, 73.0], [111.5, 72.0], [111.5, 71.0], [111.5, 70.0], [111.5, 69.0], [111.0, 68.5], [110.5, 68.0], [110.0, 67.5], [109.5, 67.0], [109.5, 66.0], [109.0, 65.5], [108.0, 65.5], [107.0, 65.5], [106.5, 65.0], [106.0, 64.5], [105.0, 64.5], [104.5, 64.0], [104.0, 63.5], [103.5, 64.0], [103.0, 64.5], [102.0, 64.5], [101.0, 64.5], [100.5, 65.0]]"
SLICE,Z8,GAS_LAT_R,6.804137825957895,44.88424074649488,-502.6545715332,192.0,0.6088101041871834,"[[82.0, 81.5], [81.5, 82.0], [81.5, 83.0], [81.5, 84.0], [82.0, 84.5], [82.5, 85.0], [83.0, 85.5], [83.5, 86.0], [83.5, 87.0], [83.5, 88.0], [84.0, 88.5], [84.5, 89.0], [85.0, 89.5], [85.5, 90.0], [86.0, 90.5], [86.5, 91.0], [87.0, 91.5], [88.0, 91.5], [89.0, 91.5], [90.0, 91.5], [91.0, 91.5], [92.0, 91.5], [93.0, 91.5], [94.0, 91.5], [95.0, 91.5], [96.0, 91.5], [96.5, 91.0], [97.0, 90.5], [98.0, 90.5], [98.5, 90.0], [99.0, 89.5], [99.5, 89.0], [100.0, 88.5], [100.5, 88.0], [100.5, 87.0], [100.5, 86.0], [100.5, 85.0], [100.0, 84.5], [99.5, 84.0], [99.0, 83.5], [98.5, 83.0], [98.0, 82.5], [97.5, 82.0], [97.0, 81.5], [96.5, 81.0], [96.0, 80.5], [95.0, 80.5], [94.5, 80.0], [94.5, 79.0], [94.0, 78.5], [93.0, 78.5], [92.0, 78.5], [91.0, 78.5], [90.0, 78.5], [89.0, 78.5], [88.0, 78.5], [87.0, 78.5], [86.0, 78.5], [85.5, 79.0], [85.0, 79.5], [84.0, 79.5], [83.5, 80.0], [83.0, 80.5], [82.5, 81.0]]"
SLICE,Z8,TA_L,6.804137825957895,44.88424074649488,-502.6545715332,0.0,,
SLICE,Z8,ED_L,6.804137825957895,44.88424074649488,-502.6545715332,0.0,,
SLICE,Z8,PER_L,6.804137825957895,44.88424074649488,-502.6545715332,0.0,,
SLICE,Z8,DLPC_L,6.804137825957895,44.88424074649488,-502.6545715332,0.0,,
SLICE,Z8,POP_L,6.804137825957895,44.88424074649488,-502.6545715332,0.0,,
SLICE,Z8,SOL_L,6.804137825957895,44.88424074649488,-502.6545715332,7.0,0.5599644113529877,"[[230.0, 77.5], [229.5, 78.0], [229.5, 79.0], [230.0, 79.5], [231.0, 79.5], [232.0, 79.5], [232.5, 79.0], [232.5, 78.0], [232.0, 77.5], [231.5, 77.0], [231.0, 76.5], [230.5, 77.0]]"
SLICE,Z8,GAS_MED_L,6.804137825957895,44.88424074649488,-502.6545715332,243.0,0.6086219897676897,"[[209.0, 72.5], [208.5, 73.0], [208.5, 74.0], [209.0, 74.5], [209.5, 75.0], [209.5, 76.0], [210.0, 76.5], [210.5, 77.0], [210.5, 78.0], [210.5, 79.0], [210.5, 80.0], [211.0, 80.5], [211.5, 81.0], [211.5, 82.0], [212.0, 82.5], [212.5, 83.0], [212.5, 84.0], [213.0, 84.5], [213.5, 85.0], [213.5, 86.0], [214.0, 86.5], [214.5, 87.0], [215.0, 87.5], [215.5, 88.0], [216.0, 88.5], [217.0, 88.5], [217.5, 88.0], [218.0, 87.5], [218.5, 87.0], [219.0, 86.5], [219.5, 86.0], [219.5, 85.0], [220.0, 84.5], [220.5, 84.0], [221.0, 83.5], [221.5, 83.0], [222.0, 82.5], [222.5, 82.0], [222.5, 81.0], [222.5, 80.0], [222.5, 79.0], [222.5, 78.0], [222.5, 77.0], [222.5, 76.0], [222.5, 75.0], [222.0, 74.5], [221.5, 74.0], [222.0, 73.5], [222.5, 73.0], [222.5, 72.0], [223.0, 71.5], [223.5, 71.0], [223.5, 70.0], [223.5, 69.0], [223.0, 68.5], [222.5, 68.0], [222.5, 67.0], [222.0, 66.5], [221.5, 66.0], [221.5, 65.0], [221.0, 64.5], [220.5, 64.0], [220.0, 63.5], [219.0, 63.5], [218.5, 64.0], [218.0, 64.5], [217.0, 64.5], [216.0, 64.5], [215.5, 65.0], [215.0, 65.5], [214.5, 66.0], [214.0, 66.5], [213.5, 67.0], [213.5, 68.0], [213.0, 68.5], [212.0, 68.5], [211.5, 69.0], [211.0, 69.5], [210.5, 70.0], [210.0, 70.5], [209.5, 71.0], [209.5, 72.0]]"
SLICE,Z8,GAS_LAT_L,6.804137825957895,44.88424074649488,-502.6545715332,172.0,0.6848323337220283,"[[226.0, 81.5], [225.5, 82.0], [225.5, 83.0], [225.5, 84.0], [226.0, 84.5], [226.5, 85.0], [226.0, 85.5], [225.5, 86.0], [225.5, 87.0], [226.0, 87.5], [226.5, 88.0], [226.5, 89.0], [227.0, 89.5], [227.5, 90.0], [228.0, 90.5], [229.0, 90.5], [230.0, 90.5], [231.0, 90.5], [232.0, 90.5], [232.5, 90.0], [233.0, 89.5], [234.0, 89.5], [235.0, 89.5], [235.5, 89.0], [236.0, 88.5], [236.5, 88.0], [237.0, 87.5], [237.5, 87.0], [238.0, 86.5], [238.5, 86.0], [239.0, 85.5], [239.5, 85.0], [239.5, 84.0], [240.0, 83.5], [240.5, 83.0], [240.5, 82.0], [240.5, 81.0], [241.0, 80.5], [241.5, 80.0], [242.0, 79.5], [243.0, 79.5], [244.0, 79.5], [244.5, 79.0], [244.5, 78.0], [244.5, 77.0], [244.0, 76.5], [243.0, 76.5], [242.5, 77.0], [242.0, 77.5], [241.0, 77.5], [240.0, 77.5], [239.5, 77.0], [239.0, 76.5], [238.0, 76.5], [237.0, 76.5], [236.5, 76.0], [236.0, 75.5], [235.0, 75.5], [234.0, 75.5], [233.5, 76.0], [233.0, 76.5], [232.0, 76.5], [231.5, 77.0], [232.0, 77.5], [232.5, 78.0], [232.5, 79.0], [232.0, 79.5], [231.0, 79.5], [230.0, 79.5], [229.5, 79.0], [229.0, 78.5], [228.5, 79.0], [228.0, 79.5], [227.5, 80.0], [227.0, 80.5], [226.5, 81.0]]"
