HOW,INDEX,LABEL,X,Y,Z,NPIX,FF,OUTLINE
VOLUME,NA,TA_R,-4.961047299898155,54.011897746617635,-692.5270163568125,5188.0,0.3845573452469869,
VOLUME,NA,ED_R,-4.961047299898155,54.011897746617635,-692.5270163568125,765.0,0.46439475162026994,
VOLUME,NA,PER_R,-4.961047299898155,54.011897746617635,-692.5270163568125,2179.0,0.2068301786360022,
VOLUME,NA,DLPC_R,-4.961047299898155,54.011897746617635,-692.5270163568125,8167.0,0.09470994160992997,
VOLUME,NA,POP_R,-4.961047299898155,54.011897746617635,-692.5270163568125,228.0,0.27572205578622694,
VOLUME,NA,SOL_R,-4.961047299898155,54.011897746617635,-692.5270163568125,14454.0,0.26654365459372187,
VOLUME,NA,GAS_MED_R,-4.961047299898155,54.011897746617635,-692.5270163568125,11185.0,0.24001818227662278,
VOLUME,NA,GAS_LAT_R,-4.961047299898155,54.011897746617635,-692.5270163568125,2211.0,0.37920112670051864,
VOLUME,NA,TA_L,-4.961047299898155,54.011897746617635,-692.5270163568125,3175.0,0.43202920486716556,
VOLUME,NA,ED_L,-4.961047299898155,54.011897746617635,-692.5270163568125,1271.0,0.46769415162412975,
VOLUME,NA,PER_L,-4.961047299898155,54.011897746617635,-692.5270163568125,1687.0,0.4181196218601515,
VOLUME,NA,DLPC_L,-4.961047299898155,54.011897746617635,-692.5270163568125,8503.0,0.09672213573137017,
VOLUME,NA,POP_L,-4.961047299898155,54.011897746617635,-692.5270163568125,157.0,0.2394294368250288,
VOLUME,NA,SOL_L,-4.961047299898155,54.011897746617635,-692.5270163568125,13715.0,0.22921035407267018,
VOLUME,NA,GAS_MED_L,-4.961047299898155,54.011897746617635,-692.5270163568125,10873.0,0.21513015056414206,
VOLUME,NA,GAS_LAT_L,-4.961047299898155,54.011897746617635,-692.5270163568125,2274.0,0.30415183277851426,
SLICE,Z0,TA_R,-4.995640638400687,53.64619949427628,-965.858117182117,0.0,,
SLICE,Z0,ED_R,-4.995640638400687,53.64619949427628,-965.858117182117,0.0,,
SLICE,Z0,PER_R,-4.995640638400687,53.64619949427628,-965.858117182117,0.0,,
SLICE,Z0,DLPC_R,-4.995640638400687,53.64619949427628,-965.858117182117,0.0,,
SLICE,Z0,POP_R,-4.995640638400687,53.64619949427628,-965.858117182117,0.0,,
SLICE,Z0,SOL_R,-4.995640638400687,53.64619949427628,-965.858117182117,0.0,,
SLICE,Z0,GAS_MED_R,-4.995640638400687,53.64619949427628,-965.858117182117,0.0,,
SLICE,Z0,GAS_LAT_R,-4.995640638400687,53.64619949427628,-965.858117182117,0.0,,
SLICE,Z0,TA_L,-4.995640638400687,53.64619949427628,-965.858117182117,0.0,,
SLICE,Z0,ED_L,-4.995640638400687,53.64619949427628,-965.858117182117,0.0,,
SLICE,Z0,PER_L,-4.995640638400687,53.64619949427628,-965.858117182117,0.0,,
SLICE,Z0,DLPC_L,-4.995640638400687,53.64619949427628,-965.858117182117,0.0,,
SLICE,Z0,POP_L,-4.995640638400687,53.64619949427628,-965.858117182117,0.0,,
SLICE,Z0,SOL_L,-4.995640638400687,53.64619949427628,-965.858117182117,0.0,,
SLICE,Z0,GAS_MED_L,-4.995640638400687,53.64619949427628,-965.858117182117,0.0,,
SLICE,Z0,GAS_LAT_L,-4.995640638400687,53.64619949427628,-965.858117182117,0.0,,
SLICE,Z1,TA_R,-4.991316471087885,53.69191177581895,-931.691729578954,0.0,,
SLICE,Z1,ED_R,-4.991316471087885,53.69191177581895,-931.691729578954,0.0,,
SLICE,Z1,PER_R,-4.991316471087885,53.69191177581895,-931.691729578954,0.0,,
SLICE,Z1,DLPC_R,-4.991316471087885,53.69191177581895,-931.691729578954,0.0,,
SLICE,Z1,POP_R,-4.991316471087885,53.69191177581895,-931.691729578954,0.0,,
SLICE,Z1,SOL_R,-4.991316471087885,53.69191177581895,-931.691729578954,0.0,,
SLICE,Z1,GAS_MED_R,-4.991316471087885,53.69191177581895,-931.691729578954,0.0,,
SLICE,Z1,GAS_LAT_R,-4.991316471087885,53.69191177581895,-931.691729578954,0.0,,
SLICE,Z1,TA_L,-4.991316471087885,53.69191177581895,-931.691729578954,0.0,,
SLICE,Z1,ED_L,-4.991316471087885,53.69191177581895,-931.691729578954,0.0,,
SLICE,Z1,PER_L,-4.991316471087885,53.69191177581895,-931.691729578954,0.0,,
SLICE,Z1,DLPC_L,-4.991316471087885,53.69191177581895,-931.691729578954,0.0,,
SLICE,Z1,POP_L,-4.991316471087885,53.69191177581895,-931.691729578954,0.0,,
SLICE,Z1,SOL_L,-4.991316471087885,53.69191177581895,-931.691729578954,0.0,,
SLICE,Z1,GAS_MED_L,-4.991316471087885,53.69191177581895,-931.691729578954,0.0,,
SLICE,Z1,GAS_LAT_L,-4.991316471087885,53.69191177581895,-931.691729578954,0.0,,
SLICE,Z2,TA_R,-4.986992303775054,53.73762405736162,-897.5253419757909,0.0,,
SLICE,Z2,ED_R,-4.986992303775054,53.73762405736162,-897.5253419757909,0.0,,
SLICE,Z2,PER_R,-4.986992303775054,53.73762405736162,-897.5253419757909,0.0,,
SLICE,Z2,DLPC_R,-4.986992303775054,53.73762405736162,-897.5253419757909,0.0,,
SLICE,Z2,POP_R,-4.986992303775054,53.73762405736162,-897.5253419757909,0.0,,
SLICE,Z2,SOL_R,-4.986992303775054,53.73762405736162,-897.5253419757909,0.0,,
SLICE,Z2,GAS_MED_R,-4.986992303775054,53.73762405736162,-897.5253419757909,0.0,,
SLICE,Z2,GAS_LAT_R,-4.986992303775054,53.73762405736162,-897.5253419757909,0.0,,
SLICE,Z2,TA_L,-4.986992303775054,53.73762405736162,-897.5253419757909,0.0,,
SLICE,Z2,ED_L,-4.986992303775054,53.73762405736162,-897.5253419757909,0.0,,
SLICE,Z2,PER_L,-4.986992303775054,53.73762405736162,-897.5253419757909,0.0,,
SLICE,Z2,DLPC_L,-4.986992303775054,53.73762405736162,-897.5253419757909,0.0,,
SLICE,Z2,POP_L,-4.986992303775054,53.73762405736162,-897.5253419757909,0.0,,
SLICE,Z2,SOL_L,-4.986992303775054,53.73762405736162,-897.5253419757909,0.0,,
SLICE,Z2,GAS_MED_L,-4.986992303775054,53.73762405736162,-897.5253419757909,0.0,,
SLICE,Z2,GAS_LAT_L,-4.986992303775054,53.73762405736162,-897.5253419757909,0.0,,
SLICE,Z3,TA_R,-4.982668136462252,53.78333633890429,-863.3589543726279,0.0,,
SLICE,Z3,ED_R,-4.982668136462252,53.78333633890429,-863.3589543726279,0.0,,
SLICE,Z3,PER_R,-4.982668136462252,53.78333633890429,-863.3589543726279,0.0,,
SLICE,Z3,DLPC_R,-4.982668136462252,53.78333633890429,-863.3589543726279,0.0,,
SLICE,Z3,POP_R,-4.982668136462252,53.78333633890429,-863.3589543726279,0.0,,
SLICE,Z3,SOL_R,-4.982668136462252,53.78333633890429,-863.3589543726279,0.0,,
SLICE,Z3,GAS_MED_R,-4.982668136462252,53.78333633890429,-863.3589543726279,0.0,,
SLICE,Z3,GAS_LAT_R,-4.982668136462252,53.78333633890429,-863.3589543726279,0.0,,
SLICE,Z3,TA_L,-4.982668136462252,53.78333633890429,-863.3589543726279,0.0,,
SLICE,Z3,ED_L,-4.982668136462252,53.78333633890429,-863.3589543726279,0.0,,
SLICE,Z3,PER_L,-4.982668136462252,53.78333633890429,-863.3589543726279,0.0,,
SLICE,Z3,DLPC_L,-4.982668136462252,53.78333633890429,-863.3589543726279,0.0,,
SLICE,Z3,POP_L,-4.982668136462252,53.78333633890429,-863.3589543726279,0.0,,
SLICE,Z3,SOL_L,-4.982668136462252,53.78333633890429,-863.3589543726279,0.0,,
SLICE,Z3,GAS_MED_L,-4.982668136462252,53.78333633890429,-863.3589543726279,0.0,,
SLICE,Z3,GAS_LAT_L,-4.982668136462252,53.78333633890429,-863.3589543726279,0.0,,
SLICE,Z4,TA_R,-4.978343969149421,53.82904862044696,-829.1925667694647,0.0,,
SLICE,Z4,ED_R,-4.978343969149421,53.82904862044696,-829.1925667694647,0.0,,
SLICE,Z4,PER_R,-4.978343969149421,53.82904862044696,-829.1925667694647,0.0,,
SLICE,Z4,DLPC_R,-4.978343969149421,53.82904862044696,-829.1925667694647,0.0,,
SLICE,Z4,POP_R,-4.978343969149421,53.82904862044696,-829.1925667694647,0.0,,
SLICE,Z4,SOL_R,-4.978343969149421,53.82904862044696,-829.1925667694647,0.0,,
SLICE,Z4,GAS_MED_R,-4.978343969149421,53.82904862044696,-829.1925667694647,0.0,,
SLICE,Z4,GAS_LAT_R,-4.978343969149421,53.82904862044696,-829.1925667694647,0.0,,
SLICE,Z4,TA_L,-4.978343969149421,53.82904862044696,-829.1925667694647,0.0,,
SLICE,Z4,ED_L,-4.978343969149421,53.82904862044696,-829.1925667694647,0.0,,
SLICE,Z4,PER_L,-4.978343969149421,53.82904862044696,-829.1925667694647,0.0,,
SLICE,Z4,DLPC_L,-4.978343969149421,53.82904862044696,-829.1925667694647,0.0,,
SLICE,Z4,POP_L,-4.978343969149421,53.82904862044696,-829.1925667694647,0.0,,
SLICE,Z4,SOL_L,-4.978343969149421,53.82904862044696,-829.1925667694647,0.0,,
SLICE,Z4,GAS_MED_L,-4.978343969149421,53.82904862044696,-829.1925667694647,0.0,,
SLICE,Z4,GAS_LAT_L,-4.978343969149421,53.82904862044696,-829.1925667694647,0.0,,
SLICE,Z5,TA_R,-4.974019801836619,53.87476090198963,-795.0261791663017,0.0,,
SLICE,Z5,ED_R,-4.974019801836619,53.87476090198963,-795.0261791663017,0.0,,
SLICE,Z5,PER_R,-4.974019801836619,53.87476090198963,-795.0261791663017,0.0,,
SLICE,Z5,DLPC_R,-4.974019801836619,53.87476090198963,-795.0261791663017,0.0,,
SLICE,Z5,POP_R,-4.974019801836619,53.87476090198963,-795.0261791663017,0.0,,
SLICE,Z5,SOL_R,-4.974019801836619,53.87476090198963,-795.0261791663017,0.0,,
SLICE,Z5,GAS_MED_R,-4.974019801836619,53.87476090198963,-795.0261791663017,0.0,,
SLICE,Z5,GAS_LAT_R,-4.974019801836619,53.87476090198963,-795.0261791663017,0.0,,
SLICE,Z5,TA_L,-4.974019801836619,53.87476090198963,-795.0261791663017,0.0,,
SLICE,Z5,ED_L,-4.974019801836619,53.87476090198963,-795.0261791663017,0.0,,
SLICE,Z5,PER_L,-4.974019801836619,53.87476090198963,-795.0261791663017,0.0,,
SLICE,Z5,DLPC_L,-4.974019801836619,53.87476090198963,-795.0261791663017,0.0,,
SLICE,Z5,POP_L,-4.974019801836619,53.87476090198963,-795.0261791663017,0.0,,
SLICE,Z5,SOL_L,-4.974019801836619,53.87476090198963,-795.0261791663017,0.0,,
SLICE,Z5,GAS_MED_L,-4.974019801836619,53.87476090198963,-795.0261791663017,0.0,,
SLICE,Z5,GAS_LAT_L,-4.974019801836619,53.87476090198963,-795.0261791663017,0.0,,
SLICE,Z6,TA_R,-4.969695634523788,53.920473183532295,-760.8597915631386,0.0,,
SLICE,Z6,ED_R,-4.969695634523788,53.920473183532295,-760.8597915631386,0.0,,
SLICE,Z6,PER_R,-4.969695634523788,53.920473183532295,-760.8597915631386,0.0,,
SLICE,Z6,DLPC_R,-4.969695634523788,53.920473183532295,-760.8597915631386,0.0,,
SLICE,Z6,POP_R,-4.969695634523788,53.920473183532295,-760.8597915631386,0.0,,
SLICE,Z6,SOL_R,-4.969695634523788,53.920473183532295,-760.8597915631386,0.0,,
SLICE,Z6,GAS_MED_R,-4.969695634523788,53.920473183532295,-760.8597915631386,0.0,,
SLICE,Z6,GAS_LAT_R,-4.969695634523788,53.920473183532295,-760.8597915631386,0.0,,
SLICE,Z6,TA_L,-4.969695634523788,53.920473183532295,-760.8597915631386,0.0,,
SLICE,Z6,ED_L,-4.969695634523788,53.920473183532295,-760.8597915631386,0.0,,
SLICE,Z6,PER_L,-4.969695634523788,53.920473183532295,-760.8597915631386,0.0,,
SLICE,Z6,DLPC_L,-4.969695634523788,53.920473183532295,-760.8597915631386,0.0,,
SLICE,Z6,POP_L,-4.969695634523788,53.920473183532295,-760.8597915631386,0.0,,
SLICE,Z6,SOL_L,-4.969695634523788,53.920473183532295,-760.8597915631386,0.0,,
SLICE,Z6,GAS_MED_L,-4.969695634523788,53.920473183532295,-760.8597915631386,0.0,,
SLICE,Z6,GAS_LAT_L,-4.969695634523788,53.920473183532295,-760.8597915631386,0.0,,
SLICE,Z7,TA_R,-4.965371467210986,53.966185465074965,-726.6934039599755,0.0,,
SLICE,Z7,ED_R,-4.965371467210986,53.966185465074965,-726.6934039599755,0.0,,
SLICE,Z7,PER_R,-4.965371467210986,53.966185465074965,-726.6934039599755,0.0,,
SLICE,Z7,DLPC_R,-4.965371467210986,53.966185465074965,-726.6934039599755,0.0,,
SLICE,Z7,POP_R,-4.965371467210986,53.966185465074965,-726.6934039599755,0.0,,
SLICE,Z7,SOL_R,-4.965371467210986,53.966185465074965,-726.6934039599755,0.0,,
SLICE,Z7,GAS_MED_R,-4.965371467210986,53.966185465074965,-726.6934039599755,0.0,,
SLICE,Z7,GAS_LAT_R,-4.965371467210986,53.966185465074965,-726.6934039599755,0.0,,
SLICE,Z7,TA_L,-4.965371467210986,53.966185465074965,-726.6934039599755,0.0,,
SLICE,Z7,ED_L,-4.965371467210986,53.966185465074965,-726.6934039599755,0.0,,
SLICE,Z7,PER_L,-4.965371467210986,53.966185465074965,-726.6934039599755,0.0,,
SLICE,Z7,DLPC_L,-4.965371467210986,53.966185465074965,-726.6934039599755,0.0,,
SLICE,Z7,POP_L,-4.965371467210986,53.966185465074965,-726.6934039599755,0.0,,
SLICE,Z7,SOL_L,-4.965371467210986,53.966185465074965,-726.6934039599755,0.0,,
SLICE,Z7,GAS_MED_L,-4.965371467210986,53.966185465074965,-726.6934039599755,0.0,,
SLICE,Z7,GAS_LAT_L,-4.965371467210986,53.966185465074965,-726.6934039599755,0.0,,
SLICE,Z8,TA_R,-4.961047299898155,54.011897746617635,-692.5270163568125,0.0,,
SLICE,Z8,ED_R,-4.961047299898155,54.011897746617635,-692.5270163568125,0.0,,
SLICE,Z8,PER_R,-4.961047299898155,54.011897746617635,-692.5270163568125,0.0,,
SLICE,Z8,DLPC_R,-4.961047299898155,54.011897746617635,-692.5270163568125,0.0,,
SLICE,Z8,POP_R,-4.961047299898155,54.011897746617635,-692.5270163568125,0.0,,
SLICE,Z8,SOL_R,-4.961047299898155,54.011897746617635,-692.5270163568125,0.0,,
SLICE,Z8,GAS_MED_R,-4.961047299898155,54.011897746617635,-692.5270163568125,0.0,,
SLICE,Z8,GAS_LAT_R,-4.961047299898155,54.011897746617635,-692.5270163568125,0.0,,
SLICE,Z8,TA_L,-4.961047299898155,54.011897746617635,-692.5270163568125,0.0,,
SLICE,Z8,ED_L,-4.961047299898155,54.011897746617635,-692.5270163568125,0.0,,
SLICE,Z8,PER_L,-4.961047299898155,54.011897746617635,-692.5270163568125,0.0,,
SLICE,Z8,DLPC_L,-4.961047299898155,54.011897746617635,-692.5270163568125,0.0,,
SLICE,Z8,POP_L,-4.961047299898155,54.011897746617635,-692.5270163568125,0.0,,
SLICE,Z8,SOL_L,-4.961047299898155,54.011897746617635,-692.5270163568125,0.0,,
SLICE,Z8,GAS_MED_L,-4.961047299898155,54.011897746617635,-692.5270163568125,0.0,,
SLICE,Z8,GAS_LAT_L,-4.961047299898155,54.011897746617635,-692.5270163568125,0.0,,
SLICE,Z9,TA_R,-4.956723132585353,54.057610028160305,-658.3606287536494,0.0,,
SLICE,Z9,ED_R,-4.956723132585353,54.057610028160305,-658.3606287536494,144.0,0.26648783597172443,"[[95.0, 28.5], [94.5, 29.0], [94.5, 30.0], [94.5, 31.0], [94.5, 32.0], [94.5, 33.0], [95.0, 33.5], [95.5, 34.0], [95.5, 35.0], [96.0, 35.5], [96.5, 36.0], [96.5, 37.0], [96.5, 38.0], [97.0, 38.5], [97.5, 39.0], [98.0, 39.5], [98.5, 40.0], [99.0, 40.5], [99.5, 41.0], [100.0, 41.5], [100.5, 42.0], [101.0, 42.5], [102.0, 42.5], [103.0, 42.5], [104.0, 42.5], [104.5, 42.0], [105.0, 41.5], [105.5, 41.0], [105.5, 40.0], [105.5, 39.0], [105.5, 38.0], [105.5, 37.0], [105.5, 36.0], [106.0, 35.5], [107.0, 35.5], [108.0, 35.5], [108.5, 35.0], [108.0, 34.5], [107.0, 34.5], [106.0, 34.5], [105.0, 34.5], [104.0, 34.5], [103.5, 34.0], [104.0, 33.5], [105.0, 33.5], [106.0, 33.5], [107.0, 33.5], [108.0, 33.5], [109.0, 33.5], [110.0, 33.5], [110.5, 33.0], [110.0, 32.5], [109.5, 32.0], [109.0, 31.5], [108.0, 31.5], [107.5, 31.0], [107.0, 30.5], [106.5, 30.0], [106.0, 29.5], [105.0, 29.5], [104.0, 29.5], [103.0, 29.5], [102.5, 29.0], [102.0, 28.5], [101.0, 28.5], [100.0, 28.5], [99.0, 28.5], [98.0, 28.5], [97.0, 28.5], [96.0, 28.5]]"
SLICE,Z9,PER_R,-4.956723132585353,54.057610028160305,-658.3606287536494,420.0,0.26551231380573265,"[[60.0, 56.5], [59.5, 57.0], [59.5, 58.0], [59.5, 59.0], [59.5, 60.0], [59.5, 61.0], [59.5, 62.0], [59.5, 63.0], [59.5, 64.0], [59.5, 65.0], [59.5, 66.0], [59.5, 67.0], [60.0, 67.5], [60.5, 68.0], [61.0, 68.5], [62.0, 68.5], [63.0, 68.5], [63.5, 69.0], [64.0, 69.5], [64.5, 70.0], [64.5, 71.0], [65.0, 71.5], [66.0, 71.5], [67.0, 71.5], [67.5, 72.0], [68.0, 72.5], [69.0, 72.5], [70.0, 72.5], [70.5, 72.0], [71.0, 71.5], [72.0, 71.5], [73.0, 71.5], [73.5, 71.0], [74.0, 70.5], [75.0, 70.5], [75.5, 70.0], [75.5, 69.0], [76.0, 68.5], [77.0, 68.5], [77.5, 68.0], [77.5, 67.0], [77.5, 66.0], [77.5, 65.0], [77.5, 64.0], [77.5, 63.0], [77.5, 62.0], [77.0, 61.5], [76.5, 61.0], [76.0, 60.5], [75.5, 60.0], [75.5, 59.0], [75.0, 58.5], [74.0, 58.5], [73.5, 58.0], [73.0, 57.5], [72.0, 57.5], [71.5, 58.0], [71.0, 58.5], [70.5, 58.0], [70.0, 57.5], [69.0, 57.5], [68.5, 57.0], [68.0, 56.5], [67.5, 56.0], [67.0, 55.5], [66.5, 55.0], [66.0, 54.5], [65.0, 54.5], [64.0, 54.5], [63.5, 55.0], [63.0, 55.5], [62.0, 55.5], [61.0, 55.5], [60.5, 56.0]]"
SLICE,Z9,DLPC_R,-4.956723132585353,54.057610028160305,-658.3606287536494,15.0,0.054308350423927135,"[[103.0, 51.5], [102.5, 52.0], [102.5, 53.0], [102.5, 54.0], [102.5, 55.0], [103.0, 55.5], [104.0, 55.5], [105.0, 55.5], [105.5, 55.0], [105.5, 54.0], [105.5, 53.0], [105.5, 52.0], [105.5, 51.0], [105.5, 50.0], [105.5, 49.0], [105.0, 48.5], [104.5, 49.0], [104.5, 50.0], [104.5, 51.0], [104.0, 51.5]]"
SLICE,Z9,POP_R,-4.956723132585353,54.057610028160305,-658.3606287536494,67.0,0.14755844209607172,"[[100.0, 59.5], [99.5, 60.0], [99.5, 61.0], [99.5, 62.0], [99.5, 63.0], [99.5, 64.0], [99.5, 65.0], [100.0, 65.5], [101.0, 65.5], [102.0, 65.5], [102.5, 65.0], [103.0, 64.5], [103.5, 64.0], [104.0, 63.5], [105.0, 63.5], [105.5, 63.0], [106.0, 62.5], [106.5, 62.0], [107.0, 61.5], [107.5, 61.0], [107.5, 60.0], [107.5, 59.0], [107.5, 58.0], [107.5, 57.0], [107.5, 56.0], [107.0, 55.5], [106.5, 55.0], [106.0, 54.5], [105.5, 55.0], [105.0, 55.5], [104.0, 55.5], [103.0, 55.5], [102.5, 56.0], [102.0, 56.5], [101.5, 57.0], [101.5, 58.0], [101.0, 58.5], [100.5, 59.0]]"
SLICE,Z9,SOL_R,-4.956723132585353,54.057610028160305,-658.3606287536494,1.0,0.09269293171995788,"[[121.0, 62.5], [120.5, 63.0], [121.0, 63.5], [121.5, 63.0]]"
SLICE,Z9,GAS_MED_R,-4.956723132585353,54.057610028160305,-658.3606287536494,531.0,0.29754053808811837,"[[94.0, 87.5], [93.5, 88.0], [93.5, 89.0], [93.5, 90.0], [93.5, 91.0], [93.5, 92.0], [93.5, 93.0], [94.0, 93.5], [94.5, 94.0], [94.5, 95.0], [94.5, 96.0], [94.5, 97.0], [94.5, 98.0], [95.0, 98.5], [95.5, 99.0], [96.0, 99.5], [96.5, 100.0], [97.0, 100.5], [97.5, 101.0], [98.0, 101.5], [98.5, 102.0], [99.0, 102.5], [99.5, 103.0], [100.0, 103.5], [101.0, 103.5], [102.0, 103.5], [103.0, 103.5], [104.0, 103.5], [105.0, 103.5], [106.0, 103.5], [107.0, 103.5], [108.0, 103.5], [109.0, 103.5], [109.5, 103.0], [110.0, 102.5], [110.5, 102.0], [110.5, 101.0], [111.0, 100.5], [112.0, 100.5], [112.5, 100.0], [113.0, 99.5], [114.0, 99.5], [115.0, 99.5], [115.5, 99.0], [116.0, 98.5], [117.0, 98.5], [117.5, 98.0], [117.5, 97.0], [118.0, 96.5], [118.5, 96.0], [119.0, 95.5], [119.5, 95.0], [119.5, 94.0], [119.5, 93.0], [119.5, 92.0], [119.5, 91.0], [119.5, 90.0], [119.5, 89.0], [119.0, 88.5], [118.5, 88.0], [118.0, 87.5], [117.5, 87.0], [117.5, 86.0], [117.0, 85.5], [116.5, 85.0], [116.5, 84.0], [116.5, 83.0], [116.5, 82.0], [116.0, 81.5], [115.5, 81.0], [115.5, 80.0], [115.0, 79.5], [114.5, 79.0], [114.0, 78.5], [113.0, 78.5], [112.5, 78.0], [112.0, 77.5], [111.5, 77.0], [111.0, 76.5], [110.0, 76.5], [109.0, 76.5], [108.0, 76.5], [107.0, 76.5], [106.5, 77.0], [106.0, 77.5], [105.0, 77.5], [104.0, 77.5], [103.0, 77.5], [102.0, 77.5], [101.5, 78.0], [101.5, 79.0], [101.0, 79.5], [100.0, 79.5], [99.5, 80.0], [99.5, 81.0], [99.5, 82.0], [99.0, 82.5], [98.0, 82.5], [97.5, 83.0], [97.0, 83.5], [96.5, 84.0], [96.0, 84.5], [95.0, 84.5], [94.5, 85.0], [94.5, 86.0], [94.5, 87.0]]"
SLICE,Z9,GAS_LAT_R,-4.956723132585353,54.057610028160305,-658.3606287536494,0.0,,
SLICE,Z9,TA_L,-4.956723132585353,54.057610028160305,-658.3606287536494,0.0,,
SLICE,Z9,ED_L,-4.956723132585353,54.057610028160305,-658.3606287536494,163.0,0.20231279241170624,"[[207.0, 0.0], [206.5, 0.0], [206.5, 0.0], [207.0, 0.0], [208.0, 0.0], [209.0, 0.0], [210.0, 0.0], [211.0, 0.0], [211.5, 0.0], [211.5, 0.0], [212.0, 0.0], [212.5, 0.0], [212.5, 0.0], [212.0, 0.0], [211.5, 0.0], [212.0, 0.0], [212.5, 0.0], [213.0, 0.0], [213.5, 0.0], [214.0, 0.0], [214.5, 0.0], [215.0, 0.0], [216.0, 0.0], [217.0, 0.0], [217.5, 0.0], [218.0, 0.0], [218.5, 0.0], [219.0, 0.0], [219.5, 0.0], [220.0, 0.0], [220.5, 0.0], [220.5, 0.0], [221.0, 0.0], [221.5, 0.0], [222.0, 0.0], [222.5, 0.0], [222.5, 0.0], [223.0, 0.0], [223.5, 0.0], [223.5, 0.0], [224.0, 0.0], [224.5, 0.0], [224.5, 0.0], [225.0, 0.0], [225.5, 0.0], [225.5, 0.0], [225.5, 0.0], [225.0, 0.0], [224.0, 0.0], [223.0, 0.0], [222.0, 0.0], [221.0, 0.0], [220.0, 0.0], [219.0, 0.0], [218.0, 0.0], [217.5, 0.0], [217.0, 0.0], [216.0, 0.0], [215.0, 0.0], [214.0, 0.0], [213.5, 0.0], [213.0, 0.0], [212.0, 0.0], [211.5, 0.0], [211.0, 0.0], [210.0, 0.0], [209.5, 0.0], [209.0, 0.0], [208.0, 0.0], [207.5, 0.0]]"
SLICE,Z9,PER_L,-4.956723132585353,54.057610028160305,-658.3606287536494,330.0,0.4169798095143144,"[[237.0, 0.0], [236.5, 0.0], [236.5, 0.0], [236.5, 0.0], [236.5, 0.0], [236.5, 0.0], [236.5, 0.0], [236.5, 0.0], [236.5, 0.0], [236.5, 0.0], [236.5, 0.0], [236.5, 0.0], [236.5, 0.0], [237.0, 0.0], [237.5, 0.0], [237.5, 0.0], [237.5, 0.0], [238.0, 0.0], [239.0, 0.0], [239.5, 0.0], [239.5, 0.0], [239.5, 0.0], [240.0, 0.0], [241.0, 0.0], [242.0, 0.0], [243.0, 0.0], [244.0, 0.0], [245.0, 0.0], [245.5, 0.0], [246.0, 0.0], [246.5, 0.0], [247.0, 0.0], [247.5, 0.0], [248.0, 0.0], [248.5, 0.0], [249.0, 0.0], [249.5, 0.0], [250.0, 0.0], [250.5, 0.0], [250.5, 0.0], [250.5, 0.0], [250.5, 0.0], [251.0, 0.0], [251.5, 0.0], [251.5, 0.0], [252.0, 0.0], [252.5, 0.0], [252.5, 0.0], [252.5, 0.0], [252.5, 0.0], [252.5, 0.0], [252.5, 0.0], [252.5, 0.0], [252.0, 0.0], [251.5, 0.0], [251.0, 0.0], [250.5, 0.0], [250.0, 0.0], [249.0, 0.0], [248.5, 0.0], [248.0, 0.0], [247.0, 0.0], [246.0, 0.0], [245.5, 0.0], [245.0, 0.0], [244.0, 0.0], [243.0, 0.0], [242.0, 0.0], [241.0, 0.0], [240.0, 0.0], [239.5, 0.0], [239.0, 0.0], [238.0, 0.0], [237.5, 0.0]]"
SLICE,Z9,DLPC_L,-4.956723132585353,54.057610028160305,-658.3606287536494,6.0,0.4114477683591222,"[[242.0, 0.0], [241.5, 0.0], [241.5, 0.0], [241.5, 0.0], [242.0, 0.0], [243.0, 0.0], [243.5, 0.0], [243.5, 0.0], [243.5, 0.0], [243.0, 0.0]]"
SLICE,Z9,POP_L,-4.956723132585353,54.057610028160305,-658.3606287536494,42.0,0.05589513164778151,"[[215.0, 0.0], [214.5, 0.0], [214.5, 0.0], [214.5, 0.0], [214.5, 0.0], [214.5, 0.0], [214.5, 0.0], [214.5, 0.0], [215.0, 0.0], [215.5, 0.0], [216.0, 0.0], [217.0, 0.0], [218.0, 0.0], [219.0, 0.0], [219.5, 0.0], [220.0, 0.0], [220.5, 0.0], [220.5, 0.0], [220.5, 0.0], [220.5, 0.0], [220.0, 0.0], [219.5, 0.0], [219.0, 0.0], [218.5, 0.0], [218.0, 0.0], [217.5, 0.0], [217.5, 0.0], [217.0, 0.0], [216.0, 0.0], [215.5, 0.0]]"
SLICE,Z9,SOL_L,-4.956723132585353,54.057610028160305,-658.3606287536494,0.0,,
SLICE,Z9,GAS_MED_L,-4.956723132585353,54.057610028160305,-658.3606287536494,0.0,,
SLICE,Z9,GAS_LAT_L,-4.956723132585353,54.057610028160305,-658.3606287536494,0.0,,
SLICE,Z10,TA_R,-4.952398965272522,54.103322309702975,-624.1942411504863,187.0,0.5422399881752535,"[[54.0, 47.5], [53.5, 48.0], [53.5, 49.0], [53.5, 50.0], [53.5, 51.0], [54.0, 51.5], [55.0, 51.5], [55.5, 51.0], [55.5, 50.0], [55.5, 49.0], [56.0, 48.5], [57.0, 48.5], [58.0, 48.5], [58.5, 48.0], [58.5, 47.0], [59.0, 46.5], [60.0, 46.5], [60.5, 47.0], [61.0, 47.5], [62.0, 47.5], [62.5, 47.0], [62.0, 46.5], [61.0, 46.5], [60.5, 46.0], [61.0, 45.5], [62.0, 45.5], [63.0, 45.5], [63.5, 46.0], [63.5, 47.0], [63.5, 48.0], [63.5, 49.0], [64.0, 49.5], [64.5, 50.0], [64.5, 51.0], [65.0, 51.5], [65.5, 51.0], [66.0, 50.5], [66.5, 51.0], [67.0, 51.5], [68.0, 51.5], [69.0, 51.5], [70.0, 51.5], [71.0, 51.5], [72.0, 51.5], [73.0, 51.5], [73.5, 51.0], [73.5, 50.0], [73.5, 49.0], [74.0, 48.5], [75.0, 48.5], [75.5, 48.0], [75.5, 47.0], [75.5, 46.0], [75.0, 45.5], [74.0, 45.5], [73.5, 45.0], [73.5, 44.0], [73.5, 43.0], [73.0, 42.5], [72.0, 42.5], [71.0, 42.5], [70.5, 42.0], [70.5, 41.0], [70.5, 40.0], [70.5, 39.0], [70.0, 38.5], [69.0, 38.5], [68.5, 38.0], [68.0, 37.5], [67.0, 37.5], [66.0, 37.5], [65.0, 37.5], [64.0, 37.5], [63.0, 37.5], [62.5, 38.0], [62.0, 38.5], [61.5, 39.0], [61.0, 39.5], [60.5, 40.0], [60.0, 40.5], [59.0, 40.5], [58.5, 41.0], [58.0, 41.5], [57.5, 42.0], [57.5, 43.0], [57.0, 43.5], [56.5, 44.0], [56.0, 44.5], [55.5, 45.0], [55.0, 45.5], [54.5, 46.0], [54.5, 47.0]]"
SLICE,Z10,ED_R,-4.952398965272522,54.103322309702975,-624.1942411504863,269.0,0.34003273072939927,"[[90.0, 30.5], [89.5, 31.0], [89.5, 32.0], [89.5, 33.0], [89.5, 34.0], [89.5, 35.0], [89.5, 36.0], [90.0, 36.5], [90.5, 37.0], [91.0, 37.5], [91.5, 38.0], [92.0, 38.5], [93.0, 38.5], [93.5, 39.0], [94.0, 39.5], [94.5, 40.0], [95.0, 40.5], [96.0, 40.5], [96.5, 41.0], [97.0, 41.5], [98.0, 41.5], [99.0, 41.5], [99.5, 42.0], [100.0, 42.5], [101.0, 42.5], [102.0, 42.5], [103.0, 42.5], [103.5, 42.0], [104.0, 41.5], [104.5, 42.0], [105.0, 42.5], [106.0, 42.5], [106.5, 42.0], [106.5, 41.0], [106.0, 40.5], [105.5, 40.0], [105.5, 39.0], [105.5, 38.0], [105.0, 37.5], [104.5, 37.0], [105.0, 36.5], [106.0, 36.5], [106.5, 36.0], [107.0, 35.5], [108.0, 35.5], [109.0, 35.5], [110.0, 35.5], [110.5, 35.0], [111.0, 34.5], [112.0, 34.5], [112.5, 34.0], [112.5, 33.0], [112.0, 32.5], [111.5, 32.0], [111.0, 31.5], [110.5, 31.0], [110.0, 30.5], [109.0, 30.5], [108.0, 30.5], [107.5, 30.0], [107.0, 29.5], [106.0, 29.5], [105.5, 29.0], [105.0, 28.5], [104.0, 28.5], [103.0, 28.5], [102.0, 28.5], [101.0, 28.5], [100.0, 28.5], [99.0, 28.5], [98.0, 28.5], [97.5, 28.0], [97.0, 27.5], [96.0, 27.5], [95.5, 28.0], [95.0, 28.5], [94.0, 28.5], [93.0, 28.5], [92.0, 28.5], [91.5, 29.0], [91.0, 29.5], [90.5, 30.0]]"
SLICE,Z10,PER_R,-4.952398965272522,54.103322309702975,-624.1942411504863,399.0,0.05835047568183967,"[[57.0, 65.5], [56.5, 66.0], [56.5, 67.0], [56.5, 68.0], [57.0, 68.5], [57.5, 69.0], [57.5, 70.0], [58.0, 70.5], [58.5, 71.0], [58.5, 72.0], [59.0, 72.5], [59.5, 73.0], [59.5, 74.0], [60.0, 74.5], [61.0, 74.5], [61.5, 75.0], [62.0, 75.5], [63.0, 75.5], [63.5, 76.0], [64.0, 76.5], [65.0, 76.5], [66.0, 76.5], [67.0, 76.5], [68.0, 76.5], [68.5, 77.0], [68.5, 78.0], [68.5, 79.0], [68.5, 80.0], [68.5, 81.0], [68.5, 82.0], [69.0, 82.5], [69.5, 83.0], [70.0, 83.5], [71.0, 83.5], [72.0, 83.5], [72.5, 83.0], [72.5, 82.0], [73.0, 81.5], [73.5, 82.0], [73.5, 83.0], [74.0, 83.5], [75.0, 83.5], [76.0, 83.5], [77.0, 83.5], [77.5, 83.0], [77.5, 82.0], [78.0, 81.5], [78.5, 82.0], [79.0, 82.5], [79.5, 82.0], [79.5, 81.0], [80.0, 80.5], [80.5, 80.0], [80.5, 79.0], [80.5, 78.0], [80.0, 77.5], [79.5, 77.0], [79.0, 76.5], [78.5, 76.0], [79.0, 75.5], [79.5, 75.0], [79.0, 74.5], [78.5, 74.0], [78.5, 73.0], [78.0, 72.5], [77.5, 72.0], [77.5, 71.0], [77.5, 70.0], [77.5, 69.0], [77.5, 68.0], [77.5, 67.0], [77.5, 66.0], [77.0, 65.5], [76.0, 65.5], [75.5, 65.0], [76.0, 64.5], [76.5, 64.0], [76.0, 63.5], [75.0, 63.5], [74.5, 63.0], [74.5, 62.0], [75.0, 61.5], [76.0, 61.5], [76.5, 61.0], [76.5, 60.0], [76.0, 59.5], [75.5, 59.0], [75.5, 58.0], [75.0, 57.5], [74.5, 57.0], [74.0, 56.5], [73.0, 56.5], [72.0, 56.5], [71.5, 57.0], [71.0, 57.5], [70.0, 57.5], [69.5, 58.0], [69.5, 59.0], [69.5, 60.0], [69.5, 61.0], [69.0, 61.5], [68.5, 62.0], [68.0, 62.5], [67.0, 62.5], [66.0, 62.5], [65.5, 62.0], [65.0, 61.5], [64.0, 61.5], [63.0, 61.5], [62.0, 61.5], [61.5, 62.0], [61.0, 62.5], [60.5, 62.0], [60.5, 61.0], [60.5, 60.0], [61.0, 59.5], [62.0, 59.5], [62.5, 59.0], [63.0, 58.5], [64.0, 58.5], [65.0, 58.5], [65.5, 59.0], [66.0, 59.5], [67.0, 59.5], [67.5, 59.0], [67.5, 58.0], [67.0, 57.5], [66.0, 57.5], [65.0, 57.5], [64.0, 57.5], [63.0, 57.5], [62.5, 57.0], [62.5, 56.0], [63.0, 55.5], [63.5, 55.0], [63.0, 54.5], [62.5, 55.0], [62.0, 55.5], [61.5, 56.0], [61.0, 56.5], [60.5, 57.0], [60.5, 58.0], [60.5, 59.0], [60.0, 59.5], [59.0, 59.5], [58.5, 60.0], [58.5, 61.0], [59.0, 61.5], [59.5, 62.0], [60.0, 62.5], [60.5, 63.0], [60.0, 63.5], [59.5, 64.0], [59.0, 64.5], [58.0, 64.5], [57.5, 65.0]]"
SLICE,Z10,DLPC_R,-4.952398965272522,54.103322309702975,-624.1942411504863,164.0,0.3695925488216355,"[[90.0, 64.5], [89.5, 65.0], [89.5, 66.0], [89.5, 67.0], [90.0, 67.5], [90.5, 68.0], [91.0, 68.5], [92.0, 68.5], [92.5, 69.0], [92.5, 70.0], [92.5, 71.0], [93.0, 71.5], [94.0, 71.5], [95.0, 71.5], [95.5, 72.0], [96.0, 72.5], [97.0, 72.5], [98.0, 72.5], [99.0, 72.5], [99.5, 72.0], [100.0, 71.5], [100.5, 71.0], [100.0, 70.5], [99.0, 70.5], [98.0, 70.5], [97.0, 70.5], [96.5, 71.0], [96.0, 71.5], [95.5, 71.0], [95.0, 70.5], [94.0, 70.5], [93.5, 70.0], [93.5, 69.0], [93.5, 68.0], [93.5, 67.0], [93.5, 66.0], [93.5, 65.0], [93.5, 64.0], [93.5, 63.0], [94.0, 62.5], [94.5, 62.0], [95.0, 61.5], [95.5, 61.0], [96.0, 60.5], [97.0, 60.5], [98.0, 60.5], [98.5, 60.0], [98.5, 59.0], [99.0, 58.5], [100.0, 58.5], [101.0, 58.5], [102.0, 58.5], [102.5, 59.0], [102.5, 60.0], [103.0, 60.5], [103.5, 60.0], [103.5, 59.0], [104.0, 58.5], [105.0, 58.5], [105.5, 58.0], [105.5, 57.0], [105.5, 56.0], [105.5, 55.0], [105.5, 54.0], [105.5, 53.0], [105.5, 52.0], [106.0, 51.5], [106.5, 51.0], [107.0, 50.5], [107.5, 50.0], [107.5, 49.0], [107.5, 48.0], [107.0, 47.5], [106.5, 47.0], [106.0, 46.5], [105.5, 46.0], [105.5, 45.0], [105.0, 44.5], [104.5, 44.0], [104.0, 43.5], [103.5, 43.0], [103.0, 42.5], [102.0, 42.5], [101.0, 42.5], [100.0, 42.5], [99.0, 42.5], [98.0, 42.5], [97.5, 43.0], [97.5, 44.0], [97.0, 44.5], [96.5, 45.0], [97.0, 45.5], [97.5, 46.0], [97.5, 47.0], [98.0, 47.5], [98.5, 48.0], [99.0, 48.5], [99.5, 49.0], [99.5, 50.0], [99.5, 51.0], [99.5, 52.0], [99.5, 53.0], [99.0, 53.5], [98.5, 54.0], [98.5, 55.0], [98.0, 55.5], [97.5, 56.0], [97.5, 57.0], [97.5, 58.0], [97.0, 58.5], [96.5, 59.0], [96.0, 59.5], [95.0, 59.5], [94.5, 60.0], [94.5, 61.0], [94.0, 61.5], [93.5, 62.0], [93.0, 62.5], [92.5, 63.0], [92.0, 63.5], [91.5, 64.0], [91.0, 64.5]]"
SLICE,Z10,POP_R,-4.952398965272522,54.103322309702975,-624.1942411504863,155.0,0.3222990246718705,"[[94.0, 62.5], [93.5, 63.0], [93.5, 64.0], [93.5, 65.0], [93.5, 66.0], [93.5, 67.0], [93.5, 68.0], [93.5, 69.0], [93.5, 70.0], [94.0, 70.5], [95.0, 70.5], [95.5, 71.0], [96.0, 71.5], [96.5, 71.0], [97.0, 70.5], [98.0, 70.5], [99.0, 70.5], [100.0, 70.5], [101.0, 70.5], [102.0, 70.5], [102.5, 70.0], [102.5, 69.0], [102.0, 68.5], [101.0, 68.5], [100.5, 68.0], [101.0, 67.5], [101.5, 67.0], [102.0, 66.5], [102.5, 66.0], [102.0, 65.5], [101.5, 65.0], [102.0, 64.5], [102.5, 64.0], [103.0, 63.5], [103.5, 63.0], [104.0, 62.5], [104.5, 62.0], [105.0, 61.5], [105.5, 61.0], [105.5, 60.0], [105.5, 59.0], [105.0, 58.5], [104.0, 58.5], [103.5, 59.0], [103.5, 60.0], [103.0, 60.5], [102.5, 60.0], [102.5, 59.0], [102.0, 58.5], [101.0, 58.5], [100.0, 58.5], [99.0, 58.5], [98.5, 59.0], [98.5, 60.0], [98.0, 60.5], [97.0, 60.5], [96.0, 60.5], [95.5, 61.0], [95.0, 61.5], [94.5, 62.0]]"
SLICE,Z10,SOL_R,-4.952398965272522,54.103322309702975,-624.1942411504863,771.0,0.2903613482023411,"[[70.0, 83.5], [69.5, 84.0], [69.5, 85.0], [69.5, 86.0], [70.0, 86.5], [70.5, 87.0], [71.0, 87.5], [71.5, 88.0], [72.0, 88.5], [72.5, 89.0], [72.5, 90.0], [73.0, 90.5], [73.5, 91.0], [74.0, 91.5], [74.5, 92.0], [75.0, 92.5], [75.5, 93.0], [76.0, 93.5], [77.0, 93.5], [78.0, 93.5], [78.5, 93.0], [78.5, 92.0], [79.0, 91.5], [80.0, 91.5], [81.0, 91.5], [82.0, 91.5], [83.0, 91.5], [83.5, 91.0], [84.0, 90.5], [84.5, 90.0], [85.0, 89.5], [85.5, 89.0], [85.5, 88.0], [85.5, 87.0], [85.5, 86.0], [85.5, 85.0], [86.0, 84.5], [86.5, 84.0], [87.0, 83.5], [87.5, 84.0], [88.0, 84.5], [88.5, 85.0], [88.5, 86.0], [89.0, 86.5], [90.0, 86.5], [90.5, 87.0], [90.0, 87.5], [89.5, 88.0], [89.5, 89.0], [89.5, 90.0], [89.5, 91.0], [90.0, 91.5], [91.0, 91.5], [92.0, 91.5], [93.0, 91.5], [93.5, 91.0], [93.0, 90.5], [92.0, 90.5], [91.5, 90.0], [91.5, 89.0], [92.0, 88.5], [92.5, 88.0], [93.0, 87.5], [93.5, 87.0], [94.0, 86.5], [95.0, 86.5], [96.0, 86.5], [96.5, 86.0], [96.5, 85.0], [96.0, 84.5], [95.5, 84.0], [96.0, 83.5], [97.0, 83.5], [97.5, 83.0], [98.0, 82.5], [98.5, 82.0], [99.0, 81.5], [100.0, 81.5], [101.0, 81.5], [102.0, 81.5], [102.5, 82.0], [102.5, 83.0], [103.0, 83.5], [104.0, 83.5], [105.0, 83.5], [106.0, 83.5], [107.0, 83.5], [107.5, 83.0], [108.0, 82.5], [108.5, 83.0], [109.0, 83.5], [110.0, 83.5], [111.0, 83.5], [112.0, 83.5], [112.5, 84.0], [112.0, 84.5], [111.0, 84.5], [110.5, 85.0], [110.0, 85.5], [109.0, 85.5], [108.0, 85.5], [107.0, 85.5], [106.0, 85.5], [105.0, 85.5], [104.0, 85.5], [103.0, 85.5], [102.0, 85.5], [101.5, 86.0], [102.0, 86.5], [103.0, 86.5], [104.0, 86.5], [105.0, 86.5], [106.0, 86.5], [107.0, 86.5], [108.0, 86.5], [109.0, 86.5], [110.0, 86.5], [111.0, 86.5], [112.0, 86.5], [113.0, 86.5], [114.0, 86.5], [114.5, 86.0], [115.0, 85.5], [115.5, 85.0], [115.0, 84.5], [114.0, 84.5], [113.5, 84.0], [114.0, 83.5], [115.0, 83.5], [115.5, 83.0], [115.5, 82.0], [115.5, 81.0], [115.5, 80.0], [115.0, 79.5], [114.0, 79.5], [113.5, 79.0], [113.5, 78.0], [113.5, 77.0], [113.0, 76.5], [112.5, 76.0], [112.0, 75.5], [111.0, 75.5], [110.5, 75.0], [110.5, 74.0], [111.0, 73.5], [112.0, 73.5], [113.0, 73.5], [114.0, 73.5], [115.0, 73.5], [115.5, 73.0], [116.0, 72.5], [116.5, 72.0], [117.0, 71.5], [118.0, 71.5], [118.5, 71.0], [118.5, 70.0], [119.0, 69.5], [119.5, 69.0], [120.0, 68.5], [120.5, 68.0], [121.0, 67.5], [121.5, 67.0], [122.0, 66.5], [122.5, 66.0], [123.0, 65.5], [123.5, 65.0], [123.5, 64.0], [124.0, 63.5], [125.0, 63.5], [125.5, 63.0], [125.5, 62.0], [125.5, 61.0], [125.5, 60.0], [125.5, 59.0], [125.5, 58.0], [125.5, 57.0], [125.5, 56.0], [125.5, 55.0], [125.5, 54.0], [125.5, 53.0], [125.5, 52.0], [125.0, 51.5], [124.5, 51.0], [124.5, 50.0], [124.0, 49.5], [123.5, 49.0], [123.5, 48.0], [123.5, 47.0], [123.0, 46.5], [122.5, 46.0], [122.0, 45.5], [121.0, 45.5], [120.0, 45.5], [119.5, 46.0], [119.5, 47.0], [119.0, 47.5], [118.0, 47.5], [117.0, 47.5], [116.0, 47.5], [115.5, 47.0], [115.0, 46.5], [114.5, 47.0], [114.0, 47.5], [113.0, 47.5], [112.5, 48.0], [112.5, 49.0], [112.5, 50.0], [112.5, 51.0], [112.5, 52.0], [113.0, 52.5], [113.5, 53.0], [113.5, 54.0], [113.5, 55.0], [113.0, 55.5], [112.5, 56.0], [112.5, 57.0], [112.5, 58.0], [112.5, 59.0], [112.0, 59.5], [111.0, 59.5], [110.0, 59.5], [109.5, 60.0], [109.0, 60.5], [108.5, 61.0], [108.0, 61.5], [107.5, 62.0], [107.0, 62.5], [106.0, 62.5], [105.0, 62.5], [104.0, 62.5], [103.5, 63.0], [103.0, 63.5], [102.5, 64.0], [102.0, 64.5], [101.5, 65.0], [102.0, 65.5], [102.5, 66.0], [102.0, 66.5], [101.5, 67.0], [101.0, 67.5], [100.5, 68.0], [101.0, 68.5], [102.0, 68.5], [102.5, 69.0], [102.5, 70.0], [102.0, 70.5], [101.0, 70.5], [100.5, 71.0], [101.0, 71.5], [102.0, 71.5], [102.5, 72.0], [102.5, 73.0], [103.0, 73.5], [104.0, 73.5], [105.0, 73.5], [106.0, 73.5], [107.0, 73.5], [107.5, 74.0], [107.0, 74.5], [106.5, 75.0], [106.0, 75.5], [105.0, 75.5], [104.0, 75.5], [103.5, 76.0], [103.0, 76.5], [102.5, 77.0], [102.0, 77.5], [101.5, 78.0], [101.0, 78.5], [100.0, 78.5], [99.0, 78.5], [98.0, 78.5], [97.5, 79.0], [97.0, 79.5], [96.0, 79.5], [95.0, 79.5], [94.5, 80.0], [94.0, 80.5], [93.0, 80.5], [92.0, 80.5], [91.5, 81.0], [91.0, 81.5], [90.5, 82.0], [90.0, 82.5], [89.0, 82.5], [88.0, 82.5], [87.0, 82.5], [86.5, 82.0], [86.5, 81.0], [87.0, 80.5], [87.5, 80.0], [87.5, 79.0], [87.5, 78.0], [88.0, 77.5], [88.5, 77.0], [88.5, 76.0], [88.5, 75.0], [88.5, 74.0], [88.5, 73.0], [89.0, 72.5], [89.5, 72.0], [89.5, 71.0], [89.0, 70.5], [88.5, 70.0], [88.5, 69.0], [88.0, 68.5], [87.0, 68.5], [86.5, 69.0], [86.0, 69.5], [85.0, 69.5], [84.0, 69.5], [83.0, 69.5], [82.5, 70.0], [82.0, 70.5], [81.5, 71.0], [81.0, 71.5], [80.5, 72.0], [80.0, 72.5], [79.0, 72.5], [78.5, 73.0], [78.5, 74.0], [79.0, 74.5], [79.5, 75.0], [79.0, 75.5], [78.5, 76.0], [79.0, 76.5], [79.5, 77.0], [80.0, 77.5], [80.5, 78.0], [80.5, 79.0], [80.5, 80.0], [80.0, 80.5], [79.5, 81.0], [80.0, 81.5], [81.0, 81.5], [81.5, 82.0], [82.0, 82.5], [82.5, 83.0], [82.5, 84.0], [83.0, 84.5], [83.5, 85.0], [83.0, 85.5], [82.0, 85.5], [81.5, 86.0], [82.0, 86.5], [83.0, 86.5], [83.5, 87.0], [83.5, 88.0], [83.5, 89.0], [83.5, 90.0], [83.0, 90.5], [82.0, 90.5], [81.0, 90.5], [80.0, 90.5], [79.0, 90.5], [78.5, 90.0], [78.0, 89.5], [77.5, 89.0], [77.0, 88.5], [76.5, 88.0], [76.5, 87.0], [76.5, 86.0], [76.0, 85.5], [75.5, 85.0], [75.5, 84.0], [75.0, 83.5], [74.0, 83.5], [73.5, 83.0], [73.5, 82.0], [73.0, 81.5], [72.5, 82.0], [72.5, 83.0], [72.0, 83.5], [71.0, 83.5]]"
SLICE,Z10,GAS_MED_R,-4.952398965272522,54.103322309702975,-624.1942411504863,650.0,0.2605595464670376,"[[92.0, 88.5], [91.5, 89.0], [91.5, 90.0], [92.0, 90.5], [93.0, 90.5], [93.5, 91.0], [93.0, 91.5], [92.0, 91.5], [91.5, 92.0], [91.5, 93.0], [91.5, 94.0], [91.5, 95.0], [92.0, 95.5], [92.5, 96.0], [92.5, 97.0], [93.0, 97.5], [93.5, 98.0], [94.0, 98.5], [94.5, 99.0], [94.5, 100.0], [95.0, 100.5], [95.5, 101.0], [96.0, 101.5], [96.5, 102.0], [97.0, 102.5], [97.5, 103.0], [98.0, 103.5], [99.0, 103.5], [99.5, 104.0], [100.0, 104.5], [101.0, 104.5], [102.0, 104.5], [103.0, 104.5], [104.0, 104.5], [105.0, 104.5], [106.0, 104.5], [107.0, 104.5], [108.0, 104.5], [108.5, 104.0], [109.0, 103.5], [110.0, 103.5], [111.0, 103.5], [112.0, 103.5], [113.0, 103.5], [113.5, 103.0], [114.0, 102.5], [115.0, 102.5], [115.5, 102.0], [116.0, 101.5], [117.0, 101.5], [117.5, 101.0], [117.5, 100.0], [118.0, 99.5], [118.5, 99.0], [119.0, 98.5], [119.5, 98.0], [119.5, 97.0], [120.0, 96.5], [120.5, 96.0], [120.5, 95.0], [120.5, 94.0], [120.5, 93.0], [120.5, 92.0], [121.0, 91.5], [122.0, 91.5], [122.5, 91.0], [122.5, 90.0], [123.0, 89.5], [123.5, 89.0], [123.5, 88.0], [123.5, 87.0], [123.5, 86.0], [123.5, 85.0], [123.5, 84.0], [123.0, 83.5], [122.5, 83.0], [122.0, 82.5], [121.0, 82.5], [120.5, 82.0], [120.5, 81.0], [120.0, 80.5], [119.0, 80.5], [118.0, 80.5], [117.5, 81.0], [117.0, 81.5], [116.5, 81.0], [116.5, 80.0], [116.0, 79.5], [115.5, 79.0], [115.0, 78.5], [114.5, 78.0], [114.0, 77.5], [113.5, 78.0], [113.5, 79.0], [114.0, 79.5], [115.0, 79.5], [115.5, 80.0], [115.5, 81.0], [115.5, 82.0], [115.5, 83.0], [115.0, 83.5], [114.0, 83.5], [113.5, 84.0], [114.0, 84.5], [115.0, 84.5], [115.5, 85.0], [115.0, 85.5], [114.5, 86.0], [114.0, 86.5], [113.0, 86.5], [112.0, 86.5], [111.0, 86.5], [110.0, 86.5], [109.0, 86.5], [108.0, 86.5], [107.0, 86.5], [106.0, 86.5], [105.0, 86.5], [104.0, 86.5], [103.0, 86.5], [102.0, 86.5], [101.5, 86.0], [102.0, 85.5], [103.0, 85.5], [104.0, 85.5], [105.0, 85.5], [106.0, 85.5], [107.0, 85.5], [108.0, 85.5], [109.0, 85.5], [110.0, 85.5], [110.5, 85.0], [111.0, 84.5], [112.0, 84.5], [112.5, 84.0], [112.0, 83.5], [111.0, 83.5], [110.0, 83.5], [109.0, 83.5], [108.5, 83.0], [109.0, 82.5], [110.0, 82.5], [111.0, 82.5], [112.0, 82.5], [112.5, 82.0], [112.0, 81.5], [111.0, 81.5], [110.0, 81.5], [109.0, 81.5], [108.5, 82.0], [108.0, 82.5], [107.5, 82.0], [107.0, 81.5], [106.0, 81.5], [105.0, 81.5], [104.0, 81.5], [103.5, 82.0], [104.0, 82.5], [105.0, 82.5], [106.0, 82.5], [107.0, 82.5], [107.5, 83.0], [107.0, 83.5], [106.0, 83.5], [105.0, 83.5], [104.0, 83.5], [103.0, 83.5], [102.5, 83.0], [102.5, 82.0], [102.0, 81.5], [101.0, 81.5], [100.0, 81.5], [99.0, 81.5], [98.5, 82.0], [98.0, 82.5], [97.5, 82.0], [97.0, 81.5], [96.5, 82.0], [97.0, 82.5], [97.5, 83.0], [97.0, 83.5], [96.0, 83.5], [95.5, 84.0], [96.0, 84.5], [96.5, 85.0], [96.5, 86.0], [96.0, 86.5], [95.0, 86.5], [94.0, 86.5], [93.5, 87.0], [93.0, 87.5], [92.5, 88.0]]"
SLICE,Z10,GAS_LAT_R,-4.952398965272522,54.103322309702975,-624.1942411504863,168.0,0.5502300428309019,"[[53.0, 50.5], [52.5, 51.0], [52.5, 52.0], [52.5, 53.0], [52.5, 54.0], [52.5, 55.0], [52.5, 56.0], [52.5, 57.0], [52.5, 58.0], [53.0, 58.5], [54.0, 58.5], [54.5, 59.0], [55.0, 59.5], [55.5, 60.0], [56.0, 60.5], [57.0, 60.5], [58.0, 60.5], [58.5, 60.0], [58.5, 59.0], [59.0, 58.5], [60.0, 58.5], [60.5, 58.0], [60.5, 57.0], [60.5, 56.0], [60.5, 55.0], [61.0, 54.5], [61.5, 54.0], [62.0, 53.5], [63.0, 53.5], [63.5, 53.0], [63.5, 52.0], [64.0, 51.5], [64.5, 51.0], [64.5, 50.0], [64.0, 49.5], [63.5, 49.0], [63.5, 48.0], [63.5, 47.0], [63.5, 46.0], [63.0, 45.5], [62.0, 45.5], [61.0, 45.5], [60.5, 46.0], [60.0, 46.5], [59.0, 46.5], [58.5, 47.0], [58.5, 48.0], [58.0, 48.5], [57.0, 48.5], [56.0, 48.5], [55.5, 49.0], [55.5, 50.0], [55.5, 51.0], [55.0, 51.5], [54.0, 51.5], [53.5, 51.0]]"
SLICE,Z10,TA_L,-4.952398965272522,54.103322309702975,-624.1942411504863,188.0,0.6583932300296743,"[[247.0, 0.0], [246.5, 0.0], [246.5, 0.0], [246.5, 0.0], [247.0, 0.0], [247.5, 0.0], [247.5, 0.0], [247.5, 0.0], [248.0, 0.0], [249.0, 0.0], [249.5, 0.0], [249.5, 0.0], [250.0, 0.0], [251.0, 0.0], [252.0, 0.0], [252.5, 0.0], [253.0, 0.0], [254.0, 0.0], [255.0, 0.0], [255.5, 0.0], [256.0, 0.0], [256.5, 0.0], [257.0, 0.0], [257.5, 0.0], [257.5, 0.0], [257.5, 0.0], [257.5, 0.0], [257.5, 0.0], [257.5, 0.0], [257.5, 0.0], [257.5, 0.0], [257.5, 0.0], [258.0, 0.0], [258.5, 0.0], [258.5, 0.0], [259.0, 0.0], [260.0, 0.0], [261.0, 0.0], [261.5, 0.0], [261.0, 0.0], [260.5, 0.0], [260.0, 0.0], [259.5, 0.0], [260.0, 0.0], [261.0, 0.0], [261.5, 0.0], [261.0, 0.0], [260.5, 0.0], [260.5, 0.0], [260.0, 0.0], [259.0, 0.0], [258.5, 0.0], [258.0, 0.0], [257.5, 0.0], [257.0, 0.0], [256.0, 0.0], [255.5, 0.0], [255.0, 0.0], [254.0, 0.0], [253.5, 0.0], [253.0, 0.0], [252.0, 0.0], [251.5, 0.0], [251.0, 0.0], [250.5, 0.0], [250.5, 0.0], [251.0, 0.0], [251.5, 0.0], [251.0, 0.0], [250.0, 0.0], [249.0, 0.0], [248.5, 0.0], [248.0, 0.0], [247.5, 0.0], [247.5, 0.0], [247.5, 0.0]]"
SLICE,Z10,ED_L,-4.952398965272522,54.103322309702975,-624.1942411504863,279.0,0.38577533870677083,"[[207.0, 0.0], [206.5, 0.0], [206.5, 0.0], [207.0, 0.0], [208.0, 0.0], [208.5, 0.0], [208.5, 0.0], [208.0, 0.0], [207.5, 0.0], [207.0, 0.0], [206.5, 0.0], [207.0, 0.0], [207.5, 0.0], [208.0, 0.0], [209.0, 0.0], [209.5, 0.0], [210.0, 0.0], [211.0, 0.0], [211.5, 0.0], [212.0, 0.0], [212.5, 0.0], [212.5, 0.0], [212.5, 0.0], [212.5, 0.0], [212.5, 0.0], [213.0, 0.0], [213.5, 0.0], [214.0, 0.0], [215.0, 0.0], [216.0, 0.0], [217.0, 0.0], [218.0, 0.0], [219.0, 0.0], [219.5, 0.0], [220.0, 0.0], [220.5, 0.0], [221.0, 0.0], [222.0, 0.0], [223.0, 0.0], [224.0, 0.0], [224.5, 0.0], [225.0, 0.0], [226.0, 0.0], [226.5, 0.0], [227.0, 0.0], [228.0, 0.0], [228.5, 0.0], [229.0, 0.0], [229.5, 0.0], [229.5, 0.0], [230.0, 0.0], [230.5, 0.0], [230.0, 0.0], [229.5, 0.0], [229.0, 0.0], [228.5, 0.0], [228.5, 0.0], [228.5, 0.0], [228.5, 0.0], [229.0, 0.0], [230.0, 0.0], [230.5, 0.0], [230.0, 0.0], [229.5, 0.0], [229.5, 0.0], [229.0, 0.0], [228.0, 0.0], [227.0, 0.0], [226.5, 0.0], [226.0, 0.0], [225.0, 0.0], [224.0, 0.0], [223.0, 0.0], [222.0, 0.0], [221.0, 0.0], [220.0, 0.0], [219.5, 0.0], [219.0, 0.0], [218.0, 0.0], [217.0, 0.0], [216.0, 0.0], [215.5, 0.0], [215.0, 0.0], [214.0, 0.0], [213.0, 0.0], [212.0, 0.0], [211.5, 0.0], [211.0, 0.0], [210.0, 0.0], [209.5, 0.0], [209.0, 0.0], [208.0, 0.0]]"
SLICE,Z10,PER_L,-4.952398965272522,54.103322309702975,-624.1942411504863,310.0,0.28369453868761263,"[[233.0, 0.0], [232.5, 0.0], [233.0, 0.0], [233.5, 0.0], [233.5, 0.0], [234.0, 0.0], [234.5, 0.0], [235.0, 0.0], [235.5, 0.0], [235.5, 0.0], [235.5, 0.0], [235.5, 0.0], [236.0, 0.0], [237.0, 0.0], [238.0, 0.0], [238.5, 0.0], [238.5, 0.0], [238.5, 0.0], [238.0, 0.0], [237.5, 0.0], [237.5, 0.0], [237.0, 0.0], [236.5, 0.0], [236.5, 0.0], [237.0, 0.0], [237.5, 0.0], [237.0, 0.0], [236.5, 0.0], [236.5, 0.0], [237.0, 0.0], [237.5, 0.0], [237.5, 0.0], [238.0, 0.0], [238.5, 0.0], [238.5, 0.0], [238.5, 0.0], [238.5, 0.0], [239.0, 0.0], [239.5, 0.0], [239.0, 0.0], [238.5, 0.0], [239.0, 0.0], [240.0, 0.0], [240.5, 0.0], [241.0, 0.0], [242.0, 0.0], [242.5, 0.0], [243.0, 0.0], [243.5, 0.0], [244.0, 0.0], [244.5, 0.0], [245.0, 0.0], [245.5, 0.0], [246.0, 0.0], [246.5, 0.0], [247.0, 0.0], [247.5, 0.0], [247.5, 0.0], [248.0, 0.0], [248.5, 0.0], [249.0, 0.0], [249.5, 0.0], [250.0, 0.0], [250.5, 0.0], [250.5, 0.0], [250.5, 0.0], [251.0, 0.0], [251.5, 0.0], [251.5, 0.0], [251.5, 0.0], [251.5, 0.0], [251.5, 0.0], [252.0, 0.0], [252.5, 0.0], [253.0, 0.0], [254.0, 0.0], [255.0, 0.0], [255.5, 0.0], [256.0, 0.0], [256.5, 0.0], [256.0, 0.0], [255.0, 0.0], [254.0, 0.0], [253.5, 0.0], [253.0, 0.0], [252.5, 0.0], [252.0, 0.0], [251.0, 0.0], [250.0, 0.0], [249.0, 0.0], [248.0, 0.0], [247.0, 0.0], [246.0, 0.0], [245.0, 0.0], [244.0, 0.0], [243.0, 0.0], [242.5, 0.0], [242.0, 0.0], [241.0, 0.0], [240.5, 0.0], [240.0, 0.0], [239.0, 0.0], [238.0, 0.0], [237.0, 0.0], [236.5, 0.0], [236.5, 0.0], [236.0, 0.0], [235.5, 0.0], [235.0, 0.0], [234.0, 0.0], [233.5, 0.0], [233.5, 0.0]]"
SLICE,Z10,DLPC_L,-4.952398965272522,54.103322309702975,-624.1942411504863,255.0,0.25559599714458736,"[[213.0, 0.0], [212.5, 0.0], [212.5, 0.0], [212.5, 0.0], [212.5, 0.0], [213.0, 0.0], [214.0, 0.0], [215.0, 0.0], [216.0, 0.0], [217.0, 0.0], [218.0, 0.0], [219.0, 0.0], [220.0, 0.0], [221.0, 0.0], [222.0, 0.0], [223.0, 0.0], [224.0, 0.0], [225.0, 0.0], [225.5, 0.0], [226.0, 0.0], [227.0, 0.0], [228.0, 0.0], [229.0, 0.0], [229.5, 0.0], [230.0, 0.0], [230.5, 0.0], [230.5, 0.0], [231.0, 0.0], [231.5, 0.0], [232.0, 0.0], [233.0, 0.0], [234.0, 0.0], [234.5, 0.0], [234.5, 0.0], [234.0, 0.0], [233.0, 0.0], [232.0, 0.0], [231.5, 0.0], [231.0, 0.0], [230.0, 0.0], [229.5, 0.0], [229.0, 0.0], [228.5, 0.0], [228.5, 0.0], [228.0, 0.0], [227.0, 0.0], [226.0, 0.0], [225.5, 0.0], [225.5, 0.0], [225.0, 0.0], [224.0, 0.0], [223.5, 0.0], [223.0, 0.0], [222.5, 0.0], [222.0, 0.0], [221.5, 0.0], [221.5, 0.0], [221.0, 0.0], [220.5, 0.0], [220.5, 0.0], [220.5, 0.0], [220.5, 0.0], [220.5, 0.0], [220.0, 0.0], [219.5, 0.0], [219.5, 0.0], [219.5, 0.0], [219.0, 0.0], [218.0, 0.0], [217.5, 0.0], [217.5, 0.0], [217.0, 0.0], [216.5, 0.0], [216.5, 0.0], [216.0, 0.0], [215.5, 0.0], [215.5, 0.0], [215.5, 0.0], [215.5, 0.0], [215.5, 0.0], [216.0, 0.0], [217.0, 0.0], [217.5, 0.0], [217.0, 0.0], [216.0, 0.0], [215.5, 0.0], [215.5, 0.0], [216.0, 0.0], [217.0, 0.0], [217.5, 0.0], [217.0, 0.0], [216.0, 0.0], [215.5, 0.0], [215.5, 0.0], [216.0, 0.0], [217.0, 0.0], [217.5, 0.0], [217.0, 0.0], [216.0, 0.0], [215.5, 0.0], [216.0, 0.0], [217.0, 0.0], [217.5, 0.0], [217.0, 0.0], [216.5, 0.0], [216.5, 0.0], [216.0, 0.0], [215.5, 0.0], [215.0, 0.0], [214.0, 0.0]]"
SLICE,Z10,POP_L,-4.952398965272522,54.103322309702975,-624.1942411504863,115.0,0.30645935697671906,"[[233.0, 0.0], [232.5, 0.0], [233.0, 0.0], [234.0, 0.0], [235.0, 0.0], [236.0, 0.0], [236.5, 0.0], [237.0, 0.0], [238.0, 0.0], [239.0, 0.0], [240.0, 0.0], [241.0, 0.0], [241.5, 0.0], [242.0, 0.0], [242.5, 0.0], [242.0, 0.0], [241.0, 0.0], [240.5, 0.0], [241.0, 0.0], [242.0, 0.0], [243.0, 0.0], [244.0, 0.0], [244.5, 0.0], [244.0, 0.0], [243.5, 0.0], [244.0, 0.0], [245.0, 0.0], [245.5, 0.0], [245.0, 0.0], [244.0, 0.0], [243.5, 0.0], [243.0, 0.0], [242.0, 0.0], [241.5, 0.0], [241.0, 0.0], [240.0, 0.0], [239.5, 0.0], [239.0, 0.0], [238.5, 0.0], [238.0, 0.0], [237.0, 0.0], [236.0, 0.0], [235.0, 0.0], [234.5, 0.0], [234.5, 0.0], [234.0, 0.0]]"
SLICE,Z10,SOL_L,-4.952398965272522,54.103322309702975,-624.1942411504863,520.0,0.09655617084202052,"[[196.0, 0.0], [195.5, 0.0], [196.0, 0.0], [196.5, 0.0], [196.5, 0.0], [197.0, 0.0], [197.5, 0.0], [197.5, 0.0], [198.0, 0.0], [198.5, 0.0], [199.0, 0.0], [199.5, 0.0], [199.5, 0.0], [200.0, 0.0], [200.5, 0.0], [201.0, 0.0], [202.0, 0.0], [202.5, 0.0], [203.0, 0.0], [203.5, 0.0], [204.0, 0.0], [205.0, 0.0], [205.5, 0.0], [206.0, 0.0], [207.0, 0.0], [207.5, 0.0], [207.0, 0.0], [206.5, 0.0], [206.0, 0.0], [205.0, 0.0], [204.5, 0.0], [204.5, 0.0], [204.5, 0.0], [204.0, 0.0], [203.5, 0.0], [203.5, 0.0], [204.0, 0.0], [204.5, 0.0], [204.5, 0.0], [204.5, 0.0], [204.5, 0.0], [205.0, 0.0], [205.5, 0.0], [206.0, 0.0], [206.5, 0.0], [206.5, 0.0], [206.0, 0.0], [205.0, 0.0], [204.5, 0.0], [205.0, 0.0], [205.5, 0.0], [206.0, 0.0], [207.0, 0.0], [208.0, 0.0], [208.5, 0.0], [209.0, 0.0], [209.5, 0.0], [210.0, 0.0], [210.5, 0.0], [211.0, 0.0], [212.0, 0.0], [213.0, 0.0], [213.5, 0.0], [214.0, 0.0], [215.0, 0.0], [216.0, 0.0], [216.5, 0.0], [217.0, 0.0], [218.0, 0.0], [219.0, 0.0], [220.0, 0.0], [220.5, 0.0], [221.0, 0.0], [222.0, 0.0], [222.5, 0.0], [223.0, 0.0], [223.5, 0.0], [223.5, 0.0], [223.5, 0.0], [224.0, 0.0], [225.0, 0.0], [225.5, 0.0], [225.5, 0.0], [226.0, 0.0], [226.5, 0.0], [227.0, 0.0], [227.5, 0.0], [227.5, 0.0], [227.5, 0.0], [228.0, 0.0], [228.5, 0.0], [229.0, 0.0], [230.0, 0.0], [230.5, 0.0], [231.0, 0.0], [232.0, 0.0], [232.5, 0.0], [233.0, 0.0], [233.5, 0.0], [233.0, 0.0], [232.5, 0.0], [232.5, 0.0], [232.5, 0.0], [232.0, 0.0], [231.5, 0.0], [231.5, 0.0], [231.0, 0.0], [230.5, 0.0], [230.5, 0.0], [230.5, 0.0], [230.0, 0.0], [229.0, 0.0], [228.0, 0.0], [227.5, 0.0], [227.0, 0.0], [226.5, 0.0], [226.0, 0.0], [225.0, 0.0], [224.5, 0.0], [224.0, 0.0], [223.5, 0.0], [223.0, 0.0], [222.0, 0.0], [221.5, 0.0], [221.0, 0.0], [220.0, 0.0], [219.0, 0.0], [218.0, 0.0], [217.5, 0.0], [217.0, 0.0], [216.0, 0.0], [215.5, 0.0], [215.0, 0.0], [214.5, 0.0], [214.0, 0.0], [213.5, 0.0], [213.0, 0.0], [212.5, 0.0], [212.0, 0.0], [211.0, 0.0], [210.5, 0.0], [210.0, 0.0], [209.0, 0.0], [208.0, 0.0], [207.0, 0.0], [206.5, 0.0], [207.0, 0.0], [208.0, 0.0], [208.5, 0.0], [209.0, 0.0], [209.5, 0.0], [210.0, 0.0], [210.5, 0.0], [210.5, 0.0], [210.0, 0.0], [209.0, 0.0], [208.5, 0.0], [208.0, 0.0], [207.5, 0.0], [207.5, 0.0], [207.5, 0.0], [207.0, 0.0], [206.5, 0.0], [206.0, 0.0], [205.5, 0.0], [205.5, 0.0], [205.0, 0.0], [204.5, 0.0], [204.0, 0.0], [203.5, 0.0], [203.5, 0.0], [203.5, 0.0], [203.0, 0.0], [202.0, 0.0], [201.5, 0.0], [201.0, 0.0], [200.5, 0.0], [200.0, 0.0], [199.0, 0.0], [198.0, 0.0], [197.5, 0.0], [197.5, 0.0], [197.0, 0.0], [196.5, 0.0]]"
SLICE,Z10,GAS_MED_L,-4.952398965272522,54.103322309702975,-624.1942411504863,466.0,0.2693804841952262,"[[193.0, 0.0], [192.5, 0.0], [192.5, 0.0], [192.5, 0.0], [192.5, 0.0], [192.5, 0.0], [192.5, 0.0], [192.5, 0.0], [192.5, 0.0], [192.5, 0.0], [193.0, 0.0], [194.0, 0.0], [194.5, 0.0], [194.5, 0.0], [195.0, 0.0], [196.0, 0.0], [196.5, 0.0], [197.0, 0.0], [197.5, 0.0], [197.0, 0.0], [196.5, 0.0], [196.5, 0.0], [196.5, 0.0], [197.0, 0.0], [197.5, 0.0], [197.5, 0.0], [197.5, 0.0], [198.0, 0.0], [198.5, 0.0], [199.0, 0.0], [199.5, 0.0], [200.0, 0.0], [200.5, 0.0], [201.0, 0.0], [201.5, 0.0], [201.5, 0.0], [202.0, 0.0], [202.5, 0.0], [203.0, 0.0], [203.5, 0.0], [204.0, 0.0], [205.0, 0.0], [206.0, 0.0], [207.0, 0.0], [208.0, 0.0], [208.5, 0.0], [209.0, 0.0], [209.5, 0.0], [210.0, 0.0], [210.5, 0.0], [211.0, 0.0], [212.0, 0.0], [213.0, 0.0], [214.0, 0.0], [215.0, 0.0], [216.0, 0.0], [217.0, 0.0], [218.0, 0.0], [219.0, 0.0], [219.5, 0.0], [220.0, 0.0], [220.5, 0.0], [220.5, 0.0], [221.0, 0.0], [222.0, 0.0], [223.0, 0.0], [223.5, 0.0], [223.5, 0.0], [224.0, 0.0], [224.5, 0.0], [225.0, 0.0], [225.5, 0.0], [225.0, 0.0], [224.0, 0.0], [223.5, 0.0], [223.5, 0.0], [223.5, 0.0], [223.0, 0.0], [222.5, 0.0], [222.0, 0.0], [221.0, 0.0], [220.5, 0.0], [220.0, 0.0], [219.0, 0.0], [218.0, 0.0], [217.0, 0.0], [216.5, 0.0], [216.0, 0.0], [215.0, 0.0], [214.0, 0.0], [213.5, 0.0], [213.0, 0.0], [212.0, 0.0], [211.0, 0.0], [210.5, 0.0], [210.0, 0.0], [209.5, 0.0], [209.0, 0.0], [208.5, 0.0], [208.0, 0.0], [207.0, 0.0], [206.0, 0.0], [205.5, 0.0], [205.0, 0.0], [204.5, 0.0], [205.0, 0.0], [205.5, 0.0], [205.5, 0.0], [205.0, 0.0], [204.5, 0.0], [204.5, 0.0], [204.0, 0.0], [203.5, 0.0], [203.5, 0.0], [203.0, 0.0], [202.5, 0.0], [202.5, 0.0], [202.5, 0.0], [202.5, 0.0], [202.5, 0.0], [202.5, 0.0], [202.5, 0.0], [202.0, 0.0], [201.5, 0.0], [201.0, 0.0], [200.5, 0.0], [200.5, 0.0], [200.0, 0.0], [199.5, 0.0], [199.5, 0.0], [199.0, 0.0], [198.5, 0.0], [198.0, 0.0], [197.5, 0.0], [197.0, 0.0], [196.0, 0.0], [195.5, 0.0], [195.0, 0.0], [194.5, 0.0], [194.5, 0.0], [194.5, 0.0], [194.5, 0.0], [194.5, 0.0], [194.0, 0.0]]"
SLICE,Z10,GAS_LAT_L,-4.952398965272522,54.103322309702975,-624.1942411504863,113.0,0.5054067577439274,"[[257.0, 0.0], [256.5, 0.0], [256.5, 0.0], [257.0, 0.0], [257.5, 0.0], [257.5, 0.0], [257.5, 0.0], [258.0, 0.0], [258.5, 0.0], [259.0, 0.0], [260.0, 0.0], [261.0, 0.0], [262.0, 0.0], [262.5, 0.0], [262.5, 0.0], [263.0, 0.0], [263.5, 0.0], [264.0, 0.0], [265.0, 0.0], [265.5, 0.0], [265.5, 0.0], [265.5, 0.0], [265.0, 0.0], [264.5, 0.0], [265.0, 0.0], [266.0, 0.0], [266.5, 0.0], [266.5, 0.0], [266.5, 0.0], [266.0, 0.0], [265.5, 0.0], [265.5, 0.0], [265.5, 0.0], [265.5, 0.0], [265.5, 0.0], [265.0, 0.0], [264.5, 0.0], [264.5, 0.0], [264.0, 0.0], [263.5, 0.0], [263.5, 0.0], [263.0, 0.0], [262.5, 0.0], [262.0, 0.0], [261.0, 0.0], [260.0, 0.0], [259.5, 0.0], [260.0, 0.0], [260.5, 0.0], [261.0, 0.0], [261.5, 0.0], [261.0, 0.0], [260.0, 0.0], [259.0, 0.0], [258.5, 0.0], [258.5, 0.0], [258.0, 0.0], [257.5, 0.0], [257.5, 0.0], [257.5, 0.0], [257.5, 0.0], [257.5, 0.0], [257.5, 0.0], [257.5, 0.0], [257.5, 0.0], [257.5, 0.0]]"
SLICE,Z11,TA_R,-4.94807479795972,54.149034591245645,-590.0278535473233,599.0,0.36197869084578355,"[[46.0, 50.5], [45.5, 51.0], [45.5, 52.0], [45.5, 53.0], [45.5, 54.0], [45.5, 55.0], [45.5, 56.0], [45.5, 57.0], [45.5, 58.0], [45.5, 59.0], [45.5, 60.0], [45.5, 61.0], [46.0, 61.5], [46.5, 62.0], [46.5, 63.0], [47.0, 63.5], [47.5, 64.0], [47.5, 65.0], [48.0, 65.5], [48.5, 66.0], [49.0, 66.5], [50.0, 66.5], [51.0, 66.5], [51.5, 66.0], [51.0, 65.5], [50.5, 65.0], [50.5, 64.0], [51.0, 63.5], [52.0, 63.5], [52.5, 63.0], [52.0, 62.5], [51.0, 62.5], [50.0, 62.5], [49.5, 62.0], [50.0, 61.5], [51.0, 61.5], [52.0, 61.5], [53.0, 61.5], [54.0, 61.5], [55.0, 61.5], [56.0, 61.5], [57.0, 61.5], [57.5, 61.0], [58.0, 60.5], [58.5, 60.0], [59.0, 59.5], [59.5, 59.0], [60.0, 58.5], [60.5, 58.0], [61.0, 57.5], [61.5, 57.0], [62.0, 56.5], [62.5, 56.0], [63.0, 55.5], [63.5, 55.0], [63.5, 54.0], [64.0, 53.5], [64.5, 53.0], [64.5, 52.0], [65.0, 51.5], [65.5, 52.0], [66.0, 52.5], [66.5, 52.0], [67.0, 51.5], [67.5, 52.0], [68.0, 52.5], [68.5, 53.0], [69.0, 53.5], [70.0, 53.5], [71.0, 53.5], [72.0, 53.5], [72.5, 54.0], [72.5, 55.0], [73.0, 55.5], [74.0, 55.5], [74.5, 55.0], [75.0, 54.5], [75.5, 54.0], [75.5, 53.0], [75.5, 52.0], [75.5, 51.0], [76.0, 50.5], [76.5, 50.0], [77.0, 49.5], [77.5, 49.0], [77.5, 48.0], [78.0, 47.5], [78.5, 47.0], [78.5, 46.0], [78.0, 45.5], [77.5, 45.0], [77.0, 44.5], [76.5, 44.0], [76.0, 43.5], [75.5, 43.0], [75.0, 42.5], [74.0, 42.5], [73.0, 42.5], [72.0, 42.5], [71.5, 43.0], [71.0, 43.5], [70.0, 43.5], [69.0, 43.5], [68.5, 43.0], [69.0, 42.5], [69.5, 42.0], [70.0, 41.5], [70.5, 41.0], [70.0, 40.5], [69.0, 40.5], [68.0, 40.5], [67.5, 40.0], [67.0, 39.5], [66.5, 39.0], [66.5, 38.0], [66.0, 37.5], [65.5, 37.0], [66.0, 36.5], [67.0, 36.5], [68.0, 36.5], [68.5, 36.0], [68.0, 35.5], [67.0, 35.5], [66.0, 35.5], [65.0, 35.5], [64.5, 35.0], [65.0, 34.5], [65.5, 34.0], [65.5, 33.0], [65.5, 32.0], [65.5, 31.0], [65.0, 30.5], [64.0, 30.5], [63.0, 30.5], [62.5, 31.0], [62.0, 31.5], [61.5, 32.0], [61.0, 32.5], [60.0, 32.5], [59.0, 32.5], [58.5, 33.0], [58.0, 33.5], [57.5, 34.0], [57.0, 34.5], [56.5, 35.0], [56.0, 35.5], [55.0, 35.5], [54.5, 36.0], [54.5, 37.0], [54.0, 37.5], [53.0, 37.5], [52.5, 38.0], [52.5, 39.0], [52.0, 39.5], [51.5, 40.0], [51.0, 40.5], [50.0, 40.5], [49.5, 41.0], [49.5, 42.0], [49.0, 42.5], [48.5, 43.0], [48.5, 44.0], [48.0, 44.5], [47.5, 45.0], [47.5, 46.0], [47.5, 47.0], [47.0, 47.5], [46.5, 48.0], [46.5, 49.0], [46.5, 50.0]]"
SLICE,Z11,ED_R,-4.94807479795972,54.149034591245645,-590.0278535473233,249.0,0.5833795900442306,"[[65.0, 34.5], [64.5, 35.0], [65.0, 35.5], [66.0, 35.5], [67.0, 35.5], [68.0, 35.5], [68.5, 36.0], [68.0, 36.5], [67.0, 36.5], [66.0, 36.5], [65.5, 37.0], [66.0, 37.5], [66.5, 38.0], [66.5, 39.0], [67.0, 39.5], [67.5, 40.0], [68.0, 40.5], [69.0, 40.5], [70.0, 40.5], [70.5, 41.0], [70.0, 41.5], [69.5, 42.0], [69.0, 42.5], [68.5, 43.0], [69.0, 43.5], [70.0, 43.5], [71.0, 43.5], [71.5, 43.0], [72.0, 42.5], [73.0, 42.5], [73.5, 42.0], [74.0, 41.5], [74.5, 42.0], [75.0, 42.5], [75.5, 42.0], [75.5, 41.0], [75.0, 40.5], [74.5, 40.0], [75.0, 39.5], [76.0, 39.5], [76.5, 39.0], [76.0, 38.5], [75.5, 38.0], [76.0, 37.5], [77.0, 37.5], [77.5, 37.0], [77.0, 36.5], [76.5, 36.0], [76.0, 35.5], [75.5, 35.0], [75.5, 34.0], [75.0, 33.5], [74.0, 33.5], [73.5, 33.0], [73.5, 32.0], [73.5, 31.0], [73.0, 30.5], [72.0, 30.5], [71.0, 30.5], [70.0, 30.5], [69.0, 30.5], [68.0, 30.5], [67.5, 31.0], [67.5, 32.0], [67.0, 32.5], [66.0, 32.5], [65.5, 33.0], [65.5, 34.0]]"
SLICE,Z11,PER_R,-4.94807479795972,54.149034591245645,-590.0278535473233,529.0,0.18460257140842468,"[[60.0, 71.5], [59.5, 72.0], [59.5, 73.0], [59.5, 74.0], [59.5, 75.0], [59.5, 76.0], [59.5, 77.0], [60.0, 77.5], [61.0, 77.5], [61.5, 78.0], [62.0, 78.5], [62.5, 79.0], [63.0, 79.5], [64.0, 79.5], [65.0, 79.5], [65.5, 80.0], [66.0, 80.5], [67.0, 80.5], [67.5, 81.0], [67.5, 82.0], [67.5, 83.0], [67.5, 84.0], [68.0, 84.5], [68.5, 85.0], [68.5, 86.0], [68.5, 87.0], [69.0, 87.5], [69.5, 88.0], [69.5, 89.0], [69.5, 90.0], [70.0, 90.5], [70.5, 91.0], [71.0, 91.5], [71.5, 92.0], [72.0, 92.5], [72.5, 93.0], [73.0, 93.5], [74.0, 93.5], [75.0, 93.5], [76.0, 93.5], [77.0, 93.5], [77.5, 93.0], [78.0, 92.5], [79.0, 92.5], [79.5, 92.0], [80.0, 91.5], [80.5, 91.0], [80.0, 90.5], [79.0, 90.5], [78.0, 90.5], [77.0, 90.5], [76.0, 90.5], [75.0, 90.5], [74.0, 90.5], [73.0, 90.5], [72.5, 90.0], [72.0, 89.5], [71.5, 89.0], [72.0, 88.5], [73.0, 88.5], [74.0, 88.5], [75.0, 88.5], [75.5, 89.0], [76.0, 89.5], [77.0, 89.5], [78.0, 89.5], [79.0, 89.5], [80.0, 89.5], [81.0, 89.5], [82.0, 89.5], [82.5, 89.0], [83.0, 88.5], [84.0, 88.5], [85.0, 88.5], [85.5, 88.0], [85.0, 87.5], [84.0, 87.5], [83.5, 87.0], [84.0, 86.5], [85.0, 86.5], [85.5, 86.0], [85.0, 85.5], [84.0, 85.5], [83.0, 85.5], [82.0, 85.5], [81.0, 85.5], [80.0, 85.5], [79.0, 85.5], [78.5, 85.0], [79.0, 84.5], [80.0, 84.5], [81.0, 84.5], [82.0, 84.5], [83.0, 84.5], [83.5, 84.0], [84.0, 83.5], [84.5, 83.0], [84.0, 82.5], [83.0, 82.5], [82.0, 82.5], [81.5, 82.0], [82.0, 81.5], [83.0, 81.5], [83.5, 81.0], [83.0, 80.5], [82.0, 80.5], [81.0, 80.5], [80.0, 80.5], [79.0, 80.5], [78.5, 80.0], [79.0, 79.5], [80.0, 79.5], [80.5, 79.0], [80.0, 78.5], [79.5, 78.0], [79.5, 77.0], [79.5, 76.0], [79.0, 75.5], [78.5, 75.0], [79.0, 74.5], [79.5, 74.0], [79.5, 73.0], [79.0, 72.5], [78.5, 72.0], [78.5, 71.0], [78.5, 70.0], [78.5, 69.0], [78.0, 68.5], [77.0, 68.5], [76.0, 68.5], [75.5, 68.0], [75.5, 67.0], [75.0, 66.5], [74.0, 66.5], [73.0, 66.5], [72.0, 66.5], [71.0, 66.5], [70.0, 66.5], [69.0, 66.5], [68.0, 66.5], [67.0, 66.5], [66.0, 66.5], [65.0, 66.5], [64.0, 66.5], [63.5, 66.0], [63.0, 65.5], [62.5, 66.0], [62.5, 67.0], [62.5, 68.0], [62.0, 68.5], [61.5, 69.0], [61.5, 70.0], [61.0, 70.5], [60.5, 71.0]]"
SLICE,Z11,DLPC_R,-4.94807479795972,54.149034591245645,-590.0278535473233,639.0,0.2110106144639865,"[[66.0, 65.5], [65.5, 66.0], [66.0, 66.5], [67.0, 66.5], [68.0, 66.5], [69.0, 66.5], [70.0, 66.5], [71.0, 66.5], [72.0, 66.5], [73.0, 66.5], [74.0, 66.5], [75.0, 66.5], [75.5, 67.0], [75.5, 68.0], [76.0, 68.5], [77.0, 68.5], [78.0, 68.5], [79.0, 68.5], [79.5, 69.0], [80.0, 69.5], [81.0, 69.5], [81.5, 70.0], [81.0, 70.5], [80.0, 70.5], [79.0, 70.5], [78.5, 71.0], [79.0, 71.5], [80.0, 71.5], [81.0, 71.5], [82.0, 71.5], [83.0, 71.5], [83.5, 71.0], [83.5, 70.0], [83.0, 69.5], [82.0, 69.5], [81.5, 69.0], [82.0, 68.5], [83.0, 68.5], [84.0, 68.5], [85.0, 68.5], [85.5, 69.0], [86.0, 69.5], [86.5, 69.0], [87.0, 68.5], [88.0, 68.5], [89.0, 68.5], [89.5, 69.0], [90.0, 69.5], [90.5, 70.0], [91.0, 70.5], [92.0, 70.5], [92.5, 71.0], [93.0, 71.5], [93.5, 72.0], [94.0, 72.5], [95.0, 72.5], [96.0, 72.5], [97.0, 72.5], [98.0, 72.5], [99.0, 72.5], [100.0, 72.5], [100.5, 72.0], [101.0, 71.5], [102.0, 71.5], [103.0, 71.5], [103.5, 71.0], [103.0, 70.5], [102.0, 70.5], [101.0, 70.5], [100.5, 70.0], [101.0, 69.5], [101.5, 69.0], [102.0, 68.5], [103.0, 68.5], [103.5, 68.0], [103.0, 67.5], [102.5, 67.0], [103.0, 66.5], [104.0, 66.5], [105.0, 66.5], [106.0, 66.5], [106.5, 66.0], [106.0, 65.5], [105.5, 65.0], [106.0, 64.5], [107.0, 64.5], [107.5, 64.0], [108.0, 63.5], [108.5, 63.0], [108.5, 62.0], [109.0, 61.5], [110.0, 61.5], [110.5, 61.0], [110.0, 60.5], [109.5, 60.0], [110.0, 59.5], [110.5, 59.0], [111.0, 58.5], [111.5, 58.0], [111.0, 57.5], [110.5, 57.0], [111.0, 56.5], [111.5, 56.0], [112.0, 55.5], [112.5, 55.0], [112.5, 54.0], [112.5, 53.0], [112.0, 52.5], [111.0, 52.5], [110.5, 52.0], [110.5, 51.0], [110.0, 50.5], [109.0, 50.5], [108.5, 50.0], [108.5, 49.0], [108.5, 48.0], [108.0, 47.5], [107.5, 47.0], [107.0, 46.5], [106.5, 46.0], [106.0, 45.5], [105.5, 45.0], [105.0, 44.5], [104.0, 44.5], [103.5, 44.0], [103.5, 43.0], [103.0, 42.5], [102.0, 42.5], [101.0, 42.5], [100.5, 42.0], [100.0, 41.5], [99.0, 41.5], [98.0, 41.5], [97.0, 41.5], [96.5, 41.0], [96.0, 40.5], [95.5, 41.0], [95.0, 41.5], [94.5, 41.0], [94.0, 40.5], [93.0, 40.5], [92.0, 40.5], [91.5, 40.0], [91.0, 39.5], [90.5, 39.0], [90.0, 38.5], [89.5, 38.0], [89.0, 37.5], [88.5, 38.0], [88.0, 38.5], [87.0, 38.5], [86.5, 39.0], [86.0, 39.5], [85.5, 40.0], [85.5, 41.0], [85.5, 42.0], [86.0, 42.5], [87.0, 42.5], [87.5, 43.0], [88.0, 43.5], [89.0, 43.5], [90.0, 43.5], [91.0, 43.5], [91.5, 44.0], [92.0, 44.5], [92.5, 45.0], [93.0, 45.5], [93.5, 46.0], [94.0, 46.5], [94.5, 47.0], [94.5, 48.0], [94.5, 49.0], [95.0, 49.5], [95.5, 50.0], [95.5, 51.0], [95.5, 52.0], [95.0, 52.5], [94.5, 53.0], [94.5, 54.0], [94.5, 55.0], [94.5, 56.0], [94.0, 56.5], [93.5, 57.0], [93.0, 57.5], [92.5, 58.0], [92.5, 59.0], [92.5, 60.0], [92.0, 60.5], [91.5, 61.0], [91.0, 61.5], [90.5, 62.0], [90.5, 63.0], [90.0, 63.5], [89.5, 64.0], [89.0, 64.5], [88.0, 64.5], [87.5, 65.0], [87.0, 65.5], [86.0, 65.5], [85.5, 65.0], [85.0, 64.5], [84.0, 64.5], [83.0, 64.5], [82.0, 64.5], [81.0, 64.5], [80.5, 64.0], [80.0, 63.5], [79.0, 63.5], [78.5, 63.0], [78.5, 62.0], [78.0, 61.5], [77.5, 61.0], [77.0, 60.5], [76.5, 60.0], [76.0, 59.5], [75.5, 59.0], [75.5, 58.0], [75.5, 57.0], [75.5, 56.0], [75.0, 55.5], [74.0, 55.5], [73.0, 55.5], [72.0, 55.5], [71.5, 56.0], [71.0, 56.5], [70.5, 57.0], [70.0, 57.5], [69.5, 58.0], [69.5, 59.0], [69.0, 59.5], [68.0, 59.5], [67.5, 60.0], [67.0, 60.5], [66.5, 61.0], [67.0, 61.5], [67.5, 62.0], [67.5, 63.0], [68.0, 63.5], [69.0, 63.5], [70.0, 63.5], [71.0, 63.5], [72.0, 63.5], [72.5, 64.0], [72.5, 65.0], [72.0, 65.5], [71.0, 65.5], [70.0, 65.5], [69.0, 65.5], [68.0, 65.5], [67.0, 65.5]]"
SLICE,Z11,POP_R,-4.94807479795972,54.149034591245645,-590.0278535473233,4.0,0.7500270331370931,"[[82.0, 68.5], [81.5, 69.0], [82.0, 69.5], [83.0, 69.5], [84.0, 69.5], [84.5, 69.0], [84.0, 68.5], [83.0, 68.5]]"
SLICE,Z11,SOL_R,-4.94807479795972,54.149034591245645,-590.0278535473233,1080.0,0.3063874198520226,"[[79.0, 71.5], [78.5, 72.0], [79.0, 72.5], [79.5, 73.0], [79.5, 74.0], [79.0, 74.5], [78.5, 75.0], [79.0, 75.5], [79.5, 76.0], [79.5, 77.0], [79.5, 78.0], [80.0, 78.5], [80.5, 79.0], [80.0, 79.5], [79.0, 79.5], [78.5, 80.0], [79.0, 80.5], [80.0, 80.5], [81.0, 80.5], [82.0, 80.5], [83.0, 80.5], [83.5, 81.0], [83.5, 82.0], [84.0, 82.5], [84.5, 83.0], [84.0, 83.5], [83.5, 84.0], [84.0, 84.5], [84.5, 85.0], [85.0, 85.5], [85.5, 86.0], [85.0, 86.5], [84.0, 86.5], [83.5, 87.0], [84.0, 87.5], [85.0, 87.5], [85.5, 88.0], [85.0, 88.5], [84.0, 88.5], [83.0, 88.5], [82.5, 89.0], [83.0, 89.5], [84.0, 89.5], [85.0, 89.5], [85.5, 90.0], [86.0, 90.5], [87.0, 90.5], [88.0, 90.5], [89.0, 90.5], [90.0, 90.5], [90.5, 91.0], [90.0, 91.5], [89.0, 91.5], [88.5, 92.0], [88.0, 92.5], [87.0, 92.5], [86.5, 93.0], [87.0, 93.5], [88.0, 93.5], [89.0, 93.5], [90.0, 93.5], [90.5, 93.0], [90.5, 92.0], [91.0, 91.5], [92.0, 91.5], [92.5, 92.0], [92.5, 93.0], [93.0, 93.5], [94.0, 93.5], [94.5, 94.0], [95.0, 94.5], [96.0, 94.5], [97.0, 94.5], [98.0, 94.5], [99.0, 94.5], [100.0, 94.5], [101.0, 94.5], [102.0, 94.5], [103.0, 94.5], [103.5, 94.0], [104.0, 93.5], [105.0, 93.5], [105.5, 93.0], [105.0, 92.5], [104.0, 92.5], [103.0, 92.5], [102.0, 92.5], [101.0, 92.5], [100.0, 92.5], [99.0, 92.5], [98.0, 92.5], [97.5, 92.0], [98.0, 91.5], [99.0, 91.5], [100.0, 91.5], [101.0, 91.5], [102.0, 91.5], [103.0, 91.5], [104.0, 91.5], [105.0, 91.5], [106.0, 91.5], [107.0, 91.5], [108.0, 91.5], [109.0, 91.5], [110.0, 91.5], [110.5, 91.0], [110.0, 90.5], [109.0, 90.5], [108.0, 90.5], [107.0, 90.5], [106.0, 90.5], [105.0, 90.5], [104.0, 90.5], [103.0, 90.5], [102.0, 90.5], [101.5, 90.0], [102.0, 89.5], [103.0, 89.5], [104.0, 89.5], [105.0, 89.5], [106.0, 89.5], [107.0, 89.5], [108.0, 89.5], [109.0, 89.5], [110.0, 89.5], [111.0, 89.5], [112.0, 89.5], [112.5, 89.0], [113.0, 88.5], [113.5, 88.0], [113.5, 87.0], [114.0, 86.5], [114.5, 86.0], [114.5, 85.0], [114.5, 84.0], [114.5, 83.0], [114.5, 82.0], [114.5, 81.0], [115.0, 80.5], [115.5, 80.0], [115.5, 79.0], [116.0, 78.5], [116.5, 78.0], [116.5, 77.0], [116.0, 76.5], [115.5, 76.0], [115.5, 75.0], [115.5, 74.0], [116.0, 73.5], [116.5, 73.0], [117.0, 72.5], [117.5, 72.0], [117.5, 71.0], [118.0, 70.5], [118.5, 70.0], [119.0, 69.5], [119.5, 69.0], [120.0, 68.5], [120.5, 68.0], [121.0, 67.5], [121.5, 67.0], [122.0, 66.5], [122.5, 66.0], [123.0, 65.5], [123.5, 65.0], [123.5, 64.0], [124.0, 63.5], [124.5, 63.0], [125.0, 62.5], [125.5, 62.0], [125.5, 61.0], [125.5, 60.0], [125.5, 59.0], [125.5, 58.0], [125.5, 57.0], [125.5, 56.0], [125.5, 55.0], [125.5, 54.0], [125.5, 53.0], [125.5, 52.0], [125.5, 51.0], [125.5, 50.0], [125.5, 49.0], [125.5, 48.0], [125.0, 47.5], [124.5, 47.0], [124.5, 46.0], [124.0, 45.5], [123.5, 45.0], [123.5, 44.0], [123.0, 43.5], [122.5, 43.0], [122.0, 42.5], [121.5, 42.0], [121.0, 41.5], [120.5, 41.0], [120.5, 40.0], [120.0, 39.5], [119.0, 39.5], [118.5, 39.0], [118.5, 38.0], [118.0, 37.5], [117.0, 37.5], [116.5, 37.0], [116.0, 36.5], [115.0, 36.5], [114.5, 37.0], [114.0, 37.5], [113.0, 37.5], [112.5, 38.0], [112.5, 39.0], [112.5, 40.0], [112.5, 41.0], [112.5, 42.0], [112.5, 43.0], [112.5, 44.0], [112.5, 45.0], [112.5, 46.0], [112.0, 46.5], [111.5, 47.0], [111.5, 48.0], [112.0, 48.5], [112.5, 49.0], [112.5, 50.0], [112.5, 51.0], [112.5, 52.0], [112.5, 53.0], [112.5, 54.0], [112.5, 55.0], [112.0, 55.5], [111.5, 56.0], [111.0, 56.5], [110.5, 57.0], [111.0, 57.5], [111.5, 58.0], [111.0, 58.5], [110.5, 59.0], [110.0, 59.5], [109.5, 60.0], [110.0, 60.5], [110.5, 61.0], [110.0, 61.5], [109.0, 61.5], [108.5, 62.0], [108.5, 63.0], [108.0, 63.5], [107.5, 64.0], [107.0, 64.5], [106.0, 64.5], [105.5, 65.0], [106.0, 65.5], [106.5, 66.0], [106.0, 66.5], [105.0, 66.5], [104.0, 66.5], [103.0, 66.5], [102.5, 67.0], [103.0, 67.5], [103.5, 68.0], [103.0, 68.5], [102.0, 68.5], [101.5, 69.0], [101.0, 69.5], [100.5, 70.0], [101.0, 70.5], [102.0, 70.5], [103.0, 70.5], [103.5, 71.0], [103.0, 71.5], [102.0, 71.5], [101.0, 71.5], [100.5, 72.0], [101.0, 72.5], [102.0, 72.5], [103.0, 72.5], [103.5, 73.0], [104.0, 73.5], [105.0, 73.5], [106.0, 73.5], [107.0, 73.5], [107.5, 74.0], [107.5, 75.0], [107.0, 75.5], [106.0, 75.5], [105.0, 75.5], [104.5, 76.0], [104.0, 76.5], [103.5, 77.0], [103.0, 77.5], [102.5, 78.0], [102.0, 78.5], [101.0, 78.5], [100.0, 78.5], [99.0, 78.5], [98.0, 78.5], [97.0, 78.5], [96.0, 78.5], [95.0, 78.5], [94.5, 78.0], [94.0, 77.5], [93.0, 77.5], [92.5, 78.0], [92.0, 78.5], [91.5, 79.0], [91.0, 79.5], [90.0, 79.5], [89.0, 79.5], [88.5, 79.0], [88.5, 78.0], [88.5, 77.0], [88.5, 76.0], [88.5, 75.0], [88.5, 74.0], [89.0, 73.5], [89.5, 73.0], [89.5, 72.0], [90.0, 71.5], [90.5, 71.0], [90.5, 70.0], [90.0, 69.5], [89.5, 69.0], [89.0, 68.5], [88.0, 68.5], [87.0, 68.5], [86.5, 69.0], [86.0, 69.5], [85.5, 69.0], [85.0, 68.5], [84.5, 69.0], [84.0, 69.5], [83.5, 70.0], [83.5, 71.0], [83.0, 71.5], [82.0, 71.5], [81.0, 71.5], [80.0, 71.5]]"
SLICE,Z11,GAS_MED_R,-4.94807479795972,54.149034591245645,-590.0278535473233,876.0,0.24925996131958422,"[[74.0, 94.5], [73.5, 95.0], [73.5, 96.0], [74.0, 96.5], [74.5, 97.0], [74.5, 98.0], [74.5, 99.0], [75.0, 99.5], [76.0, 99.5], [76.5, 100.0], [77.0, 100.5], [77.5, 101.0], [78.0, 101.5], [78.5, 102.0], [79.0, 102.5], [79.5, 103.0], [79.5, 104.0], [80.0, 104.5], [81.0, 104.5], [82.0, 104.5], [82.5, 105.0], [83.0, 105.5], [84.0, 105.5], [84.5, 106.0], [85.0, 106.5], [86.0, 106.5], [87.0, 106.5], [87.5, 107.0], [88.0, 107.5], [89.0, 107.5], [90.0, 107.5], [90.5, 108.0], [91.0, 108.5], [92.0, 108.5], [93.0, 108.5], [93.5, 108.0], [94.0, 107.5], [95.0, 107.5], [95.5, 107.0], [96.0, 106.5], [96.5, 106.0], [96.0, 105.5], [95.5, 105.0], [95.5, 104.0], [95.5, 103.0], [95.5, 102.0], [95.5, 101.0], [96.0, 100.5], [96.5, 101.0], [97.0, 101.5], [97.5, 102.0], [98.0, 102.5], [99.0, 102.5], [99.5, 103.0], [100.0, 103.5], [100.5, 104.0], [101.0, 104.5], [102.0, 104.5], [102.5, 105.0], [103.0, 105.5], [103.5, 106.0], [104.0, 106.5], [105.0, 106.5], [106.0, 106.5], [107.0, 106.5], [108.0, 106.5], [109.0, 106.5], [110.0, 106.5], [111.0, 106.5], [112.0, 106.5], [113.0, 106.5], [113.5, 106.0], [114.0, 105.5], [115.0, 105.5], [115.5, 105.0], [116.0, 104.5], [117.0, 104.5], [117.5, 104.0], [118.0, 103.5], [118.5, 103.0], [118.5, 102.0], [119.0, 101.5], [120.0, 101.5], [120.5, 101.0], [120.5, 100.0], [121.0, 99.5], [121.5, 99.0], [122.0, 98.5], [122.5, 98.0], [122.5, 97.0], [123.0, 96.5], [123.5, 96.0], [123.5, 95.0], [123.5, 94.0], [124.0, 93.5], [124.5, 93.0], [125.0, 92.5], [125.5, 92.0], [126.0, 91.5], [126.5, 91.0], [127.0, 90.5], [127.5, 90.0], [127.5, 89.0], [127.5, 88.0], [127.5, 87.0], [127.5, 86.0], [127.0, 85.5], [126.0, 85.5], [125.5, 85.0], [125.5, 84.0], [125.5, 83.0], [125.0, 82.5], [124.0, 82.5], [123.5, 82.0], [123.5, 81.0], [123.5, 80.0], [124.0, 79.5], [124.5, 79.0], [125.0, 78.5], [125.5, 78.0], [126.0, 77.5], [126.5, 77.0], [126.5, 76.0], [127.0, 75.5], [127.5, 75.0], [128.0, 74.5], [128.5, 74.0], [128.5, 73.0], [128.5, 72.0], [128.5, 71.0], [128.5, 70.0], [128.0, 69.5], [127.5, 69.0], [127.5, 68.0], [127.0, 67.5], [126.5, 67.0], [126.5, 66.0], [126.0, 65.5], [125.5, 65.0], [125.0, 64.5], [124.5, 64.0], [124.0, 63.5], [123.5, 64.0], [123.5, 65.0], [123.0, 65.5], [122.5, 66.0], [122.0, 66.5], [121.5, 67.0], [121.0, 67.5], [120.5, 68.0], [120.0, 68.5], [119.5, 69.0], [119.5, 70.0], [119.5, 71.0], [119.0, 71.5], [118.0, 71.5], [117.5, 72.0], [117.5, 73.0], [117.5, 74.0], [117.5, 75.0], [117.5, 76.0], [117.5, 77.0], [118.0, 77.5], [119.0, 77.5], [119.5, 78.0], [119.5, 79.0], [119.5, 80.0], [119.0, 80.5], [118.0, 80.5], [117.5, 81.0], [117.0, 81.5], [116.0, 81.5], [115.5, 82.0], [115.5, 83.0], [115.0, 83.5], [114.5, 84.0], [114.5, 85.0], [114.5, 86.0], [114.0, 86.5], [113.5, 87.0], [113.5, 88.0], [113.0, 88.5], [112.5, 89.0], [112.0, 89.5], [111.0, 89.5], [110.0, 89.5], [109.0, 89.5], [108.0, 89.5], [107.0, 89.5], [106.0, 89.5], [105.0, 89.5], [104.0, 89.5], [103.0, 89.5], [102.0, 89.5], [101.5, 90.0], [102.0, 90.5], [103.0, 90.5], [104.0, 90.5], [105.0, 90.5], [106.0, 90.5], [107.0, 90.5], [108.0, 90.5], [109.0, 90.5], [110.0, 90.5], [110.5, 91.0], [110.0, 91.5], [109.0, 91.5], [108.0, 91.5], [107.0, 91.5], [106.0, 91.5], [105.0, 91.5], [104.0, 91.5], [103.0, 91.5], [102.0, 91.5], [101.0, 91.5], [100.0, 91.5], [99.0, 91.5], [98.0, 91.5], [97.5, 92.0], [98.0, 92.5], [99.0, 92.5], [100.0, 92.5], [101.0, 92.5], [102.0, 92.5], [103.0, 92.5], [104.0, 92.5], [105.0, 92.5], [105.5, 93.0], [105.0, 93.5], [104.0, 93.5], [103.5, 94.0], [103.0, 94.5], [102.0, 94.5], [101.0, 94.5], [100.0, 94.5], [99.0, 94.5], [98.0, 94.5], [97.0, 94.5], [96.0, 94.5], [95.0, 94.5], [94.5, 94.0], [94.0, 93.5], [93.0, 93.5], [92.5, 93.0], [92.5, 92.0], [92.0, 91.5], [91.0, 91.5], [90.5, 91.0], [90.0, 90.5], [89.0, 90.5], [88.0, 90.5], [87.0, 90.5], [86.0, 90.5], [85.5, 90.0], [86.0, 89.5], [87.0, 89.5], [87.5, 89.0], [87.0, 88.5], [86.0, 88.5], [85.5, 89.0], [85.0, 89.5], [84.0, 89.5], [83.0, 89.5], [82.0, 89.5], [81.0, 89.5], [80.0, 89.5], [79.0, 89.5], [78.0, 89.5], [77.0, 89.5], [76.0, 89.5], [75.5, 90.0], [76.0, 90.5], [77.0, 90.5], [78.0, 90.5], [79.0, 90.5], [80.0, 90.5], [80.5, 91.0], [80.0, 91.5], [79.5, 92.0], [79.0, 92.5], [78.0, 92.5], [77.5, 93.0], [77.0, 93.5], [76.0, 93.5], [75.0, 93.5], [74.5, 94.0]]"
SLICE,Z11,GAS_LAT_R,-4.94807479795972,54.149034591245645,-590.0278535473233,41.0,0.1550487883632834,"[[50.0, 61.5], [49.5, 62.0], [50.0, 62.5], [51.0, 62.5], [52.0, 62.5], [52.5, 63.0], [52.0, 63.5], [51.0, 63.5], [50.5, 64.0], [50.5, 65.0], [51.0, 65.5], [52.0, 65.5], [53.0, 65.5], [53.5, 65.0], [54.0, 64.5], [55.0, 64.5], [55.5, 64.0], [55.5, 63.0], [55.5, 62.0], [55.0, 61.5], [54.0, 61.5], [53.0, 61.5], [52.0, 61.5], [51.0, 61.5]]"
SLICE,Z11,TA_L,-4.94807479795972,54.149034591245645,-590.0278535473233,472.0,0.36564034697245545,"[[255.0, 0.0], [254.5, 0.0], [254.5, 0.0], [254.5, 0.0], [254.5, 0.0], [254.5, 0.0], [254.5, 0.0], [255.0, 0.0], [255.5, 0.0], [255.5, 0.0], [256.0, 0.0], [256.5, 0.0], [256.5, 0.0], [257.0, 0.0], [257.5, 0.0], [258.0, 0.0], [258.5, 0.0], [259.0, 0.0], [260.0, 0.0], [261.0, 0.0], [261.5, 0.0], [262.0, 0.0], [263.0, 0.0], [263.5, 0.0], [264.0, 0.0], [264.5, 0.0], [265.0, 0.0], [265.5, 0.0], [266.0, 0.0], [266.5, 0.0], [266.5, 0.0], [267.0, 0.0], [267.5, 0.0], [267.0, 0.0], [266.5, 0.0], [267.0, 0.0], [268.0, 0.0], [268.5, 0.0], [268.5, 0.0], [269.0, 0.0], [270.0, 0.0], [270.5, 0.0], [271.0, 0.0], [272.0, 0.0], [272.5, 0.0], [273.0, 0.0], [273.5, 0.0], [273.5, 0.0], [273.5, 0.0], [273.5, 0.0], [273.5, 0.0], [273.5, 0.0], [273.5, 0.0], [273.5, 0.0], [273.0, 0.0], [272.5, 0.0], [272.5, 0.0], [272.5, 0.0], [272.0, 0.0], [271.5, 0.0], [271.5, 0.0], [271.0, 0.0], [270.5, 0.0], [270.5, 0.0], [270.5, 0.0], [270.0, 0.0], [269.5, 0.0], [269.0, 0.0], [268.5, 0.0], [268.5, 0.0], [268.0, 0.0], [267.5, 0.0], [267.0, 0.0], [266.0, 0.0], [265.5, 0.0], [265.5, 0.0], [265.0, 0.0], [264.0, 0.0], [263.5, 0.0], [263.0, 0.0], [262.0, 0.0], [261.5, 0.0], [261.0, 0.0], [260.0, 0.0], [259.0, 0.0], [258.5, 0.0], [258.5, 0.0], [258.5, 0.0], [258.0, 0.0], [257.5, 0.0], [257.5, 0.0], [257.5, 0.0], [257.0, 0.0], [256.5, 0.0], [256.5, 0.0], [257.0, 0.0], [257.5, 0.0], [257.0, 0.0], [256.0, 0.0], [255.5, 0.0], [256.0, 0.0], [256.5, 0.0], [256.0, 0.0], [255.5, 0.0]]"
SLICE,Z11,ED_L,-4.94807479795972,54.149034591245645,-590.0278535473233,303.0,0.5952210880993363,"[[210.0, 0.0], [209.5, 0.0], [210.0, 0.0], [211.0, 0.0], [212.0, 0.0], [213.0, 0.0], [213.5, 0.0], [213.0, 0.0], [212.0, 0.0], [211.5, 0.0], [212.0, 0.0], [213.0, 0.0], [214.0, 0.0], [215.0, 0.0], [215.5, 0.0], [216.0, 0.0], [217.0, 0.0], [217.5, 0.0], [218.0, 0.0], [218.5, 0.0], [219.0, 0.0], [219.5, 0.0], [220.0, 0.0], [220.5, 0.0], [221.0, 0.0], [222.0, 0.0], [222.5, 0.0], [222.5, 0.0], [223.0, 0.0], [224.0, 0.0], [225.0, 0.0], [226.0, 0.0], [227.0, 0.0], [228.0, 0.0], [228.5, 0.0], [229.0, 0.0], [229.5, 0.0], [229.5, 0.0], [230.0, 0.0], [230.5, 0.0], [230.5, 0.0], [230.5, 0.0], [230.5, 0.0], [230.5, 0.0], [230.5, 0.0], [230.5, 0.0], [230.5, 0.0], [230.0, 0.0], [229.0, 0.0], [228.5, 0.0], [229.0, 0.0], [230.0, 0.0], [230.5, 0.0], [230.5, 0.0], [230.5, 0.0], [230.5, 0.0], [230.0, 0.0], [229.0, 0.0], [228.0, 0.0], [227.0, 0.0], [226.0, 0.0], [225.0, 0.0], [224.0, 0.0], [223.5, 0.0], [223.0, 0.0], [222.5, 0.0], [222.0, 0.0], [221.0, 0.0], [220.0, 0.0], [219.0, 0.0], [218.0, 0.0], [217.0, 0.0], [216.5, 0.0], [216.0, 0.0], [215.0, 0.0], [214.0, 0.0], [213.5, 0.0], [213.5, 0.0], [213.5, 0.0], [213.0, 0.0], [212.0, 0.0], [211.0, 0.0]]"
SLICE,Z11,PER_L,-4.94807479795972,54.149034591245645,-590.0278535473233,415.0,0.33947779141976553,"[[234.0, 0.0], [233.5, 0.0], [233.5, 0.0], [233.5, 0.0], [233.5, 0.0], [233.5, 0.0], [234.0, 0.0], [234.5, 0.0], [234.5, 0.0], [234.0, 0.0], [233.5, 0.0], [233.5, 0.0], [233.5, 0.0], [234.0, 0.0], [235.0, 0.0], [235.5, 0.0], [236.0, 0.0], [236.5, 0.0], [236.0, 0.0], [235.0, 0.0], [234.0, 0.0], [233.5, 0.0], [234.0, 0.0], [234.5, 0.0], [235.0, 0.0], [235.5, 0.0], [236.0, 0.0], [237.0, 0.0], [238.0, 0.0], [239.0, 0.0], [240.0, 0.0], [241.0, 0.0], [242.0, 0.0], [243.0, 0.0], [244.0, 0.0], [244.5, 0.0], [245.0, 0.0], [245.5, 0.0], [246.0, 0.0], [246.5, 0.0], [247.0, 0.0], [247.5, 0.0], [248.0, 0.0], [248.5, 0.0], [249.0, 0.0], [250.0, 0.0], [250.5, 0.0], [250.5, 0.0], [250.5, 0.0], [250.5, 0.0], [250.5, 0.0], [250.5, 0.0], [251.0, 0.0], [251.5, 0.0], [251.5, 0.0], [251.5, 0.0], [251.0, 0.0], [250.0, 0.0], [249.0, 0.0], [248.0, 0.0], [247.5, 0.0], [248.0, 0.0], [249.0, 0.0], [249.5, 0.0], [250.0, 0.0], [251.0, 0.0], [252.0, 0.0], [253.0, 0.0], [253.5, 0.0], [253.0, 0.0], [252.0, 0.0], [251.0, 0.0], [250.0, 0.0], [249.0, 0.0], [248.0, 0.0], [247.0, 0.0], [246.0, 0.0], [245.0, 0.0], [244.0, 0.0], [243.0, 0.0], [242.0, 0.0], [241.5, 0.0], [242.0, 0.0], [243.0, 0.0], [244.0, 0.0], [244.5, 0.0], [244.0, 0.0], [243.0, 0.0], [242.0, 0.0], [241.0, 0.0], [240.0, 0.0], [239.0, 0.0], [238.0, 0.0], [237.0, 0.0], [236.0, 0.0], [235.0, 0.0], [234.5, 0.0], [235.0, 0.0], [235.5, 0.0], [235.0, 0.0]]"
SLICE,Z11,DLPC_L,-4.94807479795972,54.149034591245645,-590.0278535473233,856.0,0.15950002453905981,"[[206.0, 0.0], [205.5, 0.0], [205.5, 0.0], [205.5, 0.0], [205.5, 0.0], [206.0, 0.0], [206.5, 0.0], [206.5, 0.0], [207.0, 0.0], [208.0, 0.0], [208.5, 0.0], [208.5, 0.0], [208.0, 0.0], [207.0, 0.0], [206.5, 0.0], [207.0, 0.0], [208.0, 0.0], [208.5, 0.0], [208.5, 0.0], [209.0, 0.0], [210.0, 0.0], [210.5, 0.0], [210.5, 0.0], [210.0, 0.0], [209.0, 0.0], [208.0, 0.0], [207.0, 0.0], [206.0, 0.0], [205.5, 0.0], [206.0, 0.0], [207.0, 0.0], [208.0, 0.0], [209.0, 0.0], [210.0, 0.0], [210.5, 0.0], [210.0, 0.0], [209.0, 0.0], [208.0, 0.0], [207.0, 0.0], [206.0, 0.0], [205.5, 0.0], [206.0, 0.0], [207.0, 0.0], [208.0, 0.0], [208.5, 0.0], [209.0, 0.0], [210.0, 0.0], [210.5, 0.0], [211.0, 0.0], [212.0, 0.0], [212.5, 0.0], [213.0, 0.0], [214.0, 0.0], [215.0, 0.0], [216.0, 0.0], [217.0, 0.0], [218.0, 0.0], [219.0, 0.0], [220.0, 0.0], [221.0, 0.0], [222.0, 0.0], [223.0, 0.0], [224.0, 0.0], [225.0, 0.0], [226.0, 0.0], [226.5, 0.0], [227.0, 0.0], [228.0, 0.0], [228.5, 0.0], [229.0, 0.0], [230.0, 0.0], [230.5, 0.0], [231.0, 0.0], [232.0, 0.0], [232.5, 0.0], [233.0, 0.0], [233.5, 0.0], [234.0, 0.0], [234.5, 0.0], [235.0, 0.0], [235.5, 0.0], [236.0, 0.0], [237.0, 0.0], [238.0, 0.0], [239.0, 0.0], [239.5, 0.0], [240.0, 0.0], [241.0, 0.0], [241.5, 0.0], [242.0, 0.0], [242.5, 0.0], [243.0, 0.0], [243.5, 0.0], [244.0, 0.0], [245.0, 0.0], [246.0, 0.0], [246.5, 0.0], [246.5, 0.0], [247.0, 0.0], [248.0, 0.0], [248.5, 0.0], [248.5, 0.0], [249.0, 0.0], [249.5, 0.0], [250.0, 0.0], [250.5, 0.0], [251.0, 0.0], [252.0, 0.0], [253.0, 0.0], [254.0, 0.0], [255.0, 0.0], [255.5, 0.0], [255.0, 0.0], [254.0, 0.0], [253.5, 0.0], [254.0, 0.0], [255.0, 0.0], [255.5, 0.0], [255.5, 0.0], [255.5, 0.0], [255.5, 0.0], [255.5, 0.0], [255.5, 0.0], [255.5, 0.0], [255.0, 0.0], [254.5, 0.0], [254.5, 0.0], [254.5, 0.0], [254.0, 0.0], [253.5, 0.0], [253.5, 0.0], [253.0, 0.0], [252.5, 0.0], [252.0, 0.0], [251.5, 0.0], [251.0, 0.0], [250.5, 0.0], [250.5, 0.0], [250.0, 0.0], [249.0, 0.0], [248.5, 0.0], [248.0, 0.0], [247.5, 0.0], [247.0, 0.0], [246.5, 0.0], [246.0, 0.0], [245.5, 0.0], [245.5, 0.0], [245.0, 0.0], [244.5, 0.0], [244.0, 0.0], [243.0, 0.0], [242.5, 0.0], [242.5, 0.0], [242.5, 0.0], [242.5, 0.0], [242.0, 0.0], [241.5, 0.0], [241.0, 0.0], [240.5, 0.0], [240.5, 0.0], [241.0, 0.0], [241.5, 0.0], [241.5, 0.0], [242.0, 0.0], [242.5, 0.0], [242.5, 0.0], [242.5, 0.0], [242.5, 0.0], [242.5, 0.0], [243.0, 0.0], [243.5, 0.0], [243.5, 0.0], [243.0, 0.0], [242.5, 0.0], [242.5, 0.0], [242.5, 0.0], [242.5, 0.0], [242.5, 0.0], [242.0, 0.0], [241.5, 0.0], [241.5, 0.0], [241.0, 0.0], [240.0, 0.0], [239.5, 0.0], [239.0, 0.0], [238.5, 0.0], [238.0, 0.0], [237.5, 0.0], [237.0, 0.0], [236.0, 0.0], [235.0, 0.0], [234.0, 0.0], [233.0, 0.0], [232.0, 0.0], [231.5, 0.0], [231.0, 0.0], [230.5, 0.0], [230.5, 0.0], [230.0, 0.0], [229.5, 0.0], [229.0, 0.0], [228.5, 0.0], [228.0, 0.0], [227.0, 0.0], [226.5, 0.0], [226.0, 0.0], [225.5, 0.0], [225.5, 0.0], [225.0, 0.0], [224.5, 0.0], [224.0, 0.0], [223.5, 0.0], [223.5, 0.0], [223.5, 0.0], [223.5, 0.0], [223.5, 0.0], [223.5, 0.0], [223.5, 0.0], [223.5, 0.0], [223.5, 0.0], [223.5, 0.0], [223.5, 0.0], [223.0, 0.0], [222.0, 0.0], [221.0, 0.0], [220.5, 0.0], [220.5, 0.0], [220.0, 0.0], [219.0, 0.0], [218.0, 0.0], [217.0, 0.0], [216.0, 0.0], [215.0, 0.0], [214.0, 0.0], [213.0, 0.0], [212.5, 0.0], [212.0, 0.0], [211.0, 0.0], [210.0, 0.0], [209.5, 0.0], [209.0, 0.0], [208.5, 0.0], [208.0, 0.0], [207.5, 0.0], [207.0, 0.0], [206.5, 0.0], [206.5, 0.0], [206.5, 0.0], [206.5, 0.0], [206.5, 0.0], [206.5, 0.0]]"
SLICE,Z11,POP_L,-4.94807479795972,54.149034591245645,-590.0278535473233,0.0,,
SLICE,Z11,SOL_L,-4.94807479795972,54.149034591245645,-590.0278535473233,940.0,0.21849551804704118,"[[195.0, 0.0], [194.5, 0.0], [194.5, 0.0], [194.5, 0.0], [194.5, 0.0], [194.5, 0.0], [194.5, 0.0], [194.5, 0.0], [194.5, 0.0], [195.0, 0.0], [195.5, 0.0], [195.5, 0.0], [196.0, 0.0], [196.5, 0.0], [197.0, 0.0], [197.5, 0.0], [198.0, 0.0], [198.5, 0.0], [198.5, 0.0], [199.0, 0.0], [199.5, 0.0], [200.0, 0.0], [200.5, 0.0], [201.0, 0.0], [201.5, 0.0], [202.0, 0.0], [203.0, 0.0], [203.5, 0.0], [203.5, 0.0], [203.5, 0.0], [203.5, 0.0], [203.5, 0.0], [203.5, 0.0], [203.5, 0.0], [204.0, 0.0], [204.5, 0.0], [204.5, 0.0], [204.5, 0.0], [204.5, 0.0], [204.5, 0.0], [204.5, 0.0], [204.5, 0.0], [204.5, 0.0], [205.0, 0.0], [206.0, 0.0], [206.5, 0.0], [206.5, 0.0], [207.0, 0.0], [208.0, 0.0], [208.5, 0.0], [209.0, 0.0], [210.0, 0.0], [210.5, 0.0], [211.0, 0.0], [212.0, 0.0], [213.0, 0.0], [214.0, 0.0], [215.0, 0.0], [216.0, 0.0], [217.0, 0.0], [218.0, 0.0], [219.0, 0.0], [220.0, 0.0], [220.5, 0.0], [220.0, 0.0], [219.0, 0.0], [218.0, 0.0], [217.0, 0.0], [216.0, 0.0], [215.0, 0.0], [214.0, 0.0], [213.5, 0.0], [214.0, 0.0], [215.0, 0.0], [216.0, 0.0], [216.5, 0.0], [217.0, 0.0], [218.0, 0.0], [219.0, 0.0], [220.0, 0.0], [221.0, 0.0], [222.0, 0.0], [223.0, 0.0], [224.0, 0.0], [225.0, 0.0], [226.0, 0.0], [227.0, 0.0], [228.0, 0.0], [228.5, 0.0], [229.0, 0.0], [229.5, 0.0], [230.0, 0.0], [230.5, 0.0], [231.0, 0.0], [231.5, 0.0], [231.0, 0.0], [230.5, 0.0], [230.5, 0.0], [231.0, 0.0], [231.5, 0.0], [232.0, 0.0], [233.0, 0.0], [234.0, 0.0], [235.0, 0.0], [235.5, 0.0], [235.0, 0.0], [234.0, 0.0], [233.5, 0.0], [233.5, 0.0], [233.5, 0.0], [233.5, 0.0], [234.0, 0.0], [234.5, 0.0], [234.0, 0.0], [233.5, 0.0], [233.5, 0.0], [233.5, 0.0], [233.5, 0.0], [233.5, 0.0], [234.0, 0.0], [235.0, 0.0], [235.5, 0.0], [235.0, 0.0], [234.5, 0.0], [235.0, 0.0], [236.0, 0.0], [237.0, 0.0], [238.0, 0.0], [239.0, 0.0], [240.0, 0.0], [241.0, 0.0], [242.0, 0.0], [243.0, 0.0], [244.0, 0.0], [244.5, 0.0], [244.0, 0.0], [243.0, 0.0], [242.0, 0.0], [241.5, 0.0], [242.0, 0.0], [243.0, 0.0], [244.0, 0.0], [245.0, 0.0], [246.0, 0.0], [247.0, 0.0], [248.0, 0.0], [249.0, 0.0], [250.0, 0.0], [251.0, 0.0], [252.0, 0.0], [253.0, 0.0], [253.5, 0.0], [253.0, 0.0], [252.0, 0.0], [251.0, 0.0], [250.0, 0.0], [249.5, 0.0], [249.0, 0.0], [248.0, 0.0], [247.5, 0.0], [248.0, 0.0], [249.0, 0.0], [250.0, 0.0], [251.0, 0.0], [252.0, 0.0], [253.0, 0.0], [254.0, 0.0], [255.0, 0.0], [256.0, 0.0], [257.0, 0.0], [258.0, 0.0], [258.5, 0.0], [259.0, 0.0], [259.5, 0.0], [260.0, 0.0], [261.0, 0.0], [261.5, 0.0], [261.5, 0.0], [262.0, 0.0], [262.5, 0.0], [262.5, 0.0], [263.0, 0.0], [263.5, 0.0], [263.5, 0.0], [263.5, 0.0], [263.0, 0.0], [262.5, 0.0], [262.0, 0.0], [261.5, 0.0], [261.0, 0.0], [260.5, 0.0], [260.0, 0.0], [259.5, 0.0], [259.5, 0.0], [259.0, 0.0], [258.5, 0.0], [258.5, 0.0], [258.0, 0.0], [257.0, 0.0], [256.5, 0.0], [256.5, 0.0], [256.0, 0.0], [255.0, 0.0], [254.0, 0.0], [253.0, 0.0], [252.0, 0.0], [251.0, 0.0], [250.5, 0.0], [250.0, 0.0], [249.5, 0.0], [249.0, 0.0], [248.5, 0.0], [248.5, 0.0], [248.0, 0.0], [247.0, 0.0], [246.5, 0.0], [246.5, 0.0], [246.0, 0.0], [245.0, 0.0], [244.0, 0.0], [243.5, 0.0], [243.0, 0.0], [242.5, 0.0], [242.0, 0.0], [241.5, 0.0], [241.0, 0.0], [240.0, 0.0], [239.5, 0.0], [239.0, 0.0], [238.0, 0.0], [237.0, 0.0], [236.0, 0.0], [235.5, 0.0], [235.0, 0.0], [234.0, 0.0], [233.0, 0.0], [232.5, 0.0], [232.0, 0.0], [231.0, 0.0], [230.5, 0.0], [230.0, 0.0], [229.5, 0.0], [229.5, 0.0], [229.5, 0.0], [229.5, 0.0], [229.5, 0.0], [229.0, 0.0], [228.5, 0.0], [228.0, 0.0], [227.0, 0.0], [226.0, 0.0], [225.0, 0.0], [224.5, 0.0], [224.5, 0.0], [224.0, 0.0], [223.0, 0.0], [222.5, 0.0], [222.0, 0.0], [221.0, 0.0], [220.0, 0.0], [219.5, 0.0], [219.0, 0.0], [218.5, 0.0], [218.0, 0.0], [217.0, 0.0], [216.0, 0.0], [215.5, 0.0], [215.0, 0.0], [214.5, 0.0], [214.0, 0.0], [213.5, 0.0], [213.5, 0.0], [213.5, 0.0], [213.0, 0.0], [212.0, 0.0], [211.0, 0.0], [210.5, 0.0], [210.5, 0.0], [210.0, 0.0], [209.0, 0.0], [208.5, 0.0], [208.0, 0.0], [207.0, 0.0], [206.0, 0.0], [205.5, 0.0], [206.0, 0.0], [207.0, 0.0], [208.0, 0.0], [209.0, 0.0], [210.0, 0.0], [210.5, 0.0], [210.0, 0.0], [209.0, 0.0], [208.0, 0.0], [207.0, 0.0], [206.0, 0.0], [205.5, 0.0], [206.0, 0.0], [207.0, 0.0], [208.0, 0.0], [209.0, 0.0], [210.0, 0.0], [210.5, 0.0], [210.5, 0.0], [210.0, 0.0], [209.0, 0.0], [208.5, 0.0], [208.5, 0.0], [208.0, 0.0], [207.0, 0.0], [206.5, 0.0], [207.0, 0.0], [208.0, 0.0], [208.5, 0.0], [208.5, 0.0], [208.0, 0.0], [207.0, 0.0], [206.5, 0.0], [206.5, 0.0], [206.0, 0.0], [205.5, 0.0], [205.5, 0.0], [205.5, 0.0], [205.5, 0.0], [205.5, 0.0], [205.5, 0.0], [205.5, 0.0], [205.5, 0.0], [205.0, 0.0], [204.5, 0.0], [204.0, 0.0], [203.0, 0.0], [202.0, 0.0], [201.5, 0.0], [201.0, 0.0], [200.0, 0.0], [199.5, 0.0], [199.0, 0.0], [198.5, 0.0], [198.0, 0.0], [197.5, 0.0], [197.0, 0.0], [196.0, 0.0], [195.5, 0.0]]"
SLICE,Z11,GAS_MED_L,-4.94807479795972,54.149034591245645,-590.0278535473233,800.0,0.34477748204732733,"[[191.0, 0.0], [190.5, 0.0], [190.5, 0.0], [190.5, 0.0], [190.5, 0.0], [190.5, 0.0], [191.0, 0.0], [191.5, 0.0], [191.5, 0.0], [191.5, 0.0], [191.5, 0.0], [192.0, 0.0], [192.5, 0.0], [192.5, 0.0], [193.0, 0.0], [194.0, 0.0], [194.5, 0.0], [194.5, 0.0], [194.0, 0.0], [193.5, 0.0], [193.0, 0.0], [192.5, 0.0], [192.5, 0.0], [192.5, 0.0], [192.5, 0.0], [192.5, 0.0], [192.5, 0.0], [193.0, 0.0], [193.5, 0.0], [194.0, 0.0], [194.5, 0.0], [194.5, 0.0], [195.0, 0.0], [195.5, 0.0], [196.0, 0.0], [197.0, 0.0], [197.5, 0.0], [197.5, 0.0], [198.0, 0.0], [198.5, 0.0], [198.5, 0.0], [199.0, 0.0], [199.5, 0.0], [199.5, 0.0], [200.0, 0.0], [200.5, 0.0], [201.0, 0.0], [202.0, 0.0], [202.5, 0.0], [202.5, 0.0], [203.0, 0.0], [203.5, 0.0], [204.0, 0.0], [205.0, 0.0], [206.0, 0.0], [207.0, 0.0], [208.0, 0.0], [209.0, 0.0], [210.0, 0.0], [210.5, 0.0], [211.0, 0.0], [212.0, 0.0], [213.0, 0.0], [213.5, 0.0], [214.0, 0.0], [215.0, 0.0], [216.0, 0.0], [217.0, 0.0], [218.0, 0.0], [218.5, 0.0], [219.0, 0.0], [220.0, 0.0], [220.5, 0.0], [221.0, 0.0], [222.0, 0.0], [223.0, 0.0], [224.0, 0.0], [224.5, 0.0], [224.5, 0.0], [224.5, 0.0], [224.5, 0.0], [225.0, 0.0], [225.5, 0.0], [226.0, 0.0], [227.0, 0.0], [228.0, 0.0], [229.0, 0.0], [229.5, 0.0], [230.0, 0.0], [231.0, 0.0], [232.0, 0.0], [233.0, 0.0], [234.0, 0.0], [234.5, 0.0], [235.0, 0.0], [236.0, 0.0], [236.5, 0.0], [237.0, 0.0], [238.0, 0.0], [238.5, 0.0], [239.0, 0.0], [239.5, 0.0], [240.0, 0.0], [240.5, 0.0], [241.0, 0.0], [241.5, 0.0], [242.0, 0.0], [242.5, 0.0], [243.0, 0.0], [243.5, 0.0], [243.5, 0.0], [243.5, 0.0], [244.0, 0.0], [244.5, 0.0], [244.5, 0.0], [244.5, 0.0], [244.0, 0.0], [243.0, 0.0], [242.0, 0.0], [241.0, 0.0], [240.0, 0.0], [239.0, 0.0], [238.0, 0.0], [237.0, 0.0], [236.0, 0.0], [235.5, 0.0], [235.0, 0.0], [234.5, 0.0], [234.0, 0.0], [233.5, 0.0], [234.0, 0.0], [235.0, 0.0], [236.0, 0.0], [236.5, 0.0], [236.0, 0.0], [235.0, 0.0], [234.0, 0.0], [233.0, 0.0], [232.5, 0.0], [232.5, 0.0], [232.5, 0.0], [232.5, 0.0], [232.0, 0.0], [231.5, 0.0], [231.0, 0.0], [230.5, 0.0], [230.0, 0.0], [229.5, 0.0], [229.0, 0.0], [228.5, 0.0], [228.5, 0.0], [228.0, 0.0], [227.0, 0.0], [226.5, 0.0], [226.0, 0.0], [225.5, 0.0], [225.0, 0.0], [224.0, 0.0], [223.0, 0.0], [222.0, 0.0], [221.0, 0.0], [220.0, 0.0], [219.0, 0.0], [218.0, 0.0], [217.0, 0.0], [216.5, 0.0], [216.0, 0.0], [215.0, 0.0], [214.0, 0.0], [213.5, 0.0], [214.0, 0.0], [215.0, 0.0], [216.0, 0.0], [217.0, 0.0], [218.0, 0.0], [219.0, 0.0], [220.0, 0.0], [220.5, 0.0], [220.0, 0.0], [219.0, 0.0], [218.0, 0.0], [217.0, 0.0], [216.0, 0.0], [215.0, 0.0], [214.0, 0.0], [213.0, 0.0], [212.0, 0.0], [211.0, 0.0], [210.5, 0.0], [210.0, 0.0], [209.0, 0.0], [208.5, 0.0], [208.0, 0.0], [207.0, 0.0], [206.5, 0.0], [206.0, 0.0], [205.5, 0.0], [205.0, 0.0], [204.5, 0.0], [204.5, 0.0], [204.5, 0.0], [204.0, 0.0], [203.5, 0.0], [203.5, 0.0], [203.5, 0.0], [203.0, 0.0], [202.5, 0.0], [202.5, 0.0], [203.0, 0.0], [203.5, 0.0], [203.5, 0.0], [203.5, 0.0], [203.0, 0.0], [202.5, 0.0], [202.5, 0.0], [202.0, 0.0], [201.5, 0.0], [201.0, 0.0], [200.5, 0.0], [200.5, 0.0], [200.0, 0.0], [199.5, 0.0], [199.0, 0.0], [198.5, 0.0], [198.5, 0.0], [198.5, 0.0], [198.0, 0.0], [197.0, 0.0], [196.5, 0.0], [196.0, 0.0], [195.5, 0.0], [195.5, 0.0], [195.0, 0.0], [194.0, 0.0], [193.5, 0.0], [193.0, 0.0], [192.5, 0.0], [192.5, 0.0], [192.0, 0.0], [191.5, 0.0], [191.5, 0.0], [191.5, 0.0]]"
SLICE,Z11,GAS_LAT_L,-4.94807479795972,54.149034591245645,-590.0278535473233,4.0,0.08873381684592707,"[[263.0, 0.0], [262.5, 0.0], [262.5, 0.0], [263.0, 0.0], [263.5, 0.0], [263.5, 0.0]]"
SLICE,Z12,TA_R,-4.943750630646889,54.194746872788315,-555.8614659441602,781.0,0.3324484051888743,"[[43.0, 46.5], [42.5, 47.0], [42.5, 48.0], [42.5, 49.0], [42.5, 50.0], [42.5, 51.0], [42.5, 52.0], [42.5, 53.0], [42.5, 54.0], [42.5, 55.0], [42.5, 56.0], [42.5, 57.0], [42.5, 58.0], [42.5, 59.0], [42.5, 60.0], [42.5, 61.0], [42.5, 62.0], [42.5, 63.0], [42.5, 64.0], [43.0, 64.5], [43.5, 65.0], [43.5, 66.0], [44.0, 66.5], [44.5, 67.0], [45.0, 67.5], [45.5, 68.0], [45.5, 69.0], [46.0, 69.5], [47.0, 69.5], [48.0, 69.5], [49.0, 69.5], [50.0, 69.5], [50.5, 69.0], [50.5, 68.0], [51.0, 67.5], [52.0, 67.5], [52.5, 67.0], [53.0, 66.5], [53.5, 66.0], [54.0, 65.5], [54.5, 65.0], [55.0, 64.5], [55.5, 64.0], [56.0, 63.5], [57.0, 63.5], [57.5, 63.0], [58.0, 62.5], [58.5, 62.0], [59.0, 61.5], [59.5, 61.0], [60.0, 60.5], [60.5, 60.0], [60.5, 59.0], [60.5, 58.0], [61.0, 57.5], [62.0, 57.5], [62.5, 57.0], [62.0, 56.5], [61.5, 56.0], [62.0, 55.5], [62.5, 55.0], [62.5, 54.0], [63.0, 53.5], [63.5, 53.0], [64.0, 52.5], [64.5, 52.0], [64.0, 51.5], [63.5, 51.0], [64.0, 50.5], [65.0, 50.5], [65.5, 50.0], [65.5, 49.0], [66.0, 48.5], [67.0, 48.5], [68.0, 48.5], [68.5, 48.0], [69.0, 47.5], [70.0, 47.5], [70.5, 47.0], [70.0, 46.5], [69.0, 46.5], [68.0, 46.5], [67.5, 46.0], [68.0, 45.5], [68.5, 45.0], [68.5, 44.0], [69.0, 43.5], [69.5, 43.0], [70.0, 42.5], [70.5, 42.0], [70.5, 41.0], [70.5, 40.0], [70.5, 39.0], [70.5, 38.0], [70.0, 37.5], [69.5, 37.0], [69.0, 36.5], [68.5, 36.0], [68.5, 35.0], [68.5, 34.0], [68.0, 33.5], [67.5, 33.0], [67.5, 32.0], [67.0, 31.5], [66.5, 31.0], [66.0, 30.5], [65.5, 30.0], [65.5, 29.0], [65.0, 28.5], [64.5, 28.0], [64.0, 27.5], [63.0, 27.5], [62.0, 27.5], [61.0, 27.5], [60.5, 28.0], [60.0, 28.5], [59.0, 28.5], [58.0, 28.5], [57.5, 29.0], [57.0, 29.5], [56.0, 29.5], [55.5, 30.0], [55.0, 30.5], [54.0, 30.5], [53.5, 31.0], [53.0, 31.5], [52.5, 32.0], [52.5, 33.0], [52.0, 33.5], [51.0, 33.5], [50.5, 34.0], [50.5, 35.0], [50.0, 35.5], [49.0, 35.5], [48.5, 36.0], [48.0, 36.5], [47.5, 37.0], [47.5, 38.0], [47.0, 38.5], [46.5, 39.0], [46.5, 40.0], [46.0, 40.5], [45.5, 41.0], [45.5, 42.0], [45.0, 42.5], [44.5, 43.0], [44.5, 44.0], [44.0, 44.5], [43.5, 45.0], [43.5, 46.0]]"
SLICE,Z12,ED_R,-4.943750630646889,54.194746872788315,-555.8614659441602,60.0,0.9577610581288979,"[[69.0, 31.5], [68.5, 32.0], [69.0, 32.5], [69.5, 33.0], [69.5, 34.0], [69.5, 35.0], [69.0, 35.5], [68.5, 36.0], [69.0, 36.5], [70.0, 36.5], [71.0, 36.5], [71.5, 37.0], [71.0, 37.5], [70.5, 38.0], [70.5, 39.0], [71.0, 39.5], [72.0, 39.5], [73.0, 39.5], [73.5, 39.0], [73.5, 38.0], [73.5, 37.0], [74.0, 36.5], [75.0, 36.5], [75.5, 36.0], [75.5, 35.0], [75.5, 34.0], [75.5, 33.0], [75.5, 32.0], [75.0, 31.5], [74.0, 31.5], [73.5, 31.0], [73.5, 30.0], [73.0, 29.5], [72.0, 29.5], [71.5, 30.0], [71.0, 30.5], [70.0, 30.5], [69.5, 31.0]]"
SLICE,Z12,PER_R,-4.943750630646889,54.194746872788315,-555.8614659441602,453.0,0.27959264075858975,"[[57.0, 79.5], [56.5, 80.0], [56.5, 81.0], [56.5, 82.0], [57.0, 82.5], [57.5, 83.0], [58.0, 83.5], [58.5, 84.0], [59.0, 84.5], [60.0, 84.5], [61.0, 84.5], [62.0, 84.5], [63.0, 84.5], [64.0, 84.5], [65.0, 84.5], [66.0, 84.5], [67.0, 84.5], [67.5, 85.0], [68.0, 85.5], [69.0, 85.5], [70.0, 85.5], [70.5, 85.0], [71.0, 84.5], [71.5, 85.0], [71.5, 86.0], [71.5, 87.0], [71.5, 88.0], [72.0, 88.5], [73.0, 88.5], [74.0, 88.5], [75.0, 88.5], [75.5, 88.0], [75.5, 87.0], [75.5, 86.0], [75.5, 85.0], [76.0, 84.5], [76.5, 85.0], [77.0, 85.5], [78.0, 85.5], [79.0, 85.5], [80.0, 85.5], [80.5, 85.0], [80.0, 84.5], [79.0, 84.5], [78.0, 84.5], [77.5, 84.0], [77.5, 83.0], [78.0, 82.5], [79.0, 82.5], [80.0, 82.5], [80.5, 82.0], [80.0, 81.5], [79.0, 81.5], [78.0, 81.5], [77.0, 81.5], [76.5, 81.0], [77.0, 80.5], [78.0, 80.5], [79.0, 80.5], [79.5, 80.0], [79.0, 79.5], [78.0, 79.5], [77.0, 79.5], [76.0, 79.5], [75.0, 79.5], [74.0, 79.5], [73.0, 79.5], [72.0, 79.5], [71.5, 80.0], [71.0, 80.5], [70.5, 80.0], [70.0, 79.5], [69.0, 79.5], [68.5, 79.0], [68.5, 78.0], [69.0, 77.5], [70.0, 77.5], [70.5, 77.0], [70.0, 76.5], [69.0, 76.5], [68.0, 76.5], [67.0, 76.5], [66.0, 76.5], [65.0, 76.5], [64.5, 76.0], [65.0, 75.5], [65.5, 75.0], [65.0, 74.5], [64.0, 74.5], [63.5, 74.0], [63.5, 73.0], [64.0, 72.5], [65.0, 72.5], [65.5, 72.0], [65.0, 71.5], [64.0, 71.5], [63.5, 72.0], [63.0, 72.5], [62.5, 73.0], [62.0, 73.5], [61.5, 74.0], [61.0, 74.5], [60.5, 75.0], [60.0, 75.5], [59.5, 76.0], [59.0, 76.5], [58.0, 76.5], [57.5, 77.0], [57.5, 78.0], [57.5, 79.0]]"
SLICE,Z12,DLPC_R,-4.943750630646889,54.194746872788315,-555.8614659441602,1302.0,0.13356205457021472,"[[61.0, 57.5], [60.5, 58.0], [60.5, 59.0], [60.5, 60.0], [60.5, 61.0], [60.5, 62.0], [60.5, 63.0], [61.0, 63.5], [61.5, 64.0], [61.5, 65.0], [61.5, 66.0], [61.5, 67.0], [61.5, 68.0], [61.5, 69.0], [62.0, 69.5], [62.5, 70.0], [62.5, 71.0], [62.5, 72.0], [63.0, 72.5], [63.5, 73.0], [63.5, 74.0], [64.0, 74.5], [65.0, 74.5], [65.5, 75.0], [65.0, 75.5], [64.5, 76.0], [65.0, 76.5], [66.0, 76.5], [67.0, 76.5], [68.0, 76.5], [69.0, 76.5], [70.0, 76.5], [70.5, 77.0], [70.0, 77.5], [69.0, 77.5], [68.5, 78.0], [68.5, 79.0], [69.0, 79.5], [70.0, 79.5], [70.5, 80.0], [71.0, 80.5], [71.5, 80.0], [72.0, 79.5], [73.0, 79.5], [74.0, 79.5], [75.0, 79.5], [76.0, 79.5], [76.5, 79.0], [76.5, 78.0], [76.5, 77.0], [77.0, 76.5], [78.0, 76.5], [78.5, 76.0], [79.0, 75.5], [79.5, 75.0], [80.0, 74.5], [81.0, 74.5], [82.0, 74.5], [83.0, 74.5], [84.0, 74.5], [85.0, 74.5], [86.0, 74.5], [86.5, 74.0], [86.0, 73.5], [85.0, 73.5], [84.0, 73.5], [83.5, 73.0], [83.0, 72.5], [82.5, 72.0], [83.0, 71.5], [84.0, 71.5], [85.0, 71.5], [85.5, 72.0], [86.0, 72.5], [87.0, 72.5], [87.5, 73.0], [88.0, 73.5], [89.0, 73.5], [89.5, 74.0], [89.0, 74.5], [88.5, 75.0], [88.5, 76.0], [89.0, 76.5], [90.0, 76.5], [90.5, 77.0], [91.0, 77.5], [91.5, 78.0], [91.0, 78.5], [90.5, 79.0], [91.0, 79.5], [92.0, 79.5], [93.0, 79.5], [94.0, 79.5], [95.0, 79.5], [96.0, 79.5], [96.5, 79.0], [97.0, 78.5], [97.5, 78.0], [98.0, 77.5], [98.5, 77.0], [99.0, 76.5], [99.5, 76.0], [100.0, 75.5], [100.5, 75.0], [101.0, 74.5], [101.5, 74.0], [101.5, 73.0], [101.5, 72.0], [102.0, 71.5], [103.0, 71.5], [104.0, 71.5], [105.0, 71.5], [105.5, 71.0], [106.0, 70.5], [106.5, 70.0], [107.0, 69.5], [108.0, 69.5], [108.5, 69.0], [108.0, 68.5], [107.0, 68.5], [106.5, 68.0], [106.5, 67.0], [107.0, 66.5], [107.5, 66.0], [107.0, 65.5], [106.5, 65.0], [107.0, 64.5], [108.0, 64.5], [108.5, 64.0], [108.5, 63.0], [108.5, 62.0], [109.0, 61.5], [110.0, 61.5], [110.5, 61.0], [110.0, 60.5], [109.0, 60.5], [108.5, 60.0], [109.0, 59.5], [110.0, 59.5], [111.0, 59.5], [111.5, 59.0], [111.0, 58.5], [110.0, 58.5], [109.5, 58.0], [110.0, 57.5], [110.5, 57.0], [110.5, 56.0], [110.5, 55.0], [111.0, 54.5], [111.5, 55.0], [112.0, 55.5], [112.5, 55.0], [112.0, 54.5], [111.5, 54.0], [111.0, 53.5], [110.5, 53.0], [110.5, 52.0], [110.0, 51.5], [109.5, 51.0], [110.0, 50.5], [110.5, 50.0], [110.0, 49.5], [109.5, 49.0], [109.0, 48.5], [108.5, 48.0], [108.5, 47.0], [108.0, 46.5], [107.0, 46.5], [106.5, 46.0], [107.0, 45.5], [107.5, 45.0], [107.0, 44.5], [106.0, 44.5], [105.5, 44.0], [105.0, 43.5], [104.0, 43.5], [103.0, 43.5], [102.0, 43.5], [101.5, 43.0], [101.0, 42.5], [100.5, 43.0], [100.0, 43.5], [99.5, 43.0], [99.0, 42.5], [98.0, 42.5], [97.0, 42.5], [96.5, 42.0], [97.0, 41.5], [97.5, 41.0], [97.0, 40.5], [96.5, 40.0], [96.5, 39.0], [96.0, 38.5], [95.5, 38.0], [95.5, 37.0], [95.0, 36.5], [94.5, 36.0], [94.0, 35.5], [93.5, 35.0], [93.0, 34.5], [92.0, 34.5], [91.0, 34.5], [90.5, 35.0], [90.0, 35.5], [89.5, 35.0], [89.0, 34.5], [88.0, 34.5], [87.5, 35.0], [87.0, 35.5], [86.5, 36.0], [86.0, 36.5], [85.5, 37.0], [85.5, 38.0], [86.0, 38.5], [86.5, 39.0], [86.0, 39.5], [85.5, 40.0], [85.0, 40.5], [84.0, 40.5], [83.0, 40.5], [82.0, 40.5], [81.5, 40.0], [81.0, 39.5], [80.5, 40.0], [80.0, 40.5], [79.0, 40.5], [78.0, 40.5], [77.0, 40.5], [76.0, 40.5], [75.5, 40.0], [75.0, 39.5], [74.0, 39.5], [73.0, 39.5], [72.0, 39.5], [71.0, 39.5], [70.5, 40.0], [70.5, 41.0], [70.5, 42.0], [70.0, 42.5], [69.5, 43.0], [69.0, 43.5], [68.5, 44.0], [68.5, 45.0], [68.0, 45.5], [67.5, 46.0], [68.0, 46.5], [69.0, 46.5], [70.0, 46.5], [70.5, 47.0], [70.0, 47.5], [69.0, 47.5], [68.5, 48.0], [68.0, 48.5], [67.0, 48.5], [66.0, 48.5], [65.5, 49.0], [65.5, 50.0], [65.0, 50.5], [64.0, 50.5], [63.5, 51.0], [64.0, 51.5], [64.5, 52.0], [64.0, 52.5], [63.5, 53.0], [63.0, 53.5], [62.5, 54.0], [62.5, 55.0], [62.0, 55.5], [61.5, 56.0], [62.0, 56.5], [62.5, 57.0], [62.0, 57.5]]"
SLICE,Z12,POP_R,-4.943750630646889,54.194746872788315,-555.8614659441602,0.0,,
SLICE,Z12,SOL_R,-4.943750630646889,54.194746872788315,-555.8614659441602,1727.0,0.3538604731455089,"[[66.0, 85.5], [65.5, 86.0], [65.5, 87.0], [65.5, 88.0], [66.0, 88.5], [66.5, 89.0], [66.5, 90.0], [67.0, 90.5], [67.5, 91.0], [68.0, 91.5], [68.5, 92.0], [68.5, 93.0], [68.5, 94.0], [69.0, 94.5], [69.5, 95.0], [69.5, 96.0], [70.0, 96.5], [70.5, 97.0], [70.5, 98.0], [70.5, 99.0], [71.0, 99.5], [71.5, 100.0], [72.0, 100.5], [72.5, 101.0], [72.5, 102.0], [73.0, 102.5], [74.0, 102.5], [74.5, 102.0], [75.0, 101.5], [76.0, 101.5], [76.5, 101.0], [76.5, 100.0], [77.0, 99.5], [78.0, 99.5], [79.0, 99.5], [80.0, 99.5], [81.0, 99.5], [82.0, 99.5], [83.0, 99.5], [83.5, 99.0], [83.0, 98.5], [82.0, 98.5], [81.5, 98.0], [81.5, 97.0], [82.0, 96.5], [83.0, 96.5], [84.0, 96.5], [84.5, 96.0], [85.0, 95.5], [85.5, 95.0], [86.0, 94.5], [86.5, 95.0], [87.0, 95.5], [88.0, 95.5], [89.0, 95.5], [90.0, 95.5], [90.5, 95.0], [91.0, 94.5], [91.5, 95.0], [92.0, 95.5], [93.0, 95.5], [94.0, 95.5], [95.0, 95.5], [96.0, 95.5], [96.5, 96.0], [96.5, 97.0], [97.0, 97.5], [97.5, 98.0], [98.0, 98.5], [99.0, 98.5], [100.0, 98.5], [101.0, 98.5], [101.5, 98.0], [102.0, 97.5], [103.0, 97.5], [104.0, 97.5], [104.5, 97.0], [105.0, 96.5], [105.5, 97.0], [106.0, 97.5], [106.5, 97.0], [107.0, 96.5], [107.5, 96.0], [108.0, 95.5], [108.5, 95.0], [109.0, 94.5], [110.0, 94.5], [111.0, 94.5], [112.0, 94.5], [113.0, 94.5], [113.5, 94.0], [113.0, 93.5], [112.0, 93.5], [111.5, 93.0], [111.5, 92.0], [112.0, 91.5], [113.0, 91.5], [114.0, 91.5], [114.5, 91.0], [114.0, 90.5], [113.5, 90.0], [114.0, 89.5], [115.0, 89.5], [115.5, 90.0], [116.0, 90.5], [116.5, 90.0], [117.0, 89.5], [118.0, 89.5], [119.0, 89.5], [119.5, 89.0], [119.0, 88.5], [118.5, 88.0], [118.0, 87.5], [117.0, 87.5], [116.5, 87.0], [117.0, 86.5], [118.0, 86.5], [119.0, 86.5], [119.5, 86.0], [119.0, 85.5], [118.0, 85.5], [117.5, 85.0], [118.0, 84.5], [119.0, 84.5], [119.5, 84.0], [119.0, 83.5], [118.5, 83.0], [118.0, 82.5], [117.5, 82.0], [118.0, 81.5], [118.5, 81.0], [118.5, 80.0], [119.0, 79.5], [119.5, 79.0], [120.0, 78.5], [120.5, 78.0], [120.0, 77.5], [119.0, 77.5], [118.5, 77.0], [119.0, 76.5], [119.5, 76.0], [119.0, 75.5], [118.5, 75.0], [119.0, 74.5], [119.5, 74.0], [119.0, 73.5], [118.5, 73.0], [118.5, 72.0], [119.0, 71.5], [120.0, 71.5], [120.5, 72.0], [121.0, 72.5], [121.5, 72.0], [122.0, 71.5], [123.0, 71.5], [124.0, 71.5], [125.0, 71.5], [125.5, 72.0], [125.5, 73.0], [125.0, 73.5], [124.5, 74.0], [125.0, 74.5], [126.0, 74.5], [126.5, 74.0], [126.5, 73.0], [126.5, 72.0], [127.0, 71.5], [128.0, 71.5], [128.5, 71.0], [128.0, 70.5], [127.0, 70.5], [126.5, 70.0], [127.0, 69.5], [128.0, 69.5], [128.5, 69.0], [128.0, 68.5], [127.0, 68.5], [126.5, 68.0], [126.5, 67.0], [127.0, 66.5], [128.0, 66.5], [128.5, 66.0], [128.5, 65.0], [128.5, 64.0], [128.5, 63.0], [128.5, 62.0], [128.5, 61.0], [128.0, 60.5], [127.5, 60.0], [127.5, 59.0], [127.5, 58.0], [127.0, 57.5], [126.5, 57.0], [126.5, 56.0], [126.0, 55.5], [125.5, 55.0], [125.5, 54.0], [125.5, 53.0], [125.5, 52.0], [125.5, 51.0], [125.5, 50.0], [125.5, 49.0], [125.0, 48.5], [124.5, 48.0], [124.5, 47.0], [124.5, 46.0], [124.0, 45.5], [123.5, 45.0], [123.5, 44.0], [123.0, 43.5], [122.5, 43.0], [122.5, 42.0], [122.0, 41.5], [121.5, 41.0], [121.0, 40.5], [120.5, 40.0], [120.5, 39.0], [120.0, 38.5], [119.0, 38.5], [118.5, 38.0], [118.5, 37.0], [118.5, 36.0], [118.0, 35.5], [117.0, 35.5], [116.5, 35.0], [116.5, 34.0], [116.0, 33.5], [115.0, 33.5], [114.5, 33.0], [114.0, 32.5], [113.5, 32.0], [113.0, 31.5], [112.5, 31.0], [112.0, 30.5], [111.0, 30.5], [110.5, 30.0], [110.0, 29.5], [109.0, 29.5], [108.5, 29.0], [108.0, 28.5], [107.5, 28.0], [107.0, 27.5], [106.0, 27.5], [105.5, 27.0], [105.0, 26.5], [104.0, 26.5], [103.5, 26.0], [103.0, 25.5], [102.0, 25.5], [101.0, 25.5], [100.0, 25.5], [99.0, 25.5], [98.5, 26.0], [98.0, 26.5], [97.5, 27.0], [97.5, 28.0], [97.5, 29.0], [97.0, 29.5], [96.5, 30.0], [96.0, 30.5], [95.5, 31.0], [95.5, 32.0], [95.5, 33.0], [95.5, 34.0], [95.0, 34.5], [94.5, 35.0], [94.5, 36.0], [95.0, 36.5], [95.5, 37.0], [95.5, 38.0], [96.0, 38.5], [96.5, 39.0], [96.5, 40.0], [97.0, 40.5], [97.5, 41.0], [97.0, 41.5], [96.5, 42.0], [97.0, 42.5], [98.0, 42.5], [99.0, 42.5], [99.5, 43.0], [100.0, 43.5], [100.5, 43.0], [101.0, 42.5], [101.5, 43.0], [102.0, 43.5], [103.0, 43.5], [104.0, 43.5], [105.0, 43.5], [105.5, 44.0], [106.0, 44.5], [107.0, 44.5], [107.5, 45.0], [107.0, 45.5], [106.5, 46.0], [107.0, 46.5], [108.0, 46.5], [108.5, 47.0], [108.5, 48.0], [109.0, 48.5], [109.5, 49.0], [110.0, 49.5], [110.5, 50.0], [110.0, 50.5], [109.5, 51.0], [110.0, 51.5], [110.5, 52.0], [110.5, 53.0], [111.0, 53.5], [111.5, 54.0], [111.0, 54.5], [110.5, 55.0], [110.5, 56.0], [110.5, 57.0], [110.0, 57.5], [109.5, 58.0], [110.0, 58.5], [111.0, 58.5], [111.5, 59.0], [111.0, 59.5], [110.0, 59.5], [109.0, 59.5], [108.5, 60.0], [109.0, 60.5], [110.0, 60.5], [110.5, 61.0], [110.0, 61.5], [109.0, 61.5], [108.5, 62.0], [108.5, 63.0], [108.5, 64.0], [108.0, 64.5], [107.0, 64.5], [106.5, 65.0], [107.0, 65.5], [107.5, 66.0], [107.0, 66.5], [106.5, 67.0], [106.5, 68.0], [107.0, 68.5], [108.0, 68.5], [108.5, 69.0], [108.0, 69.5], [107.0, 69.5], [106.5, 70.0], [106.0, 70.5], [105.5, 71.0], [106.0, 71.5], [107.0, 71.5], [107.5, 72.0], [108.0, 72.5], [109.0, 72.5], [109.5, 73.0], [109.0, 73.5], [108.5, 74.0], [108.0, 74.5], [107.5, 75.0], [107.0, 75.5], [106.5, 76.0], [106.0, 76.5], [105.0, 76.5], [104.5, 77.0], [104.5, 78.0], [104.0, 78.5], [103.0, 78.5], [102.0, 78.5], [101.0, 78.5], [100.5, 78.0], [100.0, 77.5], [99.0, 77.5], [98.0, 77.5], [97.5, 78.0], [97.0, 78.5], [96.5, 79.0], [96.0, 79.5], [95.0, 79.5], [94.0, 79.5], [93.0, 79.5], [92.0, 79.5], [91.0, 79.5], [90.0, 79.5], [89.0, 79.5], [88.5, 79.0], [89.0, 78.5], [90.0, 78.5], [91.0, 78.5], [91.5, 78.0], [91.0, 77.5], [90.5, 77.0], [90.0, 76.5], [89.0, 76.5], [88.5, 76.0], [88.5, 75.0], [89.0, 74.5], [89.5, 74.0], [89.0, 73.5], [88.0, 73.5], [87.5, 73.0], [87.0, 72.5], [86.0, 72.5], [85.5, 72.0], [85.0, 71.5], [84.0, 71.5], [83.0, 71.5], [82.5, 72.0], [83.0, 72.5], [83.5, 73.0], [84.0, 73.5], [85.0, 73.5], [86.0, 73.5], [86.5, 74.0], [86.0, 74.5], [85.0, 74.5], [84.0, 74.5], [83.0, 74.5], [82.0, 74.5], [81.0, 74.5], [80.0, 74.5], [79.5, 75.0], [79.0, 75.5], [78.5, 76.0], [78.5, 77.0], [78.0, 77.5], [77.0, 77.5], [76.5, 78.0], [76.5, 79.0], [77.0, 79.5], [78.0, 79.5], [79.0, 79.5], [79.5, 80.0], [79.0, 80.5], [78.0, 80.5], [77.0, 80.5], [76.5, 81.0], [77.0, 81.5], [78.0, 81.5], [79.0, 81.5], [80.0, 81.5], [80.5, 82.0], [80.0, 82.5], [79.0, 82.5], [78.0, 82.5], [77.5, 83.0], [77.5, 84.0], [78.0, 84.5], [79.0, 84.5], [80.0, 84.5], [80.5, 85.0], [80.0, 85.5], [79.0, 85.5], [78.0, 85.5], [77.0, 85.5], [76.5, 85.0], [76.0, 84.5], [75.5, 85.0], [75.5, 86.0], [75.5, 87.0], [75.5, 88.0], [75.0, 88.5], [74.0, 88.5], [73.0, 88.5], [72.0, 88.5], [71.5, 88.0], [71.5, 87.0], [71.5, 86.0], [71.5, 85.0], [71.0, 84.5], [70.5, 85.0], [70.0, 85.5], [69.0, 85.5], [68.0, 85.5], [67.5, 85.0], [67.0, 84.5], [66.5, 85.0]]"
SLICE,Z12,GAS_MED_R,-4.943750630646889,54.194746872788315,-555.8614659441602,1068.0,0.1729619366937125,"[[75.0, 101.5], [74.5, 102.0], [74.5, 103.0], [75.0, 103.5], [75.5, 104.0], [75.5, 105.0], [76.0, 105.5], [76.5, 106.0], [77.0, 106.5], [78.0, 106.5], [78.5, 107.0], [79.0, 107.5], [79.5, 108.0], [79.5, 109.0], [80.0, 109.5], [81.0, 109.5], [81.5, 110.0], [82.0, 110.5], [82.5, 111.0], [83.0, 111.5], [84.0, 111.5], [84.5, 112.0], [85.0, 112.5], [86.0, 112.5], [87.0, 112.5], [88.0, 112.5], [88.5, 113.0], [89.0, 113.5], [90.0, 113.5], [91.0, 113.5], [91.5, 114.0], [92.0, 114.5], [93.0, 114.5], [94.0, 114.5], [95.0, 114.5], [96.0, 114.5], [96.5, 114.0], [97.0, 113.5], [97.5, 113.0], [98.0, 112.5], [98.5, 112.0], [99.0, 111.5], [99.5, 112.0], [100.0, 112.5], [101.0, 112.5], [102.0, 112.5], [103.0, 112.5], [104.0, 112.5], [105.0, 112.5], [106.0, 112.5], [107.0, 112.5], [108.0, 112.5], [109.0, 112.5], [110.0, 112.5], [111.0, 112.5], [111.5, 112.0], [111.5, 111.0], [112.0, 110.5], [113.0, 110.5], [114.0, 110.5], [115.0, 110.5], [116.0, 110.5], [116.5, 110.0], [117.0, 109.5], [118.0, 109.5], [118.5, 109.0], [119.0, 108.5], [119.5, 108.0], [120.0, 107.5], [121.0, 107.5], [121.5, 107.0], [121.5, 106.0], [122.0, 105.5], [122.5, 105.0], [122.5, 104.0], [123.0, 103.5], [123.5, 103.0], [123.5, 102.0], [124.0, 101.5], [124.5, 101.0], [124.5, 100.0], [125.0, 99.5], [125.5, 99.0], [125.5, 98.0], [125.5, 97.0], [125.5, 96.0], [125.5, 95.0], [125.5, 94.0], [125.5, 93.0], [126.0, 92.5], [127.0, 92.5], [127.5, 92.0], [128.0, 91.5], [129.0, 91.5], [130.0, 91.5], [130.5, 91.0], [130.5, 90.0], [131.0, 89.5], [131.5, 89.0], [131.5, 88.0], [131.5, 87.0], [131.5, 86.0], [131.5, 85.0], [131.5, 84.0], [131.5, 83.0], [131.5, 82.0], [131.0, 81.5], [130.5, 81.0], [130.0, 80.5], [129.5, 80.0], [129.5, 79.0], [129.0, 78.5], [128.5, 78.0], [128.5, 77.0], [128.5, 76.0], [128.5, 75.0], [128.5, 74.0], [128.5, 73.0], [128.5, 72.0], [128.0, 71.5], [127.0, 71.5], [126.5, 72.0], [126.5, 73.0], [126.5, 74.0], [126.0, 74.5], [125.0, 74.5], [124.5, 74.0], [125.0, 73.5], [125.5, 73.0], [125.5, 72.0], [125.0, 71.5], [124.0, 71.5], [123.0, 71.5], [122.0, 71.5], [121.5, 72.0], [121.0, 72.5], [120.5, 72.0], [120.0, 71.5], [119.0, 71.5], [118.5, 72.0], [118.5, 73.0], [119.0, 73.5], [119.5, 74.0], [119.0, 74.5], [118.5, 75.0], [119.0, 75.5], [119.5, 76.0], [119.0, 76.5], [118.5, 77.0], [119.0, 77.5], [120.0, 77.5], [120.5, 78.0], [120.0, 78.5], [119.5, 79.0], [119.0, 79.5], [118.5, 80.0], [118.5, 81.0], [118.0, 81.5], [117.5, 82.0], [118.0, 82.5], [118.5, 83.0], [119.0, 83.5], [119.5, 84.0], [119.0, 84.5], [118.0, 84.5], [117.5, 85.0], [118.0, 85.5], [119.0, 85.5], [119.5, 86.0], [119.0, 86.5], [118.0, 86.5], [117.0, 86.5], [116.5, 87.0], [117.0, 87.5], [118.0, 87.5], [118.5, 88.0], [119.0, 88.5], [119.5, 89.0], [119.0, 89.5], [118.0, 89.5], [117.0, 89.5], [116.5, 90.0], [116.0, 90.5], [115.5, 90.0], [115.0, 89.5], [114.0, 89.5], [113.5, 90.0], [114.0, 90.5], [114.5, 91.0], [114.0, 91.5], [113.0, 91.5], [112.0, 91.5], [111.5, 92.0], [111.5, 93.0], [112.0, 93.5], [113.0, 93.5], [113.5, 94.0], [113.0, 94.5], [112.0, 94.5], [111.0, 94.5], [110.0, 94.5], [109.0, 94.5], [108.5, 95.0], [108.0, 95.5], [107.5, 96.0], [107.0, 96.5], [106.5, 97.0], [106.0, 97.5], [105.5, 97.0], [105.0, 96.5], [104.5, 97.0], [104.0, 97.5], [103.0, 97.5], [102.0, 97.5], [101.5, 98.0], [101.0, 98.5], [100.0, 98.5], [99.0, 98.5], [98.0, 98.5], [97.5, 98.0], [97.0, 97.5], [96.5, 97.0], [96.5, 96.0], [96.0, 95.5], [95.0, 95.5], [94.0, 95.5], [93.0, 95.5], [92.0, 95.5], [91.5, 95.0], [91.0, 94.5], [90.5, 95.0], [90.0, 95.5], [89.0, 95.5], [88.0, 95.5], [87.0, 95.5], [86.5, 95.0], [86.0, 94.5], [85.5, 95.0], [85.0, 95.5], [84.5, 96.0], [84.0, 96.5], [83.0, 96.5], [82.0, 96.5], [81.5, 97.0], [81.5, 98.0], [82.0, 98.5], [83.0, 98.5], [83.5, 99.0], [83.0, 99.5], [82.0, 99.5], [81.0, 99.5], [80.0, 99.5], [79.0, 99.5], [78.0, 99.5], [77.0, 99.5], [76.5, 100.0], [76.5, 101.0], [76.0, 101.5]]"
SLICE,Z12,GAS_LAT_R,-4.943750630646889,54.194746872788315,-555.8614659441602,0.0,,
SLICE,Z12,TA_L,-4.943750630646889,54.194746872788315,-555.8614659441602,524.0,0.38562818893793815,"[[255.0, 0.0], [254.5, 0.0], [254.5, 0.0], [254.5, 0.0], [254.5, 0.0], [254.5, 0.0], [255.0, 0.0], [255.5, 0.0], [255.5, 0.0], [256.0, 0.0], [256.5, 0.0], [256.5, 0.0], [256.5, 0.0], [256.5, 0.0], [256.5, 0.0], [256.5, 0.0], [256.5, 0.0], [256.5, 0.0], [256.5, 0.0], [257.0, 0.0], [257.5, 0.0], [257.5, 0.0], [258.0, 0.0], [259.0, 0.0], [260.0, 0.0], [261.0, 0.0], [262.0, 0.0], [262.5, 0.0], [263.0, 0.0], [263.5, 0.0], [263.5, 0.0], [264.0, 0.0], [265.0, 0.0], [265.5, 0.0], [266.0, 0.0], [266.5, 0.0], [267.0, 0.0], [268.0, 0.0], [268.5, 0.0], [269.0, 0.0], [269.5, 0.0], [269.5, 0.0], [270.0, 0.0], [271.0, 0.0], [272.0, 0.0], [273.0, 0.0], [273.5, 0.0], [274.0, 0.0], [275.0, 0.0], [276.0, 0.0], [276.5, 0.0], [276.5, 0.0], [276.5, 0.0], [276.5, 0.0], [276.5, 0.0], [276.5, 0.0], [276.5, 0.0], [276.5, 0.0], [276.5, 0.0], [276.5, 0.0], [276.5, 0.0], [276.5, 0.0], [276.5, 0.0], [276.0, 0.0], [275.5, 0.0], [275.5, 0.0], [275.0, 0.0], [274.5, 0.0], [274.5, 0.0], [274.0, 0.0], [273.5, 0.0], [273.5, 0.0], [273.5, 0.0], [273.0, 0.0], [272.0, 0.0], [271.5, 0.0], [271.5, 0.0], [271.0, 0.0], [270.5, 0.0], [270.0, 0.0], [269.5, 0.0], [269.0, 0.0], [268.5, 0.0], [268.0, 0.0], [267.5, 0.0], [267.0, 0.0], [266.5, 0.0], [266.0, 0.0], [265.5, 0.0], [265.0, 0.0], [264.0, 0.0], [263.5, 0.0], [263.5, 0.0], [263.0, 0.0], [262.0, 0.0], [261.0, 0.0], [260.0, 0.0], [259.0, 0.0], [258.0, 0.0], [257.5, 0.0], [257.5, 0.0], [257.5, 0.0], [257.5, 0.0], [257.5, 0.0], [257.5, 0.0], [257.5, 0.0], [257.5, 0.0], [257.5, 0.0], [257.0, 0.0], [256.0, 0.0], [255.5, 0.0], [255.5, 0.0]]"
SLICE,Z12,ED_L,-4.943750630646889,54.194746872788315,-555.8614659441602,155.0,0.6705561480953904,"[[244.0, 0.0], [243.5, 0.0], [244.0, 0.0], [244.5, 0.0], [245.0, 0.0], [245.5, 0.0], [245.5, 0.0], [245.0, 0.0], [244.5, 0.0], [244.5, 0.0], [245.0, 0.0], [246.0, 0.0], [246.5, 0.0], [247.0, 0.0], [247.5, 0.0], [248.0, 0.0], [248.5, 0.0], [248.5, 0.0], [249.0, 0.0], [250.0, 0.0], [250.5, 0.0], [251.0, 0.0], [251.5, 0.0], [251.5, 0.0], [252.0, 0.0], [252.5, 0.0], [252.5, 0.0], [253.0, 0.0], [253.5, 0.0], [253.5, 0.0], [253.5, 0.0], [253.5, 0.0], [253.5, 0.0], [253.5, 0.0], [253.5, 0.0], [253.0, 0.0], [252.5, 0.0], [252.5, 0.0], [252.0, 0.0], [251.5, 0.0], [251.5, 0.0], [251.0, 0.0], [250.5, 0.0], [250.0, 0.0], [249.0, 0.0], [248.0, 0.0], [247.5, 0.0], [247.0, 0.0], [246.5, 0.0], [246.5, 0.0], [246.5, 0.0], [246.5, 0.0], [246.5, 0.0], [246.5, 0.0], [246.0, 0.0], [245.5, 0.0], [245.5, 0.0], [245.0, 0.0], [244.5, 0.0], [245.0, 0.0], [245.5, 0.0], [245.0, 0.0]]"
SLICE,Z12,PER_L,-4.943750630646889,54.194746872788315,-555.8614659441602,320.0,0.3825805615171878,"[[227.0, 0.0], [226.5, 0.0], [226.5, 0.0], [226.5, 0.0], [227.0, 0.0], [227.5, 0.0], [227.0, 0.0], [226.5, 0.0], [227.0, 0.0], [228.0, 0.0], [229.0, 0.0], [230.0, 0.0], [230.5, 0.0], [230.0, 0.0], [229.0, 0.0], [228.5, 0.0], [229.0, 0.0], [230.0, 0.0], [230.5, 0.0], [230.5, 0.0], [231.0, 0.0], [232.0, 0.0], [232.5, 0.0], [232.5, 0.0], [232.5, 0.0], [232.5, 0.0], [232.5, 0.0], [232.5, 0.0], [232.5, 0.0], [233.0, 0.0], [233.5, 0.0], [233.5, 0.0], [234.0, 0.0], [235.0, 0.0], [236.0, 0.0], [237.0, 0.0], [238.0, 0.0], [239.0, 0.0], [240.0, 0.0], [240.5, 0.0], [241.0, 0.0], [241.5, 0.0], [242.0, 0.0], [243.0, 0.0], [243.5, 0.0], [243.5, 0.0], [243.5, 0.0], [244.0, 0.0], [244.5, 0.0], [244.0, 0.0], [243.5, 0.0], [243.0, 0.0], [242.5, 0.0], [242.0, 0.0], [241.0, 0.0], [240.0, 0.0], [239.5, 0.0], [239.0, 0.0], [238.5, 0.0], [238.0, 0.0], [237.0, 0.0], [236.5, 0.0], [236.0, 0.0], [235.0, 0.0], [234.5, 0.0], [234.0, 0.0], [233.5, 0.0], [234.0, 0.0], [235.0, 0.0], [236.0, 0.0], [237.0, 0.0], [238.0, 0.0], [239.0, 0.0], [239.5, 0.0], [240.0, 0.0], [241.0, 0.0], [241.5, 0.0], [242.0, 0.0], [242.5, 0.0], [243.0, 0.0], [243.5, 0.0], [244.0, 0.0], [244.5, 0.0], [245.0, 0.0], [245.5, 0.0], [245.0, 0.0], [244.5, 0.0], [245.0, 0.0], [245.5, 0.0], [245.5, 0.0], [246.0, 0.0], [246.5, 0.0], [246.5, 0.0], [246.5, 0.0], [246.5, 0.0], [246.5, 0.0], [246.5, 0.0], [247.0, 0.0], [247.5, 0.0], [247.0, 0.0], [246.5, 0.0], [247.0, 0.0], [247.5, 0.0], [248.0, 0.0], [248.5, 0.0], [249.0, 0.0], [249.5, 0.0], [249.5, 0.0], [250.0, 0.0], [250.5, 0.0], [250.5, 0.0], [250.0, 0.0], [249.5, 0.0], [249.0, 0.0], [248.5, 0.0], [248.0, 0.0], [247.0, 0.0], [246.5, 0.0], [246.0, 0.0], [245.0, 0.0], [244.0, 0.0], [243.5, 0.0], [243.5, 0.0], [243.0, 0.0], [242.5, 0.0], [242.5, 0.0], [242.0, 0.0], [241.0, 0.0], [240.0, 0.0], [239.0, 0.0], [238.0, 0.0], [237.0, 0.0], [236.0, 0.0], [235.0, 0.0], [234.0, 0.0], [233.0, 0.0], [232.0, 0.0], [231.0, 0.0], [230.0, 0.0], [229.0, 0.0], [228.0, 0.0], [227.5, 0.0]]"
SLICE,Z12,DLPC_L,-4.943750630646889,54.194746872788315,-555.8614659441602,1263.0,0.1256411578944312,"[[206.0, 0.0], [205.5, 0.0], [206.0, 0.0], [206.5, 0.0], [206.5, 0.0], [206.5, 0.0], [207.0, 0.0], [208.0, 0.0], [208.5, 0.0], [209.0, 0.0], [209.5, 0.0], [210.0, 0.0], [211.0, 0.0], [212.0, 0.0], [213.0, 0.0], [214.0, 0.0], [215.0, 0.0], [215.5, 0.0], [215.0, 0.0], [214.0, 0.0], [213.5, 0.0], [213.0, 0.0], [212.5, 0.0], [213.0, 0.0], [214.0, 0.0], [214.5, 0.0], [215.0, 0.0], [216.0, 0.0], [217.0, 0.0], [218.0, 0.0], [219.0, 0.0], [220.0, 0.0], [220.5, 0.0], [221.0, 0.0], [221.5, 0.0], [221.5, 0.0], [222.0, 0.0], [223.0, 0.0], [223.5, 0.0], [223.0, 0.0], [222.5, 0.0], [223.0, 0.0], [224.0, 0.0], [225.0, 0.0], [225.5, 0.0], [226.0, 0.0], [227.0, 0.0], [228.0, 0.0], [228.5, 0.0], [229.0, 0.0], [230.0, 0.0], [230.5, 0.0], [230.5, 0.0], [231.0, 0.0], [232.0, 0.0], [233.0, 0.0], [233.5, 0.0], [234.0, 0.0], [234.5, 0.0], [235.0, 0.0], [235.5, 0.0], [236.0, 0.0], [236.5, 0.0], [237.0, 0.0], [237.5, 0.0], [238.0, 0.0], [239.0, 0.0], [240.0, 0.0], [240.5, 0.0], [240.0, 0.0], [239.5, 0.0], [240.0, 0.0], [240.5, 0.0], [241.0, 0.0], [242.0, 0.0], [243.0, 0.0], [244.0, 0.0], [245.0, 0.0], [246.0, 0.0], [247.0, 0.0], [248.0, 0.0], [248.5, 0.0], [248.5, 0.0], [248.0, 0.0], [247.0, 0.0], [246.5, 0.0], [247.0, 0.0], [248.0, 0.0], [249.0, 0.0], [250.0, 0.0], [251.0, 0.0], [251.5, 0.0], [251.5, 0.0], [251.5, 0.0], [251.5, 0.0], [251.5, 0.0], [251.5, 0.0], [251.5, 0.0], [252.0, 0.0], [253.0, 0.0], [253.5, 0.0], [253.5, 0.0], [253.0, 0.0], [252.0, 0.0], [251.5, 0.0], [252.0, 0.0], [253.0, 0.0], [254.0, 0.0], [255.0, 0.0], [256.0, 0.0], [256.5, 0.0], [256.5, 0.0], [256.5, 0.0], [256.5, 0.0], [256.5, 0.0], [256.5, 0.0], [257.0, 0.0], [257.5, 0.0], [257.5, 0.0], [257.5, 0.0], [257.0, 0.0], [256.5, 0.0], [256.5, 0.0], [256.5, 0.0], [256.5, 0.0], [256.5, 0.0], [256.5, 0.0], [256.0, 0.0], [255.5, 0.0], [255.0, 0.0], [254.5, 0.0], [254.5, 0.0], [254.0, 0.0], [253.5, 0.0], [253.0, 0.0], [252.5, 0.0], [252.5, 0.0], [252.0, 0.0], [251.5, 0.0], [251.5, 0.0], [251.0, 0.0], [250.5, 0.0], [250.0, 0.0], [249.0, 0.0], [248.5, 0.0], [248.5, 0.0], [248.0, 0.0], [247.5, 0.0], [247.0, 0.0], [246.5, 0.0], [246.0, 0.0], [245.0, 0.0], [244.5, 0.0], [244.0, 0.0], [243.5, 0.0], [243.5, 0.0], [243.5, 0.0], [243.0, 0.0], [242.0, 0.0], [241.5, 0.0], [241.0, 0.0], [240.5, 0.0], [240.0, 0.0], [239.0, 0.0], [238.0, 0.0], [237.0, 0.0], [236.0, 0.0], [235.0, 0.0], [234.0, 0.0], [233.5, 0.0], [233.5, 0.0], [233.0, 0.0], [232.0, 0.0], [231.5, 0.0], [231.0, 0.0], [230.0, 0.0], [229.5, 0.0], [229.0, 0.0], [228.0, 0.0], [227.0, 0.0], [226.0, 0.0], [225.5, 0.0], [225.5, 0.0], [225.0, 0.0], [224.5, 0.0], [224.0, 0.0], [223.5, 0.0], [223.5, 0.0], [223.0, 0.0], [222.0, 0.0], [221.5, 0.0], [221.0, 0.0], [220.5, 0.0], [220.0, 0.0], [219.0, 0.0], [218.0, 0.0], [217.0, 0.0], [216.0, 0.0], [215.0, 0.0], [214.0, 0.0], [213.0, 0.0], [212.0, 0.0], [211.5, 0.0], [211.0, 0.0], [210.5, 0.0], [210.0, 0.0], [209.5, 0.0], [209.0, 0.0], [208.5, 0.0], [208.5, 0.0], [208.5, 0.0], [208.0, 0.0], [207.5, 0.0], [207.5, 0.0], [207.0, 0.0], [206.5, 0.0], [206.5, 0.0], [207.0, 0.0], [207.5, 0.0], [207.0, 0.0], [206.5, 0.0], [207.0, 0.0], [207.5, 0.0], [207.5, 0.0], [207.0, 0.0], [206.5, 0.0], [207.0, 0.0], [208.0, 0.0], [208.5, 0.0], [208.0, 0.0], [207.5, 0.0], [208.0, 0.0], [208.5, 0.0], [208.0, 0.0], [207.5, 0.0], [207.5, 0.0], [207.5, 0.0], [208.0, 0.0], [208.5, 0.0], [208.0, 0.0], [207.5, 0.0], [207.0, 0.0]]"
SLICE,Z12,POP_L,-4.943750630646889,54.194746872788315,-555.8614659441602,0.0,,
SLICE,Z12,SOL_L,-4.943750630646889,54.194746872788315,-555.8614659441602,1617.0,0.24476388525825227,"[[191.0, 0.0], [190.5, 0.0], [190.5, 0.0], [190.5, 0.0], [190.5, 0.0], [190.5, 0.0], [190.5, 0.0], [190.5, 0.0], [190.5, 0.0], [190.5, 0.0], [190.5, 0.0], [190.5, 0.0], [190.5, 0.0], [190.5, 0.0], [190.5, 0.0], [191.0, 0.0], [192.0, 0.0], [193.0, 0.0], [194.0, 0.0], [195.0, 0.0], [195.5, 0.0], [195.0, 0.0], [194.0, 0.0], [193.0, 0.0], [192.0, 0.0], [191.0, 0.0], [190.5, 0.0], [191.0, 0.0], [192.0, 0.0], [193.0, 0.0], [194.0, 0.0], [195.0, 0.0], [196.0, 0.0], [197.0, 0.0], [198.0, 0.0], [199.0, 0.0], [200.0, 0.0], [200.5, 0.0], [200.0, 0.0], [199.0, 0.0], [198.5, 0.0], [198.5, 0.0], [198.5, 0.0], [198.5, 0.0], [199.0, 0.0], [200.0, 0.0], [200.5, 0.0], [200.5, 0.0], [200.5, 0.0], [200.5, 0.0], [201.0, 0.0], [201.5, 0.0], [202.0, 0.0], [203.0, 0.0], [203.5, 0.0], [203.0, 0.0], [202.0, 0.0], [201.5, 0.0], [201.5, 0.0], [202.0, 0.0], [203.0, 0.0], [204.0, 0.0], [205.0, 0.0], [206.0, 0.0], [207.0, 0.0], [207.5, 0.0], [208.0, 0.0], [208.5, 0.0], [208.5, 0.0], [208.5, 0.0], [209.0, 0.0], [209.5, 0.0], [209.5, 0.0], [210.0, 0.0], [210.5, 0.0], [211.0, 0.0], [211.5, 0.0], [211.5, 0.0], [212.0, 0.0], [213.0, 0.0], [214.0, 0.0], [215.0, 0.0], [215.5, 0.0], [215.5, 0.0], [216.0, 0.0], [216.5, 0.0], [217.0, 0.0], [218.0, 0.0], [219.0, 0.0], [220.0, 0.0], [221.0, 0.0], [221.5, 0.0], [221.5, 0.0], [221.5, 0.0], [222.0, 0.0], [223.0, 0.0], [223.5, 0.0], [224.0, 0.0], [225.0, 0.0], [225.5, 0.0], [226.0, 0.0], [227.0, 0.0], [228.0, 0.0], [229.0, 0.0], [230.0, 0.0], [231.0, 0.0], [231.5, 0.0], [231.0, 0.0], [230.0, 0.0], [229.0, 0.0], [228.5, 0.0], [229.0, 0.0], [230.0, 0.0], [230.5, 0.0], [231.0, 0.0], [231.5, 0.0], [232.0, 0.0], [232.5, 0.0], [233.0, 0.0], [233.5, 0.0], [234.0, 0.0], [234.5, 0.0], [235.0, 0.0], [235.5, 0.0], [236.0, 0.0], [236.5, 0.0], [237.0, 0.0], [238.0, 0.0], [239.0, 0.0], [240.0, 0.0], [240.5, 0.0], [241.0, 0.0], [241.5, 0.0], [242.0, 0.0], [243.0, 0.0], [244.0, 0.0], [245.0, 0.0], [245.5, 0.0], [245.5, 0.0], [245.0, 0.0], [244.5, 0.0], [245.0, 0.0], [246.0, 0.0], [246.5, 0.0], [247.0, 0.0], [247.5, 0.0], [247.5, 0.0], [247.5, 0.0], [247.0, 0.0], [246.0, 0.0], [245.0, 0.0], [244.0, 0.0], [243.5, 0.0], [244.0, 0.0], [245.0, 0.0], [246.0, 0.0], [247.0, 0.0], [247.5, 0.0], [248.0, 0.0], [248.5, 0.0], [248.5, 0.0], [248.5, 0.0], [248.0, 0.0], [247.5, 0.0], [247.5, 0.0], [247.0, 0.0], [246.5, 0.0], [246.5, 0.0], [247.0, 0.0], [248.0, 0.0], [249.0, 0.0], [250.0, 0.0], [250.5, 0.0], [251.0, 0.0], [251.5, 0.0], [251.5, 0.0], [251.5, 0.0], [252.0, 0.0], [252.5, 0.0], [252.5, 0.0], [252.5, 0.0], [252.0, 0.0], [251.5, 0.0], [252.0, 0.0], [253.0, 0.0], [253.5, 0.0], [254.0, 0.0], [254.5, 0.0], [255.0, 0.0], [256.0, 0.0], [257.0, 0.0], [258.0, 0.0], [258.5, 0.0], [259.0, 0.0], [260.0, 0.0], [261.0, 0.0], [261.5, 0.0], [262.0, 0.0], [263.0, 0.0], [263.5, 0.0], [264.0, 0.0], [264.5, 0.0], [265.0, 0.0], [266.0, 0.0], [266.5, 0.0], [267.0, 0.0], [267.5, 0.0], [268.0, 0.0], [268.5, 0.0], [268.5, 0.0], [269.0, 0.0], [269.5, 0.0], [270.0, 0.0], [271.0, 0.0], [271.5, 0.0], [271.5, 0.0], [271.5, 0.0], [272.0, 0.0], [272.5, 0.0], [272.5, 0.0], [272.5, 0.0], [272.5, 0.0], [272.5, 0.0], [272.0, 0.0], [271.5, 0.0], [271.0, 0.0], [270.5, 0.0], [270.0, 0.0], [269.0, 0.0], [268.0, 0.0], [267.5, 0.0], [267.0, 0.0], [266.0, 0.0], [265.5, 0.0], [265.5, 0.0], [265.0, 0.0], [264.0, 0.0], [263.0, 0.0], [262.5, 0.0], [262.5, 0.0], [262.0, 0.0], [261.0, 0.0], [260.5, 0.0], [260.0, 0.0], [259.0, 0.0], [258.0, 0.0], [257.5, 0.0], [257.5, 0.0], [257.0, 0.0], [256.0, 0.0], [255.0, 0.0], [254.0, 0.0], [253.0, 0.0], [252.0, 0.0], [251.5, 0.0], [252.0, 0.0], [253.0, 0.0], [253.5, 0.0], [253.5, 0.0], [253.0, 0.0], [252.0, 0.0], [251.5, 0.0], [251.5, 0.0], [251.5, 0.0], [251.5, 0.0], [251.5, 0.0], [251.5, 0.0], [251.5, 0.0], [251.0, 0.0], [250.0, 0.0], [249.0, 0.0], [248.0, 0.0], [247.0, 0.0], [246.5, 0.0], [247.0, 0.0], [248.0, 0.0], [248.5, 0.0], [248.5, 0.0], [248.0, 0.0], [247.0, 0.0], [246.0, 0.0], [245.0, 0.0], [244.0, 0.0], [243.0, 0.0], [242.0, 0.0], [241.0, 0.0], [240.5, 0.0], [240.0, 0.0], [239.5, 0.0], [240.0, 0.0], [240.5, 0.0], [240.0, 0.0], [239.0, 0.0], [238.0, 0.0], [237.5, 0.0], [237.0, 0.0], [236.5, 0.0], [236.0, 0.0], [235.5, 0.0], [235.0, 0.0], [234.5, 0.0], [234.0, 0.0], [233.5, 0.0], [233.0, 0.0], [232.0, 0.0], [231.0, 0.0], [230.5, 0.0], [230.5, 0.0], [230.0, 0.0], [229.0, 0.0], [228.5, 0.0], [228.0, 0.0], [227.0, 0.0], [226.0, 0.0], [225.5, 0.0], [225.0, 0.0], [224.0, 0.0], [223.0, 0.0], [222.5, 0.0], [223.0, 0.0], [223.5, 0.0], [223.0, 0.0], [222.0, 0.0], [221.5, 0.0], [221.5, 0.0], [221.0, 0.0], [220.5, 0.0], [220.0, 0.0], [219.0, 0.0], [218.0, 0.0], [217.0, 0.0], [216.0, 0.0], [215.0, 0.0], [214.5, 0.0], [214.0, 0.0], [213.0, 0.0], [212.0, 0.0], [211.0, 0.0], [210.0, 0.0], [209.5, 0.0], [209.0, 0.0], [208.5, 0.0], [208.5, 0.0], [208.0, 0.0], [207.5, 0.0], [208.0, 0.0], [208.5, 0.0], [208.0, 0.0], [207.0, 0.0], [206.5, 0.0], [206.5, 0.0], [206.5, 0.0], [206.0, 0.0], [205.5, 0.0], [206.0, 0.0], [207.0, 0.0], [207.5, 0.0], [208.0, 0.0], [208.5, 0.0], [208.0, 0.0], [207.5, 0.0], [207.5, 0.0], [207.5, 0.0], [208.0, 0.0], [208.5, 0.0], [208.0, 0.0], [207.5, 0.0], [208.0, 0.0], [208.5, 0.0], [208.0, 0.0], [207.0, 0.0], [206.5, 0.0], [207.0, 0.0], [207.5, 0.0], [207.5, 0.0], [207.0, 0.0], [206.5, 0.0], [207.0, 0.0], [207.5, 0.0], [207.0, 0.0], [206.5, 0.0], [206.5, 0.0], [207.0, 0.0], [207.5, 0.0], [207.5, 0.0], [208.0, 0.0], [208.5, 0.0], [208.5, 0.0], [208.5, 0.0], [208.5, 0.0], [208.5, 0.0], [208.5, 0.0], [208.0, 0.0], [207.5, 0.0], [207.0, 0.0], [206.0, 0.0], [205.5, 0.0], [205.0, 0.0], [204.0, 0.0], [203.5, 0.0], [203.0, 0.0], [202.0, 0.0], [201.5, 0.0], [201.0, 0.0], [200.0, 0.0], [199.5, 0.0], [199.0, 0.0], [198.5, 0.0], [198.0, 0.0], [197.5, 0.0], [197.5, 0.0], [197.0, 0.0], [196.5, 0.0], [196.5, 0.0], [196.0, 0.0], [195.5, 0.0], [195.5, 0.0], [195.5, 0.0], [195.5, 0.0], [195.0, 0.0], [194.5, 0.0], [194.5, 0.0], [194.5, 0.0], [194.5, 0.0], [194.0, 0.0], [193.5, 0.0], [193.0, 0.0], [192.5, 0.0], [192.5, 0.0], [192.0, 0.0], [191.5, 0.0], [191.5, 0.0]]"
SLICE,Z12,GAS_MED_L,-4.943750630646889,54.194746872788315,-555.8614659441602,1183.0,0.231652603340351,"[[189.0, 0.0], [188.5, 0.0], [188.5, 0.0], [188.5, 0.0], [188.5, 0.0], [188.5, 0.0], [188.5, 0.0], [188.5, 0.0], [189.0, 0.0], [189.5, 0.0], [189.5, 0.0], [190.0, 0.0], [190.5, 0.0], [190.5, 0.0], [190.5, 0.0], [191.0, 0.0], [191.5, 0.0], [192.0, 0.0], [193.0, 0.0], [194.0, 0.0], [194.5, 0.0], [194.5, 0.0], [194.5, 0.0], [194.5, 0.0], [194.5, 0.0], [195.0, 0.0], [195.5, 0.0], [195.5, 0.0], [195.5, 0.0], [195.5, 0.0], [195.5, 0.0], [196.0, 0.0], [197.0, 0.0], [197.5, 0.0], [197.5, 0.0], [198.0, 0.0], [198.5, 0.0], [199.0, 0.0], [200.0, 0.0], [200.5, 0.0], [200.5, 0.0], [201.0, 0.0], [202.0, 0.0], [203.0, 0.0], [203.5, 0.0], [204.0, 0.0], [205.0, 0.0], [206.0, 0.0], [207.0, 0.0], [207.5, 0.0], [207.5, 0.0], [208.0, 0.0], [209.0, 0.0], [210.0, 0.0], [211.0, 0.0], [212.0, 0.0], [213.0, 0.0], [214.0, 0.0], [215.0, 0.0], [216.0, 0.0], [217.0, 0.0], [218.0, 0.0], [219.0, 0.0], [219.5, 0.0], [219.5, 0.0], [220.0, 0.0], [220.5, 0.0], [221.0, 0.0], [221.5, 0.0], [222.0, 0.0], [223.0, 0.0], [224.0, 0.0], [225.0, 0.0], [226.0, 0.0], [227.0, 0.0], [228.0, 0.0], [228.5, 0.0], [229.0, 0.0], [230.0, 0.0], [231.0, 0.0], [231.5, 0.0], [232.0, 0.0], [233.0, 0.0], [234.0, 0.0], [234.5, 0.0], [235.0, 0.0], [236.0, 0.0], [236.5, 0.0], [236.5, 0.0], [237.0, 0.0], [238.0, 0.0], [239.0, 0.0], [239.5, 0.0], [240.0, 0.0], [240.5, 0.0], [241.0, 0.0], [241.5, 0.0], [242.0, 0.0], [242.5, 0.0], [243.0, 0.0], [243.5, 0.0], [244.0, 0.0], [244.5, 0.0], [245.0, 0.0], [245.5, 0.0], [246.0, 0.0], [246.5, 0.0], [246.5, 0.0], [247.0, 0.0], [247.5, 0.0], [248.0, 0.0], [248.5, 0.0], [248.5, 0.0], [248.5, 0.0], [248.0, 0.0], [247.5, 0.0], [247.5, 0.0], [247.5, 0.0], [247.0, 0.0], [246.5, 0.0], [246.0, 0.0], [245.0, 0.0], [244.5, 0.0], [245.0, 0.0], [245.5, 0.0], [245.0, 0.0], [244.0, 0.0], [243.0, 0.0], [242.0, 0.0], [241.5, 0.0], [241.5, 0.0], [241.0, 0.0], [240.0, 0.0], [239.0, 0.0], [238.0, 0.0], [237.0, 0.0], [236.0, 0.0], [235.5, 0.0], [235.0, 0.0], [234.5, 0.0], [234.0, 0.0], [233.5, 0.0], [233.0, 0.0], [232.5, 0.0], [232.0, 0.0], [231.5, 0.0], [231.0, 0.0], [230.5, 0.0], [230.0, 0.0], [229.0, 0.0], [228.5, 0.0], [229.0, 0.0], [230.0, 0.0], [231.0, 0.0], [231.5, 0.0], [231.0, 0.0], [230.0, 0.0], [229.0, 0.0], [228.0, 0.0], [227.0, 0.0], [226.0, 0.0], [225.5, 0.0], [225.0, 0.0], [224.0, 0.0], [223.5, 0.0], [223.5, 0.0], [223.0, 0.0], [222.5, 0.0], [222.0, 0.0], [221.5, 0.0], [221.0, 0.0], [220.0, 0.0], [219.0, 0.0], [218.0, 0.0], [217.0, 0.0], [216.5, 0.0], [217.0, 0.0], [218.0, 0.0], [219.0, 0.0], [220.0, 0.0], [220.5, 0.0], [220.0, 0.0], [219.0, 0.0], [218.0, 0.0], [217.5, 0.0], [217.0, 0.0], [216.5, 0.0], [216.5, 0.0], [216.0, 0.0], [215.5, 0.0], [215.5, 0.0], [215.0, 0.0], [214.0, 0.0], [213.0, 0.0], [212.0, 0.0], [211.5, 0.0], [211.5, 0.0], [211.0, 0.0], [210.5, 0.0], [210.0, 0.0], [209.5, 0.0], [209.5, 0.0], [209.0, 0.0], [208.5, 0.0], [208.5, 0.0], [208.5, 0.0], [208.0, 0.0], [207.5, 0.0], [207.0, 0.0], [206.0, 0.0], [205.0, 0.0], [204.0, 0.0], [203.0, 0.0], [202.0, 0.0], [201.5, 0.0], [201.5, 0.0], [202.0, 0.0], [203.0, 0.0], [203.5, 0.0], [203.0, 0.0], [202.0, 0.0], [201.5, 0.0], [201.0, 0.0], [200.5, 0.0], [200.5, 0.0], [200.5, 0.0], [200.5, 0.0], [200.0, 0.0], [199.0, 0.0], [198.5, 0.0], [198.5, 0.0], [198.5, 0.0], [198.5, 0.0], [199.0, 0.0], [200.0, 0.0], [200.5, 0.0], [200.0, 0.0], [199.0, 0.0], [198.0, 0.0], [197.0, 0.0], [196.0, 0.0], [195.0, 0.0], [194.0, 0.0], [193.0, 0.0], [192.0, 0.0], [191.0, 0.0], [190.5, 0.0], [190.5, 0.0], [190.5, 0.0], [190.5, 0.0], [190.0, 0.0], [189.5, 0.0]]"
SLICE,Z12,GAS_LAT_L,-4.943750630646889,54.194746872788315,-555.8614659441602,0.0,,
SLICE,Z13,TA_R,-4.939426463334087,54.240459154330985,-521.695078340997,823.0,0.3521736261449581,"[[39.0, 51.5], [38.5, 52.0], [38.5, 53.0], [38.5, 54.0], [38.5, 55.0], [38.5, 56.0], [38.5, 57.0], [38.5, 58.0], [38.5, 59.0], [38.5, 60.0], [38.5, 61.0], [38.5, 62.0], [39.0, 62.5], [39.5, 63.0], [39.5, 64.0], [39.5, 65.0], [40.0, 65.5], [40.5, 66.0], [40.5, 67.0], [40.5, 68.0], [41.0, 68.5], [41.5, 69.0], [42.0, 69.5], [42.5, 70.0], [42.5, 71.0], [43.0, 71.5], [44.0, 71.5], [45.0, 71.5], [45.5, 71.0], [46.0, 70.5], [47.0, 70.5], [47.5, 70.0], [48.0, 69.5], [48.5, 69.0], [49.0, 68.5], [49.5, 68.0], [50.0, 67.5], [51.0, 67.5], [51.5, 67.0], [52.0, 66.5], [53.0, 66.5], [53.5, 66.0], [54.0, 65.5], [55.0, 65.5], [56.0, 65.5], [56.5, 65.0], [57.0, 64.5], [57.5, 64.0], [57.5, 63.0], [57.5, 62.0], [57.5, 61.0], [58.0, 60.5], [58.5, 60.0], [58.0, 59.5], [57.5, 59.0], [58.0, 58.5], [58.5, 58.0], [58.5, 57.0], [58.5, 56.0], [59.0, 55.5], [60.0, 55.5], [60.5, 55.0], [60.0, 54.5], [59.0, 54.5], [58.5, 54.0], [59.0, 53.5], [59.5, 53.0], [60.0, 52.5], [60.5, 52.0], [60.5, 51.0], [61.0, 50.5], [62.0, 50.5], [62.5, 50.0], [62.0, 49.5], [61.5, 49.0], [62.0, 48.5], [62.5, 48.0], [63.0, 47.5], [63.5, 47.0], [63.5, 46.0], [64.0, 45.5], [65.0, 45.5], [66.0, 45.5], [66.5, 45.0], [66.0, 44.5], [65.5, 44.0], [65.5, 43.0], [66.0, 42.5], [66.5, 42.0], [67.0, 41.5], [67.5, 41.0], [68.0, 40.5], [68.5, 40.0], [68.0, 39.5], [67.5, 39.0], [67.0, 38.5], [66.5, 38.0], [66.5, 37.0], [66.5, 36.0], [66.5, 35.0], [66.5, 34.0], [66.5, 33.0], [66.5, 32.0], [66.0, 31.5], [65.5, 31.0], [65.0, 30.5], [64.5, 30.0], [64.0, 29.5], [63.5, 29.0], [63.0, 28.5], [62.0, 28.5], [61.5, 28.0], [61.0, 27.5], [60.0, 27.5], [59.0, 27.5], [58.0, 27.5], [57.0, 27.5], [56.0, 27.5], [55.0, 27.5], [54.5, 28.0], [54.0, 28.5], [53.0, 28.5], [52.5, 29.0], [52.0, 29.5], [51.0, 29.5], [50.5, 30.0], [50.5, 31.0], [50.0, 31.5], [49.0, 31.5], [48.5, 32.0], [48.0, 32.5], [47.5, 33.0], [47.0, 33.5], [46.5, 34.0], [46.0, 34.5], [45.5, 35.0], [45.5, 36.0], [45.0, 36.5], [44.5, 37.0], [44.5, 38.0], [44.0, 38.5], [43.5, 39.0], [43.0, 39.5], [42.5, 40.0], [42.5, 41.0], [42.0, 41.5], [41.5, 42.0], [41.5, 43.0], [41.0, 43.5], [40.5, 44.0], [40.5, 45.0], [40.5, 46.0], [40.5, 47.0], [40.0, 47.5], [39.5, 48.0], [39.5, 49.0], [39.5, 50.0], [39.5, 51.0]]"
SLICE,Z13,ED_R,-4.939426463334087,54.240459154330985,-521.695078340997,33.0,0.47670521786837466,"[[96.0, 21.5], [95.5, 22.0], [95.5, 23.0], [95.5, 24.0], [95.5, 25.0], [95.5, 26.0], [96.0, 26.5], [96.5, 27.0], [96.5, 28.0], [97.0, 28.5], [98.0, 28.5], [99.0, 28.5], [100.0, 28.5], [100.5, 28.0], [101.0, 27.5], [101.5, 27.0], [101.5, 26.0], [101.5, 25.0], [101.5, 24.0], [101.0, 23.5], [100.5, 23.0], [100.0, 22.5], [99.0, 22.5], [98.0, 22.5], [97.0, 22.5], [96.5, 22.0]]"
SLICE,Z13,PER_R,-4.939426463334087,54.240459154330985,-521.695078340997,153.0,0.47135406390282203,"[[59.0, 78.5], [58.5, 79.0], [59.0, 79.5], [60.0, 79.5], [61.0, 79.5], [61.5, 80.0], [62.0, 80.5], [63.0, 80.5], [63.5, 81.0], [63.5, 82.0], [63.0, 82.5], [62.0, 82.5], [61.0, 82.5], [60.5, 83.0], [60.0, 83.5], [59.0, 83.5], [58.5, 84.0], [58.5, 85.0], [58.5, 86.0], [59.0, 86.5], [60.0, 86.5], [61.0, 86.5], [62.0, 86.5], [63.0, 86.5], [64.0, 86.5], [65.0, 86.5], [65.5, 86.0], [66.0, 85.5], [67.0, 85.5], [67.5, 85.0], [67.0, 84.5], [66.0, 84.5], [65.0, 84.5], [64.0, 84.5], [63.0, 84.5], [62.0, 84.5], [61.0, 84.5], [60.5, 84.0], [61.0, 83.5], [62.0, 83.5], [63.0, 83.5], [64.0, 83.5], [65.0, 83.5], [66.0, 83.5], [67.0, 83.5], [68.0, 83.5], [69.0, 83.5], [70.0, 83.5], [70.5, 83.0], [70.0, 82.5], [69.0, 82.5], [68.0, 82.5], [67.5, 82.0], [67.0, 81.5], [66.5, 81.0], [66.5, 80.0], [66.0, 79.5], [65.0, 79.5], [64.0, 79.5], [63.5, 79.0], [63.5, 78.0], [63.5, 77.0], [63.0, 76.5], [62.5, 76.0], [62.5, 75.0], [62.0, 74.5], [61.5, 75.0], [61.0, 75.5], [60.5, 76.0], [60.5, 77.0], [60.5, 78.0], [60.0, 78.5]]"
SLICE,Z13,DLPC_R,-4.939426463334087,54.240459154330985,-521.695078340997,1478.0,0.07446201311333904,"[[58.0, 58.5], [57.5, 59.0], [58.0, 59.5], [58.5, 60.0], [58.0, 60.5], [57.5, 61.0], [57.5, 62.0], [57.5, 63.0], [57.5, 64.0], [57.5, 65.0], [58.0, 65.5], [58.5, 66.0], [58.5, 67.0], [59.0, 67.5], [59.5, 68.0], [59.5, 69.0], [59.5, 70.0], [60.0, 70.5], [60.5, 71.0], [60.5, 72.0], [60.5, 73.0], [61.0, 73.5], [61.5, 74.0], [62.0, 74.5], [62.5, 75.0], [62.5, 76.0], [63.0, 76.5], [63.5, 77.0], [63.5, 78.0], [63.5, 79.0], [64.0, 79.5], [65.0, 79.5], [66.0, 79.5], [66.5, 80.0], [66.5, 81.0], [67.0, 81.5], [67.5, 82.0], [68.0, 82.5], [69.0, 82.5], [70.0, 82.5], [70.5, 83.0], [71.0, 83.5], [71.5, 83.0], [72.0, 82.5], [73.0, 82.5], [74.0, 82.5], [74.5, 82.0], [75.0, 81.5], [75.5, 81.0], [76.0, 80.5], [76.5, 80.0], [77.0, 79.5], [78.0, 79.5], [78.5, 79.0], [78.5, 78.0], [78.5, 77.0], [79.0, 76.5], [80.0, 76.5], [80.5, 76.0], [80.5, 75.0], [81.0, 74.5], [81.5, 74.0], [81.5, 73.0], [82.0, 72.5], [82.5, 72.0], [82.5, 71.0], [83.0, 70.5], [84.0, 70.5], [84.5, 70.0], [84.0, 69.5], [83.5, 69.0], [83.5, 68.0], [84.0, 67.5], [85.0, 67.5], [85.5, 68.0], [86.0, 68.5], [86.5, 68.0], [87.0, 67.5], [88.0, 67.5], [89.0, 67.5], [90.0, 67.5], [90.5, 68.0], [91.0, 68.5], [92.0, 68.5], [92.5, 69.0], [93.0, 69.5], [93.5, 70.0], [94.0, 70.5], [95.0, 70.5], [96.0, 70.5], [97.0, 70.5], [97.5, 71.0], [98.0, 71.5], [99.0, 71.5], [100.0, 71.5], [101.0, 71.5], [101.5, 72.0], [101.0, 72.5], [100.0, 72.5], [99.5, 73.0], [100.0, 73.5], [101.0, 73.5], [101.5, 73.0], [102.0, 72.5], [103.0, 72.5], [103.5, 72.0], [104.0, 71.5], [104.5, 71.0], [105.0, 70.5], [105.5, 70.0], [106.0, 69.5], [107.0, 69.5], [107.5, 69.0], [108.0, 68.5], [108.5, 68.0], [109.0, 67.5], [110.0, 67.5], [110.5, 67.0], [110.5, 66.0], [110.0, 65.5], [109.5, 65.0], [110.0, 64.5], [111.0, 64.5], [111.5, 64.0], [112.0, 63.5], [112.5, 63.0], [112.0, 62.5], [111.5, 62.0], [112.0, 61.5], [112.5, 61.0], [112.0, 60.5], [111.0, 60.5], [110.0, 60.5], [109.5, 60.0], [109.5, 59.0], [109.5, 58.0], [109.0, 57.5], [108.5, 57.0], [109.0, 56.5], [109.5, 56.0], [109.5, 55.0], [109.0, 54.5], [108.5, 54.0], [109.0, 53.5], [109.5, 53.0], [109.0, 52.5], [108.0, 52.5], [107.5, 52.0], [108.0, 51.5], [108.5, 51.0], [108.5, 50.0], [108.0, 49.5], [107.0, 49.5], [106.5, 49.0], [107.0, 48.5], [107.5, 48.0], [107.0, 47.5], [106.0, 47.5], [105.0, 47.5], [104.5, 47.0], [105.0, 46.5], [105.5, 46.0], [105.0, 45.5], [104.5, 45.0], [104.0, 44.5], [103.0, 44.5], [102.0, 44.5], [101.0, 44.5], [100.5, 44.0], [100.5, 43.0], [100.0, 42.5], [99.0, 42.5], [98.5, 42.0], [98.5, 41.0], [98.0, 40.5], [97.0, 40.5], [96.5, 40.0], [97.0, 39.5], [97.5, 39.0], [97.0, 38.5], [96.5, 38.0], [96.0, 37.5], [95.5, 37.0], [95.0, 36.5], [94.5, 36.0], [94.0, 35.5], [93.0, 35.5], [92.5, 35.0], [92.0, 34.5], [91.0, 34.5], [90.0, 34.5], [89.0, 34.5], [88.0, 34.5], [87.0, 34.5], [86.5, 34.0], [86.0, 33.5], [85.0, 33.5], [84.0, 33.5], [83.0, 33.5], [82.5, 34.0], [82.0, 34.5], [81.5, 35.0], [81.5, 36.0], [81.0, 36.5], [80.5, 37.0], [80.5, 38.0], [80.0, 38.5], [79.0, 38.5], [78.0, 38.5], [77.0, 38.5], [76.5, 39.0], [76.0, 39.5], [75.0, 39.5], [74.5, 39.0], [74.0, 38.5], [73.5, 38.0], [73.0, 37.5], [72.5, 38.0], [72.0, 38.5], [71.0, 38.5], [70.0, 38.5], [69.0, 38.5], [68.5, 39.0], [68.5, 40.0], [68.0, 40.5], [67.5, 41.0], [67.0, 41.5], [66.5, 42.0], [66.0, 42.5], [65.5, 43.0], [65.5, 44.0], [66.0, 44.5], [66.5, 45.0], [66.0, 45.5], [65.0, 45.5], [64.0, 45.5], [63.5, 46.0], [63.5, 47.0], [63.0, 47.5], [62.5, 48.0], [62.0, 48.5], [61.5, 49.0], [62.0, 49.5], [62.5, 50.0], [62.0, 50.5], [61.0, 50.5], [60.5, 51.0], [60.5, 52.0], [60.0, 52.5], [59.5, 53.0], [59.0, 53.5], [58.5, 54.0], [59.0, 54.5], [60.0, 54.5], [60.5, 55.0], [60.0, 55.5], [59.0, 55.5], [58.5, 56.0], [58.5, 57.0], [58.5, 58.0]]"
SLICE,Z13,POP_R,-4.939426463334087,54.240459154330985,-521.695078340997,0.0,,
SLICE,Z13,SOL_R,-4.939426463334087,54.240459154330985,-521.695078340997,2304.0,0.28934834715527935,"[[51.0, 78.5], [50.5, 79.0], [51.0, 79.5], [51.5, 80.0], [51.0, 80.5], [50.5, 81.0], [50.5, 82.0], [50.5, 83.0], [50.5, 84.0], [51.0, 84.5], [52.0, 84.5], [52.5, 85.0], [52.5, 86.0], [53.0, 86.5], [53.5, 87.0], [54.0, 87.5], [55.0, 87.5], [55.5, 88.0], [56.0, 88.5], [57.0, 88.5], [57.5, 89.0], [58.0, 89.5], [59.0, 89.5], [60.0, 89.5], [61.0, 89.5], [62.0, 89.5], [62.5, 90.0], [63.0, 90.5], [63.5, 91.0], [63.5, 92.0], [64.0, 92.5], [64.5, 93.0], [64.5, 94.0], [65.0, 94.5], [65.5, 95.0], [65.5, 96.0], [65.5, 97.0], [65.5, 98.0], [65.5, 99.0], [66.0, 99.5], [67.0, 99.5], [67.5, 100.0], [67.5, 101.0], [68.0, 101.5], [68.5, 102.0], [68.5, 103.0], [69.0, 103.5], [69.5, 104.0], [70.0, 104.5], [70.5, 104.0], [71.0, 103.5], [72.0, 103.5], [73.0, 103.5], [74.0, 103.5], [75.0, 103.5], [76.0, 103.5], [76.5, 103.0], [76.5, 102.0], [76.5, 101.0], [76.5, 100.0], [76.0, 99.5], [75.5, 99.0], [76.0, 98.5], [77.0, 98.5], [78.0, 98.5], [79.0, 98.5], [80.0, 98.5], [81.0, 98.5], [82.0, 98.5], [83.0, 98.5], [84.0, 98.5], [84.5, 98.0], [84.5, 97.0], [85.0, 96.5], [86.0, 96.5], [87.0, 96.5], [87.5, 96.0], [87.0, 95.5], [86.5, 95.0], [86.0, 94.5], [85.0, 94.5], [84.5, 94.0], [85.0, 93.5], [86.0, 93.5], [87.0, 93.5], [88.0, 93.5], [89.0, 93.5], [90.0, 93.5], [91.0, 93.5], [92.0, 93.5], [93.0, 93.5], [94.0, 93.5], [95.0, 93.5], [95.5, 94.0], [96.0, 94.5], [96.5, 95.0], [97.0, 95.5], [98.0, 95.5], [98.5, 96.0], [98.5, 97.0], [99.0, 97.5], [100.0, 97.5], [101.0, 97.5], [101.5, 98.0], [102.0, 98.5], [103.0, 98.5], [103.5, 99.0], [104.0, 99.5], [105.0, 99.5], [106.0, 99.5], [107.0, 99.5], [107.5, 99.0], [108.0, 98.5], [109.0, 98.5], [110.0, 98.5], [111.0, 98.5], [111.5, 98.0], [111.0, 97.5], [110.0, 97.5], [109.0, 97.5], [108.0, 97.5], [107.0, 97.5], [106.5, 97.0], [107.0, 96.5], [108.0, 96.5], [109.0, 96.5], [110.0, 96.5], [111.0, 96.5], [112.0, 96.5], [113.0, 96.5], [114.0, 96.5], [115.0, 96.5], [115.5, 96.0], [115.0, 95.5], [114.0, 95.5], [113.5, 95.0], [114.0, 94.5], [115.0, 94.5], [116.0, 94.5], [117.0, 94.5], [117.5, 94.0], [118.0, 93.5], [119.0, 93.5], [120.0, 93.5], [121.0, 93.5], [121.5, 93.0], [121.0, 92.5], [120.0, 92.5], [119.0, 92.5], [118.0, 92.5], [117.0, 92.5], [116.5, 92.0], [117.0, 91.5], [118.0, 91.5], [119.0, 91.5], [120.0, 91.5], [121.0, 91.5], [121.5, 91.0], [122.0, 90.5], [122.5, 90.0], [122.0, 89.5], [121.0, 89.5], [120.5, 89.0], [121.0, 88.5], [122.0, 88.5], [123.0, 88.5], [123.5, 88.0], [123.0, 87.5], [122.5, 87.0], [122.0, 86.5], [121.5, 86.0], [122.0, 85.5], [122.5, 85.0], [122.0, 84.5], [121.5, 84.0], [122.0, 83.5], [123.0, 83.5], [123.5, 83.0], [123.5, 82.0], [123.0, 81.5], [122.5, 81.0], [122.0, 80.5], [121.5, 80.0], [122.0, 79.5], [122.5, 79.0], [122.0, 78.5], [121.5, 78.0], [122.0, 77.5], [123.0, 77.5], [124.0, 77.5], [124.5, 77.0], [124.0, 76.5], [123.5, 76.0], [123.0, 75.5], [122.5, 75.0], [123.0, 74.5], [123.5, 74.0], [123.5, 73.0], [124.0, 72.5], [125.0, 72.5], [125.5, 72.0], [126.0, 71.5], [126.5, 71.0], [127.0, 70.5], [128.0, 70.5], [128.5, 70.0], [128.5, 69.0], [128.5, 68.0], [128.5, 67.0], [128.5, 66.0], [128.5, 65.0], [128.5, 64.0], [128.5, 63.0], [128.5, 62.0], [128.5, 61.0], [128.5, 60.0], [128.5, 59.0], [128.5, 58.0], [128.5, 57.0], [128.5, 56.0], [128.5, 55.0], [128.5, 54.0], [128.0, 53.5], [127.5, 53.0], [127.5, 52.0], [127.0, 51.5], [126.5, 51.0], [126.5, 50.0], [126.5, 49.0], [126.0, 48.5], [125.0, 48.5], [124.5, 48.0], [124.5, 47.0], [124.0, 46.5], [123.5, 46.0], [123.0, 45.5], [122.5, 45.0], [122.0, 44.5], [121.5, 44.0], [121.5, 43.0], [121.5, 42.0], [121.5, 41.0], [121.0, 40.5], [120.5, 40.0], [120.0, 39.5], [119.5, 39.0], [119.5, 38.0], [119.0, 37.5], [118.5, 37.0], [118.5, 36.0], [118.0, 35.5], [117.5, 35.0], [117.0, 34.5], [116.5, 34.0], [116.0, 33.5], [115.5, 33.0], [115.0, 32.5], [114.5, 32.0], [114.0, 31.5], [113.5, 31.0], [113.0, 30.5], [112.5, 30.0], [112.0, 29.5], [111.5, 29.0], [111.0, 28.5], [110.0, 28.5], [109.5, 28.0], [109.0, 27.5], [108.0, 27.5], [107.5, 27.0], [107.0, 26.5], [106.0, 26.5], [105.0, 26.5], [104.0, 26.5], [103.0, 26.5], [102.0, 26.5], [101.5, 27.0], [101.0, 27.5], [100.5, 28.0], [100.0, 28.5], [99.0, 28.5], [98.5, 29.0], [98.0, 29.5], [97.5, 30.0], [97.5, 31.0], [97.0, 31.5], [96.5, 32.0], [96.5, 33.0], [96.0, 33.5], [95.5, 34.0], [95.5, 35.0], [95.0, 35.5], [94.5, 36.0], [95.0, 36.5], [95.5, 37.0], [96.0, 37.5], [96.5, 38.0], [97.0, 38.5], [97.5, 39.0], [97.0, 39.5], [96.5, 40.0], [97.0, 40.5], [98.0, 40.5], [98.5, 41.0], [98.5, 42.0], [99.0, 42.5], [100.0, 42.5], [100.5, 43.0], [100.5, 44.0], [101.0, 44.5], [102.0, 44.5], [103.0, 44.5], [104.0, 44.5], [104.5, 45.0], [105.0, 45.5], [105.5, 46.0], [105.0, 46.5], [104.5, 47.0], [105.0, 47.5], [106.0, 47.5], [107.0, 47.5], [107.5, 48.0], [107.0, 48.5], [106.5, 49.0], [107.0, 49.5], [108.0, 49.5], [108.5, 50.0], [108.5, 51.0], [108.0, 51.5], [107.5, 52.0], [108.0, 52.5], [109.0, 52.5], [109.5, 53.0], [109.0, 53.5], [108.5, 54.0], [109.0, 54.5], [109.5, 55.0], [109.5, 56.0], [109.0, 56.5], [108.5, 57.0], [109.0, 57.5], [109.5, 58.0], [109.5, 59.0], [109.5, 60.0], [110.0, 60.5], [111.0, 60.5], [112.0, 60.5], [112.5, 61.0], [112.0, 61.5], [111.5, 62.0], [112.0, 62.5], [112.5, 63.0], [112.0, 63.5], [111.5, 64.0], [111.0, 64.5], [110.0, 64.5], [109.5, 65.0], [110.0, 65.5], [110.5, 66.0], [110.5, 67.0], [111.0, 67.5], [112.0, 67.5], [113.0, 67.5], [114.0, 67.5], [114.5, 68.0], [114.0, 68.5], [113.0, 68.5], [112.0, 68.5], [111.5, 69.0], [111.5, 70.0], [111.0, 70.5], [110.5, 71.0], [110.0, 71.5], [109.0, 71.5], [108.0, 71.5], [107.0, 71.5], [106.5, 72.0], [106.0, 72.5], [105.5, 72.0], [105.0, 71.5], [104.0, 71.5], [103.5, 72.0], [103.0, 72.5], [102.0, 72.5], [101.5, 72.0], [101.0, 71.5], [100.0, 71.5], [99.0, 71.5], [98.0, 71.5], [97.5, 71.0], [97.0, 70.5], [96.0, 70.5], [95.0, 70.5], [94.0, 70.5], [93.5, 70.0], [93.0, 69.5], [92.5, 69.0], [92.0, 68.5], [91.0, 68.5], [90.5, 68.0], [90.0, 67.5], [89.0, 67.5], [88.0, 67.5], [87.0, 67.5], [86.5, 68.0], [86.0, 68.5], [85.5, 68.0], [85.0, 67.5], [84.0, 67.5], [83.5, 68.0], [83.5, 69.0], [84.0, 69.5], [84.5, 70.0], [84.0, 70.5], [83.0, 70.5], [82.5, 71.0], [82.5, 72.0], [82.0, 72.5], [81.5, 73.0], [81.5, 74.0], [81.0, 74.5], [80.5, 75.0], [80.5, 76.0], [80.0, 76.5], [79.0, 76.5], [78.5, 77.0], [78.5, 78.0], [78.5, 79.0], [78.0, 79.5], [77.0, 79.5], [76.5, 80.0], [76.0, 80.5], [75.5, 81.0], [75.0, 81.5], [74.5, 82.0], [74.0, 82.5], [73.0, 82.5], [72.0, 82.5], [71.5, 83.0], [71.0, 83.5], [70.0, 83.5], [69.0, 83.5], [68.0, 83.5], [67.0, 83.5], [66.0, 83.5], [65.0, 83.5], [64.0, 83.5], [63.0, 83.5], [62.0, 83.5], [61.0, 83.5], [60.5, 83.0], [61.0, 82.5], [62.0, 82.5], [63.0, 82.5], [63.5, 82.0], [63.5, 81.0], [63.0, 80.5], [62.0, 80.5], [61.5, 80.0], [61.0, 79.5], [60.0, 79.5], [59.0, 79.5], [58.5, 79.0], [58.0, 78.5], [57.0, 78.5], [56.5, 78.0], [56.0, 77.5], [55.0, 77.5], [54.0, 77.5], [53.0, 77.5], [52.0, 77.5], [51.5, 78.0]]"
SLICE,Z13,GAS_MED_R,-4.939426463334087,54.240459154330985,-521.695078340997,1330.0,0.21550518510390693,"[[70.0, 102.5], [69.5, 103.0], [70.0, 103.5], [70.5, 104.0], [70.5, 105.0], [70.5, 106.0], [71.0, 106.5], [72.0, 106.5], [72.5, 107.0], [72.5, 108.0], [73.0, 108.5], [73.5, 109.0], [74.0, 109.5], [75.0, 109.5], [75.5, 110.0], [75.5, 111.0], [76.0, 111.5], [77.0, 111.5], [77.5, 112.0], [78.0, 112.5], [79.0, 112.5], [79.5, 113.0], [80.0, 113.5], [80.5, 114.0], [81.0, 114.5], [82.0, 114.5], [82.5, 115.0], [83.0, 115.5], [84.0, 115.5], [85.0, 115.5], [85.5, 116.0], [86.0, 116.5], [87.0, 116.5], [88.0, 116.5], [89.0, 116.5], [90.0, 116.5], [91.0, 116.5], [92.0, 116.5], [92.5, 117.0], [93.0, 117.5], [94.0, 117.5], [95.0, 117.5], [95.5, 117.0], [96.0, 116.5], [97.0, 116.5], [98.0, 116.5], [99.0, 116.5], [100.0, 116.5], [101.0, 116.5], [102.0, 116.5], [103.0, 116.5], [104.0, 116.5], [105.0, 116.5], [106.0, 116.5], [107.0, 116.5], [108.0, 116.5], [109.0, 116.5], [110.0, 116.5], [110.5, 116.0], [111.0, 115.5], [111.5, 115.0], [112.0, 114.5], [113.0, 114.5], [113.5, 114.0], [114.0, 113.5], [114.5, 113.0], [115.0, 112.5], [115.5, 112.0], [116.0, 111.5], [117.0, 111.5], [118.0, 111.5], [119.0, 111.5], [120.0, 111.5], [121.0, 111.5], [121.5, 111.0], [122.0, 110.5], [122.5, 110.0], [123.0, 109.5], [124.0, 109.5], [124.5, 109.0], [125.0, 108.5], [125.5, 108.0], [126.0, 107.5], [126.5, 107.0], [126.5, 106.0], [127.0, 105.5], [127.5, 105.0], [128.0, 104.5], [128.5, 104.0], [128.5, 103.0], [129.0, 102.5], [129.5, 102.0], [130.0, 101.5], [130.5, 101.0], [130.5, 100.0], [131.0, 99.5], [131.5, 99.0], [131.5, 98.0], [131.5, 97.0], [131.5, 96.0], [131.5, 95.0], [132.0, 94.5], [133.0, 94.5], [133.5, 94.0], [134.0, 93.5], [134.5, 93.0], [134.5, 92.0], [135.0, 91.5], [135.5, 91.0], [136.0, 90.5], [136.5, 90.0], [136.5, 89.0], [136.5, 88.0], [136.5, 87.0], [136.5, 86.0], [136.5, 85.0], [137.0, 84.5], [137.5, 84.0], [137.5, 83.0], [137.5, 82.0], [137.5, 81.0], [137.0, 80.5], [136.5, 80.0], [136.5, 79.0], [136.5, 78.0], [136.5, 77.0], [136.5, 76.0], [136.0, 75.5], [135.5, 75.0], [135.5, 74.0], [135.0, 73.5], [134.5, 73.0], [134.0, 72.5], [133.5, 72.0], [133.0, 71.5], [132.0, 71.5], [131.5, 71.0], [131.0, 70.5], [130.5, 70.0], [130.0, 69.5], [129.0, 69.5], [128.5, 70.0], [128.0, 70.5], [127.0, 70.5], [126.5, 71.0], [126.0, 71.5], [125.5, 72.0], [125.0, 72.5], [124.0, 72.5], [123.5, 73.0], [123.5, 74.0], [123.0, 74.5], [122.5, 75.0], [123.0, 75.5], [123.5, 76.0], [124.0, 76.5], [124.5, 77.0], [124.0, 77.5], [123.0, 77.5], [122.0, 77.5], [121.5, 78.0], [122.0, 78.5], [122.5, 79.0], [122.0, 79.5], [121.5, 80.0], [122.0, 80.5], [122.5, 81.0], [123.0, 81.5], [123.5, 82.0], [123.5, 83.0], [123.0, 83.5], [122.0, 83.5], [121.5, 84.0], [122.0, 84.5], [122.5, 85.0], [122.0, 85.5], [121.5, 86.0], [122.0, 86.5], [122.5, 87.0], [123.0, 87.5], [123.5, 88.0], [123.0, 88.5], [122.0, 88.5], [121.0, 88.5], [120.5, 89.0], [121.0, 89.5], [122.0, 89.5], [122.5, 90.0], [122.0, 90.5], [121.5, 91.0], [121.0, 91.5], [120.0, 91.5], [119.0, 91.5], [118.0, 91.5], [117.0, 91.5], [116.5, 92.0], [117.0, 92.5], [118.0, 92.5], [119.0, 92.5], [120.0, 92.5], [121.0, 92.5], [121.5, 93.0], [121.0, 93.5], [120.0, 93.5], [119.0, 93.5], [118.0, 93.5], [117.5, 94.0], [117.0, 94.5], [116.0, 94.5], [115.0, 94.5], [114.0, 94.5], [113.5, 95.0], [114.0, 95.5], [115.0, 95.5], [115.5, 96.0], [115.0, 96.5], [114.0, 96.5], [113.0, 96.5], [112.0, 96.5], [111.0, 96.5], [110.0, 96.5], [109.0, 96.5], [108.0, 96.5], [107.0, 96.5], [106.5, 97.0], [107.0, 97.5], [108.0, 97.5], [109.0, 97.5], [110.0, 97.5], [111.0, 97.5], [111.5, 98.0], [111.0, 98.5], [110.0, 98.5], [109.0, 98.5], [108.0, 98.5], [107.5, 99.0], [107.0, 99.5], [106.0, 99.5], [105.0, 99.5], [104.0, 99.5], [103.5, 99.0], [103.0, 98.5], [102.0, 98.5], [101.5, 98.0], [101.0, 97.5], [100.0, 97.5], [99.0, 97.5], [98.5, 97.0], [98.5, 96.0], [98.0, 95.5], [97.0, 95.5], [96.5, 95.0], [96.0, 94.5], [95.5, 94.0], [95.0, 93.5], [94.0, 93.5], [93.0, 93.5], [92.0, 93.5], [91.0, 93.5], [90.0, 93.5], [89.0, 93.5], [88.0, 93.5], [87.0, 93.5], [86.0, 93.5], [85.0, 93.5], [84.5, 94.0], [85.0, 94.5], [86.0, 94.5], [86.5, 95.0], [87.0, 95.5], [87.5, 96.0], [87.0, 96.5], [86.0, 96.5], [85.0, 96.5], [84.5, 97.0], [84.5, 98.0], [84.0, 98.5], [83.0, 98.5], [82.0, 98.5], [81.0, 98.5], [80.0, 98.5], [79.0, 98.5], [78.0, 98.5], [77.0, 98.5], [76.0, 98.5], [75.5, 99.0], [76.0, 99.5], [76.5, 100.0], [76.5, 101.0], [76.5, 102.0], [76.5, 103.0], [76.0, 103.5], [75.0, 103.5], [74.0, 103.5], [73.0, 103.5], [72.0, 103.5], [71.0, 103.5], [70.5, 103.0]]"
SLICE,Z13,GAS_LAT_R,-4.939426463334087,54.240459154330985,-521.695078340997,0.0,,
SLICE,Z13,TA_L,-4.939426463334087,54.240459154330985,-521.695078340997,486.0,0.3518645167335844,"[[255.0, 0.0], [254.5, 0.0], [255.0, 0.0], [255.5, 0.0], [256.0, 0.0], [257.0, 0.0], [257.5, 0.0], [257.5, 0.0], [257.5, 0.0], [258.0, 0.0], [258.5, 0.0], [258.5, 0.0], [258.5, 0.0], [259.0, 0.0], [259.5, 0.0], [259.5, 0.0], [260.0, 0.0], [260.5, 0.0], [260.5, 0.0], [260.5, 0.0], [260.5, 0.0], [261.0, 0.0], [261.5, 0.0], [262.0, 0.0], [262.5, 0.0], [263.0, 0.0], [263.5, 0.0], [263.5, 0.0], [264.0, 0.0], [264.5, 0.0], [264.5, 0.0], [264.0, 0.0], [263.5, 0.0], [264.0, 0.0], [265.0, 0.0], [265.5, 0.0], [266.0, 0.0], [267.0, 0.0], [267.5, 0.0], [267.5, 0.0], [267.5, 0.0], [268.0, 0.0], [268.5, 0.0], [268.5, 0.0], [269.0, 0.0], [270.0, 0.0], [271.0, 0.0], [271.5, 0.0], [271.5, 0.0], [272.0, 0.0], [273.0, 0.0], [273.5, 0.0], [274.0, 0.0], [274.5, 0.0], [275.0, 0.0], [275.5, 0.0], [276.0, 0.0], [276.5, 0.0], [277.0, 0.0], [277.5, 0.0], [277.5, 0.0], [277.5, 0.0], [278.0, 0.0], [278.5, 0.0], [278.5, 0.0], [278.5, 0.0], [278.5, 0.0], [278.5, 0.0], [278.5, 0.0], [278.5, 0.0], [278.5, 0.0], [278.5, 0.0], [278.5, 0.0], [278.0, 0.0], [277.5, 0.0], [277.5, 0.0], [277.5, 0.0], [277.0, 0.0], [276.5, 0.0], [276.5, 0.0], [276.5, 0.0], [276.0, 0.0], [275.5, 0.0], [275.5, 0.0], [275.0, 0.0], [274.5, 0.0], [274.5, 0.0], [274.0, 0.0], [273.5, 0.0], [273.0, 0.0], [272.5, 0.0], [272.5, 0.0], [272.0, 0.0], [271.5, 0.0], [271.0, 0.0], [270.5, 0.0], [270.0, 0.0], [269.5, 0.0], [269.0, 0.0], [268.5, 0.0], [268.5, 0.0], [268.0, 0.0], [267.0, 0.0], [266.5, 0.0], [266.5, 0.0], [266.0, 0.0], [265.0, 0.0], [264.5, 0.0], [264.0, 0.0], [263.5, 0.0], [263.0, 0.0], [262.0, 0.0], [261.5, 0.0], [261.0, 0.0], [260.0, 0.0], [259.0, 0.0], [258.0, 0.0], [257.5, 0.0], [257.5, 0.0], [258.0, 0.0], [258.5, 0.0], [259.0, 0.0], [259.5, 0.0], [259.0, 0.0], [258.5, 0.0], [259.0, 0.0], [259.5, 0.0], [259.5, 0.0], [260.0, 0.0], [260.5, 0.0], [260.5, 0.0], [260.5, 0.0], [260.5, 0.0], [260.5, 0.0], [260.5, 0.0], [260.5, 0.0], [260.5, 0.0], [260.5, 0.0], [260.5, 0.0], [260.0, 0.0], [259.5, 0.0], [259.0, 0.0], [258.0, 0.0], [257.0, 0.0], [256.5, 0.0], [256.0, 0.0], [255.5, 0.0], [255.5, 0.0]]"
SLICE,Z13,ED_L,-4.939426463334087,54.240459154330985,-521.695078340997,29.0,0.953603835953183,"[[223.0, 0.0], [222.5, 0.0], [222.5, 0.0], [222.5, 0.0], [222.5, 0.0], [223.0, 0.0], [224.0, 0.0], [224.5, 0.0], [224.5, 0.0], [225.0, 0.0], [226.0, 0.0], [227.0, 0.0], [228.0, 0.0], [229.0, 0.0], [230.0, 0.0], [231.0, 0.0], [231.5, 0.0], [231.0, 0.0], [230.0, 0.0], [229.0, 0.0], [228.5, 0.0], [228.0, 0.0], [227.5, 0.0], [227.0, 0.0], [226.0, 0.0], [225.5, 0.0], [225.0, 0.0], [224.0, 0.0], [223.5, 0.0], [223.5, 0.0]]"
SLICE,Z13,PER_L,-4.939426463334087,54.240459154330985,-521.695078340997,190.0,0.5729588931114261,"[[224.0, 0.0], [223.5, 0.0], [223.5, 0.0], [223.5, 0.0], [224.0, 0.0], [224.5, 0.0], [225.0, 0.0], [225.5, 0.0], [225.5, 0.0], [226.0, 0.0], [226.5, 0.0], [227.0, 0.0], [227.5, 0.0], [228.0, 0.0], [228.5, 0.0], [229.0, 0.0], [230.0, 0.0], [231.0, 0.0], [232.0, 0.0], [233.0, 0.0], [234.0, 0.0], [235.0, 0.0], [236.0, 0.0], [237.0, 0.0], [238.0, 0.0], [239.0, 0.0], [240.0, 0.0], [240.5, 0.0], [241.0, 0.0], [241.5, 0.0], [242.0, 0.0], [242.5, 0.0], [243.0, 0.0], [243.5, 0.0], [243.5, 0.0], [243.5, 0.0], [243.5, 0.0], [243.0, 0.0], [242.5, 0.0], [242.5, 0.0], [242.0, 0.0], [241.5, 0.0], [241.5, 0.0], [241.0, 0.0], [240.0, 0.0], [239.0, 0.0], [238.0, 0.0], [237.0, 0.0], [236.0, 0.0], [235.0, 0.0], [234.0, 0.0], [233.5, 0.0], [233.0, 0.0], [232.0, 0.0], [231.5, 0.0], [231.0, 0.0], [230.0, 0.0], [229.0, 0.0], [228.0, 0.0], [227.0, 0.0], [226.0, 0.0], [225.5, 0.0], [225.0, 0.0], [224.5, 0.0]]"
SLICE,Z13,DLPC_L,-4.939426463334087,54.240459154330985,-521.695078340997,1417.0,0.10926606119814777,"[[205.0, 0.0], [204.5, 0.0], [205.0, 0.0], [206.0, 0.0], [207.0, 0.0], [207.5, 0.0], [208.0, 0.0], [208.5, 0.0], [209.0, 0.0], [210.0, 0.0], [210.5, 0.0], [211.0, 0.0], [212.0, 0.0], [213.0, 0.0], [214.0, 0.0], [214.5, 0.0], [215.0, 0.0], [216.0, 0.0], [217.0, 0.0], [218.0, 0.0], [219.0, 0.0], [220.0, 0.0], [221.0, 0.0], [222.0, 0.0], [222.5, 0.0], [223.0, 0.0], [224.0, 0.0], [225.0, 0.0], [226.0, 0.0], [226.5, 0.0], [226.0, 0.0], [225.5, 0.0], [226.0, 0.0], [227.0, 0.0], [228.0, 0.0], [228.5, 0.0], [228.5, 0.0], [229.0, 0.0], [230.0, 0.0], [231.0, 0.0], [232.0, 0.0], [232.5, 0.0], [233.0, 0.0], [234.0, 0.0], [234.5, 0.0], [234.0, 0.0], [233.5, 0.0], [234.0, 0.0], [235.0, 0.0], [235.5, 0.0], [236.0, 0.0], [236.5, 0.0], [236.5, 0.0], [237.0, 0.0], [237.5, 0.0], [238.0, 0.0], [238.5, 0.0], [238.5, 0.0], [239.0, 0.0], [240.0, 0.0], [241.0, 0.0], [242.0, 0.0], [242.5, 0.0], [243.0, 0.0], [243.5, 0.0], [244.0, 0.0], [245.0, 0.0], [246.0, 0.0], [247.0, 0.0], [248.0, 0.0], [249.0, 0.0], [250.0, 0.0], [250.5, 0.0], [251.0, 0.0], [251.5, 0.0], [251.5, 0.0], [252.0, 0.0], [253.0, 0.0], [253.5, 0.0], [253.0, 0.0], [252.5, 0.0], [253.0, 0.0], [253.5, 0.0], [253.5, 0.0], [254.0, 0.0], [255.0, 0.0], [256.0, 0.0], [256.5, 0.0], [256.5, 0.0], [257.0, 0.0], [257.5, 0.0], [257.5, 0.0], [258.0, 0.0], [258.5, 0.0], [258.5, 0.0], [258.5, 0.0], [258.5, 0.0], [258.5, 0.0], [259.0, 0.0], [259.5, 0.0], [259.5, 0.0], [260.0, 0.0], [260.5, 0.0], [260.5, 0.0], [260.5, 0.0], [260.5, 0.0], [260.5, 0.0], [260.0, 0.0], [259.5, 0.0], [259.5, 0.0], [259.0, 0.0], [258.5, 0.0], [258.5, 0.0], [258.0, 0.0], [257.5, 0.0], [257.0, 0.0], [256.5, 0.0], [256.5, 0.0], [256.5, 0.0], [256.0, 0.0], [255.5, 0.0], [255.0, 0.0], [254.5, 0.0], [254.5, 0.0], [254.0, 0.0], [253.5, 0.0], [253.5, 0.0], [253.0, 0.0], [252.5, 0.0], [252.0, 0.0], [251.5, 0.0], [251.5, 0.0], [251.0, 0.0], [250.5, 0.0], [250.0, 0.0], [249.5, 0.0], [249.0, 0.0], [248.5, 0.0], [248.0, 0.0], [247.0, 0.0], [246.0, 0.0], [245.5, 0.0], [245.0, 0.0], [244.0, 0.0], [243.0, 0.0], [242.5, 0.0], [242.5, 0.0], [242.0, 0.0], [241.0, 0.0], [240.0, 0.0], [239.0, 0.0], [238.0, 0.0], [237.0, 0.0], [236.5, 0.0], [236.0, 0.0], [235.0, 0.0], [234.0, 0.0], [233.5, 0.0], [233.0, 0.0], [232.5, 0.0], [232.5, 0.0], [232.5, 0.0], [232.5, 0.0], [232.0, 0.0], [231.0, 0.0], [230.0, 0.0], [229.0, 0.0], [228.0, 0.0], [227.0, 0.0], [226.0, 0.0], [225.0, 0.0], [224.5, 0.0], [224.0, 0.0], [223.5, 0.0], [223.0, 0.0], [222.5, 0.0], [222.0, 0.0], [221.5, 0.0], [221.0, 0.0], [220.5, 0.0], [220.5, 0.0], [220.0, 0.0], [219.5, 0.0], [219.0, 0.0], [218.5, 0.0], [218.0, 0.0], [217.5, 0.0], [218.0, 0.0], [218.5, 0.0], [218.0, 0.0], [217.0, 0.0], [216.0, 0.0], [215.0, 0.0], [214.0, 0.0], [213.5, 0.0], [213.5, 0.0], [214.0, 0.0], [215.0, 0.0], [216.0, 0.0], [216.5, 0.0], [216.0, 0.0], [215.0, 0.0], [214.0, 0.0], [213.0, 0.0], [212.0, 0.0], [211.5, 0.0], [212.0, 0.0], [212.5, 0.0], [212.0, 0.0], [211.0, 0.0], [210.5, 0.0], [210.0, 0.0], [209.0, 0.0], [208.5, 0.0], [209.0, 0.0], [210.0, 0.0], [210.5, 0.0], [210.0, 0.0], [209.0, 0.0], [208.5, 0.0], [209.0, 0.0], [209.5, 0.0], [209.5, 0.0], [209.0, 0.0], [208.5, 0.0], [208.5, 0.0], [208.5, 0.0], [208.5, 0.0], [208.5, 0.0], [208.0, 0.0], [207.5, 0.0], [207.0, 0.0], [206.5, 0.0], [207.0, 0.0], [207.5, 0.0], [207.0, 0.0], [206.0, 0.0], [205.5, 0.0], [206.0, 0.0], [207.0, 0.0], [208.0, 0.0], [208.5, 0.0], [208.0, 0.0], [207.0, 0.0], [206.0, 0.0], [205.5, 0.0], [206.0, 0.0], [206.5, 0.0], [206.0, 0.0], [205.5, 0.0]]"
SLICE,Z13,POP_L,-4.939426463334087,54.240459154330985,-521.695078340997,0.0,,
SLICE,Z13,SOL_L,-4.939426463334087,54.240459154330985,-521.695078340997,2248.0,0.2674052515783646,"[[190.0, 0.0], [189.5, 0.0], [189.5, 0.0], [189.5, 0.0], [189.5, 0.0], [189.5, 0.0], [189.5, 0.0], [189.5, 0.0], [189.5, 0.0], [189.5, 0.0], [189.5, 0.0], [189.5, 0.0], [189.5, 0.0], [189.5, 0.0], [189.5, 0.0], [190.0, 0.0], [190.5, 0.0], [191.0, 0.0], [191.5, 0.0], [192.0, 0.0], [193.0, 0.0], [193.5, 0.0], [193.5, 0.0], [193.5, 0.0], [194.0, 0.0], [195.0, 0.0], [195.5, 0.0], [195.0, 0.0], [194.5, 0.0], [195.0, 0.0], [196.0, 0.0], [196.5, 0.0], [196.0, 0.0], [195.5, 0.0], [195.0, 0.0], [194.0, 0.0], [193.5, 0.0], [194.0, 0.0], [195.0, 0.0], [195.5, 0.0], [195.5, 0.0], [196.0, 0.0], [196.5, 0.0], [196.0, 0.0], [195.5, 0.0], [195.5, 0.0], [196.0, 0.0], [196.5, 0.0], [197.0, 0.0], [198.0, 0.0], [198.5, 0.0], [198.5, 0.0], [198.5, 0.0], [199.0, 0.0], [200.0, 0.0], [201.0, 0.0], [202.0, 0.0], [203.0, 0.0], [204.0, 0.0], [205.0, 0.0], [206.0, 0.0], [206.5, 0.0], [206.0, 0.0], [205.0, 0.0], [204.0, 0.0], [203.0, 0.0], [202.0, 0.0], [201.0, 0.0], [200.0, 0.0], [199.5, 0.0], [200.0, 0.0], [201.0, 0.0], [202.0, 0.0], [203.0, 0.0], [203.5, 0.0], [204.0, 0.0], [205.0, 0.0], [206.0, 0.0], [207.0, 0.0], [208.0, 0.0], [209.0, 0.0], [209.5, 0.0], [209.0, 0.0], [208.0, 0.0], [207.0, 0.0], [206.5, 0.0], [207.0, 0.0], [208.0, 0.0], [209.0, 0.0], [210.0, 0.0], [211.0, 0.0], [212.0, 0.0], [212.5, 0.0], [212.0, 0.0], [211.0, 0.0], [210.0, 0.0], [209.5, 0.0], [209.5, 0.0], [210.0, 0.0], [211.0, 0.0], [212.0, 0.0], [213.0, 0.0], [214.0, 0.0], [215.0, 0.0], [216.0, 0.0], [216.5, 0.0], [217.0, 0.0], [217.5, 0.0], [218.0, 0.0], [219.0, 0.0], [220.0, 0.0], [221.0, 0.0], [221.5, 0.0], [222.0, 0.0], [222.5, 0.0], [223.0, 0.0], [223.5, 0.0], [223.5, 0.0], [224.0, 0.0], [224.5, 0.0], [225.0, 0.0], [225.5, 0.0], [225.5, 0.0], [226.0, 0.0], [226.5, 0.0], [227.0, 0.0], [227.5, 0.0], [228.0, 0.0], [229.0, 0.0], [230.0, 0.0], [231.0, 0.0], [231.5, 0.0], [231.0, 0.0], [230.0, 0.0], [229.5, 0.0], [229.5, 0.0], [230.0, 0.0], [231.0, 0.0], [232.0, 0.0], [233.0, 0.0], [233.5, 0.0], [234.0, 0.0], [235.0, 0.0], [236.0, 0.0], [237.0, 0.0], [237.5, 0.0], [238.0, 0.0], [238.5, 0.0], [239.0, 0.0], [240.0, 0.0], [241.0, 0.0], [241.5, 0.0], [242.0, 0.0], [242.5, 0.0], [243.0, 0.0], [244.0, 0.0], [245.0, 0.0], [246.0, 0.0], [246.5, 0.0], [246.0, 0.0], [245.0, 0.0], [244.5, 0.0], [244.0, 0.0], [243.5, 0.0], [244.0, 0.0], [245.0, 0.0], [246.0, 0.0], [247.0, 0.0], [248.0, 0.0], [248.5, 0.0], [248.5, 0.0], [249.0, 0.0], [250.0, 0.0], [251.0, 0.0], [252.0, 0.0], [253.0, 0.0], [253.5, 0.0], [253.5, 0.0], [254.0, 0.0], [255.0, 0.0], [256.0, 0.0], [257.0, 0.0], [258.0, 0.0], [259.0, 0.0], [260.0, 0.0], [260.5, 0.0], [261.0, 0.0], [261.5, 0.0], [262.0, 0.0], [263.0, 0.0], [263.5, 0.0], [264.0, 0.0], [265.0, 0.0], [265.5, 0.0], [266.0, 0.0], [266.5, 0.0], [267.0, 0.0], [268.0, 0.0], [268.5, 0.0], [268.5, 0.0], [269.0, 0.0], [269.5, 0.0], [270.0, 0.0], [271.0, 0.0], [271.5, 0.0], [271.5, 0.0], [272.0, 0.0], [272.5, 0.0], [273.0, 0.0], [273.5, 0.0], [273.5, 0.0], [273.5, 0.0], [274.0, 0.0], [274.5, 0.0], [274.5, 0.0], [274.5, 0.0], [274.5, 0.0], [274.5, 0.0], [274.5, 0.0], [274.5, 0.0], [274.0, 0.0], [273.5, 0.0], [273.5, 0.0], [273.0, 0.0], [272.0, 0.0], [271.0, 0.0], [270.0, 0.0], [269.5, 0.0], [269.0, 0.0], [268.5, 0.0], [268.5, 0.0], [268.0, 0.0], [267.0, 0.0], [266.0, 0.0], [265.5, 0.0], [265.0, 0.0], [264.0, 0.0], [263.0, 0.0], [262.0, 0.0], [261.0, 0.0], [260.5, 0.0], [260.5, 0.0], [260.0, 0.0], [259.5, 0.0], [259.0, 0.0], [258.5, 0.0], [258.5, 0.0], [258.5, 0.0], [258.0, 0.0], [257.5, 0.0], [257.5, 0.0], [257.0, 0.0], [256.5, 0.0], [256.5, 0.0], [256.0, 0.0], [255.0, 0.0], [254.0, 0.0], [253.5, 0.0], [253.5, 0.0], [253.0, 0.0], [252.5, 0.0], [253.0, 0.0], [253.5, 0.0], [253.0, 0.0], [252.0, 0.0], [251.5, 0.0], [251.5, 0.0], [251.0, 0.0], [250.5, 0.0], [250.0, 0.0], [249.0, 0.0], [248.0, 0.0], [247.0, 0.0], [246.0, 0.0], [245.0, 0.0], [244.0, 0.0], [243.5, 0.0], [243.0, 0.0], [242.5, 0.0], [242.0, 0.0], [241.0, 0.0], [240.0, 0.0], [239.0, 0.0], [238.5, 0.0], [238.5, 0.0], [238.0, 0.0], [237.5, 0.0], [237.0, 0.0], [236.5, 0.0], [236.5, 0.0], [236.0, 0.0], [235.5, 0.0], [235.0, 0.0], [234.0, 0.0], [233.5, 0.0], [234.0, 0.0], [234.5, 0.0], [234.0, 0.0], [233.0, 0.0], [232.5, 0.0], [232.0, 0.0], [231.0, 0.0], [230.0, 0.0], [229.0, 0.0], [228.5, 0.0], [228.5, 0.0], [228.0, 0.0], [227.0, 0.0], [226.0, 0.0], [225.5, 0.0], [226.0, 0.0], [226.5, 0.0], [226.0, 0.0], [225.0, 0.0], [224.0, 0.0], [223.0, 0.0], [222.5, 0.0], [222.0, 0.0], [221.0, 0.0], [220.0, 0.0], [219.0, 0.0], [218.0, 0.0], [217.0, 0.0], [216.0, 0.0], [215.0, 0.0], [214.5, 0.0], [214.0, 0.0], [213.0, 0.0], [212.0, 0.0], [211.0, 0.0], [210.5, 0.0], [210.0, 0.0], [209.5, 0.0], [209.0, 0.0], [208.0, 0.0], [207.5, 0.0], [207.0, 0.0], [206.0, 0.0], [205.0, 0.0], [204.0, 0.0], [203.0, 0.0], [202.5, 0.0], [202.0, 0.0], [201.5, 0.0], [202.0, 0.0], [202.5, 0.0], [203.0, 0.0], [203.5, 0.0], [204.0, 0.0], [204.5, 0.0], [205.0, 0.0], [205.5, 0.0], [206.0, 0.0], [206.5, 0.0], [206.0, 0.0], [205.5, 0.0], [206.0, 0.0], [207.0, 0.0], [208.0, 0.0], [208.5, 0.0], [208.0, 0.0], [207.0, 0.0], [206.0, 0.0], [205.5, 0.0], [206.0, 0.0], [207.0, 0.0], [207.5, 0.0], [207.0, 0.0], [206.5, 0.0], [207.0, 0.0], [207.5, 0.0], [208.0, 0.0], [208.5, 0.0], [208.5, 0.0], [208.5, 0.0], [208.5, 0.0], [208.5, 0.0], [209.0, 0.0], [209.5, 0.0], [209.5, 0.0], [209.0, 0.0], [208.5, 0.0], [209.0, 0.0], [210.0, 0.0], [210.5, 0.0], [210.0, 0.0], [209.0, 0.0], [208.5, 0.0], [209.0, 0.0], [210.0, 0.0], [210.5, 0.0], [211.0, 0.0], [212.0, 0.0], [212.5, 0.0], [212.0, 0.0], [211.5, 0.0], [212.0, 0.0], [213.0, 0.0], [214.0, 0.0], [215.0, 0.0], [216.0, 0.0], [216.5, 0.0], [216.0, 0.0], [215.0, 0.0], [214.0, 0.0], [213.5, 0.0], [213.5, 0.0], [214.0, 0.0], [215.0, 0.0], [216.0, 0.0], [217.0, 0.0], [218.0, 0.0], [218.5, 0.0], [218.0, 0.0], [217.5, 0.0], [218.0, 0.0], [218.5, 0.0], [218.5, 0.0], [218.5, 0.0], [218.5, 0.0], [218.0, 0.0], [217.0, 0.0], [216.5, 0.0], [216.0, 0.0], [215.5, 0.0], [215.0, 0.0], [214.5, 0.0], [214.0, 0.0], [213.5, 0.0], [213.5, 0.0], [213.5, 0.0], [213.5, 0.0], [213.5, 0.0], [213.5, 0.0], [213.5, 0.0], [213.0, 0.0], [212.5, 0.0], [212.5, 0.0], [212.0, 0.0], [211.5, 0.0], [211.0, 0.0], [210.0, 0.0], [209.5, 0.0], [209.0, 0.0], [208.0, 0.0], [207.5, 0.0], [207.0, 0.0], [206.5, 0.0], [206.0, 0.0], [205.5, 0.0], [205.0, 0.0], [204.5, 0.0], [204.0, 0.0], [203.5, 0.0], [203.0, 0.0], [202.5, 0.0], [202.0, 0.0], [201.5, 0.0], [201.0, 0.0], [200.5, 0.0], [200.5, 0.0], [200.0, 0.0], [199.5, 0.0], [199.0, 0.0], [198.5, 0.0], [198.0, 0.0], [197.5, 0.0], [197.5, 0.0], [197.5, 0.0], [197.5, 0.0], [197.5, 0.0], [197.0, 0.0], [196.5, 0.0], [196.5, 0.0], [196.0, 0.0], [195.5, 0.0], [195.5, 0.0], [195.0, 0.0], [194.0, 0.0], [193.5, 0.0], [193.0, 0.0], [192.5, 0.0], [192.5, 0.0], [192.0, 0.0], [191.5, 0.0], [191.5, 0.0], [191.0, 0.0], [190.5, 0.0], [190.5, 0.0], [190.5, 0.0], [190.5, 0.0], [190.5, 0.0]]"
SLICE,Z13,GAS_MED_L,-4.939426463334087,54.240459154330985,-521.695078340997,1651.0,0.18934760053244368,"[[183.0, 0.0], [182.5, 0.0], [182.5, 0.0], [182.5, 0.0], [182.5, 0.0], [182.5, 0.0], [182.5, 0.0], [182.5, 0.0], [182.5, 0.0], [182.5, 0.0], [182.5, 0.0], [182.5, 0.0], [183.0, 0.0], [183.5, 0.0], [183.5, 0.0], [183.5, 0.0], [184.0, 0.0], [184.5, 0.0], [185.0, 0.0], [185.5, 0.0], [186.0, 0.0], [187.0, 0.0], [187.5, 0.0], [187.5, 0.0], [187.5, 0.0], [187.5, 0.0], [187.5, 0.0], [187.5, 0.0], [188.0, 0.0], [188.5, 0.0], [188.5, 0.0], [189.0, 0.0], [190.0, 0.0], [190.5, 0.0], [190.5, 0.0], [191.0, 0.0], [191.5, 0.0], [191.5, 0.0], [192.0, 0.0], [192.5, 0.0], [193.0, 0.0], [193.5, 0.0], [194.0, 0.0], [194.5, 0.0], [195.0, 0.0], [195.5, 0.0], [196.0, 0.0], [197.0, 0.0], [197.5, 0.0], [198.0, 0.0], [198.5, 0.0], [199.0, 0.0], [200.0, 0.0], [201.0, 0.0], [202.0, 0.0], [203.0, 0.0], [203.5, 0.0], [204.0, 0.0], [204.5, 0.0], [204.5, 0.0], [205.0, 0.0], [205.5, 0.0], [206.0, 0.0], [207.0, 0.0], [207.5, 0.0], [208.0, 0.0], [208.5, 0.0], [209.0, 0.0], [210.0, 0.0], [210.5, 0.0], [211.0, 0.0], [212.0, 0.0], [213.0, 0.0], [214.0, 0.0], [215.0, 0.0], [216.0, 0.0], [217.0, 0.0], [218.0, 0.0], [219.0, 0.0], [220.0, 0.0], [221.0, 0.0], [222.0, 0.0], [222.5, 0.0], [223.0, 0.0], [224.0, 0.0], [224.5, 0.0], [225.0, 0.0], [226.0, 0.0], [227.0, 0.0], [228.0, 0.0], [228.5, 0.0], [229.0, 0.0], [230.0, 0.0], [231.0, 0.0], [231.5, 0.0], [232.0, 0.0], [233.0, 0.0], [234.0, 0.0], [234.5, 0.0], [235.0, 0.0], [236.0, 0.0], [236.5, 0.0], [237.0, 0.0], [237.5, 0.0], [238.0, 0.0], [239.0, 0.0], [239.5, 0.0], [240.0, 0.0], [240.5, 0.0], [241.0, 0.0], [242.0, 0.0], [242.5, 0.0], [243.0, 0.0], [243.5, 0.0], [243.5, 0.0], [244.0, 0.0], [245.0, 0.0], [245.5, 0.0], [246.0, 0.0], [246.5, 0.0], [247.0, 0.0], [247.5, 0.0], [247.5, 0.0], [248.0, 0.0], [248.5, 0.0], [249.0, 0.0], [249.5, 0.0], [249.5, 0.0], [250.0, 0.0], [250.5, 0.0], [251.0, 0.0], [251.5, 0.0], [251.5, 0.0], [251.5, 0.0], [251.5, 0.0], [251.5, 0.0], [251.5, 0.0], [251.5, 0.0], [251.5, 0.0], [251.5, 0.0], [252.0, 0.0], [252.5, 0.0], [253.0, 0.0], [253.5, 0.0], [253.5, 0.0], [253.0, 0.0], [252.0, 0.0], [251.5, 0.0], [251.5, 0.0], [251.0, 0.0], [250.0, 0.0], [249.0, 0.0], [248.5, 0.0], [248.0, 0.0], [247.5, 0.0], [248.0, 0.0], [248.5, 0.0], [248.5, 0.0], [248.0, 0.0], [247.0, 0.0], [246.0, 0.0], [245.0, 0.0], [244.0, 0.0], [243.5, 0.0], [244.0, 0.0], [244.5, 0.0], [245.0, 0.0], [246.0, 0.0], [246.5, 0.0], [246.0, 0.0], [245.0, 0.0], [244.0, 0.0], [243.0, 0.0], [242.5, 0.0], [242.0, 0.0], [241.5, 0.0], [241.0, 0.0], [240.0, 0.0], [239.0, 0.0], [238.5, 0.0], [238.0, 0.0], [237.5, 0.0], [237.0, 0.0], [236.0, 0.0], [235.0, 0.0], [234.0, 0.0], [233.5, 0.0], [233.0, 0.0], [232.0, 0.0], [231.0, 0.0], [230.0, 0.0], [229.5, 0.0], [229.5, 0.0], [230.0, 0.0], [231.0, 0.0], [231.5, 0.0], [231.0, 0.0], [230.0, 0.0], [229.0, 0.0], [228.0, 0.0], [227.5, 0.0], [227.0, 0.0], [226.5, 0.0], [226.0, 0.0], [225.0, 0.0], [224.5, 0.0], [224.0, 0.0], [223.0, 0.0], [222.5, 0.0], [222.0, 0.0], [221.5, 0.0], [221.0, 0.0], [220.0, 0.0], [219.0, 0.0], [218.0, 0.0], [217.5, 0.0], [217.0, 0.0], [216.5, 0.0], [216.0, 0.0], [215.0, 0.0], [214.0, 0.0], [213.0, 0.0], [212.0, 0.0], [211.0, 0.0], [210.0, 0.0], [209.5, 0.0], [209.5, 0.0], [210.0, 0.0], [211.0, 0.0], [212.0, 0.0], [212.5, 0.0], [212.0, 0.0], [211.0, 0.0], [210.0, 0.0], [209.0, 0.0], [208.0, 0.0], [207.0, 0.0], [206.5, 0.0], [207.0, 0.0], [208.0, 0.0], [209.0, 0.0], [209.5, 0.0], [209.0, 0.0], [208.0, 0.0], [207.0, 0.0], [206.0, 0.0], [205.0, 0.0], [204.0, 0.0], [203.5, 0.0], [203.0, 0.0], [202.0, 0.0], [201.0, 0.0], [200.0, 0.0], [199.5, 0.0], [200.0, 0.0], [201.0, 0.0], [202.0, 0.0], [203.0, 0.0], [204.0, 0.0], [205.0, 0.0], [206.0, 0.0], [206.5, 0.0], [206.0, 0.0], [205.0, 0.0], [204.0, 0.0], [203.0, 0.0], [202.0, 0.0], [201.0, 0.0], [200.0, 0.0], [199.0, 0.0], [198.5, 0.0], [198.5, 0.0], [198.5, 0.0], [198.0, 0.0], [197.0, 0.0], [196.5, 0.0], [196.0, 0.0], [195.5, 0.0], [195.5, 0.0], [196.0, 0.0], [196.5, 0.0], [196.0, 0.0], [195.5, 0.0], [195.5, 0.0], [195.0, 0.0], [194.0, 0.0], [193.5, 0.0], [194.0, 0.0], [195.0, 0.0], [195.5, 0.0], [196.0, 0.0], [196.5, 0.0], [196.0, 0.0], [195.0, 0.0], [194.5, 0.0], [195.0, 0.0], [195.5, 0.0], [195.0, 0.0], [194.0, 0.0], [193.5, 0.0], [193.5, 0.0], [193.5, 0.0], [193.0, 0.0], [192.0, 0.0], [191.5, 0.0], [191.0, 0.0], [190.0, 0.0], [189.0, 0.0], [188.0, 0.0], [187.0, 0.0], [186.0, 0.0], [185.5, 0.0], [185.5, 0.0], [185.5, 0.0], [185.0, 0.0], [184.5, 0.0], [184.5, 0.0], [184.0, 0.0], [183.5, 0.0], [183.5, 0.0]]"
SLICE,Z13,GAS_LAT_L,-4.939426463334087,54.240459154330985,-521.695078340997,0.0,,
SLICE,Z14,TA_R,-4.935102296021256,54.286171435873655,-487.528690737834,971.0,0.32498200215888245,"[[36.0, 51.5], [35.5, 52.0], [35.5, 53.0], [35.5, 54.0], [35.5, 55.0], [35.5, 56.0], [35.5, 57.0], [35.5, 58.0], [35.5, 59.0], [35.5, 60.0], [35.5, 61.0], [36.0, 61.5], [36.5, 62.0], [36.5, 63.0], [36.5, 64.0], [37.0, 64.5], [37.5, 65.0], [37.5, 66.0], [38.0, 66.5], [38.5, 67.0], [38.5, 68.0], [38.5, 69.0], [39.0, 69.5], [39.5, 70.0], [39.5, 71.0], [40.0, 71.5], [40.5, 72.0], [41.0, 72.5], [42.0, 72.5], [43.0, 72.5], [44.0, 72.5], [44.5, 72.0], [45.0, 71.5], [45.5, 71.0], [46.0, 70.5], [46.5, 70.0], [47.0, 69.5], [47.5, 69.0], [48.0, 68.5], [48.5, 68.0], [49.0, 67.5], [50.0, 67.5], [50.5, 67.0], [51.0, 66.5], [51.5, 66.0], [52.0, 65.5], [53.0, 65.5], [53.5, 65.0], [54.0, 64.5], [54.5, 64.0], [54.5, 63.0], [54.5, 62.0], [54.5, 61.0], [54.5, 60.0], [55.0, 59.5], [55.5, 59.0], [55.5, 58.0], [56.0, 57.5], [56.5, 57.0], [56.5, 56.0], [57.0, 55.5], [57.5, 55.0], [57.5, 54.0], [58.0, 53.5], [58.5, 53.0], [58.5, 52.0], [58.5, 51.0], [59.0, 50.5], [59.5, 50.0], [60.0, 49.5], [60.5, 49.0], [61.0, 48.5], [61.5, 48.0], [61.5, 47.0], [61.5, 46.0], [62.0, 45.5], [62.5, 45.0], [62.0, 44.5], [61.5, 44.0], [61.0, 43.5], [60.5, 43.0], [60.5, 42.0], [60.0, 41.5], [59.5, 41.0], [59.5, 40.0], [59.0, 39.5], [58.5, 39.0], [58.5, 38.0], [58.5, 37.0], [58.0, 36.5], [57.5, 36.0], [57.5, 35.0], [57.5, 34.0], [57.5, 33.0], [57.5, 32.0], [57.5, 31.0], [57.0, 30.5], [56.5, 30.0], [56.5, 29.0], [56.5, 28.0], [56.0, 27.5], [55.0, 27.5], [54.0, 27.5], [53.5, 28.0], [53.0, 28.5], [52.0, 28.5], [51.5, 29.0], [51.0, 29.5], [50.0, 29.5], [49.5, 30.0], [49.0, 30.5], [48.5, 31.0], [48.0, 31.5], [47.0, 31.5], [46.5, 32.0], [46.0, 32.5], [45.5, 33.0], [45.0, 33.5], [44.5, 34.0], [44.0, 34.5], [43.5, 35.0], [43.5, 36.0], [43.0, 36.5], [42.5, 37.0], [42.0, 37.5], [41.5, 38.0], [41.0, 38.5], [40.5, 39.0], [40.5, 40.0], [40.5, 41.0], [40.0, 41.5], [39.5, 42.0], [39.0, 42.5], [38.5, 43.0], [38.5, 44.0], [38.5, 45.0], [38.5, 46.0], [38.0, 46.5], [37.5, 47.0], [37.0, 47.5], [36.5, 48.0], [36.5, 49.0], [36.5, 50.0], [36.5, 51.0]]"
SLICE,Z14,ED_R,-4.935102296021256,54.286171435873655,-487.528690737834,10.0,0.696047844496612,"[[98.0, 22.5], [97.5, 23.0], [98.0, 23.5], [98.5, 24.0], [99.0, 24.5], [99.5, 25.0], [100.0, 25.5], [100.5, 25.0], [101.0, 24.5], [101.5, 24.0], [101.5, 23.0], [101.0, 22.5], [100.5, 22.0], [100.0, 21.5], [99.0, 21.5], [98.5, 22.0]]"
SLICE,Z14,PER_R,-4.935102296021256,54.286171435873655,-487.528690737834,0.0,,
SLICE,Z14,DLPC_R,-4.935102296021256,54.286171435873655,-487.528690737834,1578.0,0.058367297805159896,"[[55.0, 59.5], [54.5, 60.0], [54.5, 61.0], [54.5, 62.0], [54.5, 63.0], [54.5, 64.0], [54.5, 65.0], [55.0, 65.5], [55.5, 66.0], [55.5, 67.0], [55.5, 68.0], [55.5, 69.0], [56.0, 69.5], [56.5, 70.0], [56.5, 71.0], [57.0, 71.5], [57.5, 72.0], [58.0, 72.5], [58.5, 73.0], [58.5, 74.0], [58.5, 75.0], [59.0, 75.5], [59.5, 76.0], [59.5, 77.0], [60.0, 77.5], [60.5, 78.0], [61.0, 78.5], [61.5, 79.0], [62.0, 79.5], [62.5, 80.0], [63.0, 80.5], [63.5, 81.0], [64.0, 81.5], [65.0, 81.5], [66.0, 81.5], [66.5, 82.0], [67.0, 82.5], [68.0, 82.5], [68.5, 83.0], [69.0, 83.5], [70.0, 83.5], [70.5, 84.0], [71.0, 84.5], [72.0, 84.5], [73.0, 84.5], [74.0, 84.5], [74.5, 84.0], [74.5, 83.0], [75.0, 82.5], [75.5, 82.0], [76.0, 81.5], [76.5, 81.0], [77.0, 80.5], [77.5, 80.0], [77.5, 79.0], [77.5, 78.0], [77.0, 77.5], [76.5, 77.0], [77.0, 76.5], [78.0, 76.5], [78.5, 76.0], [78.5, 75.0], [78.0, 74.5], [77.5, 74.0], [78.0, 73.5], [78.5, 73.0], [78.0, 72.5], [77.0, 72.5], [76.0, 72.5], [75.0, 72.5], [74.5, 72.0], [75.0, 71.5], [76.0, 71.5], [77.0, 71.5], [78.0, 71.5], [79.0, 71.5], [80.0, 71.5], [80.5, 71.0], [81.0, 70.5], [82.0, 70.5], [82.5, 70.0], [82.0, 69.5], [81.5, 69.0], [81.5, 68.0], [82.0, 67.5], [82.5, 67.0], [82.0, 66.5], [81.0, 66.5], [80.5, 66.0], [80.0, 65.5], [79.0, 65.5], [78.5, 65.0], [78.0, 64.5], [77.5, 64.0], [77.0, 63.5], [76.0, 63.5], [75.5, 63.0], [75.0, 62.5], [74.5, 62.0], [74.0, 61.5], [73.5, 61.0], [73.5, 60.0], [73.5, 59.0], [73.0, 58.5], [72.5, 58.0], [72.0, 57.5], [71.5, 57.0], [71.5, 56.0], [71.5, 55.0], [71.5, 54.0], [71.5, 53.0], [71.5, 52.0], [72.0, 51.5], [72.5, 51.0], [73.0, 50.5], [73.5, 50.0], [74.0, 49.5], [74.5, 49.0], [75.0, 48.5], [75.5, 48.0], [76.0, 47.5], [77.0, 47.5], [77.5, 47.0], [78.0, 46.5], [79.0, 46.5], [80.0, 46.5], [80.5, 47.0], [81.0, 47.5], [82.0, 47.5], [83.0, 47.5], [83.5, 48.0], [83.5, 49.0], [84.0, 49.5], [84.5, 50.0], [84.5, 51.0], [84.5, 52.0], [85.0, 52.5], [85.5, 53.0], [85.5, 54.0], [85.5, 55.0], [85.5, 56.0], [85.5, 57.0], [85.5, 58.0], [85.5, 59.0], [85.5, 60.0], [85.0, 60.5], [84.5, 61.0], [84.5, 62.0], [84.0, 62.5], [83.5, 63.0], [83.5, 64.0], [83.5, 65.0], [84.0, 65.5], [84.5, 66.0], [85.0, 66.5], [85.5, 67.0], [86.0, 67.5], [87.0, 67.5], [88.0, 67.5], [88.5, 68.0], [89.0, 68.5], [90.0, 68.5], [91.0, 68.5], [91.5, 69.0], [92.0, 69.5], [93.0, 69.5], [94.0, 69.5], [95.0, 69.5], [96.0, 69.5], [97.0, 69.5], [97.5, 69.0], [98.0, 68.5], [99.0, 68.5], [100.0, 68.5], [101.0, 68.5], [102.0, 68.5], [103.0, 68.5], [103.5, 68.0], [103.0, 67.5], [102.0, 67.5], [101.5, 67.0], [102.0, 66.5], [103.0, 66.5], [104.0, 66.5], [104.5, 66.0], [105.0, 65.5], [106.0, 65.5], [106.5, 65.0], [107.0, 64.5], [108.0, 64.5], [108.5, 64.0], [109.0, 63.5], [109.5, 63.0], [110.0, 62.5], [111.0, 62.5], [111.5, 62.0], [112.0, 61.5], [112.5, 61.0], [113.0, 60.5], [113.5, 60.0], [113.0, 59.5], [112.0, 59.5], [111.5, 59.0], [111.5, 58.0], [111.5, 57.0], [111.0, 56.5], [110.0, 56.5], [109.5, 56.0], [110.0, 55.5], [110.5, 55.0], [110.0, 54.5], [109.5, 54.0], [109.5, 53.0], [109.5, 52.0], [109.0, 51.5], [108.0, 51.5], [107.0, 51.5], [106.5, 51.0], [107.0, 50.5], [108.0, 50.5], [108.5, 50.0], [108.0, 49.5], [107.0, 49.5], [106.5, 49.0], [106.0, 48.5], [105.5, 48.0], [105.0, 47.5], [104.5, 47.0], [104.0, 46.5], [103.0, 46.5], [102.0, 46.5], [101.5, 46.0], [102.0, 45.5], [103.0, 45.5], [103.5, 45.0], [103.0, 44.5], [102.0, 44.5], [101.0, 44.5], [100.5, 44.0], [100.5, 43.0], [100.0, 42.5], [99.5, 42.0], [99.5, 41.0], [99.5, 40.0], [99.5, 39.0], [99.0, 38.5], [98.5, 38.0], [98.0, 37.5], [97.5, 37.0], [97.0, 36.5], [96.5, 36.0], [96.0, 35.5], [95.0, 35.5], [94.5, 35.0], [94.0, 34.5], [93.0, 34.5], [92.0, 34.5], [91.0, 34.5], [90.0, 34.5], [89.0, 34.5], [88.0, 34.5], [87.5, 34.0], [87.0, 33.5], [86.0, 33.5], [85.0, 33.5], [84.0, 33.5], [83.0, 33.5], [82.0, 33.5], [81.0, 33.5], [80.0, 33.5], [79.5, 34.0], [79.0, 34.5], [78.0, 34.5], [77.0, 34.5], [76.0, 34.5], [75.5, 35.0], [75.0, 35.5], [74.0, 35.5], [73.5, 36.0], [73.0, 36.5], [72.5, 37.0], [72.0, 37.5], [71.0, 37.5], [70.5, 38.0], [70.0, 38.5], [69.0, 38.5], [68.5, 39.0], [68.0, 39.5], [67.5, 40.0], [67.0, 40.5], [66.5, 41.0], [66.0, 41.5], [65.5, 42.0], [65.0, 42.5], [64.5, 43.0], [64.0, 43.5], [63.5, 44.0], [63.0, 44.5], [62.5, 45.0], [62.5, 46.0], [62.0, 46.5], [61.5, 47.0], [61.5, 48.0], [61.0, 48.5], [60.5, 49.0], [60.0, 49.5], [59.5, 50.0], [59.0, 50.5], [58.5, 51.0], [58.5, 52.0], [58.5, 53.0], [58.0, 53.5], [57.5, 54.0], [57.5, 55.0], [57.0, 55.5], [56.5, 56.0], [56.5, 57.0], [56.0, 57.5], [55.5, 58.0], [55.5, 59.0]]"
SLICE,Z14,POP_R,-4.935102296021256,54.286171435873655,-487.528690737834,0.0,,
SLICE,Z14,SOL_R,-4.935102296021256,54.286171435873655,-487.528690737834,2326.0,0.26205253817434027,"[[60.0, 88.5], [59.5, 89.0], [60.0, 89.5], [61.0, 89.5], [62.0, 89.5], [62.5, 90.0], [63.0, 90.5], [63.5, 91.0], [63.5, 92.0], [64.0, 92.5], [64.5, 93.0], [64.5, 94.0], [65.0, 94.5], [65.5, 95.0], [65.5, 96.0], [65.5, 97.0], [65.5, 98.0], [65.5, 99.0], [65.5, 100.0], [66.0, 100.5], [66.5, 101.0], [67.0, 101.5], [68.0, 101.5], [69.0, 101.5], [70.0, 101.5], [71.0, 101.5], [71.5, 101.0], [72.0, 100.5], [73.0, 100.5], [73.5, 101.0], [74.0, 101.5], [74.5, 101.0], [75.0, 100.5], [76.0, 100.5], [77.0, 100.5], [78.0, 100.5], [78.5, 101.0], [79.0, 101.5], [79.5, 101.0], [80.0, 100.5], [81.0, 100.5], [82.0, 100.5], [83.0, 100.5], [83.5, 100.0], [83.0, 99.5], [82.0, 99.5], [81.5, 99.0], [81.0, 98.5], [80.5, 98.0], [80.5, 97.0], [81.0, 96.5], [81.5, 96.0], [82.0, 95.5], [82.5, 95.0], [83.0, 94.5], [84.0, 94.5], [85.0, 94.5], [86.0, 94.5], [86.5, 94.0], [86.0, 93.5], [85.0, 93.5], [84.5, 93.0], [84.5, 92.0], [84.0, 91.5], [83.5, 91.0], [84.0, 90.5], [84.5, 90.0], [85.0, 89.5], [86.0, 89.5], [87.0, 89.5], [87.5, 90.0], [88.0, 90.5], [88.5, 91.0], [88.0, 91.5], [87.5, 92.0], [87.5, 93.0], [87.5, 94.0], [88.0, 94.5], [88.5, 94.0], [89.0, 93.5], [89.5, 93.0], [90.0, 92.5], [90.5, 93.0], [91.0, 93.5], [91.5, 93.0], [92.0, 92.5], [92.5, 92.0], [93.0, 91.5], [94.0, 91.5], [94.5, 92.0], [95.0, 92.5], [95.5, 93.0], [96.0, 93.5], [96.5, 94.0], [97.0, 94.5], [97.5, 95.0], [98.0, 95.5], [98.5, 95.0], [99.0, 94.5], [99.5, 95.0], [99.5, 96.0], [100.0, 96.5], [101.0, 96.5], [102.0, 96.5], [102.5, 97.0], [103.0, 97.5], [104.0, 97.5], [104.5, 98.0], [105.0, 98.5], [106.0, 98.5], [107.0, 98.5], [107.5, 99.0], [108.0, 99.5], [109.0, 99.5], [110.0, 99.5], [111.0, 99.5], [112.0, 99.5], [113.0, 99.5], [114.0, 99.5], [114.5, 99.0], [114.5, 98.0], [115.0, 97.5], [116.0, 97.5], [116.5, 97.0], [116.0, 96.5], [115.0, 96.5], [114.5, 96.0], [115.0, 95.5], [116.0, 95.5], [117.0, 95.5], [118.0, 95.5], [118.5, 96.0], [119.0, 96.5], [119.5, 96.0], [119.5, 95.0], [120.0, 94.5], [121.0, 94.5], [121.5, 94.0], [121.0, 93.5], [120.0, 93.5], [119.5, 93.0], [120.0, 92.5], [120.5, 92.0], [120.5, 91.0], [120.5, 90.0], [121.0, 89.5], [121.5, 89.0], [121.0, 88.5], [120.5, 88.0], [121.0, 87.5], [121.5, 87.0], [121.5, 86.0], [121.5, 85.0], [122.0, 84.5], [123.0, 84.5], [123.5, 84.0], [123.0, 83.5], [122.5, 83.0], [123.0, 82.5], [123.5, 82.0], [124.0, 81.5], [124.5, 81.0], [124.5, 80.0], [125.0, 79.5], [126.0, 79.5], [126.5, 79.0], [126.0, 78.5], [125.5, 78.0], [126.0, 77.5], [126.5, 77.0], [126.5, 76.0], [126.5, 75.0], [127.0, 74.5], [128.0, 74.5], [128.5, 74.0], [128.0, 73.5], [127.0, 73.5], [126.5, 73.0], [127.0, 72.5], [128.0, 72.5], [128.5, 72.0], [128.0, 71.5], [127.0, 71.5], [126.5, 71.0], [126.5, 70.0], [127.0, 69.5], [127.5, 69.0], [127.5, 68.0], [128.0, 67.5], [128.5, 67.0], [128.5, 66.0], [128.5, 65.0], [128.5, 64.0], [128.0, 63.5], [127.5, 63.0], [128.0, 62.5], [128.5, 62.0], [128.5, 61.0], [128.5, 60.0], [128.5, 59.0], [128.5, 58.0], [128.5, 57.0], [128.5, 56.0], [128.5, 55.0], [128.5, 54.0], [128.0, 53.5], [127.5, 53.0], [127.5, 52.0], [127.5, 51.0], [127.0, 50.5], [126.5, 50.0], [126.5, 49.0], [126.5, 48.0], [126.5, 47.0], [126.0, 46.5], [125.5, 46.0], [125.5, 45.0], [125.0, 44.5], [124.5, 44.0], [124.5, 43.0], [124.5, 42.0], [124.0, 41.5], [123.5, 41.0], [123.0, 40.5], [122.5, 40.0], [122.0, 39.5], [121.5, 39.0], [121.0, 38.5], [120.5, 38.0], [120.0, 37.5], [119.5, 37.0], [119.0, 36.5], [118.0, 36.5], [117.5, 36.0], [117.0, 35.5], [116.5, 35.0], [116.5, 34.0], [116.0, 33.5], [115.5, 33.0], [115.0, 32.5], [114.5, 32.0], [114.0, 31.5], [113.5, 31.0], [113.0, 30.5], [112.5, 30.0], [112.0, 29.5], [111.0, 29.5], [110.5, 29.0], [110.0, 28.5], [109.5, 28.0], [109.0, 27.5], [108.5, 27.0], [108.0, 26.5], [107.0, 26.5], [106.0, 26.5], [105.0, 26.5], [104.5, 27.0], [104.0, 27.5], [103.5, 28.0], [103.5, 29.0], [103.0, 29.5], [102.5, 30.0], [102.0, 30.5], [101.5, 31.0], [101.0, 31.5], [100.5, 32.0], [100.0, 32.5], [99.0, 32.5], [98.5, 33.0], [98.0, 33.5], [97.0, 33.5], [96.5, 34.0], [96.5, 35.0], [96.5, 36.0], [97.0, 36.5], [97.5, 37.0], [98.0, 37.5], [98.5, 38.0], [99.0, 38.5], [99.5, 39.0], [99.5, 40.0], [99.5, 41.0], [99.5, 42.0], [100.0, 42.5], [100.5, 43.0], [100.5, 44.0], [101.0, 44.5], [102.0, 44.5], [103.0, 44.5], [103.5, 45.0], [103.0, 45.5], [102.0, 45.5], [101.5, 46.0], [102.0, 46.5], [103.0, 46.5], [104.0, 46.5], [104.5, 47.0], [105.0, 47.5], [105.5, 48.0], [106.0, 48.5], [106.5, 49.0], [107.0, 49.5], [108.0, 49.5], [108.5, 50.0], [108.0, 50.5], [107.0, 50.5], [106.5, 51.0], [107.0, 51.5], [108.0, 51.5], [109.0, 51.5], [109.5, 52.0], [109.5, 53.0], [109.5, 54.0], [110.0, 54.5], [110.5, 55.0], [110.0, 55.5], [109.5, 56.0], [110.0, 56.5], [111.0, 56.5], [111.5, 57.0], [111.5, 58.0], [111.5, 59.0], [112.0, 59.5], [113.0, 59.5], [113.5, 60.0], [113.5, 61.0], [113.0, 61.5], [112.0, 61.5], [111.5, 62.0], [111.0, 62.5], [110.5, 63.0], [110.0, 63.5], [109.0, 63.5], [108.5, 64.0], [108.0, 64.5], [107.0, 64.5], [106.5, 65.0], [106.0, 65.5], [105.0, 65.5], [104.5, 66.0], [104.0, 66.5], [103.0, 66.5], [102.0, 66.5], [101.5, 67.0], [102.0, 67.5], [103.0, 67.5], [103.5, 68.0], [103.0, 68.5], [102.0, 68.5], [101.0, 68.5], [100.0, 68.5], [99.0, 68.5], [98.0, 68.5], [97.5, 69.0], [97.0, 69.5], [96.0, 69.5], [95.0, 69.5], [94.0, 69.5], [93.0, 69.5], [92.0, 69.5], [91.5, 69.0], [91.0, 68.5], [90.0, 68.5], [89.0, 68.5], [88.5, 68.0], [88.0, 67.5], [87.0, 67.5], [86.0, 67.5], [85.5, 67.0], [85.0, 66.5], [84.5, 67.0], [84.0, 67.5], [83.0, 67.5], [82.0, 67.5], [81.5, 68.0], [81.5, 69.0], [82.0, 69.5], [82.5, 70.0], [82.0, 70.5], [81.0, 70.5], [80.5, 71.0], [80.0, 71.5], [79.0, 71.5], [78.0, 71.5], [77.0, 71.5], [76.0, 71.5], [75.0, 71.5], [74.5, 72.0], [75.0, 72.5], [76.0, 72.5], [77.0, 72.5], [78.0, 72.5], [78.5, 73.0], [78.0, 73.5], [77.5, 74.0], [78.0, 74.5], [78.5, 75.0], [78.5, 76.0], [78.0, 76.5], [77.0, 76.5], [76.5, 77.0], [77.0, 77.5], [77.5, 78.0], [77.5, 79.0], [77.5, 80.0], [77.0, 80.5], [76.5, 81.0], [76.0, 81.5], [75.5, 82.0], [75.0, 82.5], [74.5, 83.0], [74.5, 84.0], [74.0, 84.5], [73.0, 84.5], [72.0, 84.5], [71.0, 84.5], [70.5, 85.0], [70.0, 85.5], [69.0, 85.5], [68.0, 85.5], [67.0, 85.5], [66.0, 85.5], [65.0, 85.5], [64.5, 86.0], [64.0, 86.5], [63.0, 86.5], [62.5, 87.0], [62.5, 88.0], [62.0, 88.5], [61.0, 88.5]]"
SLICE,Z14,GAS_MED_R,-4.935102296021256,54.286171435873655,-487.528690737834,1690.0,0.22390906637466118,"[[68.0, 101.5], [67.5, 102.0], [67.5, 103.0], [68.0, 103.5], [68.5, 104.0], [68.5, 105.0], [68.5, 106.0], [69.0, 106.5], [69.5, 107.0], [70.0, 107.5], [70.5, 108.0], [71.0, 108.5], [71.5, 109.0], [72.0, 109.5], [72.5, 110.0], [73.0, 110.5], [73.5, 111.0], [74.0, 111.5], [74.5, 112.0], [75.0, 112.5], [76.0, 112.5], [76.5, 113.0], [77.0, 113.5], [78.0, 113.5], [78.5, 114.0], [79.0, 114.5], [80.0, 114.5], [80.5, 115.0], [81.0, 115.5], [82.0, 115.5], [82.5, 116.0], [83.0, 116.5], [84.0, 116.5], [84.5, 117.0], [85.0, 117.5], [86.0, 117.5], [87.0, 117.5], [88.0, 117.5], [89.0, 117.5], [90.0, 117.5], [90.5, 118.0], [91.0, 118.5], [92.0, 118.5], [93.0, 118.5], [93.5, 118.0], [94.0, 117.5], [95.0, 117.5], [96.0, 117.5], [96.5, 118.0], [97.0, 118.5], [98.0, 118.5], [98.5, 119.0], [99.0, 119.5], [100.0, 119.5], [101.0, 119.5], [102.0, 119.5], [103.0, 119.5], [104.0, 119.5], [105.0, 119.5], [106.0, 119.5], [107.0, 119.5], [108.0, 119.5], [109.0, 119.5], [110.0, 119.5], [111.0, 119.5], [111.5, 119.0], [112.0, 118.5], [113.0, 118.5], [114.0, 118.5], [114.5, 118.0], [115.0, 117.5], [116.0, 117.5], [117.0, 117.5], [118.0, 117.5], [118.5, 117.0], [119.0, 116.5], [119.5, 116.0], [120.0, 115.5], [120.5, 115.0], [121.0, 114.5], [122.0, 114.5], [122.5, 114.0], [123.0, 113.5], [123.5, 113.0], [124.0, 112.5], [124.5, 112.0], [125.0, 111.5], [126.0, 111.5], [126.5, 111.0], [126.5, 110.0], [127.0, 109.5], [128.0, 109.5], [128.5, 109.0], [129.0, 108.5], [129.5, 108.0], [130.0, 107.5], [130.5, 107.0], [131.0, 106.5], [131.5, 106.0], [131.5, 105.0], [131.5, 104.0], [131.5, 103.0], [132.0, 102.5], [132.5, 102.0], [133.0, 101.5], [133.5, 101.0], [133.5, 100.0], [134.0, 99.5], [134.5, 99.0], [134.5, 98.0], [135.0, 97.5], [135.5, 97.0], [136.0, 96.5], [136.5, 96.0], [136.5, 95.0], [137.0, 94.5], [137.5, 94.0], [138.0, 93.5], [138.5, 93.0], [139.0, 92.5], [139.5, 92.0], [139.5, 91.0], [140.0, 90.5], [140.5, 90.0], [140.5, 89.0], [141.0, 88.5], [141.5, 88.0], [141.5, 87.0], [141.5, 86.0], [141.5, 85.0], [141.5, 84.0], [141.5, 83.0], [141.5, 82.0], [141.5, 81.0], [141.5, 80.0], [141.5, 79.0], [141.5, 78.0], [141.5, 77.0], [141.5, 76.0], [141.5, 75.0], [141.5, 74.0], [141.5, 73.0], [141.0, 72.5], [140.5, 72.0], [140.5, 71.0], [140.0, 70.5], [139.5, 70.0], [139.5, 69.0], [139.0, 68.5], [138.5, 68.0], [138.0, 67.5], [137.5, 67.0], [137.0, 66.5], [136.5, 66.0], [136.5, 65.0], [136.0, 64.5], [135.0, 64.5], [134.5, 64.0], [134.0, 63.5], [133.0, 63.5], [132.0, 63.5], [131.0, 63.5], [130.0, 63.5], [129.0, 63.5], [128.5, 64.0], [128.5, 65.0], [128.5, 66.0], [128.5, 67.0], [128.0, 67.5], [127.5, 68.0], [127.5, 69.0], [127.0, 69.5], [126.5, 70.0], [126.5, 71.0], [127.0, 71.5], [128.0, 71.5], [128.5, 72.0], [128.0, 72.5], [127.0, 72.5], [126.5, 73.0], [127.0, 73.5], [128.0, 73.5], [128.5, 74.0], [128.0, 74.5], [127.0, 74.5], [126.5, 75.0], [126.5, 76.0], [126.5, 77.0], [126.0, 77.5], [125.5, 78.0], [126.0, 78.5], [126.5, 79.0], [126.0, 79.5], [125.0, 79.5], [124.5, 80.0], [124.5, 81.0], [124.0, 81.5], [123.5, 82.0], [123.0, 82.5], [122.5, 83.0], [123.0, 83.5], [123.5, 84.0], [123.0, 84.5], [122.0, 84.5], [121.5, 85.0], [121.5, 86.0], [121.5, 87.0], [121.0, 87.5], [120.5, 88.0], [121.0, 88.5], [121.5, 89.0], [121.0, 89.5], [120.5, 90.0], [120.5, 91.0], [120.5, 92.0], [120.0, 92.5], [119.5, 93.0], [120.0, 93.5], [121.0, 93.5], [121.5, 94.0], [121.0, 94.5], [120.0, 94.5], [119.5, 95.0], [119.5, 96.0], [119.0, 96.5], [118.5, 96.0], [118.0, 95.5], [117.0, 95.5], [116.0, 95.5], [115.0, 95.5], [114.5, 96.0], [115.0, 96.5], [116.0, 96.5], [116.5, 97.0], [116.0, 97.5], [115.0, 97.5], [114.5, 98.0], [114.5, 99.0], [114.0, 99.5], [113.0, 99.5], [112.0, 99.5], [111.0, 99.5], [110.0, 99.5], [109.0, 99.5], [108.0, 99.5], [107.5, 99.0], [107.0, 98.5], [106.0, 98.5], [105.0, 98.5], [104.5, 98.0], [104.0, 97.5], [103.0, 97.5], [102.5, 97.0], [102.0, 96.5], [101.0, 96.5], [100.0, 96.5], [99.5, 96.0], [99.5, 95.0], [99.0, 94.5], [98.5, 95.0], [98.0, 95.5], [97.5, 95.0], [97.0, 94.5], [96.5, 94.0], [96.0, 93.5], [95.5, 93.0], [95.0, 92.5], [94.0, 92.5], [93.0, 92.5], [92.0, 92.5], [91.5, 93.0], [91.0, 93.5], [90.5, 93.0], [90.0, 92.5], [89.5, 93.0], [89.0, 93.5], [88.5, 94.0], [88.0, 94.5], [87.5, 94.0], [87.0, 93.5], [86.5, 94.0], [86.0, 94.5], [85.0, 94.5], [84.0, 94.5], [83.0, 94.5], [82.5, 94.0], [82.0, 93.5], [81.5, 94.0], [82.0, 94.5], [82.5, 95.0], [82.0, 95.5], [81.5, 96.0], [81.0, 96.5], [80.5, 97.0], [80.5, 98.0], [81.0, 98.5], [81.5, 99.0], [82.0, 99.5], [83.0, 99.5], [83.5, 100.0], [83.0, 100.5], [82.0, 100.5], [81.0, 100.5], [80.0, 100.5], [79.5, 101.0], [79.0, 101.5], [78.5, 101.0], [78.0, 100.5], [77.0, 100.5], [76.0, 100.5], [75.0, 100.5], [74.5, 101.0], [74.0, 101.5], [73.5, 101.0], [73.0, 100.5], [72.0, 100.5], [71.5, 101.0], [71.0, 101.5], [70.0, 101.5], [69.0, 101.5]]"
SLICE,Z14,GAS_LAT_R,-4.935102296021256,54.286171435873655,-487.528690737834,0.0,,
SLICE,Z14,TA_L,-4.935102296021256,54.286171435873655,-487.528690737834,291.0,0.2803813460511295,"[[247.0, 0.0], [246.5, 0.0], [247.0, 0.0], [247.5, 0.0], [248.0, 0.0], [248.5, 0.0], [249.0, 0.0], [250.0, 0.0], [251.0, 0.0], [251.5, 0.0], [252.0, 0.0], [252.5, 0.0], [253.0, 0.0], [254.0, 0.0], [255.0, 0.0], [255.5, 0.0], [256.0, 0.0], [256.5, 0.0], [257.0, 0.0], [257.5, 0.0], [257.5, 0.0], [258.0, 0.0], [259.0, 0.0], [259.5, 0.0], [260.0, 0.0], [260.5, 0.0], [261.0, 0.0], [261.5, 0.0], [262.0, 0.0], [263.0, 0.0], [263.5, 0.0], [264.0, 0.0], [265.0, 0.0], [265.5, 0.0], [265.5, 0.0], [266.0, 0.0], [267.0, 0.0], [267.5, 0.0], [267.5, 0.0], [268.0, 0.0], [269.0, 0.0], [270.0, 0.0], [270.5, 0.0], [270.5, 0.0], [270.5, 0.0], [271.0, 0.0], [271.5, 0.0], [272.0, 0.0], [272.5, 0.0], [272.5, 0.0], [273.0, 0.0], [273.5, 0.0], [273.5, 0.0], [273.5, 0.0], [274.0, 0.0], [274.5, 0.0], [274.5, 0.0], [274.5, 0.0], [274.5, 0.0], [274.5, 0.0], [275.0, 0.0], [275.5, 0.0], [275.5, 0.0], [275.5, 0.0], [275.5, 0.0], [276.0, 0.0], [276.5, 0.0], [276.0, 0.0], [275.5, 0.0], [276.0, 0.0], [276.5, 0.0], [277.0, 0.0], [277.5, 0.0], [277.5, 0.0], [278.0, 0.0], [278.5, 0.0], [278.5, 0.0], [278.5, 0.0], [278.5, 0.0], [278.5, 0.0], [278.5, 0.0], [278.5, 0.0], [278.5, 0.0], [278.0, 0.0], [277.5, 0.0], [277.5, 0.0], [277.0, 0.0], [276.5, 0.0], [276.5, 0.0], [276.5, 0.0], [276.5, 0.0], [276.0, 0.0], [275.5, 0.0], [275.5, 0.0], [275.0, 0.0], [274.5, 0.0], [274.5, 0.0], [274.0, 0.0], [273.5, 0.0], [273.0, 0.0], [272.0, 0.0], [271.5, 0.0], [271.0, 0.0], [270.5, 0.0], [270.0, 0.0], [269.5, 0.0], [269.5, 0.0], [269.0, 0.0], [268.5, 0.0], [268.0, 0.0], [267.0, 0.0], [266.5, 0.0], [266.5, 0.0], [266.0, 0.0], [265.0, 0.0], [264.5, 0.0], [264.0, 0.0], [263.0, 0.0], [262.5, 0.0], [262.0, 0.0], [261.5, 0.0], [261.0, 0.0], [260.0, 0.0], [259.0, 0.0], [258.5, 0.0], [258.0, 0.0], [257.0, 0.0], [256.5, 0.0], [256.0, 0.0], [255.0, 0.0], [254.0, 0.0], [253.5, 0.0], [253.0, 0.0], [252.0, 0.0], [251.5, 0.0], [251.0, 0.0], [250.0, 0.0], [249.5, 0.0], [249.0, 0.0], [248.0, 0.0]]"
SLICE,Z14,ED_L,-4.935102296021256,54.286171435873655,-487.528690737834,47.0,0.12935629661357143,"[[249.0, 0.0], [248.5, 0.0], [248.5, 0.0], [249.0, 0.0], [250.0, 0.0], [250.5, 0.0], [251.0, 0.0], [251.5, 0.0], [252.0, 0.0], [252.5, 0.0], [253.0, 0.0], [253.5, 0.0], [254.0, 0.0], [255.0, 0.0], [256.0, 0.0], [256.5, 0.0], [257.0, 0.0], [257.5, 0.0], [257.0, 0.0], [256.5, 0.0], [256.0, 0.0], [255.5, 0.0], [255.0, 0.0], [254.5, 0.0], [254.0, 0.0], [253.0, 0.0], [252.0, 0.0], [251.0, 0.0], [250.0, 0.0], [249.5, 0.0]]"
SLICE,Z14,PER_L,-4.935102296021256,54.286171435873655,-487.528690737834,0.0,,
SLICE,Z14,DLPC_L,-4.935102296021256,54.286171435873655,-487.528690737834,1455.0,0.07311675570125502,"[[205.0, 0.0], [204.5, 0.0], [205.0, 0.0], [205.5, 0.0], [205.5, 0.0], [206.0, 0.0], [207.0, 0.0], [207.5, 0.0], [208.0, 0.0], [208.5, 0.0], [209.0, 0.0], [209.5, 0.0], [209.5, 0.0], [210.0, 0.0], [211.0, 0.0], [212.0, 0.0], [213.0, 0.0], [214.0, 0.0], [214.5, 0.0], [214.0, 0.0], [213.0, 0.0], [212.0, 0.0], [211.0, 0.0], [210.5, 0.0], [211.0, 0.0], [212.0, 0.0], [213.0, 0.0], [214.0, 0.0], [215.0, 0.0], [215.5, 0.0], [215.0, 0.0], [214.5, 0.0], [215.0, 0.0], [216.0, 0.0], [217.0, 0.0], [218.0, 0.0], [218.5, 0.0], [219.0, 0.0], [219.5, 0.0], [220.0, 0.0], [221.0, 0.0], [222.0, 0.0], [223.0, 0.0], [223.5, 0.0], [224.0, 0.0], [225.0, 0.0], [226.0, 0.0], [226.5, 0.0], [227.0, 0.0], [227.5, 0.0], [228.0, 0.0], [229.0, 0.0], [230.0, 0.0], [231.0, 0.0], [231.5, 0.0], [231.5, 0.0], [231.5, 0.0], [231.5, 0.0], [231.5, 0.0], [231.0, 0.0], [230.5, 0.0], [230.5, 0.0], [230.5, 0.0], [230.5, 0.0], [230.0, 0.0], [229.5, 0.0], [229.5, 0.0], [229.5, 0.0], [229.5, 0.0], [230.0, 0.0], [230.5, 0.0], [230.5, 0.0], [230.5, 0.0], [231.0, 0.0], [231.5, 0.0], [231.5, 0.0], [231.5, 0.0], [231.5, 0.0], [232.0, 0.0], [233.0, 0.0], [233.5, 0.0], [234.0, 0.0], [234.5, 0.0], [235.0, 0.0], [236.0, 0.0], [237.0, 0.0], [237.5, 0.0], [238.0, 0.0], [239.0, 0.0], [239.5, 0.0], [240.0, 0.0], [241.0, 0.0], [241.5, 0.0], [242.0, 0.0], [242.5, 0.0], [243.0, 0.0], [243.5, 0.0], [244.0, 0.0], [244.5, 0.0], [244.5, 0.0], [245.0, 0.0], [245.5, 0.0], [245.5, 0.0], [245.5, 0.0], [245.5, 0.0], [245.5, 0.0], [245.0, 0.0], [244.5, 0.0], [244.0, 0.0], [243.5, 0.0], [243.5, 0.0], [243.0, 0.0], [242.5, 0.0], [242.0, 0.0], [241.5, 0.0], [241.0, 0.0], [240.5, 0.0], [240.0, 0.0], [239.0, 0.0], [238.5, 0.0], [238.0, 0.0], [237.0, 0.0], [236.5, 0.0], [236.0, 0.0], [235.5, 0.0], [235.0, 0.0], [234.0, 0.0], [233.0, 0.0], [232.5, 0.0], [232.5, 0.0], [233.0, 0.0], [234.0, 0.0], [234.5, 0.0], [234.5, 0.0], [235.0, 0.0], [236.0, 0.0], [237.0, 0.0], [237.5, 0.0], [238.0, 0.0], [239.0, 0.0], [240.0, 0.0], [241.0, 0.0], [242.0, 0.0], [243.0, 0.0], [243.5, 0.0], [243.0, 0.0], [242.0, 0.0], [241.0, 0.0], [240.0, 0.0], [239.5, 0.0], [240.0, 0.0], [241.0, 0.0], [242.0, 0.0], [243.0, 0.0], [244.0, 0.0], [244.5, 0.0], [244.5, 0.0], [245.0, 0.0], [246.0, 0.0], [247.0, 0.0], [248.0, 0.0], [248.5, 0.0], [249.0, 0.0], [249.5, 0.0], [250.0, 0.0], [251.0, 0.0], [251.5, 0.0], [252.0, 0.0], [253.0, 0.0], [253.5, 0.0], [254.0, 0.0], [254.5, 0.0], [255.0, 0.0], [256.0, 0.0], [257.0, 0.0], [258.0, 0.0], [258.5, 0.0], [258.5, 0.0], [259.0, 0.0], [259.5, 0.0], [259.5, 0.0], [259.5, 0.0], [260.0, 0.0], [260.5, 0.0], [260.5, 0.0], [261.0, 0.0], [261.5, 0.0], [261.5, 0.0], [261.5, 0.0], [262.0, 0.0], [262.5, 0.0], [262.5, 0.0], [263.0, 0.0], [263.5, 0.0], [263.5, 0.0], [263.5, 0.0], [263.0, 0.0], [262.5, 0.0], [262.5, 0.0], [262.0, 0.0], [261.5, 0.0], [261.5, 0.0], [261.5, 0.0], [261.0, 0.0], [260.5, 0.0], [260.0, 0.0], [259.5, 0.0], [259.5, 0.0], [259.5, 0.0], [259.0, 0.0], [258.5, 0.0], [258.5, 0.0], [258.0, 0.0], [257.5, 0.0], [257.0, 0.0], [256.5, 0.0], [256.5, 0.0], [256.5, 0.0], [256.0, 0.0], [255.5, 0.0], [255.0, 0.0], [254.5, 0.0], [254.5, 0.0], [254.0, 0.0], [253.0, 0.0], [252.5, 0.0], [252.0, 0.0], [251.5, 0.0], [251.0, 0.0], [250.5, 0.0], [250.0, 0.0], [249.0, 0.0], [248.5, 0.0], [248.0, 0.0], [247.5, 0.0], [247.0, 0.0], [246.5, 0.0], [246.0, 0.0], [245.0, 0.0], [244.5, 0.0], [244.0, 0.0], [243.0, 0.0], [242.0, 0.0], [241.5, 0.0], [241.0, 0.0], [240.0, 0.0], [239.0, 0.0], [238.0, 0.0], [237.0, 0.0], [236.0, 0.0], [235.0, 0.0], [234.0, 0.0], [233.0, 0.0], [232.0, 0.0], [231.0, 0.0], [230.0, 0.0], [229.0, 0.0], [228.0, 0.0], [227.5, 0.0], [227.0, 0.0], [226.0, 0.0], [225.0, 0.0], [224.0, 0.0], [223.0, 0.0], [222.5, 0.0], [222.0, 0.0], [221.0, 0.0], [220.5, 0.0], [220.0, 0.0], [219.5, 0.0], [219.0, 0.0], [218.5, 0.0], [218.5, 0.0], [218.5, 0.0], [218.0, 0.0], [217.5, 0.0], [217.0, 0.0], [216.5, 0.0], [217.0, 0.0], [217.5, 0.0], [217.0, 0.0], [216.5, 0.0], [216.5, 0.0], [216.5, 0.0], [216.0, 0.0], [215.0, 0.0], [214.0, 0.0], [213.5, 0.0], [213.5, 0.0], [213.0, 0.0], [212.0, 0.0], [211.5, 0.0], [211.5, 0.0], [212.0, 0.0], [213.0, 0.0], [213.5, 0.0], [213.0, 0.0], [212.0, 0.0], [211.5, 0.0], [212.0, 0.0], [212.5, 0.0], [212.0, 0.0], [211.5, 0.0], [211.0, 0.0], [210.0, 0.0], [209.5, 0.0], [210.0, 0.0], [211.0, 0.0], [211.5, 0.0], [211.0, 0.0], [210.0, 0.0], [209.0, 0.0], [208.0, 0.0], [207.5, 0.0], [208.0, 0.0], [208.5, 0.0], [208.0, 0.0], [207.0, 0.0], [206.5, 0.0], [206.0, 0.0], [205.5, 0.0], [205.5, 0.0]]"
SLICE,Z14,POP_L,-4.935102296021256,54.286171435873655,-487.528690737834,0.0,,
SLICE,Z14,SOL_L,-4.935102296021256,54.286171435873655,-487.528690737834,2606.0,0.263755188489005,"[[189.0, 0.0], [188.5, 0.0], [188.5, 0.0], [188.5, 0.0], [188.5, 0.0], [188.5, 0.0], [188.5, 0.0], [189.0, 0.0], [189.5, 0.0], [189.5, 0.0], [189.5, 0.0], [190.0, 0.0], [191.0, 0.0], [191.5, 0.0], [191.0, 0.0], [190.0, 0.0], [189.5, 0.0], [190.0, 0.0], [191.0, 0.0], [191.5, 0.0], [191.0, 0.0], [190.5, 0.0], [191.0, 0.0], [191.5, 0.0], [191.5, 0.0], [191.0, 0.0], [190.5, 0.0], [191.0, 0.0], [192.0, 0.0], [192.5, 0.0], [192.0, 0.0], [191.5, 0.0], [192.0, 0.0], [193.0, 0.0], [194.0, 0.0], [194.5, 0.0], [194.0, 0.0], [193.5, 0.0], [194.0, 0.0], [194.5, 0.0], [194.5, 0.0], [194.5, 0.0], [195.0, 0.0], [196.0, 0.0], [196.5, 0.0], [196.0, 0.0], [195.5, 0.0], [195.0, 0.0], [194.5, 0.0], [195.0, 0.0], [195.5, 0.0], [195.5, 0.0], [196.0, 0.0], [197.0, 0.0], [197.5, 0.0], [197.5, 0.0], [197.0, 0.0], [196.5, 0.0], [197.0, 0.0], [198.0, 0.0], [198.5, 0.0], [198.5, 0.0], [199.0, 0.0], [199.5, 0.0], [200.0, 0.0], [201.0, 0.0], [201.5, 0.0], [202.0, 0.0], [202.5, 0.0], [203.0, 0.0], [203.5, 0.0], [203.0, 0.0], [202.0, 0.0], [201.5, 0.0], [202.0, 0.0], [203.0, 0.0], [204.0, 0.0], [204.5, 0.0], [205.0, 0.0], [206.0, 0.0], [207.0, 0.0], [208.0, 0.0], [209.0, 0.0], [210.0, 0.0], [211.0, 0.0], [212.0, 0.0], [212.5, 0.0], [213.0, 0.0], [214.0, 0.0], [214.5, 0.0], [215.0, 0.0], [216.0, 0.0], [216.5, 0.0], [217.0, 0.0], [218.0, 0.0], [218.5, 0.0], [219.0, 0.0], [220.0, 0.0], [220.5, 0.0], [221.0, 0.0], [221.5, 0.0], [221.5, 0.0], [222.0, 0.0], [223.0, 0.0], [223.5, 0.0], [224.0, 0.0], [225.0, 0.0], [226.0, 0.0], [227.0, 0.0], [228.0, 0.0], [229.0, 0.0], [230.0, 0.0], [231.0, 0.0], [231.5, 0.0], [231.0, 0.0], [230.5, 0.0], [231.0, 0.0], [232.0, 0.0], [233.0, 0.0], [234.0, 0.0], [234.5, 0.0], [235.0, 0.0], [235.5, 0.0], [236.0, 0.0], [237.0, 0.0], [238.0, 0.0], [238.5, 0.0], [239.0, 0.0], [240.0, 0.0], [241.0, 0.0], [242.0, 0.0], [242.5, 0.0], [243.0, 0.0], [243.5, 0.0], [243.0, 0.0], [242.0, 0.0], [241.0, 0.0], [240.0, 0.0], [239.5, 0.0], [240.0, 0.0], [241.0, 0.0], [242.0, 0.0], [243.0, 0.0], [244.0, 0.0], [244.5, 0.0], [244.5, 0.0], [245.0, 0.0], [246.0, 0.0], [247.0, 0.0], [248.0, 0.0], [248.5, 0.0], [249.0, 0.0], [249.5, 0.0], [250.0, 0.0], [251.0, 0.0], [252.0, 0.0], [252.5, 0.0], [252.0, 0.0], [251.0, 0.0], [250.0, 0.0], [249.5, 0.0], [250.0, 0.0], [251.0, 0.0], [252.0, 0.0], [253.0, 0.0], [253.5, 0.0], [254.0, 0.0], [254.5, 0.0], [255.0, 0.0], [256.0, 0.0], [257.0, 0.0], [258.0, 0.0], [259.0, 0.0], [260.0, 0.0], [261.0, 0.0], [261.5, 0.0], [262.0, 0.0], [263.0, 0.0], [263.5, 0.0], [264.0, 0.0], [264.5, 0.0], [265.0, 0.0], [266.0, 0.0], [266.5, 0.0], [267.0, 0.0], [267.5, 0.0], [268.0, 0.0], [269.0, 0.0], [269.5, 0.0], [269.5, 0.0], [270.0, 0.0], [270.5, 0.0], [271.0, 0.0], [271.5, 0.0], [272.0, 0.0], [272.5, 0.0], [273.0, 0.0], [273.5, 0.0], [274.0, 0.0], [274.5, 0.0], [274.5, 0.0], [274.5, 0.0], [274.5, 0.0], [274.5, 0.0], [274.5, 0.0], [274.5, 0.0], [275.0, 0.0], [275.5, 0.0], [275.5, 0.0], [275.0, 0.0], [274.5, 0.0], [274.5, 0.0], [274.0, 0.0], [273.0, 0.0], [272.5, 0.0], [272.0, 0.0], [271.0, 0.0], [270.5, 0.0], [270.0, 0.0], [269.0, 0.0], [268.0, 0.0], [267.0, 0.0], [266.5, 0.0], [266.0, 0.0], [265.0, 0.0], [264.5, 0.0], [264.0, 0.0], [263.0, 0.0], [262.0, 0.0], [261.5, 0.0], [261.0, 0.0], [260.5, 0.0], [260.0, 0.0], [259.5, 0.0], [259.5, 0.0], [259.0, 0.0], [258.5, 0.0], [258.5, 0.0], [258.0, 0.0], [257.0, 0.0], [256.0, 0.0], [255.0, 0.0], [254.5, 0.0], [254.0, 0.0], [253.5, 0.0], [253.0, 0.0], [252.0, 0.0], [251.5, 0.0], [251.0, 0.0], [250.0, 0.0], [249.5, 0.0], [249.0, 0.0], [248.5, 0.0], [248.0, 0.0], [247.0, 0.0], [246.0, 0.0], [245.0, 0.0], [244.5, 0.0], [244.5, 0.0], [244.0, 0.0], [243.0, 0.0], [242.0, 0.0], [241.0, 0.0], [240.0, 0.0], [239.5, 0.0], [240.0, 0.0], [241.0, 0.0], [242.0, 0.0], [243.0, 0.0], [243.5, 0.0], [243.0, 0.0], [242.0, 0.0], [241.0, 0.0], [240.0, 0.0], [239.0, 0.0], [238.0, 0.0], [237.5, 0.0], [237.0, 0.0], [236.0, 0.0], [235.0, 0.0], [234.5, 0.0], [234.5, 0.0], [234.0, 0.0], [233.0, 0.0], [232.0, 0.0], [231.0, 0.0], [230.5, 0.0], [230.0, 0.0], [229.0, 0.0], [228.5, 0.0], [228.0, 0.0], [227.0, 0.0], [226.5, 0.0], [226.0, 0.0], [225.0, 0.0], [224.0, 0.0], [223.5, 0.0], [223.0, 0.0], [222.0, 0.0], [221.0, 0.0], [220.0, 0.0], [219.5, 0.0], [219.0, 0.0], [218.5, 0.0], [218.0, 0.0], [217.0, 0.0], [216.0, 0.0], [215.0, 0.0], [214.5, 0.0], [215.0, 0.0], [215.5, 0.0], [215.0, 0.0], [214.0, 0.0], [213.0, 0.0], [212.0, 0.0], [211.0, 0.0], [210.5, 0.0], [211.0, 0.0], [212.0, 0.0], [213.0, 0.0], [214.0, 0.0], [214.5, 0.0], [214.0, 0.0], [213.0, 0.0], [212.0, 0.0], [211.0, 0.0], [210.0, 0.0], [209.5, 0.0], [209.5, 0.0], [209.0, 0.0], [208.5, 0.0], [208.0, 0.0], [207.5, 0.0], [207.0, 0.0], [206.0, 0.0], [205.0, 0.0], [204.5, 0.0], [204.0, 0.0], [203.5, 0.0], [204.0, 0.0], [204.5, 0.0], [205.0, 0.0], [205.5, 0.0], [205.5, 0.0], [206.0, 0.0], [206.5, 0.0], [207.0, 0.0], [208.0, 0.0], [208.5, 0.0], [208.0, 0.0], [207.5, 0.0], [208.0, 0.0], [209.0, 0.0], [210.0, 0.0], [211.0, 0.0], [211.5, 0.0], [211.0, 0.0], [210.0, 0.0], [209.5, 0.0], [210.0, 0.0], [211.0, 0.0], [211.5, 0.0], [212.0, 0.0], [212.5, 0.0], [212.0, 0.0], [211.5, 0.0], [212.0, 0.0], [213.0, 0.0], [213.5, 0.0], [213.0, 0.0], [212.0, 0.0], [211.5, 0.0], [211.5, 0.0], [212.0, 0.0], [213.0, 0.0], [213.5, 0.0], [213.5, 0.0], [214.0, 0.0], [215.0, 0.0], [216.0, 0.0], [216.5, 0.0], [216.5, 0.0], [216.5, 0.0], [217.0, 0.0], [217.5, 0.0], [217.0, 0.0], [216.5, 0.0], [217.0, 0.0], [217.5, 0.0], [218.0, 0.0], [218.5, 0.0], [218.5, 0.0], [218.5, 0.0], [219.0, 0.0], [219.5, 0.0], [219.0, 0.0], [218.5, 0.0], [218.5, 0.0], [218.5, 0.0], [218.5, 0.0], [218.0, 0.0], [217.0, 0.0], [216.5, 0.0], [216.5, 0.0], [216.0, 0.0], [215.0, 0.0], [214.5, 0.0], [214.0, 0.0], [213.5, 0.0], [213.5, 0.0], [213.0, 0.0], [212.5, 0.0], [212.0, 0.0], [211.0, 0.0], [210.5, 0.0], [210.0, 0.0], [209.0, 0.0], [208.0, 0.0], [207.5, 0.0], [207.0, 0.0], [206.5, 0.0], [206.0, 0.0], [205.5, 0.0], [205.0, 0.0], [204.5, 0.0], [204.0, 0.0], [203.5, 0.0], [203.0, 0.0], [202.5, 0.0], [202.0, 0.0], [201.5, 0.0], [201.5, 0.0], [201.0, 0.0], [200.5, 0.0], [200.5, 0.0], [200.0, 0.0], [199.5, 0.0], [199.0, 0.0], [198.5, 0.0], [198.0, 0.0], [197.5, 0.0], [197.0, 0.0], [196.5, 0.0], [196.0, 0.0], [195.5, 0.0], [195.0, 0.0], [194.5, 0.0], [194.0, 0.0], [193.5, 0.0], [193.5, 0.0], [193.5, 0.0], [193.0, 0.0], [192.5, 0.0], [192.5, 0.0], [192.0, 0.0], [191.5, 0.0], [191.5, 0.0], [191.0, 0.0], [190.5, 0.0], [190.5, 0.0], [190.5, 0.0], [190.5, 0.0], [190.5, 0.0], [190.0, 0.0], [189.5, 0.0], [189.5, 0.0], [189.5, 0.0], [189.5, 0.0], [189.5, 0.0], [189.5, 0.0], [189.5, 0.0], [189.5, 0.0]]"
SLICE,Z14,GAS_MED_L,-4.935102296021256,54.286171435873655,-487.528690737834,1921.0,0.19983376055162158,"[[177.0, 0.0], [176.5, 0.0], [176.5, 0.0], [176.5, 0.0], [176.5, 0.0], [176.5, 0.0], [177.0, 0.0], [177.5, 0.0], [177.5, 0.0], [177.5, 0.0], [177.5, 0.0], [177.5, 0.0], [178.0, 0.0], [178.5, 0.0], [178.5, 0.0], [178.5, 0.0], [178.5, 0.0], [179.0, 0.0], [179.5, 0.0], [180.0, 0.0], [180.5, 0.0], [180.5, 0.0], [181.0, 0.0], [182.0, 0.0], [182.5, 0.0], [183.0, 0.0], [183.5, 0.0], [183.5, 0.0], [184.0, 0.0], [184.5, 0.0], [184.5, 0.0], [184.5, 0.0], [184.5, 0.0], [185.0, 0.0], [185.5, 0.0], [185.5, 0.0], [185.5, 0.0], [186.0, 0.0], [186.5, 0.0], [187.0, 0.0], [187.5, 0.0], [188.0, 0.0], [188.5, 0.0], [188.5, 0.0], [189.0, 0.0], [189.5, 0.0], [190.0, 0.0], [190.5, 0.0], [191.0, 0.0], [191.5, 0.0], [192.0, 0.0], [193.0, 0.0], [193.5, 0.0], [194.0, 0.0], [195.0, 0.0], [196.0, 0.0], [196.5, 0.0], [197.0, 0.0], [197.5, 0.0], [198.0, 0.0], [198.5, 0.0], [199.0, 0.0], [199.5, 0.0], [200.0, 0.0], [200.5, 0.0], [201.0, 0.0], [202.0, 0.0], [203.0, 0.0], [203.5, 0.0], [204.0, 0.0], [205.0, 0.0], [205.5, 0.0], [206.0, 0.0], [207.0, 0.0], [208.0, 0.0], [208.5, 0.0], [209.0, 0.0], [210.0, 0.0], [211.0, 0.0], [212.0, 0.0], [213.0, 0.0], [214.0, 0.0], [215.0, 0.0], [216.0, 0.0], [217.0, 0.0], [218.0, 0.0], [219.0, 0.0], [219.5, 0.0], [220.0, 0.0], [221.0, 0.0], [221.5, 0.0], [222.0, 0.0], [222.5, 0.0], [223.0, 0.0], [223.5, 0.0], [224.0, 0.0], [225.0, 0.0], [226.0, 0.0], [227.0, 0.0], [228.0, 0.0], [229.0, 0.0], [230.0, 0.0], [230.5, 0.0], [231.0, 0.0], [232.0, 0.0], [232.5, 0.0], [233.0, 0.0], [234.0, 0.0], [234.5, 0.0], [235.0, 0.0], [236.0, 0.0], [237.0, 0.0], [237.5, 0.0], [238.0, 0.0], [239.0, 0.0], [239.5, 0.0], [240.0, 0.0], [241.0, 0.0], [241.5, 0.0], [242.0, 0.0], [242.5, 0.0], [243.0, 0.0], [243.5, 0.0], [244.0, 0.0], [244.5, 0.0], [245.0, 0.0], [245.5, 0.0], [246.0, 0.0], [246.5, 0.0], [247.0, 0.0], [247.5, 0.0], [248.0, 0.0], [248.5, 0.0], [249.0, 0.0], [249.5, 0.0], [249.5, 0.0], [250.0, 0.0], [250.5, 0.0], [251.0, 0.0], [251.5, 0.0], [251.5, 0.0], [251.5, 0.0], [251.5, 0.0], [252.0, 0.0], [252.5, 0.0], [252.5, 0.0], [252.5, 0.0], [253.0, 0.0], [253.5, 0.0], [253.5, 0.0], [253.5, 0.0], [253.5, 0.0], [253.5, 0.0], [253.5, 0.0], [253.5, 0.0], [253.0, 0.0], [252.0, 0.0], [251.0, 0.0], [250.0, 0.0], [249.5, 0.0], [249.0, 0.0], [248.5, 0.0], [248.0, 0.0], [247.0, 0.0], [246.0, 0.0], [245.0, 0.0], [244.5, 0.0], [244.5, 0.0], [244.0, 0.0], [243.0, 0.0], [242.0, 0.0], [241.0, 0.0], [240.0, 0.0], [239.5, 0.0], [240.0, 0.0], [241.0, 0.0], [242.0, 0.0], [243.0, 0.0], [243.5, 0.0], [243.0, 0.0], [242.5, 0.0], [242.0, 0.0], [241.0, 0.0], [240.0, 0.0], [239.0, 0.0], [238.5, 0.0], [238.0, 0.0], [237.0, 0.0], [236.0, 0.0], [235.5, 0.0], [235.0, 0.0], [234.5, 0.0], [234.0, 0.0], [233.0, 0.0], [232.0, 0.0], [231.0, 0.0], [230.5, 0.0], [231.0, 0.0], [231.5, 0.0], [231.0, 0.0], [230.0, 0.0], [229.0, 0.0], [228.0, 0.0], [227.0, 0.0], [226.0, 0.0], [225.5, 0.0], [225.0, 0.0], [224.0, 0.0], [223.0, 0.0], [222.0, 0.0], [221.0, 0.0], [220.5, 0.0], [220.0, 0.0], [219.0, 0.0], [218.5, 0.0], [218.0, 0.0], [217.0, 0.0], [216.5, 0.0], [216.0, 0.0], [215.0, 0.0], [214.5, 0.0], [214.0, 0.0], [213.0, 0.0], [212.5, 0.0], [212.0, 0.0], [211.0, 0.0], [210.0, 0.0], [209.0, 0.0], [208.0, 0.0], [207.0, 0.0], [206.0, 0.0], [205.0, 0.0], [204.5, 0.0], [204.0, 0.0], [203.0, 0.0], [202.0, 0.0], [201.5, 0.0], [202.0, 0.0], [203.0, 0.0], [203.5, 0.0], [203.0, 0.0], [202.5, 0.0], [202.0, 0.0], [201.5, 0.0], [201.0, 0.0], [200.0, 0.0], [199.5, 0.0], [199.0, 0.0], [198.5, 0.0], [198.5, 0.0], [198.0, 0.0], [197.0, 0.0], [196.5, 0.0], [197.0, 0.0], [197.5, 0.0], [197.5, 0.0], [197.0, 0.0], [196.0, 0.0], [195.5, 0.0], [195.5, 0.0], [195.0, 0.0], [194.5, 0.0], [195.0, 0.0], [195.5, 0.0], [196.0, 0.0], [196.5, 0.0], [196.0, 0.0], [195.0, 0.0], [194.5, 0.0], [194.5, 0.0], [194.5, 0.0], [194.0, 0.0], [193.5, 0.0], [194.0, 0.0], [194.5, 0.0], [194.0, 0.0], [193.0, 0.0], [192.0, 0.0], [191.5, 0.0], [192.0, 0.0], [192.5, 0.0], [192.0, 0.0], [191.0, 0.0], [190.5, 0.0], [191.0, 0.0], [191.5, 0.0], [191.5, 0.0], [191.0, 0.0], [190.5, 0.0], [191.0, 0.0], [191.5, 0.0], [191.0, 0.0], [190.0, 0.0], [189.5, 0.0], [190.0, 0.0], [191.0, 0.0], [191.5, 0.0], [191.0, 0.0], [190.0, 0.0], [189.5, 0.0], [189.5, 0.0], [189.5, 0.0], [189.0, 0.0], [188.5, 0.0], [188.0, 0.0], [187.5, 0.0], [187.5, 0.0], [187.0, 0.0], [186.0, 0.0], [185.0, 0.0], [184.0, 0.0], [183.5, 0.0], [183.5, 0.0], [183.0, 0.0], [182.0, 0.0], [181.5, 0.0], [181.0, 0.0], [180.5, 0.0], [180.5, 0.0], [180.0, 0.0], [179.5, 0.0], [179.5, 0.0], [179.0, 0.0], [178.5, 0.0], [178.5, 0.0], [178.5, 0.0], [178.0, 0.0], [177.5, 0.0], [177.5, 0.0], [177.5, 0.0]]"
SLICE,Z14,GAS_LAT_L,-4.935102296021256,54.286171435873655,-487.528690737834,0.0,,
SLICE,Z15,TA_R,-4.930778128708454,54.331883717416325,-453.362303134671,862.0,0.38453254912407075,"[[34.0, 51.5], [33.5, 52.0], [33.5, 53.0], [33.5, 54.0], [33.5, 55.0], [33.5, 56.0], [33.5, 57.0], [33.5, 58.0], [33.5, 59.0], [33.5, 60.0], [34.0, 60.5], [34.5, 61.0], [34.5, 62.0], [34.5, 63.0], [34.5, 64.0], [35.0, 64.5], [35.5, 65.0], [35.5, 66.0], [36.0, 66.5], [36.5, 67.0], [37.0, 67.5], [37.5, 68.0], [38.0, 68.5], [38.5, 69.0], [38.5, 70.0], [39.0, 70.5], [40.0, 70.5], [40.5, 71.0], [40.5, 72.0], [41.0, 72.5], [41.5, 72.0], [42.0, 71.5], [42.5, 71.0], [43.0, 70.5], [44.0, 70.5], [44.5, 70.0], [44.5, 69.0], [45.0, 68.5], [46.0, 68.5], [47.0, 68.5], [47.5, 68.0], [48.0, 67.5], [49.0, 67.5], [49.5, 67.0], [49.5, 66.0], [50.0, 65.5], [50.5, 65.0], [51.0, 64.5], [51.5, 64.0], [51.5, 63.0], [51.5, 62.0], [52.0, 61.5], [52.5, 61.0], [53.0, 60.5], [53.5, 60.0], [53.5, 59.0], [53.5, 58.0], [54.0, 57.5], [54.5, 57.0], [54.5, 56.0], [54.5, 55.0], [54.5, 54.0], [55.0, 53.5], [55.5, 53.0], [56.0, 52.5], [56.5, 52.0], [56.5, 51.0], [57.0, 50.5], [58.0, 50.5], [58.5, 50.0], [58.0, 49.5], [57.0, 49.5], [56.5, 49.0], [56.5, 48.0], [57.0, 47.5], [57.5, 47.0], [57.0, 46.5], [56.0, 46.5], [55.0, 46.5], [54.5, 46.0], [54.0, 45.5], [53.5, 45.0], [53.0, 44.5], [52.0, 44.5], [51.5, 44.0], [52.0, 43.5], [52.5, 43.0], [52.0, 42.5], [51.5, 42.0], [51.5, 41.0], [51.5, 40.0], [51.5, 39.0], [52.0, 38.5], [52.5, 38.0], [52.5, 37.0], [52.0, 36.5], [51.5, 36.0], [51.5, 35.0], [51.5, 34.0], [51.5, 33.0], [51.5, 32.0], [51.5, 31.0], [51.5, 30.0], [51.0, 29.5], [50.5, 30.0], [50.0, 30.5], [49.0, 30.5], [48.5, 31.0], [48.0, 31.5], [47.0, 31.5], [46.5, 32.0], [46.0, 32.5], [45.5, 33.0], [45.0, 33.5], [44.5, 34.0], [44.0, 34.5], [43.5, 35.0], [43.5, 36.0], [43.0, 36.5], [42.0, 36.5], [41.5, 37.0], [41.0, 37.5], [40.5, 38.0], [40.5, 39.0], [40.0, 39.5], [39.5, 40.0], [39.0, 40.5], [38.5, 41.0], [38.5, 42.0], [38.0, 42.5], [37.5, 43.0], [37.0, 43.5], [36.5, 44.0], [36.0, 44.5], [35.5, 45.0], [35.5, 46.0], [35.5, 47.0], [35.5, 48.0], [35.0, 48.5], [34.5, 49.0], [34.5, 50.0], [34.5, 51.0]]"
SLICE,Z15,ED_R,-4.930778128708454,54.331883717416325,-453.362303134671,0.0,,
SLICE,Z15,PER_R,-4.930778128708454,54.331883717416325,-453.362303134671,0.0,,
SLICE,Z15,DLPC_R,-4.930778128708454,54.331883717416325,-453.362303134671,1326.0,0.0584895704107073,"[[54.0, 57.5], [53.5, 58.0], [53.5, 59.0], [53.5, 60.0], [53.5, 61.0], [53.5, 62.0], [54.0, 62.5], [54.5, 63.0], [54.5, 64.0], [55.0, 64.5], [55.5, 65.0], [56.0, 65.5], [57.0, 65.5], [58.0, 65.5], [58.5, 66.0], [59.0, 66.5], [59.5, 67.0], [59.5, 68.0], [59.5, 69.0], [60.0, 69.5], [60.5, 70.0], [60.5, 71.0], [60.5, 72.0], [60.5, 73.0], [60.5, 74.0], [60.5, 75.0], [60.0, 75.5], [59.5, 76.0], [59.5, 77.0], [60.0, 77.5], [60.5, 78.0], [61.0, 78.5], [62.0, 78.5], [63.0, 78.5], [63.5, 79.0], [64.0, 79.5], [64.5, 80.0], [65.0, 80.5], [66.0, 80.5], [67.0, 80.5], [68.0, 80.5], [69.0, 80.5], [70.0, 80.5], [71.0, 80.5], [72.0, 80.5], [73.0, 80.5], [73.5, 81.0], [74.0, 81.5], [74.5, 81.0], [74.5, 80.0], [74.0, 79.5], [73.5, 79.0], [73.5, 78.0], [73.5, 77.0], [73.5, 76.0], [73.0, 75.5], [72.5, 75.0], [72.5, 74.0], [72.0, 73.5], [71.5, 73.0], [72.0, 72.5], [73.0, 72.5], [73.5, 72.0], [74.0, 71.5], [75.0, 71.5], [76.0, 71.5], [76.5, 71.0], [77.0, 70.5], [77.5, 70.0], [78.0, 69.5], [79.0, 69.5], [79.5, 69.0], [79.0, 68.5], [78.5, 68.0], [78.0, 67.5], [77.5, 67.0], [77.0, 66.5], [76.0, 66.5], [75.0, 66.5], [74.5, 66.0], [74.5, 65.0], [74.0, 64.5], [73.0, 64.5], [72.5, 64.0], [72.0, 63.5], [71.5, 63.0], [71.5, 62.0], [71.0, 61.5], [70.5, 61.0], [70.5, 60.0], [70.0, 59.5], [69.5, 59.0], [69.5, 58.0], [69.5, 57.0], [69.5, 56.0], [69.5, 55.0], [69.5, 54.0], [69.5, 53.0], [70.0, 52.5], [70.5, 52.0], [71.0, 51.5], [71.5, 51.0], [71.5, 50.0], [72.0, 49.5], [73.0, 49.5], [74.0, 49.5], [74.5, 49.0], [75.0, 48.5], [76.0, 48.5], [77.0, 48.5], [78.0, 48.5], [79.0, 48.5], [79.5, 49.0], [80.0, 49.5], [80.5, 50.0], [81.0, 50.5], [81.5, 51.0], [81.5, 52.0], [82.0, 52.5], [82.5, 53.0], [82.5, 54.0], [83.0, 54.5], [83.5, 55.0], [83.5, 56.0], [83.5, 57.0], [83.5, 58.0], [83.5, 59.0], [83.5, 60.0], [83.5, 61.0], [83.5, 62.0], [83.0, 62.5], [82.5, 63.0], [82.5, 64.0], [82.0, 64.5], [81.5, 65.0], [81.0, 65.5], [80.5, 66.0], [80.5, 67.0], [81.0, 67.5], [82.0, 67.5], [83.0, 67.5], [84.0, 67.5], [85.0, 67.5], [86.0, 67.5], [87.0, 67.5], [87.5, 68.0], [88.0, 68.5], [89.0, 68.5], [90.0, 68.5], [91.0, 68.5], [92.0, 68.5], [92.5, 68.0], [93.0, 67.5], [94.0, 67.5], [95.0, 67.5], [96.0, 67.5], [96.5, 67.0], [97.0, 66.5], [97.5, 66.0], [97.0, 65.5], [96.5, 65.0], [97.0, 64.5], [98.0, 64.5], [99.0, 64.5], [99.5, 64.0], [100.0, 63.5], [101.0, 63.5], [102.0, 63.5], [103.0, 63.5], [103.5, 63.0], [103.0, 62.5], [102.0, 62.5], [101.0, 62.5], [100.0, 62.5], [99.0, 62.5], [98.5, 62.0], [99.0, 61.5], [100.0, 61.5], [101.0, 61.5], [102.0, 61.5], [103.0, 61.5], [103.5, 61.0], [103.0, 60.5], [102.0, 60.5], [101.0, 60.5], [100.5, 60.0], [101.0, 59.5], [101.5, 59.0], [102.0, 58.5], [103.0, 58.5], [104.0, 58.5], [105.0, 58.5], [106.0, 58.5], [106.5, 58.0], [106.0, 57.5], [105.0, 57.5], [104.0, 57.5], [103.0, 57.5], [102.0, 57.5], [101.5, 57.0], [102.0, 56.5], [103.0, 56.5], [104.0, 56.5], [105.0, 56.5], [106.0, 56.5], [106.5, 56.0], [106.0, 55.5], [105.0, 55.5], [104.0, 55.5], [103.0, 55.5], [102.0, 55.5], [101.5, 55.0], [102.0, 54.5], [103.0, 54.5], [104.0, 54.5], [104.5, 54.0], [105.0, 53.5], [106.0, 53.5], [107.0, 53.5], [108.0, 53.5], [108.5, 53.0], [108.0, 52.5], [107.0, 52.5], [106.0, 52.5], [105.0, 52.5], [104.0, 52.5], [103.5, 52.0], [104.0, 51.5], [105.0, 51.5], [106.0, 51.5], [107.0, 51.5], [107.5, 51.0], [107.0, 50.5], [106.0, 50.5], [105.0, 50.5], [104.5, 50.0], [104.0, 49.5], [103.0, 49.5], [102.5, 49.0], [103.0, 48.5], [104.0, 48.5], [104.5, 48.0], [104.0, 47.5], [103.0, 47.5], [102.5, 47.0], [102.5, 46.0], [102.0, 45.5], [101.0, 45.5], [100.5, 45.0], [100.0, 44.5], [99.5, 44.0], [99.5, 43.0], [99.0, 42.5], [98.5, 42.0], [98.5, 41.0], [98.5, 40.0], [98.0, 39.5], [97.0, 39.5], [96.5, 39.0], [97.0, 38.5], [97.5, 38.0], [97.0, 37.5], [96.0, 37.5], [95.5, 37.0], [95.5, 36.0], [95.5, 35.0], [95.0, 34.5], [94.0, 34.5], [93.0, 34.5], [92.0, 34.5], [91.5, 34.0], [91.0, 33.5], [90.0, 33.5], [89.0, 33.5], [88.0, 33.5], [87.0, 33.5], [86.0, 33.5], [85.0, 33.5], [84.0, 33.5], [83.0, 33.5], [82.0, 33.5], [81.0, 33.5], [80.0, 33.5], [79.5, 34.0], [79.0, 34.5], [78.0, 34.5], [77.0, 34.5], [76.5, 35.0], [76.0, 35.5], [75.0, 35.5], [74.5, 36.0], [74.0, 36.5], [73.0, 36.5], [72.5, 37.0], [72.0, 37.5], [71.0, 37.5], [70.5, 38.0], [70.5, 39.0], [70.0, 39.5], [69.0, 39.5], [68.5, 40.0], [68.0, 40.5], [67.5, 41.0], [67.0, 41.5], [66.0, 41.5], [65.5, 42.0], [65.0, 42.5], [64.5, 43.0], [64.0, 43.5], [63.5, 44.0], [63.5, 45.0], [63.0, 45.5], [62.0, 45.5], [61.5, 46.0], [61.0, 46.5], [60.5, 47.0], [60.5, 48.0], [60.0, 48.5], [59.0, 48.5], [58.5, 49.0], [58.5, 50.0], [58.0, 50.5], [57.0, 50.5], [56.5, 51.0], [56.5, 52.0], [56.0, 52.5], [55.5, 53.0], [55.5, 54.0], [55.0, 54.5], [54.5, 55.0], [54.5, 56.0], [54.5, 57.0]]"
SLICE,Z15,POP_R,-4.930778128708454,54.331883717416325,-453.362303134671,0.0,,
SLICE,Z15,SOL_R,-4.930778128708454,54.331883717416325,-453.362303134671,2390.0,0.23694291292144287,"[[67.0, 94.5], [66.5, 95.0], [67.0, 95.5], [68.0, 95.5], [68.5, 96.0], [68.0, 96.5], [67.0, 96.5], [66.5, 97.0], [66.5, 98.0], [66.5, 99.0], [66.5, 100.0], [67.0, 100.5], [68.0, 100.5], [68.5, 101.0], [69.0, 101.5], [70.0, 101.5], [71.0, 101.5], [72.0, 101.5], [73.0, 101.5], [74.0, 101.5], [75.0, 101.5], [75.5, 101.0], [75.0, 100.5], [74.0, 100.5], [73.0, 100.5], [72.0, 100.5], [71.0, 100.5], [70.0, 100.5], [69.5, 100.0], [69.5, 99.0], [70.0, 98.5], [70.5, 98.0], [71.0, 97.5], [71.5, 98.0], [72.0, 98.5], [73.0, 98.5], [74.0, 98.5], [75.0, 98.5], [76.0, 98.5], [77.0, 98.5], [78.0, 98.5], [79.0, 98.5], [79.5, 98.0], [79.0, 97.5], [78.5, 97.0], [79.0, 96.5], [79.5, 96.0], [79.5, 95.0], [79.0, 94.5], [78.0, 94.5], [77.0, 94.5], [76.0, 94.5], [75.0, 94.5], [74.5, 94.0], [75.0, 93.5], [76.0, 93.5], [77.0, 93.5], [78.0, 93.5], [79.0, 93.5], [80.0, 93.5], [80.5, 93.0], [81.0, 92.5], [82.0, 92.5], [83.0, 92.5], [83.5, 92.0], [84.0, 91.5], [85.0, 91.5], [86.0, 91.5], [87.0, 91.5], [88.0, 91.5], [88.5, 92.0], [89.0, 92.5], [89.5, 93.0], [90.0, 93.5], [91.0, 93.5], [91.5, 93.0], [92.0, 92.5], [93.0, 92.5], [94.0, 92.5], [95.0, 92.5], [96.0, 92.5], [96.5, 93.0], [97.0, 93.5], [98.0, 93.5], [99.0, 93.5], [99.5, 94.0], [100.0, 94.5], [101.0, 94.5], [101.5, 95.0], [101.5, 96.0], [102.0, 96.5], [103.0, 96.5], [104.0, 96.5], [105.0, 96.5], [106.0, 96.5], [107.0, 96.5], [108.0, 96.5], [108.5, 97.0], [108.0, 97.5], [107.5, 98.0], [108.0, 98.5], [109.0, 98.5], [110.0, 98.5], [111.0, 98.5], [112.0, 98.5], [113.0, 98.5], [114.0, 98.5], [115.0, 98.5], [116.0, 98.5], [116.5, 98.0], [116.5, 97.0], [117.0, 96.5], [117.5, 96.0], [118.0, 95.5], [118.5, 95.0], [118.0, 94.5], [117.5, 94.0], [118.0, 93.5], [119.0, 93.5], [119.5, 93.0], [120.0, 92.5], [120.5, 92.0], [121.0, 91.5], [121.5, 91.0], [121.5, 90.0], [121.0, 89.5], [120.0, 89.5], [119.5, 89.0], [120.0, 88.5], [121.0, 88.5], [121.5, 88.0], [122.0, 87.5], [123.0, 87.5], [124.0, 87.5], [125.0, 87.5], [126.0, 87.5], [126.5, 87.0], [126.0, 86.5], [125.0, 86.5], [124.5, 86.0], [124.5, 85.0], [124.5, 84.0], [125.0, 83.5], [126.0, 83.5], [126.5, 83.0], [126.0, 82.5], [125.0, 82.5], [124.5, 82.0], [125.0, 81.5], [126.0, 81.5], [126.5, 81.0], [126.0, 80.5], [125.5, 80.0], [126.0, 79.5], [126.5, 79.0], [126.5, 78.0], [127.0, 77.5], [127.5, 77.0], [127.5, 76.0], [128.0, 75.5], [128.5, 75.0], [128.0, 74.5], [127.5, 74.0], [128.0, 73.5], [129.0, 73.5], [130.0, 73.5], [130.5, 73.0], [130.0, 72.5], [129.5, 72.0], [130.0, 71.5], [130.5, 71.0], [130.0, 70.5], [129.5, 70.0], [129.0, 69.5], [128.0, 69.5], [127.0, 69.5], [126.5, 69.0], [127.0, 68.5], [128.0, 68.5], [129.0, 68.5], [129.5, 68.0], [129.0, 67.5], [128.0, 67.5], [127.5, 67.0], [128.0, 66.5], [129.0, 66.5], [129.5, 66.0], [129.0, 65.5], [128.5, 65.0], [128.0, 64.5], [127.0, 64.5], [126.5, 64.0], [127.0, 63.5], [128.0, 63.5], [128.5, 63.0], [128.0, 62.5], [127.5, 62.0], [128.0, 61.5], [128.5, 61.0], [129.0, 60.5], [129.5, 60.0], [129.5, 59.0], [129.5, 58.0], [130.0, 57.5], [130.5, 57.0], [130.5, 56.0], [130.5, 55.0], [130.0, 54.5], [129.5, 54.0], [129.5, 53.0], [129.5, 52.0], [129.0, 51.5], [128.0, 51.5], [127.5, 51.0], [127.0, 50.5], [126.5, 50.0], [126.5, 49.0], [126.5, 48.0], [126.5, 47.0], [126.0, 46.5], [125.5, 46.0], [125.5, 45.0], [125.0, 44.5], [124.5, 44.0], [124.5, 43.0], [124.5, 42.0], [124.0, 41.5], [123.5, 41.0], [123.0, 40.5], [122.5, 40.0], [122.5, 39.0], [122.0, 38.5], [121.5, 38.0], [121.5, 37.0], [121.0, 36.5], [120.5, 36.0], [120.5, 35.0], [120.0, 34.5], [119.5, 34.0], [119.0, 33.5], [118.5, 33.0], [118.0, 32.5], [117.5, 32.0], [117.0, 31.5], [116.5, 31.0], [116.0, 30.5], [115.0, 30.5], [114.0, 30.5], [113.5, 31.0], [113.0, 31.5], [112.0, 31.5], [111.5, 31.0], [111.0, 30.5], [110.5, 30.0], [110.0, 29.5], [109.5, 29.0], [109.0, 28.5], [108.0, 28.5], [107.0, 28.5], [106.5, 29.0], [106.0, 29.5], [105.0, 29.5], [104.5, 30.0], [104.0, 30.5], [103.5, 31.0], [103.0, 31.5], [102.0, 31.5], [101.0, 31.5], [100.5, 32.0], [100.0, 32.5], [99.0, 32.5], [98.5, 33.0], [98.0, 33.5], [97.0, 33.5], [96.0, 33.5], [95.5, 34.0], [95.5, 35.0], [95.5, 36.0], [95.5, 37.0], [96.0, 37.5], [97.0, 37.5], [97.5, 38.0], [97.0, 38.5], [96.5, 39.0], [97.0, 39.5], [98.0, 39.5], [98.5, 40.0], [98.5, 41.0], [98.5, 42.0], [99.0, 42.5], [99.5, 43.0], [99.5, 44.0], [100.0, 44.5], [100.5, 45.0], [101.0, 45.5], [102.0, 45.5], [102.5, 46.0], [102.5, 47.0], [103.0, 47.5], [104.0, 47.5], [104.5, 48.0], [104.0, 48.5], [103.0, 48.5], [102.5, 49.0], [103.0, 49.5], [104.0, 49.5], [104.5, 50.0], [105.0, 50.5], [106.0, 50.5], [107.0, 50.5], [107.5, 51.0], [107.0, 51.5], [106.0, 51.5], [105.0, 51.5], [104.0, 51.5], [103.5, 52.0], [104.0, 52.5], [105.0, 52.5], [106.0, 52.5], [107.0, 52.5], [108.0, 52.5], [108.5, 53.0], [108.0, 53.5], [107.0, 53.5], [106.0, 53.5], [105.0, 53.5], [104.5, 54.0], [104.0, 54.5], [103.0, 54.5], [102.0, 54.5], [101.5, 55.0], [102.0, 55.5], [103.0, 55.5], [104.0, 55.5], [105.0, 55.5], [106.0, 55.5], [106.5, 56.0], [106.0, 56.5], [105.0, 56.5], [104.0, 56.5], [103.0, 56.5], [102.0, 56.5], [101.5, 57.0], [102.0, 57.5], [103.0, 57.5], [104.0, 57.5], [105.0, 57.5], [106.0, 57.5], [106.5, 58.0], [106.0, 58.5], [105.0, 58.5], [104.0, 58.5], [103.0, 58.5], [102.0, 58.5], [101.5, 59.0], [101.0, 59.5], [100.5, 60.0], [101.0, 60.5], [102.0, 60.5], [103.0, 60.5], [103.5, 61.0], [103.0, 61.5], [102.0, 61.5], [101.0, 61.5], [100.0, 61.5], [99.0, 61.5], [98.5, 62.0], [99.0, 62.5], [100.0, 62.5], [101.0, 62.5], [102.0, 62.5], [103.0, 62.5], [103.5, 63.0], [103.0, 63.5], [102.0, 63.5], [101.0, 63.5], [100.0, 63.5], [99.5, 64.0], [99.0, 64.5], [98.0, 64.5], [97.0, 64.5], [96.5, 65.0], [97.0, 65.5], [97.5, 66.0], [97.0, 66.5], [96.5, 67.0], [96.0, 67.5], [95.0, 67.5], [94.0, 67.5], [93.0, 67.5], [92.5, 68.0], [92.0, 68.5], [91.0, 68.5], [90.0, 68.5], [89.0, 68.5], [88.0, 68.5], [87.0, 68.5], [86.5, 68.0], [86.0, 67.5], [85.0, 67.5], [84.0, 67.5], [83.0, 67.5], [82.0, 67.5], [81.5, 68.0], [81.0, 68.5], [80.0, 68.5], [79.5, 69.0], [79.0, 69.5], [78.0, 69.5], [77.5, 70.0], [77.0, 70.5], [76.5, 71.0], [76.0, 71.5], [75.0, 71.5], [74.0, 71.5], [73.5, 72.0], [73.0, 72.5], [72.5, 73.0], [72.5, 74.0], [72.5, 75.0], [73.0, 75.5], [73.5, 76.0], [73.5, 77.0], [73.5, 78.0], [73.5, 79.0], [74.0, 79.5], [74.5, 80.0], [74.5, 81.0], [75.0, 81.5], [75.5, 82.0], [75.5, 83.0], [75.5, 84.0], [75.5, 85.0], [75.5, 86.0], [75.5, 87.0], [75.0, 87.5], [74.0, 87.5], [73.0, 87.5], [72.0, 87.5], [71.5, 88.0], [71.0, 88.5], [70.5, 89.0], [70.0, 89.5], [69.0, 89.5], [68.5, 90.0], [69.0, 90.5], [69.5, 91.0], [69.5, 92.0], [69.0, 92.5], [68.5, 93.0], [68.5, 94.0], [68.0, 94.5]]"
SLICE,Z15,GAS_MED_R,-4.930778128708454,54.331883717416325,-453.362303134671,1898.0,0.20245904074173265,"[[68.0, 100.5], [67.5, 101.0], [67.5, 102.0], [68.0, 102.5], [68.5, 103.0], [68.5, 104.0], [68.5, 105.0], [68.5, 106.0], [69.0, 106.5], [69.5, 107.0], [70.0, 107.5], [70.5, 108.0], [70.5, 109.0], [71.0, 109.5], [71.5, 110.0], [72.0, 110.5], [72.5, 111.0], [73.0, 111.5], [73.5, 112.0], [74.0, 112.5], [74.5, 113.0], [75.0, 113.5], [75.5, 114.0], [76.0, 114.5], [77.0, 114.5], [78.0, 114.5], [78.5, 115.0], [79.0, 115.5], [79.5, 116.0], [80.0, 116.5], [81.0, 116.5], [82.0, 116.5], [83.0, 116.5], [83.5, 117.0], [84.0, 117.5], [85.0, 117.5], [85.5, 118.0], [86.0, 118.5], [87.0, 118.5], [88.0, 118.5], [89.0, 118.5], [89.5, 119.0], [90.0, 119.5], [91.0, 119.5], [92.0, 119.5], [93.0, 119.5], [94.0, 119.5], [94.5, 119.0], [95.0, 118.5], [96.0, 118.5], [96.5, 118.0], [97.0, 117.5], [97.5, 118.0], [98.0, 118.5], [98.5, 119.0], [99.0, 119.5], [100.0, 119.5], [101.0, 119.5], [102.0, 119.5], [103.0, 119.5], [104.0, 119.5], [105.0, 119.5], [106.0, 119.5], [107.0, 119.5], [108.0, 119.5], [109.0, 119.5], [110.0, 119.5], [111.0, 119.5], [112.0, 119.5], [113.0, 119.5], [113.5, 119.0], [114.0, 118.5], [115.0, 118.5], [116.0, 118.5], [117.0, 118.5], [117.5, 118.0], [118.0, 117.5], [119.0, 117.5], [119.5, 117.0], [120.0, 116.5], [121.0, 116.5], [121.5, 116.0], [122.0, 115.5], [123.0, 115.5], [123.5, 115.0], [124.0, 114.5], [124.5, 114.0], [125.0, 113.5], [126.0, 113.5], [126.5, 113.0], [126.5, 112.0], [126.5, 111.0], [127.0, 110.5], [128.0, 110.5], [128.5, 110.0], [129.0, 109.5], [129.5, 109.0], [130.0, 108.5], [130.5, 108.0], [130.5, 107.0], [131.0, 106.5], [131.5, 106.0], [131.5, 105.0], [132.0, 104.5], [133.0, 104.5], [133.5, 104.0], [134.0, 103.5], [134.5, 103.0], [134.5, 102.0], [135.0, 101.5], [135.5, 101.0], [136.0, 100.5], [136.5, 100.0], [136.5, 99.0], [137.0, 98.5], [137.5, 98.0], [138.0, 97.5], [138.5, 97.0], [138.5, 96.0], [139.0, 95.5], [139.5, 95.0], [139.5, 94.0], [139.5, 93.0], [139.5, 92.0], [140.0, 91.5], [140.5, 91.0], [140.5, 90.0], [141.0, 89.5], [141.5, 89.0], [141.5, 88.0], [142.0, 87.5], [142.5, 87.0], [142.5, 86.0], [143.0, 85.5], [143.5, 85.0], [143.5, 84.0], [143.5, 83.0], [143.5, 82.0], [143.5, 81.0], [143.5, 80.0], [143.5, 79.0], [143.5, 78.0], [143.5, 77.0], [143.5, 76.0], [143.5, 75.0], [143.5, 74.0], [143.5, 73.0], [143.5, 72.0], [143.5, 71.0], [143.5, 70.0], [143.0, 69.5], [142.5, 69.0], [142.5, 68.0], [142.0, 67.5], [141.5, 67.0], [141.5, 66.0], [141.5, 65.0], [141.0, 64.5], [140.5, 64.0], [140.0, 63.5], [139.5, 63.0], [139.5, 62.0], [139.0, 61.5], [138.5, 61.0], [138.0, 60.5], [137.5, 60.0], [137.0, 59.5], [136.5, 59.0], [136.0, 58.5], [135.5, 58.0], [135.0, 57.5], [134.5, 57.0], [134.0, 56.5], [133.0, 56.5], [132.0, 56.5], [131.5, 57.0], [131.0, 57.5], [130.5, 58.0], [130.5, 59.0], [130.5, 60.0], [130.5, 61.0], [130.0, 61.5], [129.5, 62.0], [129.5, 63.0], [129.5, 64.0], [129.5, 65.0], [129.5, 66.0], [130.0, 66.5], [130.5, 67.0], [130.0, 67.5], [129.5, 68.0], [130.0, 68.5], [130.5, 69.0], [130.0, 69.5], [129.5, 70.0], [130.0, 70.5], [131.0, 70.5], [131.5, 71.0], [131.0, 71.5], [130.0, 71.5], [129.5, 72.0], [130.0, 72.5], [130.5, 73.0], [131.0, 73.5], [131.5, 74.0], [131.0, 74.5], [130.0, 74.5], [129.0, 74.5], [128.5, 75.0], [129.0, 75.5], [129.5, 76.0], [129.0, 76.5], [128.0, 76.5], [127.5, 77.0], [127.0, 77.5], [126.5, 78.0], [126.5, 79.0], [126.0, 79.5], [125.5, 80.0], [126.0, 80.5], [126.5, 81.0], [126.0, 81.5], [125.0, 81.5], [124.5, 82.0], [125.0, 82.5], [126.0, 82.5], [126.5, 83.0], [126.0, 83.5], [125.0, 83.5], [124.5, 84.0], [124.5, 85.0], [124.5, 86.0], [125.0, 86.5], [126.0, 86.5], [126.5, 87.0], [126.0, 87.5], [125.0, 87.5], [124.0, 87.5], [123.0, 87.5], [122.0, 87.5], [121.5, 88.0], [121.0, 88.5], [120.0, 88.5], [119.5, 89.0], [120.0, 89.5], [121.0, 89.5], [121.5, 90.0], [121.5, 91.0], [121.0, 91.5], [120.5, 92.0], [120.0, 92.5], [119.5, 93.0], [119.0, 93.5], [118.0, 93.5], [117.5, 94.0], [118.0, 94.5], [118.5, 95.0], [118.0, 95.5], [117.5, 96.0], [117.0, 96.5], [116.5, 97.0], [116.5, 98.0], [116.0, 98.5], [115.0, 98.5], [114.0, 98.5], [113.0, 98.5], [112.0, 98.5], [111.0, 98.5], [110.0, 98.5], [109.0, 98.5], [108.0, 98.5], [107.5, 98.0], [108.0, 97.5], [108.5, 97.0], [108.0, 96.5], [107.0, 96.5], [106.0, 96.5], [105.0, 96.5], [104.0, 96.5], [103.0, 96.5], [102.0, 96.5], [101.5, 96.0], [101.5, 95.0], [101.0, 94.5], [100.0, 94.5], [99.5, 94.0], [99.0, 93.5], [98.0, 93.5], [97.0, 93.5], [96.5, 93.0], [96.0, 92.5], [95.0, 92.5], [94.0, 92.5], [93.0, 92.5], [92.0, 92.5], [91.5, 93.0], [91.0, 93.5], [90.0, 93.5], [89.0, 93.5], [88.5, 94.0], [88.0, 94.5], [87.0, 94.5], [86.0, 94.5], [85.5, 94.0], [85.0, 93.5], [84.0, 93.5], [83.5, 93.0], [83.0, 92.5], [82.0, 92.5], [81.0, 92.5], [80.5, 93.0], [80.0, 93.5], [79.0, 93.5], [78.0, 93.5], [77.0, 93.5], [76.0, 93.5], [75.0, 93.5], [74.5, 94.0], [75.0, 94.5], [76.0, 94.5], [77.0, 94.5], [78.0, 94.5], [79.0, 94.5], [79.5, 95.0], [79.5, 96.0], [79.0, 96.5], [78.5, 97.0], [79.0, 97.5], [79.5, 98.0], [79.0, 98.5], [78.0, 98.5], [77.0, 98.5], [76.0, 98.5], [75.0, 98.5], [74.0, 98.5], [73.0, 98.5], [72.0, 98.5], [71.5, 98.0], [71.0, 97.5], [70.5, 98.0], [70.0, 98.5], [69.5, 99.0], [69.5, 100.0], [70.0, 100.5], [71.0, 100.5], [72.0, 100.5], [73.0, 100.5], [74.0, 100.5], [75.0, 100.5], [75.5, 101.0], [75.0, 101.5], [74.0, 101.5], [73.0, 101.5], [72.0, 101.5], [71.0, 101.5], [70.0, 101.5], [69.0, 101.5], [68.5, 101.0]]"
SLICE,Z15,GAS_LAT_R,-4.930778128708454,54.331883717416325,-453.362303134671,25.0,0.6077872189004914,"[[127.0, 63.5], [126.5, 64.0], [127.0, 64.5], [128.0, 64.5], [128.5, 65.0], [129.0, 65.5], [129.5, 65.0], [129.5, 64.0], [129.5, 63.0], [129.0, 62.5], [128.5, 62.0], [128.0, 61.5], [127.5, 62.0], [128.0, 62.5], [128.5, 63.0], [128.0, 63.5]]"
SLICE,Z15,TA_L,-4.930778128708454,54.331883717416325,-453.362303134671,381.0,0.4340849485028879,"[[216.0, 0.0], [215.5, 0.0], [216.0, 0.0], [216.5, 0.0], [216.5, 0.0], [217.0, 0.0], [218.0, 0.0], [218.5, 0.0], [219.0, 0.0], [219.5, 0.0], [220.0, 0.0], [220.5, 0.0], [220.5, 0.0], [220.5, 0.0], [220.5, 0.0], [221.0, 0.0], [221.5, 0.0], [222.0, 0.0], [222.5, 0.0], [222.0, 0.0], [221.5, 0.0], [221.0, 0.0], [220.0, 0.0], [219.5, 0.0], [220.0, 0.0], [221.0, 0.0], [221.5, 0.0], [222.0, 0.0], [222.5, 0.0], [223.0, 0.0], [224.0, 0.0], [224.5, 0.0], [224.5, 0.0], [225.0, 0.0], [226.0, 0.0], [227.0, 0.0], [228.0, 0.0], [229.0, 0.0], [229.5, 0.0], [230.0, 0.0], [231.0, 0.0], [232.0, 0.0], [233.0, 0.0], [233.5, 0.0], [234.0, 0.0], [234.5, 0.0], [234.0, 0.0], [233.5, 0.0], [234.0, 0.0], [235.0, 0.0], [236.0, 0.0], [237.0, 0.0], [237.5, 0.0], [237.5, 0.0], [237.5, 0.0], [237.5, 0.0], [237.5, 0.0], [237.5, 0.0], [238.0, 0.0], [238.5, 0.0], [239.0, 0.0], [239.5, 0.0], [239.5, 0.0], [240.0, 0.0], [240.5, 0.0], [241.0, 0.0], [241.5, 0.0], [241.5, 0.0], [242.0, 0.0], [242.5, 0.0], [242.0, 0.0], [241.0, 0.0], [240.0, 0.0], [239.5, 0.0], [239.0, 0.0], [238.0, 0.0], [237.0, 0.0], [236.0, 0.0], [235.0, 0.0], [234.0, 0.0], [233.0, 0.0], [232.0, 0.0], [231.5, 0.0], [231.0, 0.0], [230.0, 0.0], [229.0, 0.0], [228.0, 0.0], [227.0, 0.0], [226.0, 0.0], [225.5, 0.0], [225.0, 0.0], [224.0, 0.0], [223.0, 0.0], [222.5, 0.0], [222.0, 0.0], [221.0, 0.0], [220.0, 0.0], [219.0, 0.0], [218.0, 0.0], [217.5, 0.0], [217.0, 0.0], [216.5, 0.0]]"
SLICE,Z15,ED_L,-4.930778128708454,54.331883717416325,-453.362303134671,62.0,0.36074528809604756,"[[239.0, 0.0], [238.5, 0.0], [238.5, 0.0], [238.5, 0.0], [238.5, 0.0], [238.5, 0.0], [239.0, 0.0], [240.0, 0.0], [240.5, 0.0], [241.0, 0.0], [241.5, 0.0], [241.5, 0.0], [241.5, 0.0], [241.5, 0.0], [242.0, 0.0], [242.5, 0.0], [243.0, 0.0], [243.5, 0.0], [244.0, 0.0], [244.5, 0.0], [244.0, 0.0], [243.5, 0.0], [243.0, 0.0], [242.0, 0.0], [241.5, 0.0], [241.0, 0.0], [240.5, 0.0], [240.0, 0.0], [239.5, 0.0], [239.5, 0.0]]"
SLICE,Z15,PER_L,-4.930778128708454,54.331883717416325,-453.362303134671,0.0,,
SLICE,Z15,DLPC_L,-4.930778128708454,54.331883717416325,-453.362303134671,1433.0,0.054268042880855044,"[[207.0, 0.0], [206.5, 0.0], [207.0, 0.0], [208.0, 0.0], [209.0, 0.0], [210.0, 0.0], [211.0, 0.0], [212.0, 0.0], [212.5, 0.0], [212.0, 0.0], [211.0, 0.0], [210.0, 0.0], [209.0, 0.0], [208.0, 0.0], [207.5, 0.0], [208.0, 0.0], [209.0, 0.0], [210.0, 0.0], [211.0, 0.0], [212.0, 0.0], [213.0, 0.0], [213.5, 0.0], [214.0, 0.0], [214.5, 0.0], [214.0, 0.0], [213.0, 0.0], [212.0, 0.0], [211.0, 0.0], [210.5, 0.0], [211.0, 0.0], [212.0, 0.0], [213.0, 0.0], [214.0, 0.0], [215.0, 0.0], [216.0, 0.0], [216.5, 0.0], [216.0, 0.0], [215.0, 0.0], [214.0, 0.0], [213.0, 0.0], [212.0, 0.0], [211.5, 0.0], [212.0, 0.0], [213.0, 0.0], [214.0, 0.0], [215.0, 0.0], [216.0, 0.0], [216.5, 0.0], [217.0, 0.0], [218.0, 0.0], [218.5, 0.0], [218.0, 0.0], [217.0, 0.0], [216.5, 0.0], [217.0, 0.0], [218.0, 0.0], [219.0, 0.0], [219.5, 0.0], [219.5, 0.0], [220.0, 0.0], [221.0, 0.0], [222.0, 0.0], [223.0, 0.0], [224.0, 0.0], [225.0, 0.0], [226.0, 0.0], [227.0, 0.0], [228.0, 0.0], [228.5, 0.0], [229.0, 0.0], [230.0, 0.0], [231.0, 0.0], [231.5, 0.0], [231.5, 0.0], [232.0, 0.0], [232.5, 0.0], [232.0, 0.0], [231.5, 0.0], [231.5, 0.0], [231.5, 0.0], [231.5, 0.0], [231.5, 0.0], [231.5, 0.0], [231.5, 0.0], [231.5, 0.0], [231.5, 0.0], [231.5, 0.0], [231.5, 0.0], [231.5, 0.0], [232.0, 0.0], [232.5, 0.0], [233.0, 0.0], [233.5, 0.0], [234.0, 0.0], [234.5, 0.0], [234.5, 0.0], [234.5, 0.0], [235.0, 0.0], [236.0, 0.0], [237.0, 0.0], [237.5, 0.0], [238.0, 0.0], [238.5, 0.0], [239.0, 0.0], [240.0, 0.0], [241.0, 0.0], [242.0, 0.0], [242.5, 0.0], [243.0, 0.0], [243.5, 0.0], [244.0, 0.0], [244.5, 0.0], [245.0, 0.0], [245.5, 0.0], [245.5, 0.0], [246.0, 0.0], [246.5, 0.0], [246.5, 0.0], [246.5, 0.0], [246.5, 0.0], [246.5, 0.0], [246.0, 0.0], [245.5, 0.0], [245.5, 0.0], [245.5, 0.0], [245.0, 0.0], [244.5, 0.0], [244.0, 0.0], [243.5, 0.0], [243.0, 0.0], [242.5, 0.0], [242.0, 0.0], [241.0, 0.0], [240.5, 0.0], [240.0, 0.0], [239.5, 0.0], [239.0, 0.0], [238.5, 0.0], [238.0, 0.0], [237.0, 0.0], [236.0, 0.0], [235.5, 0.0], [235.0, 0.0], [234.5, 0.0], [235.0, 0.0], [236.0, 0.0], [237.0, 0.0], [237.5, 0.0], [238.0, 0.0], [239.0, 0.0], [240.0, 0.0], [241.0, 0.0], [241.5, 0.0], [242.0, 0.0], [243.0, 0.0], [244.0, 0.0], [244.5, 0.0], [245.0, 0.0], [246.0, 0.0], [247.0, 0.0], [247.5, 0.0], [247.0, 0.0], [246.0, 0.0], [245.5, 0.0], [246.0, 0.0], [246.5, 0.0], [246.0, 0.0], [245.0, 0.0], [244.5, 0.0], [245.0, 0.0], [246.0, 0.0], [246.5, 0.0], [246.5, 0.0], [246.5, 0.0], [247.0, 0.0], [247.5, 0.0], [247.0, 0.0], [246.5, 0.0], [247.0, 0.0], [248.0, 0.0], [249.0, 0.0], [249.5, 0.0], [250.0, 0.0], [250.5, 0.0], [250.5, 0.0], [251.0, 0.0], [252.0, 0.0], [253.0, 0.0], [254.0, 0.0], [254.5, 0.0], [254.5, 0.0], [254.5, 0.0], [255.0, 0.0], [256.0, 0.0], [256.5, 0.0], [256.5, 0.0], [257.0, 0.0], [257.5, 0.0], [257.5, 0.0], [258.0, 0.0], [258.5, 0.0], [259.0, 0.0], [259.5, 0.0], [259.5, 0.0], [260.0, 0.0], [260.5, 0.0], [260.5, 0.0], [261.0, 0.0], [261.5, 0.0], [261.5, 0.0], [261.5, 0.0], [262.0, 0.0], [262.5, 0.0], [262.5, 0.0], [263.0, 0.0], [263.5, 0.0], [263.5, 0.0], [263.5, 0.0], [263.5, 0.0], [263.5, 0.0], [263.5, 0.0], [263.5, 0.0], [263.5, 0.0], [263.0, 0.0], [262.5, 0.0], [262.0, 0.0], [261.5, 0.0], [261.5, 0.0], [261.5, 0.0], [261.5, 0.0], [261.0, 0.0], [260.5, 0.0], [260.0, 0.0], [259.5, 0.0], [259.5, 0.0], [259.5, 0.0], [259.0, 0.0], [258.5, 0.0], [258.0, 0.0], [257.0, 0.0], [256.5, 0.0], [256.5, 0.0], [256.0, 0.0], [255.5, 0.0], [255.0, 0.0], [254.5, 0.0], [254.5, 0.0], [254.0, 0.0], [253.0, 0.0], [252.5, 0.0], [252.0, 0.0], [251.5, 0.0], [251.0, 0.0], [250.0, 0.0], [249.5, 0.0], [249.0, 0.0], [248.5, 0.0], [248.0, 0.0], [247.5, 0.0], [247.0, 0.0], [246.0, 0.0], [245.5, 0.0], [245.0, 0.0], [244.5, 0.0], [244.0, 0.0], [243.0, 0.0], [242.0, 0.0], [241.0, 0.0], [240.5, 0.0], [240.0, 0.0], [239.0, 0.0], [238.0, 0.0], [237.0, 0.0], [236.5, 0.0], [236.0, 0.0], [235.0, 0.0], [234.0, 0.0], [233.5, 0.0], [233.0, 0.0], [232.0, 0.0], [231.0, 0.0], [230.0, 0.0], [229.5, 0.0], [229.0, 0.0], [228.0, 0.0], [227.0, 0.0], [226.0, 0.0], [225.0, 0.0], [224.0, 0.0], [223.0, 0.0], [222.0, 0.0], [221.0, 0.0], [220.5, 0.0], [220.0, 0.0], [219.5, 0.0], [219.0, 0.0], [218.0, 0.0], [217.5, 0.0], [217.5, 0.0], [217.0, 0.0], [216.5, 0.0], [216.5, 0.0], [216.0, 0.0], [215.5, 0.0], [215.0, 0.0], [214.5, 0.0], [215.0, 0.0], [215.5, 0.0], [215.0, 0.0], [214.5, 0.0], [215.0, 0.0], [215.5, 0.0], [215.0, 0.0], [214.0, 0.0], [213.0, 0.0], [212.0, 0.0], [211.5, 0.0], [211.0, 0.0], [210.0, 0.0], [209.5, 0.0], [210.0, 0.0], [210.5, 0.0], [211.0, 0.0], [211.5, 0.0], [211.0, 0.0], [210.0, 0.0], [209.0, 0.0], [208.5, 0.0], [208.0, 0.0], [207.5, 0.0], [207.5, 0.0], [208.0, 0.0], [208.5, 0.0], [209.0, 0.0], [210.0, 0.0], [210.5, 0.0], [211.0, 0.0], [211.5, 0.0], [211.0, 0.0], [210.0, 0.0], [209.0, 0.0], [208.0, 0.0]]"
SLICE,Z15,POP_L,-4.930778128708454,54.331883717416325,-453.362303134671,0.0,,
SLICE,Z15,SOL_L,-4.930778128708454,54.331883717416325,-453.362303134671,2629.0,0.24872872426466,"[[186.0, 0.0], [185.5, 0.0], [185.5, 0.0], [185.5, 0.0], [185.5, 0.0], [185.5, 0.0], [185.5, 0.0], [185.5, 0.0], [185.5, 0.0], [186.0, 0.0], [186.5, 0.0], [187.0, 0.0], [187.5, 0.0], [187.0, 0.0], [186.5, 0.0], [186.5, 0.0], [187.0, 0.0], [187.5, 0.0], [187.5, 0.0], [188.0, 0.0], [189.0, 0.0], [190.0, 0.0], [191.0, 0.0], [191.5, 0.0], [191.0, 0.0], [190.0, 0.0], [189.0, 0.0], [188.0, 0.0], [187.5, 0.0], [188.0, 0.0], [188.5, 0.0], [189.0, 0.0], [189.5, 0.0], [189.5, 0.0], [190.0, 0.0], [191.0, 0.0], [192.0, 0.0], [193.0, 0.0], [194.0, 0.0], [194.5, 0.0], [194.0, 0.0], [193.0, 0.0], [192.0, 0.0], [191.0, 0.0], [190.5, 0.0], [191.0, 0.0], [192.0, 0.0], [193.0, 0.0], [194.0, 0.0], [194.5, 0.0], [194.0, 0.0], [193.0, 0.0], [192.5, 0.0], [193.0, 0.0], [194.0, 0.0], [195.0, 0.0], [195.5, 0.0], [196.0, 0.0], [196.5, 0.0], [196.0, 0.0], [195.0, 0.0], [194.5, 0.0], [195.0, 0.0], [196.0, 0.0], [196.5, 0.0], [196.0, 0.0], [195.0, 0.0], [194.5, 0.0], [195.0, 0.0], [196.0, 0.0], [196.5, 0.0], [196.5, 0.0], [196.0, 0.0], [195.0, 0.0], [194.5, 0.0], [195.0, 0.0], [196.0, 0.0], [196.5, 0.0], [196.0, 0.0], [195.0, 0.0], [194.5, 0.0], [195.0, 0.0], [196.0, 0.0], [196.5, 0.0], [196.5, 0.0], [196.0, 0.0], [195.5, 0.0], [196.0, 0.0], [196.5, 0.0], [196.5, 0.0], [196.5, 0.0], [197.0, 0.0], [198.0, 0.0], [198.5, 0.0], [198.5, 0.0], [198.0, 0.0], [197.0, 0.0], [196.5, 0.0], [197.0, 0.0], [198.0, 0.0], [199.0, 0.0], [199.5, 0.0], [199.5, 0.0], [200.0, 0.0], [201.0, 0.0], [202.0, 0.0], [203.0, 0.0], [204.0, 0.0], [204.5, 0.0], [205.0, 0.0], [206.0, 0.0], [207.0, 0.0], [207.5, 0.0], [208.0, 0.0], [209.0, 0.0], [210.0, 0.0], [211.0, 0.0], [212.0, 0.0], [213.0, 0.0], [214.0, 0.0], [214.5, 0.0], [214.0, 0.0], [213.0, 0.0], [212.5, 0.0], [213.0, 0.0], [214.0, 0.0], [215.0, 0.0], [216.0, 0.0], [217.0, 0.0], [218.0, 0.0], [219.0, 0.0], [219.5, 0.0], [220.0, 0.0], [220.5, 0.0], [221.0, 0.0], [222.0, 0.0], [223.0, 0.0], [224.0, 0.0], [225.0, 0.0], [226.0, 0.0], [226.5, 0.0], [227.0, 0.0], [228.0, 0.0], [229.0, 0.0], [229.5, 0.0], [230.0, 0.0], [231.0, 0.0], [231.5, 0.0], [231.5, 0.0], [232.0, 0.0], [233.0, 0.0], [233.5, 0.0], [234.0, 0.0], [234.5, 0.0], [235.0, 0.0], [236.0, 0.0], [237.0, 0.0], [237.5, 0.0], [238.0, 0.0], [239.0, 0.0], [240.0, 0.0], [240.5, 0.0], [241.0, 0.0], [242.0, 0.0], [243.0, 0.0], [244.0, 0.0], [244.5, 0.0], [244.0, 0.0], [243.0, 0.0], [242.5, 0.0], [242.0, 0.0], [241.0, 0.0], [240.0, 0.0], [239.0, 0.0], [238.0, 0.0], [237.0, 0.0], [236.5, 0.0], [237.0, 0.0], [238.0, 0.0], [239.0, 0.0], [240.0, 0.0], [241.0, 0.0], [242.0, 0.0], [243.0, 0.0], [244.0, 0.0], [245.0, 0.0], [246.0, 0.0], [247.0, 0.0], [248.0, 0.0], [249.0, 0.0], [250.0, 0.0], [250.5, 0.0], [251.0, 0.0], [251.5, 0.0], [251.0, 0.0], [250.0, 0.0], [249.5, 0.0], [249.0, 0.0], [248.0, 0.0], [247.0, 0.0], [246.0, 0.0], [245.0, 0.0], [244.0, 0.0], [243.0, 0.0], [242.0, 0.0], [241.5, 0.0], [241.0, 0.0], [240.0, 0.0], [239.0, 0.0], [238.5, 0.0], [239.0, 0.0], [240.0, 0.0], [241.0, 0.0], [242.0, 0.0], [243.0, 0.0], [243.5, 0.0], [243.0, 0.0], [242.0, 0.0], [241.0, 0.0], [240.0, 0.0], [239.5, 0.0], [240.0, 0.0], [241.0, 0.0], [242.0, 0.0], [243.0, 0.0], [244.0, 0.0], [245.0, 0.0], [246.0, 0.0], [246.5, 0.0], [247.0, 0.0], [248.0, 0.0], [249.0, 0.0], [249.5, 0.0], [250.0, 0.0], [251.0, 0.0], [251.5, 0.0], [251.0, 0.0], [250.5, 0.0], [251.0, 0.0], [251.5, 0.0], [252.0, 0.0], [253.0, 0.0], [254.0, 0.0], [255.0, 0.0], [256.0, 0.0], [257.0, 0.0], [258.0, 0.0], [259.0, 0.0], [259.5, 0.0], [260.0, 0.0], [261.0, 0.0], [261.5, 0.0], [262.0, 0.0], [263.0, 0.0], [263.5, 0.0], [264.0, 0.0], [265.0, 0.0], [266.0, 0.0], [266.5, 0.0], [266.5, 0.0], [267.0, 0.0], [268.0, 0.0], [268.5, 0.0], [269.0, 0.0], [269.5, 0.0], [269.5, 0.0], [270.0, 0.0], [270.5, 0.0], [271.0, 0.0], [271.5, 0.0], [271.5, 0.0], [272.0, 0.0], [272.5, 0.0], [273.0, 0.0], [273.5, 0.0], [274.0, 0.0], [274.5, 0.0], [274.5, 0.0], [274.5, 0.0], [274.0, 0.0], [273.5, 0.0], [273.0, 0.0], [272.0, 0.0], [271.5, 0.0], [271.0, 0.0], [270.0, 0.0], [269.0, 0.0], [268.5, 0.0], [268.0, 0.0], [267.5, 0.0], [267.0, 0.0], [266.0, 0.0], [265.0, 0.0], [264.5, 0.0], [264.0, 0.0], [263.5, 0.0], [263.0, 0.0], [262.0, 0.0], [261.5, 0.0], [261.0, 0.0], [260.5, 0.0], [260.0, 0.0], [259.5, 0.0], [259.0, 0.0], [258.5, 0.0], [258.0, 0.0], [257.5, 0.0], [257.0, 0.0], [256.5, 0.0], [256.0, 0.0], [255.5, 0.0], [255.0, 0.0], [254.5, 0.0], [254.5, 0.0], [254.5, 0.0], [254.0, 0.0], [253.0, 0.0], [252.0, 0.0], [251.0, 0.0], [250.5, 0.0], [250.5, 0.0], [250.0, 0.0], [249.5, 0.0], [249.0, 0.0], [248.0, 0.0], [247.0, 0.0], [246.5, 0.0], [247.0, 0.0], [247.5, 0.0], [247.0, 0.0], [246.5, 0.0], [246.5, 0.0], [246.5, 0.0], [246.0, 0.0], [245.0, 0.0], [244.5, 0.0], [245.0, 0.0], [246.0, 0.0], [246.5, 0.0], [246.0, 0.0], [245.5, 0.0], [246.0, 0.0], [247.0, 0.0], [247.5, 0.0], [247.0, 0.0], [246.0, 0.0], [245.0, 0.0], [244.5, 0.0], [244.0, 0.0], [243.0, 0.0], [242.0, 0.0], [241.5, 0.0], [241.0, 0.0], [240.0, 0.0], [239.0, 0.0], [238.0, 0.0], [237.5, 0.0], [237.0, 0.0], [236.0, 0.0], [235.0, 0.0], [234.5, 0.0], [234.5, 0.0], [234.0, 0.0], [233.0, 0.0], [232.0, 0.0], [231.5, 0.0], [231.0, 0.0], [230.0, 0.0], [229.0, 0.0], [228.5, 0.0], [228.0, 0.0], [227.0, 0.0], [226.0, 0.0], [225.0, 0.0], [224.0, 0.0], [223.0, 0.0], [222.0, 0.0], [221.0, 0.0], [220.0, 0.0], [219.5, 0.0], [219.5, 0.0], [219.0, 0.0], [218.0, 0.0], [217.0, 0.0], [216.5, 0.0], [217.0, 0.0], [218.0, 0.0], [218.5, 0.0], [218.0, 0.0], [217.0, 0.0], [216.5, 0.0], [216.0, 0.0], [215.0, 0.0], [214.0, 0.0], [213.0, 0.0], [212.0, 0.0], [211.5, 0.0], [212.0, 0.0], [213.0, 0.0], [214.0, 0.0], [215.0, 0.0], [216.0, 0.0], [216.5, 0.0], [216.0, 0.0], [215.0, 0.0], [214.0, 0.0], [213.0, 0.0], [212.0, 0.0], [211.0, 0.0], [210.5, 0.0], [211.0, 0.0], [212.0, 0.0], [213.0, 0.0], [214.0, 0.0], [214.5, 0.0], [214.0, 0.0], [213.5, 0.0], [213.0, 0.0], [212.0, 0.0], [211.0, 0.0], [210.0, 0.0], [209.0, 0.0], [208.0, 0.0], [207.5, 0.0], [208.0, 0.0], [209.0, 0.0], [210.0, 0.0], [211.0, 0.0], [212.0, 0.0], [212.5, 0.0], [212.0, 0.0], [211.0, 0.0], [210.0, 0.0], [209.0, 0.0], [208.0, 0.0], [207.0, 0.0], [206.5, 0.0], [207.0, 0.0], [208.0, 0.0], [209.0, 0.0], [210.0, 0.0], [211.0, 0.0], [211.5, 0.0], [211.0, 0.0], [210.5, 0.0], [210.0, 0.0], [209.0, 0.0], [208.5, 0.0], [208.0, 0.0], [207.5, 0.0], [207.5, 0.0], [208.0, 0.0], [208.5, 0.0], [209.0, 0.0], [210.0, 0.0], [211.0, 0.0], [211.5, 0.0], [211.0, 0.0], [210.5, 0.0], [210.0, 0.0], [209.5, 0.0], [210.0, 0.0], [211.0, 0.0], [211.5, 0.0], [212.0, 0.0], [213.0, 0.0], [214.0, 0.0], [215.0, 0.0], [215.5, 0.0], [215.0, 0.0], [214.5, 0.0], [215.0, 0.0], [215.5, 0.0], [215.0, 0.0], [214.5, 0.0], [215.0, 0.0], [215.5, 0.0], [216.0, 0.0], [216.5, 0.0], [216.5, 0.0], [217.0, 0.0], [217.5, 0.0], [217.5, 0.0], [218.0, 0.0], [218.5, 0.0], [218.5, 0.0], [218.0, 0.0], [217.0, 0.0], [216.5, 0.0], [216.0, 0.0], [215.5, 0.0], [215.0, 0.0], [214.5, 0.0], [214.0, 0.0], [213.0, 0.0], [212.0, 0.0], [211.5, 0.0], [211.0, 0.0], [210.0, 0.0], [209.5, 0.0], [209.0, 0.0], [208.0, 0.0], [207.5, 0.0], [207.0, 0.0], [206.0, 0.0], [205.5, 0.0], [205.0, 0.0], [204.0, 0.0], [203.5, 0.0], [203.5, 0.0], [203.5, 0.0], [203.0, 0.0], [202.0, 0.0], [201.5, 0.0], [201.5, 0.0], [201.0, 0.0], [200.5, 0.0], [200.0, 0.0], [199.0, 0.0], [198.5, 0.0], [198.0, 0.0], [197.0, 0.0], [196.5, 0.0], [196.0, 0.0], [195.5, 0.0], [195.0, 0.0], [194.5, 0.0], [194.0, 0.0], [193.5, 0.0], [193.5, 0.0], [193.5, 0.0], [193.5, 0.0], [193.0, 0.0], [192.5, 0.0], [192.0, 0.0], [191.5, 0.0], [191.5, 0.0], [191.5, 0.0], [191.0, 0.0], [190.5, 0.0], [190.0, 0.0], [189.5, 0.0], [189.0, 0.0], [188.5, 0.0], [188.0, 0.0], [187.5, 0.0], [187.5, 0.0], [187.0, 0.0]]"
SLICE,Z15,GAS_MED_L,-4.930778128708454,54.331883717416325,-453.362303134671,1961.0,0.18171028691264915,"[[175.0, 0.0], [174.5, 0.0], [174.5, 0.0], [174.5, 0.0], [174.5, 0.0], [174.5, 0.0], [174.5, 0.0], [174.5, 0.0], [174.5, 0.0], [174.5, 0.0], [174.5, 0.0], [174.5, 0.0], [174.5, 0.0], [174.5, 0.0], [175.0, 0.0], [175.5, 0.0], [175.5, 0.0], [175.5, 0.0], [175.5, 0.0], [175.5, 0.0], [176.0, 0.0], [176.5, 0.0], [176.5, 0.0], [177.0, 0.0], [177.5, 0.0], [178.0, 0.0], [178.5, 0.0], [179.0, 0.0], [179.5, 0.0], [179.5, 0.0], [180.0, 0.0], [180.5, 0.0], [180.5, 0.0], [181.0, 0.0], [181.5, 0.0], [181.5, 0.0], [182.0, 0.0], [183.0, 0.0], [183.5, 0.0], [183.5, 0.0], [183.5, 0.0], [184.0, 0.0], [184.5, 0.0], [185.0, 0.0], [185.5, 0.0], [185.5, 0.0], [185.5, 0.0], [185.5, 0.0], [186.0, 0.0], [186.5, 0.0], [187.0, 0.0], [187.5, 0.0], [188.0, 0.0], [188.5, 0.0], [188.5, 0.0], [189.0, 0.0], [190.0, 0.0], [190.5, 0.0], [190.5, 0.0], [191.0, 0.0], [192.0, 0.0], [192.5, 0.0], [193.0, 0.0], [193.5, 0.0], [193.5, 0.0], [194.0, 0.0], [195.0, 0.0], [195.5, 0.0], [196.0, 0.0], [196.5, 0.0], [197.0, 0.0], [198.0, 0.0], [198.5, 0.0], [199.0, 0.0], [200.0, 0.0], [200.5, 0.0], [201.0, 0.0], [202.0, 0.0], [202.5, 0.0], [203.0, 0.0], [204.0, 0.0], [205.0, 0.0], [206.0, 0.0], [207.0, 0.0], [208.0, 0.0], [208.5, 0.0], [209.0, 0.0], [210.0, 0.0], [211.0, 0.0], [212.0, 0.0], [213.0, 0.0], [214.0, 0.0], [215.0, 0.0], [216.0, 0.0], [217.0, 0.0], [218.0, 0.0], [219.0, 0.0], [219.5, 0.0], [220.0, 0.0], [221.0, 0.0], [222.0, 0.0], [222.5, 0.0], [223.0, 0.0], [224.0, 0.0], [225.0, 0.0], [226.0, 0.0], [227.0, 0.0], [228.0, 0.0], [229.0, 0.0], [229.5, 0.0], [230.0, 0.0], [231.0, 0.0], [232.0, 0.0], [232.5, 0.0], [233.0, 0.0], [234.0, 0.0], [235.0, 0.0], [236.0, 0.0], [236.5, 0.0], [237.0, 0.0], [237.5, 0.0], [238.0, 0.0], [239.0, 0.0], [239.5, 0.0], [240.0, 0.0], [241.0, 0.0], [241.5, 0.0], [242.0, 0.0], [242.5, 0.0], [243.0, 0.0], [244.0, 0.0], [244.5, 0.0], [244.5, 0.0], [245.0, 0.0], [245.5, 0.0], [246.0, 0.0], [246.5, 0.0], [247.0, 0.0], [247.5, 0.0], [248.0, 0.0], [248.5, 0.0], [249.0, 0.0], [249.5, 0.0], [249.5, 0.0], [250.0, 0.0], [250.5, 0.0], [250.5, 0.0], [251.0, 0.0], [251.5, 0.0], [251.5, 0.0], [251.5, 0.0], [252.0, 0.0], [252.5, 0.0], [252.5, 0.0], [252.5, 0.0], [253.0, 0.0], [253.5, 0.0], [253.5, 0.0], [253.5, 0.0], [253.5, 0.0], [253.0, 0.0], [252.0, 0.0], [251.5, 0.0], [251.0, 0.0], [250.5, 0.0], [250.0, 0.0], [249.0, 0.0], [248.0, 0.0], [247.0, 0.0], [246.0, 0.0], [245.0, 0.0], [244.0, 0.0], [243.0, 0.0], [242.0, 0.0], [241.0, 0.0], [240.0, 0.0], [239.0, 0.0], [238.0, 0.0], [237.0, 0.0], [236.5, 0.0], [237.0, 0.0], [238.0, 0.0], [239.0, 0.0], [240.0, 0.0], [241.0, 0.0], [242.0, 0.0], [242.5, 0.0], [243.0, 0.0], [244.0, 0.0], [244.5, 0.0], [244.0, 0.0], [243.0, 0.0], [242.0, 0.0], [241.0, 0.0], [240.5, 0.0], [240.0, 0.0], [239.0, 0.0], [238.0, 0.0], [237.5, 0.0], [237.0, 0.0], [236.0, 0.0], [235.0, 0.0], [234.5, 0.0], [234.0, 0.0], [233.5, 0.0], [233.0, 0.0], [232.0, 0.0], [231.5, 0.0], [231.5, 0.0], [231.0, 0.0], [230.0, 0.0], [229.5, 0.0], [229.0, 0.0], [228.0, 0.0], [227.0, 0.0], [226.5, 0.0], [226.0, 0.0], [225.5, 0.0], [225.0, 0.0], [224.0, 0.0], [223.0, 0.0], [222.5, 0.0], [222.0, 0.0], [221.0, 0.0], [220.5, 0.0], [220.0, 0.0], [219.5, 0.0], [219.0, 0.0], [218.0, 0.0], [217.0, 0.0], [216.0, 0.0], [215.0, 0.0], [214.0, 0.0], [213.0, 0.0], [212.5, 0.0], [213.0, 0.0], [214.0, 0.0], [214.5, 0.0], [214.0, 0.0], [213.0, 0.0], [212.0, 0.0], [211.0, 0.0], [210.0, 0.0], [209.0, 0.0], [208.0, 0.0], [207.5, 0.0], [207.0, 0.0], [206.0, 0.0], [205.0, 0.0], [204.0, 0.0], [203.0, 0.0], [202.0, 0.0], [201.5, 0.0], [201.0, 0.0], [200.0, 0.0], [199.5, 0.0], [199.5, 0.0], [199.0, 0.0], [198.0, 0.0], [197.0, 0.0], [196.5, 0.0], [197.0, 0.0], [198.0, 0.0], [198.5, 0.0], [198.0, 0.0], [197.5, 0.0], [197.0, 0.0], [196.5, 0.0], [196.5, 0.0], [196.5, 0.0], [196.0, 0.0], [195.5, 0.0], [195.0, 0.0], [194.5, 0.0], [195.0, 0.0], [195.5, 0.0], [195.0, 0.0], [194.5, 0.0], [194.5, 0.0], [194.5, 0.0], [194.0, 0.0], [193.5, 0.0], [193.0, 0.0], [192.0, 0.0], [191.5, 0.0], [192.0, 0.0], [193.0, 0.0], [193.5, 0.0], [193.0, 0.0], [192.0, 0.0], [191.5, 0.0], [192.0, 0.0], [192.5, 0.0], [192.0, 0.0], [191.0, 0.0], [190.5, 0.0], [190.5, 0.0], [191.0, 0.0], [191.5, 0.0], [191.0, 0.0], [190.0, 0.0], [189.0, 0.0], [188.0, 0.0], [187.5, 0.0], [188.0, 0.0], [189.0, 0.0], [189.5, 0.0], [189.0, 0.0], [188.0, 0.0], [187.0, 0.0], [186.5, 0.0], [186.5, 0.0], [186.5, 0.0], [186.5, 0.0], [187.0, 0.0], [187.5, 0.0], [187.0, 0.0], [186.0, 0.0], [185.5, 0.0], [185.5, 0.0], [186.0, 0.0], [186.5, 0.0], [186.0, 0.0], [185.5, 0.0], [185.0, 0.0], [184.5, 0.0], [184.0, 0.0], [183.0, 0.0], [182.0, 0.0], [181.5, 0.0], [181.0, 0.0], [180.0, 0.0], [179.5, 0.0], [179.0, 0.0], [178.5, 0.0], [178.0, 0.0], [177.5, 0.0], [177.0, 0.0], [176.5, 0.0], [176.0, 0.0], [175.5, 0.0], [175.5, 0.0]]"
SLICE,Z15,GAS_LAT_L,-4.930778128708454,54.331883717416325,-453.362303134671,77.0,0.32797044873738584,"[[187.0, 0.0], [186.5, 0.0], [186.5, 0.0], [186.5, 0.0], [186.5, 0.0], [187.0, 0.0], [188.0, 0.0], [189.0, 0.0], [189.5, 0.0], [189.0, 0.0], [188.0, 0.0], [187.5, 0.0], [188.0, 0.0], [189.0, 0.0], [190.0, 0.0], [191.0, 0.0], [191.5, 0.0], [191.0, 0.0], [190.5, 0.0], [190.5, 0.0], [191.0, 0.0], [192.0, 0.0], [192.5, 0.0], [192.0, 0.0], [191.5, 0.0], [192.0, 0.0], [193.0, 0.0], [193.5, 0.0], [193.0, 0.0], [192.0, 0.0], [191.5, 0.0], [192.0, 0.0], [193.0, 0.0], [193.5, 0.0], [194.0, 0.0], [195.0, 0.0], [196.0, 0.0], [196.5, 0.0], [196.5, 0.0], [196.0, 0.0], [195.0, 0.0], [194.5, 0.0], [195.0, 0.0], [196.0, 0.0], [196.5, 0.0], [196.0, 0.0], [195.0, 0.0], [194.5, 0.0], [195.0, 0.0], [196.0, 0.0], [196.5, 0.0], [196.0, 0.0], [195.5, 0.0], [195.0, 0.0], [194.0, 0.0], [193.0, 0.0], [192.5, 0.0], [193.0, 0.0], [194.0, 0.0], [194.5, 0.0], [194.0, 0.0], [193.0, 0.0], [192.0, 0.0], [191.0, 0.0], [190.5, 0.0], [191.0, 0.0], [192.0, 0.0], [193.0, 0.0], [194.0, 0.0], [194.5, 0.0], [194.0, 0.0], [193.0, 0.0], [192.0, 0.0], [191.0, 0.0], [190.0, 0.0], [189.5, 0.0], [189.5, 0.0], [189.0, 0.0], [188.5, 0.0], [188.0, 0.0]]"
SLICE,Z16,TA_R,-4.926453961395623,54.377595998958995,-419.1959155315079,655.0,0.4389324856649632,"[[73.0, 19.5], [72.5, 20.0], [72.5, 21.0], [73.0, 21.5], [73.5, 22.0], [73.5, 23.0], [73.0, 23.5], [72.5, 24.0], [73.0, 24.5], [74.0, 24.5], [74.5, 25.0], [75.0, 25.5], [75.5, 26.0], [76.0, 26.5], [76.5, 27.0], [77.0, 27.5], [77.5, 27.0], [78.0, 26.5], [78.5, 27.0], [78.5, 28.0], [78.5, 29.0], [78.5, 30.0], [79.0, 30.5], [80.0, 30.5], [80.5, 31.0], [81.0, 31.5], [81.5, 32.0], [82.0, 32.5], [83.0, 32.5], [83.5, 33.0], [84.0, 33.5], [85.0, 33.5], [86.0, 33.5], [87.0, 33.5], [88.0, 33.5], [89.0, 33.5], [89.5, 33.0], [89.0, 32.5], [88.0, 32.5], [87.5, 32.0], [88.0, 31.5], [89.0, 31.5], [89.5, 31.0], [89.0, 30.5], [88.0, 30.5], [87.0, 30.5], [86.5, 30.0], [87.0, 29.5], [88.0, 29.5], [89.0, 29.5], [90.0, 29.5], [91.0, 29.5], [91.5, 29.0], [91.5, 28.0], [92.0, 27.5], [92.5, 27.0], [92.5, 26.0], [93.0, 25.5], [93.5, 25.0], [93.5, 24.0], [93.5, 23.0], [93.0, 22.5], [92.0, 22.5], [91.0, 22.5], [90.5, 23.0], [90.5, 24.0], [91.0, 24.5], [92.0, 24.5], [92.5, 25.0], [92.0, 25.5], [91.0, 25.5], [90.0, 25.5], [89.5, 26.0], [90.0, 26.5], [91.0, 26.5], [91.5, 27.0], [91.0, 27.5], [90.0, 27.5], [89.0, 27.5], [88.0, 27.5], [87.0, 27.5], [86.0, 27.5], [85.5, 28.0], [85.0, 28.5], [84.0, 28.5], [83.5, 28.0], [83.0, 27.5], [82.0, 27.5], [81.0, 27.5], [80.0, 27.5], [79.5, 27.0], [79.5, 26.0], [79.5, 25.0], [80.0, 24.5], [81.0, 24.5], [81.5, 24.0], [81.0, 23.5], [80.5, 23.0], [81.0, 22.5], [81.5, 22.0], [81.5, 21.0], [81.0, 20.5], [80.0, 20.5], [79.0, 20.5], [78.0, 20.5], [77.0, 20.5], [76.5, 20.0], [77.0, 19.5], [78.0, 19.5], [79.0, 19.5], [80.0, 19.5], [81.0, 19.5], [82.0, 19.5], [83.0, 19.5], [84.0, 19.5], [85.0, 19.5], [86.0, 19.5], [87.0, 19.5], [88.0, 19.5], [89.0, 19.5], [90.0, 19.5], [91.0, 19.5], [92.0, 19.5], [93.0, 19.5], [94.0, 19.5], [94.5, 19.0], [94.0, 18.5], [93.0, 18.5], [92.5, 18.0], [92.0, 17.5], [91.0, 17.5], [90.0, 17.5], [89.0, 17.5], [88.0, 17.5], [87.5, 17.0], [88.0, 16.5], [89.0, 16.5], [90.0, 16.5], [91.0, 16.5], [92.0, 16.5], [93.0, 16.5], [94.0, 16.5], [94.5, 16.0], [94.0, 15.5], [93.0, 15.5], [92.5, 15.0], [92.0, 14.5], [91.0, 14.5], [90.0, 14.5], [89.0, 14.5], [88.0, 14.5], [87.5, 15.0], [87.0, 15.5], [86.5, 15.0], [86.0, 14.5], [85.0, 14.5], [84.0, 14.5], [83.0, 14.5], [82.5, 15.0], [82.0, 15.5], [81.5, 15.0], [81.0, 14.5], [80.5, 15.0], [80.0, 15.5], [79.0, 15.5], [78.0, 15.5], [77.5, 16.0], [77.0, 16.5], [76.0, 16.5], [75.5, 17.0], [75.0, 17.5], [74.5, 18.0], [74.0, 18.5], [73.5, 19.0]]"
SLICE,Z16,ED_R,-4.926453961395623,54.377595998958995,-419.1959155315079,0.0,,
SLICE,Z16,PER_R,-4.926453961395623,54.377595998958995,-419.1959155315079,69.0,0.06709017107649962,"[[76.0, 92.5], [75.5, 93.0], [76.0, 93.5], [77.0, 93.5], [77.5, 94.0], [77.5, 95.0], [78.0, 95.5], [79.0, 95.5], [80.0, 95.5], [81.0, 95.5], [82.0, 95.5], [83.0, 95.5], [84.0, 95.5], [85.0, 95.5], [86.0, 95.5], [86.5, 95.0], [86.0, 94.5], [85.5, 94.0], [86.0, 93.5], [87.0, 93.5], [87.5, 93.0], [87.0, 92.5], [86.0, 92.5], [85.0, 92.5], [84.5, 92.0], [84.5, 91.0], [84.5, 90.0], [84.0, 89.5], [83.5, 90.0], [83.0, 90.5], [82.5, 90.0], [82.0, 89.5], [81.0, 89.5], [80.0, 89.5], [79.5, 90.0], [79.5, 91.0], [79.0, 91.5], [78.5, 92.0], [78.0, 92.5], [77.0, 92.5]]"
SLICE,Z16,DLPC_R,-4.926453961395623,54.377595998958995,-419.1959155315079,908.0,0.07002066685306828,"[[55.0, 54.5], [54.5, 55.0], [54.5, 56.0], [55.0, 56.5], [56.0, 56.5], [57.0, 56.5], [57.5, 57.0], [58.0, 57.5], [58.5, 58.0], [59.0, 58.5], [59.5, 59.0], [60.0, 59.5], [60.5, 60.0], [60.5, 61.0], [60.5, 62.0], [61.0, 62.5], [61.5, 63.0], [62.0, 63.5], [63.0, 63.5], [63.5, 64.0], [63.5, 65.0], [64.0, 65.5], [64.5, 66.0], [65.0, 66.5], [65.5, 67.0], [65.5, 68.0], [66.0, 68.5], [67.0, 68.5], [68.0, 68.5], [68.5, 69.0], [69.0, 69.5], [69.5, 70.0], [70.0, 70.5], [71.0, 70.5], [71.5, 70.0], [71.5, 69.0], [71.5, 68.0], [71.0, 67.5], [70.0, 67.5], [69.5, 67.0], [69.5, 66.0], [69.0, 65.5], [68.5, 65.0], [68.0, 64.5], [67.5, 64.0], [67.5, 63.0], [67.0, 62.5], [66.5, 62.0], [66.5, 61.0], [66.5, 60.0], [66.5, 59.0], [66.5, 58.0], [66.5, 57.0], [66.5, 56.0], [67.0, 55.5], [67.5, 55.0], [68.0, 54.5], [68.5, 54.0], [69.0, 53.5], [69.5, 53.0], [70.0, 52.5], [71.0, 52.5], [71.5, 52.0], [72.0, 51.5], [73.0, 51.5], [74.0, 51.5], [75.0, 51.5], [76.0, 51.5], [76.5, 52.0], [77.0, 52.5], [78.0, 52.5], [78.5, 53.0], [78.5, 54.0], [79.0, 54.5], [79.5, 55.0], [80.0, 55.5], [80.5, 56.0], [81.0, 56.5], [81.5, 57.0], [81.5, 58.0], [81.5, 59.0], [81.5, 60.0], [81.5, 61.0], [81.5, 62.0], [81.5, 63.0], [81.5, 64.0], [81.5, 65.0], [81.0, 65.5], [80.5, 66.0], [80.5, 67.0], [80.0, 67.5], [79.5, 68.0], [80.0, 68.5], [80.5, 69.0], [81.0, 69.5], [82.0, 69.5], [83.0, 69.5], [83.5, 69.0], [84.0, 68.5], [85.0, 68.5], [86.0, 68.5], [87.0, 68.5], [88.0, 68.5], [89.0, 68.5], [89.5, 68.0], [89.5, 67.0], [90.0, 66.5], [91.0, 66.5], [91.5, 66.0], [92.0, 65.5], [93.0, 65.5], [94.0, 65.5], [94.5, 65.0], [94.5, 64.0], [95.0, 63.5], [96.0, 63.5], [96.5, 63.0], [96.5, 62.0], [96.5, 61.0], [96.0, 60.5], [95.5, 60.0], [95.5, 59.0], [96.0, 58.5], [96.5, 58.0], [96.0, 57.5], [95.0, 57.5], [94.5, 57.0], [95.0, 56.5], [96.0, 56.5], [96.5, 56.0], [96.0, 55.5], [95.0, 55.5], [94.0, 55.5], [93.5, 55.0], [94.0, 54.5], [95.0, 54.5], [96.0, 54.5], [96.5, 54.0], [96.5, 53.0], [96.0, 52.5], [95.0, 52.5], [94.0, 52.5], [93.5, 52.0], [94.0, 51.5], [95.0, 51.5], [96.0, 51.5], [96.5, 51.0], [96.0, 50.5], [95.0, 50.5], [94.0, 50.5], [93.5, 50.0], [94.0, 49.5], [95.0, 49.5], [96.0, 49.5], [97.0, 49.5], [98.0, 49.5], [99.0, 49.5], [99.5, 49.0], [100.0, 48.5], [100.5, 48.0], [100.0, 47.5], [99.0, 47.5], [98.0, 47.5], [97.0, 47.5], [96.0, 47.5], [95.5, 47.0], [96.0, 46.5], [97.0, 46.5], [98.0, 46.5], [99.0, 46.5], [99.5, 46.0], [99.0, 45.5], [98.0, 45.5], [97.0, 45.5], [96.0, 45.5], [95.0, 45.5], [94.5, 45.0], [95.0, 44.5], [96.0, 44.5], [97.0, 44.5], [98.0, 44.5], [99.0, 44.5], [99.5, 44.0], [99.0, 43.5], [98.0, 43.5], [97.5, 43.0], [97.0, 42.5], [96.0, 42.5], [95.0, 42.5], [94.5, 42.0], [95.0, 41.5], [95.5, 41.0], [95.0, 40.5], [94.0, 40.5], [93.5, 40.0], [94.0, 39.5], [95.0, 39.5], [95.5, 39.0], [95.5, 38.0], [95.0, 37.5], [94.0, 37.5], [93.0, 37.5], [92.5, 37.0], [93.0, 36.5], [93.5, 36.0], [93.0, 35.5], [92.5, 35.0], [92.0, 34.5], [91.0, 34.5], [90.0, 34.5], [89.5, 34.0], [89.0, 33.5], [88.0, 33.5], [87.0, 33.5], [86.0, 33.5], [85.0, 33.5], [84.0, 33.5], [83.0, 33.5], [82.5, 34.0], [82.0, 34.5], [81.0, 34.5], [80.0, 34.5], [79.0, 34.5], [78.5, 35.0], [78.0, 35.5], [77.0, 35.5], [76.5, 36.0], [76.0, 36.5], [75.0, 36.5], [74.5, 37.0], [74.0, 37.5], [73.5, 38.0], [73.0, 38.5], [72.0, 38.5], [71.5, 39.0], [71.0, 39.5], [70.0, 39.5], [69.0, 39.5], [68.5, 40.0], [68.0, 40.5], [67.5, 41.0], [67.0, 41.5], [66.5, 42.0], [66.0, 42.5], [65.5, 43.0], [65.0, 43.5], [64.0, 43.5], [63.5, 44.0], [63.0, 44.5], [62.5, 45.0], [62.0, 45.5], [61.0, 45.5], [60.5, 46.0], [60.5, 47.0], [60.0, 47.5], [59.0, 47.5], [58.5, 48.0], [58.5, 49.0], [58.0, 49.5], [57.5, 50.0], [57.0, 50.5], [56.5, 51.0], [56.0, 51.5], [55.5, 52.0], [55.5, 53.0], [55.5, 54.0]]"
SLICE,Z16,POP_R,-4.926453961395623,54.377595998958995,-419.1959155315079,0.0,,
SLICE,Z16,SOL_R,-4.926453961395623,54.377595998958995,-419.1959155315079,2323.0,0.2541545476762855,"[[70.0, 93.5], [69.5, 94.0], [69.5, 95.0], [70.0, 95.5], [70.5, 96.0], [70.5, 97.0], [70.5, 98.0], [70.5, 99.0], [70.5, 100.0], [71.0, 100.5], [72.0, 100.5], [73.0, 100.5], [74.0, 100.5], [74.5, 100.0], [75.0, 99.5], [76.0, 99.5], [77.0, 99.5], [77.5, 99.0], [77.0, 98.5], [76.0, 98.5], [75.5, 98.0], [76.0, 97.5], [77.0, 97.5], [77.5, 97.0], [77.5, 96.0], [77.5, 95.0], [77.5, 94.0], [77.0, 93.5], [76.0, 93.5], [75.5, 93.0], [76.0, 92.5], [77.0, 92.5], [78.0, 92.5], [78.5, 92.0], [79.0, 91.5], [79.5, 91.0], [79.5, 90.0], [80.0, 89.5], [81.0, 89.5], [82.0, 89.5], [82.5, 90.0], [83.0, 90.5], [83.5, 90.0], [84.0, 89.5], [84.5, 90.0], [84.5, 91.0], [84.5, 92.0], [85.0, 92.5], [86.0, 92.5], [87.0, 92.5], [87.5, 93.0], [87.0, 93.5], [86.0, 93.5], [85.5, 94.0], [86.0, 94.5], [86.5, 95.0], [86.5, 96.0], [86.5, 97.0], [87.0, 97.5], [88.0, 97.5], [88.5, 97.0], [89.0, 96.5], [89.5, 96.0], [89.5, 95.0], [89.0, 94.5], [88.5, 94.0], [88.5, 93.0], [88.5, 92.0], [89.0, 91.5], [90.0, 91.5], [91.0, 91.5], [91.5, 92.0], [91.0, 92.5], [90.5, 93.0], [90.5, 94.0], [91.0, 94.5], [91.5, 95.0], [91.5, 96.0], [91.5, 97.0], [91.5, 98.0], [91.0, 98.5], [90.5, 99.0], [91.0, 99.5], [92.0, 99.5], [92.5, 99.0], [92.5, 98.0], [93.0, 97.5], [93.5, 97.0], [93.0, 96.5], [92.5, 96.0], [92.5, 95.0], [93.0, 94.5], [94.0, 94.5], [94.5, 94.0], [94.0, 93.5], [93.5, 93.0], [94.0, 92.5], [95.0, 92.5], [96.0, 92.5], [96.5, 92.0], [96.5, 91.0], [97.0, 90.5], [97.5, 91.0], [98.0, 91.5], [99.0, 91.5], [100.0, 91.5], [101.0, 91.5], [102.0, 91.5], [103.0, 91.5], [104.0, 91.5], [104.5, 92.0], [105.0, 92.5], [106.0, 92.5], [106.5, 92.0], [107.0, 91.5], [108.0, 91.5], [109.0, 91.5], [109.5, 92.0], [109.5, 93.0], [110.0, 93.5], [111.0, 93.5], [112.0, 93.5], [112.5, 94.0], [113.0, 94.5], [114.0, 94.5], [115.0, 94.5], [116.0, 94.5], [116.5, 94.0], [116.5, 93.0], [116.0, 92.5], [115.0, 92.5], [114.0, 92.5], [113.0, 92.5], [112.0, 92.5], [111.0, 92.5], [110.5, 92.0], [111.0, 91.5], [112.0, 91.5], [112.5, 91.0], [112.0, 90.5], [111.0, 90.5], [110.0, 90.5], [109.0, 90.5], [108.0, 90.5], [107.0, 90.5], [106.0, 90.5], [105.0, 90.5], [104.5, 90.0], [105.0, 89.5], [106.0, 89.5], [107.0, 89.5], [108.0, 89.5], [109.0, 89.5], [110.0, 89.5], [111.0, 89.5], [112.0, 89.5], [113.0, 89.5], [114.0, 89.5], [115.0, 89.5], [116.0, 89.5], [116.5, 89.0], [116.0, 88.5], [115.0, 88.5], [114.0, 88.5], [113.0, 88.5], [112.0, 88.5], [111.0, 88.5], [110.0, 88.5], [109.0, 88.5], [108.5, 88.0], [109.0, 87.5], [110.0, 87.5], [111.0, 87.5], [112.0, 87.5], [113.0, 87.5], [113.5, 87.0], [114.0, 86.5], [115.0, 86.5], [115.5, 86.0], [115.0, 85.5], [114.0, 85.5], [113.0, 85.5], [112.0, 85.5], [111.0, 85.5], [110.0, 85.5], [109.0, 85.5], [108.0, 85.5], [107.5, 85.0], [108.0, 84.5], [109.0, 84.5], [110.0, 84.5], [111.0, 84.5], [112.0, 84.5], [113.0, 84.5], [114.0, 84.5], [115.0, 84.5], [116.0, 84.5], [116.5, 84.0], [117.0, 83.5], [118.0, 83.5], [119.0, 83.5], [120.0, 83.5], [121.0, 83.5], [121.5, 83.0], [121.0, 82.5], [120.0, 82.5], [119.0, 82.5], [118.0, 82.5], [117.0, 82.5], [116.5, 82.0], [117.0, 81.5], [118.0, 81.5], [119.0, 81.5], [119.5, 81.0], [119.0, 80.5], [118.0, 80.5], [117.0, 80.5], [116.0, 80.5], [115.0, 80.5], [114.0, 80.5], [113.0, 80.5], [112.0, 80.5], [111.5, 80.0], [112.0, 79.5], [113.0, 79.5], [114.0, 79.5], [115.0, 79.5], [116.0, 79.5], [117.0, 79.5], [117.5, 79.0], [118.0, 78.5], [119.0, 78.5], [120.0, 78.5], [121.0, 78.5], [121.5, 78.0], [121.0, 77.5], [120.0, 77.5], [119.0, 77.5], [118.5, 77.0], [119.0, 76.5], [120.0, 76.5], [121.0, 76.5], [121.5, 76.0], [121.0, 75.5], [120.0, 75.5], [119.0, 75.5], [118.0, 75.5], [117.0, 75.5], [116.0, 75.5], [115.0, 75.5], [114.5, 75.0], [115.0, 74.5], [116.0, 74.5], [117.0, 74.5], [118.0, 74.5], [119.0, 74.5], [120.0, 74.5], [121.0, 74.5], [122.0, 74.5], [122.5, 74.0], [123.0, 73.5], [123.5, 74.0], [124.0, 74.5], [124.5, 74.0], [125.0, 73.5], [126.0, 73.5], [126.5, 73.0], [126.0, 72.5], [125.0, 72.5], [124.0, 72.5], [123.0, 72.5], [122.5, 72.0], [123.0, 71.5], [123.5, 71.0], [123.0, 70.5], [122.0, 70.5], [121.0, 70.5], [120.0, 70.5], [119.0, 70.5], [118.0, 70.5], [117.0, 70.5], [116.0, 70.5], [115.5, 70.0], [116.0, 69.5], [117.0, 69.5], [118.0, 69.5], [119.0, 69.5], [120.0, 69.5], [121.0, 69.5], [122.0, 69.5], [123.0, 69.5], [124.0, 69.5], [125.0, 69.5], [125.5, 69.0], [125.5, 68.0], [125.0, 67.5], [124.0, 67.5], [123.0, 67.5], [122.5, 67.0], [122.5, 66.0], [122.0, 65.5], [121.0, 65.5], [120.0, 65.5], [119.0, 65.5], [118.0, 65.5], [117.0, 65.5], [116.0, 65.5], [115.5, 65.0], [116.0, 64.5], [117.0, 64.5], [118.0, 64.5], [119.0, 64.5], [120.0, 64.5], [121.0, 64.5], [122.0, 64.5], [123.0, 64.5], [124.0, 64.5], [125.0, 64.5], [126.0, 64.5], [127.0, 64.5], [128.0, 64.5], [129.0, 64.5], [129.5, 64.0], [129.0, 63.5], [128.0, 63.5], [127.5, 63.0], [127.0, 62.5], [126.5, 63.0], [126.0, 63.5], [125.5, 63.0], [125.0, 62.5], [124.0, 62.5], [123.0, 62.5], [122.0, 62.5], [121.0, 62.5], [120.5, 62.0], [121.0, 61.5], [122.0, 61.5], [123.0, 61.5], [124.0, 61.5], [125.0, 61.5], [126.0, 61.5], [126.5, 61.0], [126.0, 60.5], [125.0, 60.5], [124.0, 60.5], [123.0, 60.5], [122.0, 60.5], [121.0, 60.5], [120.0, 60.5], [119.0, 60.5], [118.5, 60.0], [119.0, 59.5], [120.0, 59.5], [121.0, 59.5], [122.0, 59.5], [123.0, 59.5], [124.0, 59.5], [125.0, 59.5], [126.0, 59.5], [127.0, 59.5], [128.0, 59.5], [129.0, 59.5], [129.5, 59.0], [129.5, 58.0], [129.0, 57.5], [128.0, 57.5], [127.0, 57.5], [126.0, 57.5], [125.0, 57.5], [124.5, 57.0], [125.0, 56.5], [126.0, 56.5], [127.0, 56.5], [128.0, 56.5], [129.0, 56.5], [130.0, 56.5], [130.5, 56.0], [130.0, 55.5], [129.0, 55.5], [128.0, 55.5], [127.0, 55.5], [126.0, 55.5], [125.0, 55.5], [124.0, 55.5], [123.0, 55.5], [122.0, 55.5], [121.0, 55.5], [120.5, 55.0], [121.0, 54.5], [122.0, 54.5], [123.0, 54.5], [124.0, 54.5], [125.0, 54.5], [126.0, 54.5], [127.0, 54.5], [128.0, 54.5], [129.0, 54.5], [130.0, 54.5], [131.0, 54.5], [132.0, 54.5], [132.5, 54.0], [132.5, 53.0], [132.0, 52.5], [131.0, 52.5], [130.5, 52.0], [131.0, 51.5], [132.0, 51.5], [132.5, 51.0], [132.0, 50.5], [131.0, 50.5], [130.0, 50.5], [129.0, 50.5], [128.0, 50.5], [127.0, 50.5], [126.0, 50.5], [125.0, 50.5], [124.0, 50.5], [123.0, 50.5], [122.5, 50.0], [123.0, 49.5], [124.0, 49.5], [125.0, 49.5], [126.0, 49.5], [127.0, 49.5], [128.0, 49.5], [129.0, 49.5], [130.0, 49.5], [130.5, 49.0], [131.0, 48.5], [131.5, 48.0], [131.0, 47.5], [130.0, 47.5], [129.5, 47.0], [129.5, 46.0], [129.0, 45.5], [128.0, 45.5], [127.0, 45.5], [126.5, 45.0], [127.0, 44.5], [127.5, 44.0], [127.0, 43.5], [126.0, 43.5], [125.5, 43.0], [125.0, 42.5], [124.5, 42.0], [124.0, 41.5], [123.0, 41.5], [122.5, 41.0], [122.5, 40.0], [122.0, 39.5], [121.5, 39.0], [121.5, 38.0], [121.5, 37.0], [121.0, 36.5], [120.5, 36.0], [120.5, 35.0], [120.0, 34.5], [119.5, 34.0], [119.5, 33.0], [119.0, 32.5], [118.5, 32.0], [118.0, 31.5], [117.0, 31.5], [116.5, 31.0], [116.5, 30.0], [116.0, 29.5], [115.0, 29.5], [114.0, 29.5], [113.0, 29.5], [112.5, 30.0], [112.0, 30.5], [111.0, 30.5], [110.5, 31.0], [110.0, 31.5], [109.5, 32.0], [109.0, 32.5], [108.5, 32.0], [108.0, 31.5], [107.0, 31.5], [106.0, 31.5], [105.0, 31.5], [104.0, 31.5], [103.5, 32.0], [103.5, 33.0], [103.0, 33.5], [102.0, 33.5], [101.0, 33.5], [100.5, 33.0], [100.0, 32.5], [99.0, 32.5], [98.5, 33.0], [98.0, 33.5], [97.0, 33.5], [96.0, 33.5], [95.0, 33.5], [94.0, 33.5], [93.5, 34.0], [93.0, 34.5], [92.5, 35.0], [93.0, 35.5], [93.5, 36.0], [93.0, 36.5], [92.5, 37.0], [93.0, 37.5], [94.0, 37.5], [95.0, 37.5], [95.5, 38.0], [95.5, 39.0], [95.0, 39.5], [94.0, 39.5], [93.5, 40.0], [94.0, 40.5], [95.0, 40.5], [95.5, 41.0], [95.0, 41.5], [94.5, 42.0], [95.0, 42.5], [96.0, 42.5], [97.0, 42.5], [97.5, 43.0], [98.0, 43.5], [99.0, 43.5], [99.5, 44.0], [99.0, 44.5], [98.0, 44.5], [97.0, 44.5], [96.0, 44.5], [95.0, 44.5], [94.5, 45.0], [95.0, 45.5], [96.0, 45.5], [97.0, 45.5], [98.0, 45.5], [99.0, 45.5], [99.5, 46.0], [99.0, 46.5], [98.0, 46.5], [97.0, 46.5], [96.0, 46.5], [95.5, 47.0], [96.0, 47.5], [97.0, 47.5], [98.0, 47.5], [99.0, 47.5], [100.0, 47.5], [100.5, 48.0], [100.0, 48.5], [99.5, 49.0], [99.0, 49.5], [98.0, 49.5], [97.0, 49.5], [96.0, 49.5], [95.0, 49.5], [94.0, 49.5], [93.5, 50.0], [94.0, 50.5], [95.0, 50.5], [96.0, 50.5], [96.5, 51.0], [96.0, 51.5], [95.0, 51.5], [94.0, 51.5], [93.5, 52.0], [94.0, 52.5], [95.0, 52.5], [96.0, 52.5], [96.5, 53.0], [96.5, 54.0], [96.0, 54.5], [95.0, 54.5], [94.0, 54.5], [93.5, 55.0], [94.0, 55.5], [95.0, 55.5], [96.0, 55.5], [96.5, 56.0], [96.0, 56.5], [95.0, 56.5], [94.5, 57.0], [95.0, 57.5], [96.0, 57.5], [96.5, 58.0], [96.0, 58.5], [95.5, 59.0], [95.5, 60.0], [96.0, 60.5], [96.5, 61.0], [96.5, 62.0], [96.5, 63.0], [96.0, 63.5], [95.5, 64.0], [95.5, 65.0], [95.0, 65.5], [94.0, 65.5], [93.5, 66.0], [93.0, 66.5], [92.0, 66.5], [91.0, 66.5], [90.0, 66.5], [89.5, 67.0], [89.5, 68.0], [89.0, 68.5], [88.0, 68.5], [87.0, 68.5], [86.0, 68.5], [85.0, 68.5], [84.0, 68.5], [83.5, 69.0], [83.0, 69.5], [82.0, 69.5], [81.0, 69.5], [80.5, 69.0], [80.0, 68.5], [79.5, 69.0], [79.0, 69.5], [78.5, 70.0], [78.0, 70.5], [77.5, 71.0], [77.5, 72.0], [77.0, 72.5], [76.0, 72.5], [75.5, 73.0], [75.0, 73.5], [74.5, 74.0], [74.0, 74.5], [73.5, 75.0], [73.5, 76.0], [73.5, 77.0], [73.5, 78.0], [73.5, 79.0], [73.5, 80.0], [73.5, 81.0], [73.5, 82.0], [73.5, 83.0], [73.5, 84.0], [73.5, 85.0], [73.5, 86.0], [73.5, 87.0], [73.5, 88.0], [74.0, 88.5], [74.5, 89.0], [74.0, 89.5], [73.0, 89.5], [72.0, 89.5], [71.5, 90.0], [71.0, 90.5], [70.5, 91.0], [70.5, 92.0], [70.5, 93.0]]"
SLICE,Z16,GAS_MED_R,-4.926453961395623,54.377595998958995,-419.1959155315079,1728.0,0.20290353110736953,"[[70.0, 102.5], [69.5, 103.0], [69.5, 104.0], [69.5, 105.0], [70.0, 105.5], [70.5, 106.0], [70.5, 107.0], [70.5, 108.0], [71.0, 108.5], [72.0, 108.5], [72.5, 109.0], [72.5, 110.0], [73.0, 110.5], [73.5, 111.0], [74.0, 111.5], [74.5, 112.0], [75.0, 112.5], [75.5, 113.0], [76.0, 113.5], [77.0, 113.5], [78.0, 113.5], [78.5, 114.0], [79.0, 114.5], [79.5, 115.0], [80.0, 115.5], [81.0, 115.5], [82.0, 115.5], [83.0, 115.5], [83.5, 116.0], [84.0, 116.5], [85.0, 116.5], [85.5, 117.0], [86.0, 117.5], [87.0, 117.5], [88.0, 117.5], [88.5, 118.0], [89.0, 118.5], [90.0, 118.5], [91.0, 118.5], [92.0, 118.5], [93.0, 118.5], [94.0, 118.5], [94.5, 118.0], [95.0, 117.5], [96.0, 117.5], [96.5, 117.0], [97.0, 116.5], [98.0, 116.5], [98.5, 117.0], [99.0, 117.5], [100.0, 117.5], [100.5, 118.0], [101.0, 118.5], [102.0, 118.5], [103.0, 118.5], [104.0, 118.5], [105.0, 118.5], [106.0, 118.5], [107.0, 118.5], [108.0, 118.5], [109.0, 118.5], [110.0, 118.5], [111.0, 118.5], [112.0, 118.5], [113.0, 118.5], [114.0, 118.5], [114.5, 118.0], [115.0, 117.5], [116.0, 117.5], [116.5, 117.0], [117.0, 116.5], [118.0, 116.5], [119.0, 116.5], [119.5, 116.0], [120.0, 115.5], [121.0, 115.5], [121.5, 115.0], [122.0, 114.5], [122.5, 114.0], [123.0, 113.5], [124.0, 113.5], [124.5, 113.0], [125.0, 112.5], [125.5, 112.0], [126.0, 111.5], [126.5, 111.0], [126.5, 110.0], [126.5, 109.0], [127.0, 108.5], [128.0, 108.5], [128.5, 108.0], [128.5, 107.0], [129.0, 106.5], [129.5, 106.0], [130.0, 105.5], [131.0, 105.5], [131.5, 105.0], [131.5, 104.0], [132.0, 103.5], [132.5, 103.0], [133.0, 102.5], [133.5, 102.0], [134.0, 101.5], [134.5, 101.0], [135.0, 100.5], [136.0, 100.5], [136.5, 100.0], [136.5, 99.0], [137.0, 98.5], [137.5, 98.0], [138.0, 97.5], [138.5, 97.0], [138.5, 96.0], [139.0, 95.5], [139.5, 95.0], [139.5, 94.0], [139.5, 93.0], [139.5, 92.0], [139.5, 91.0], [140.0, 90.5], [140.5, 90.0], [140.5, 89.0], [141.0, 88.5], [141.5, 88.0], [141.5, 87.0], [142.0, 86.5], [142.5, 86.0], [143.0, 85.5], [143.5, 85.0], [143.5, 84.0], [143.5, 83.0], [143.5, 82.0], [144.0, 81.5], [144.5, 81.0], [144.5, 80.0], [144.5, 79.0], [144.5, 78.0], [144.5, 77.0], [144.5, 76.0], [144.5, 75.0], [144.5, 74.0], [144.5, 73.0], [144.5, 72.0], [144.0, 71.5], [143.5, 71.0], [143.5, 70.0], [143.5, 69.0], [143.5, 68.0], [143.5, 67.0], [143.5, 66.0], [143.0, 65.5], [142.5, 65.0], [142.5, 64.0], [142.5, 63.0], [142.5, 62.0], [142.5, 61.0], [142.0, 60.5], [141.5, 60.0], [141.0, 59.5], [140.5, 59.0], [140.5, 58.0], [140.0, 57.5], [139.5, 57.0], [139.5, 56.0], [139.0, 55.5], [138.5, 55.0], [138.0, 54.5], [137.5, 54.0], [137.0, 53.5], [136.5, 53.0], [136.0, 52.5], [135.5, 52.0], [135.0, 51.5], [134.0, 51.5], [133.5, 52.0], [133.0, 52.5], [132.5, 53.0], [132.5, 54.0], [132.5, 55.0], [132.0, 55.5], [131.5, 56.0], [131.0, 56.5], [130.5, 57.0], [130.5, 58.0], [130.5, 59.0], [130.5, 60.0], [130.5, 61.0], [130.5, 62.0], [130.5, 63.0], [131.0, 63.5], [132.0, 63.5], [132.5, 64.0], [132.5, 65.0], [132.5, 66.0], [133.0, 66.5], [133.5, 67.0], [134.0, 67.5], [134.5, 68.0], [134.5, 69.0], [134.5, 70.0], [134.0, 70.5], [133.5, 71.0], [134.0, 71.5], [134.5, 72.0], [134.0, 72.5], [133.5, 73.0], [133.5, 74.0], [133.0, 74.5], [132.0, 74.5], [131.0, 74.5], [130.5, 75.0], [131.0, 75.5], [131.5, 76.0], [131.0, 76.5], [130.0, 76.5], [129.5, 77.0], [129.0, 77.5], [128.0, 77.5], [127.5, 78.0], [128.0, 78.5], [128.5, 79.0], [128.0, 79.5], [127.5, 80.0], [127.5, 81.0], [127.5, 82.0], [127.0, 82.5], [126.0, 82.5], [125.0, 82.5], [124.0, 82.5], [123.5, 83.0], [124.0, 83.5], [125.0, 83.5], [126.0, 83.5], [126.5, 84.0], [126.0, 84.5], [125.5, 85.0], [125.0, 85.5], [124.0, 85.5], [123.0, 85.5], [122.5, 86.0], [123.0, 86.5], [124.0, 86.5], [124.5, 87.0], [124.0, 87.5], [123.0, 87.5], [122.5, 88.0], [123.0, 88.5], [124.0, 88.5], [124.5, 89.0], [124.5, 90.0], [124.0, 90.5], [123.0, 90.5], [122.5, 91.0], [123.0, 91.5], [124.0, 91.5], [124.5, 92.0], [124.0, 92.5], [123.0, 92.5], [122.5, 93.0], [123.0, 93.5], [124.0, 93.5], [124.5, 94.0], [125.0, 94.5], [125.5, 95.0], [125.0, 95.5], [124.0, 95.5], [123.0, 95.5], [122.0, 95.5], [121.0, 95.5], [120.0, 95.5], [119.0, 95.5], [118.0, 95.5], [117.5, 96.0], [118.0, 96.5], [119.0, 96.5], [120.0, 96.5], [121.0, 96.5], [121.5, 97.0], [121.0, 97.5], [120.0, 97.5], [119.0, 97.5], [118.0, 97.5], [117.5, 98.0], [118.0, 98.5], [119.0, 98.5], [120.0, 98.5], [121.0, 98.5], [122.0, 98.5], [122.5, 99.0], [122.5, 100.0], [122.5, 101.0], [122.5, 102.0], [123.0, 102.5], [123.5, 102.0], [124.0, 101.5], [124.5, 102.0], [124.5, 103.0], [124.0, 103.5], [123.0, 103.5], [122.5, 104.0], [123.0, 104.5], [124.0, 104.5], [124.5, 105.0], [124.0, 105.5], [123.0, 105.5], [122.0, 105.5], [121.0, 105.5], [120.0, 105.5], [119.0, 105.5], [118.0, 105.5], [117.0, 105.5], [116.0, 105.5], [115.0, 105.5], [114.0, 105.5], [113.5, 105.0], [114.0, 104.5], [115.0, 104.5], [116.0, 104.5], [117.0, 104.5], [117.5, 104.0], [118.0, 103.5], [119.0, 103.5], [119.5, 103.0], [119.0, 102.5], [118.0, 102.5], [117.5, 103.0], [117.0, 103.5], [116.5, 103.0], [116.0, 102.5], [115.0, 102.5], [114.0, 102.5], [113.0, 102.5], [112.5, 102.0], [113.0, 101.5], [114.0, 101.5], [115.0, 101.5], [116.0, 101.5], [116.5, 101.0], [116.0, 100.5], [115.0, 100.5], [114.0, 100.5], [113.0, 100.5], [112.0, 100.5], [111.5, 100.0], [111.5, 99.0], [111.5, 98.0], [112.0, 97.5], [112.5, 98.0], [113.0, 98.5], [114.0, 98.5], [115.0, 98.5], [116.0, 98.5], [116.5, 98.0], [116.0, 97.5], [115.0, 97.5], [114.0, 97.5], [113.5, 97.0], [113.0, 96.5], [112.5, 96.0], [112.0, 95.5], [111.5, 96.0], [111.0, 96.5], [110.5, 96.0], [110.0, 95.5], [109.5, 95.0], [109.5, 94.0], [109.5, 93.0], [109.0, 92.5], [108.0, 92.5], [107.0, 92.5], [106.0, 92.5], [105.0, 92.5], [104.0, 92.5], [103.0, 92.5], [102.0, 92.5], [101.0, 92.5], [100.0, 92.5], [99.0, 92.5], [98.0, 92.5], [97.5, 93.0], [97.5, 94.0], [97.5, 95.0], [97.0, 95.5], [96.0, 95.5], [95.0, 95.5], [94.0, 95.5], [93.0, 95.5], [92.5, 96.0], [93.0, 96.5], [93.5, 97.0], [93.0, 97.5], [92.5, 98.0], [92.5, 99.0], [92.0, 99.5], [91.0, 99.5], [90.5, 99.0], [91.0, 98.5], [91.5, 98.0], [91.5, 97.0], [91.5, 96.0], [91.5, 95.0], [91.0, 94.5], [90.5, 94.0], [90.5, 93.0], [90.0, 92.5], [89.5, 93.0], [89.0, 93.5], [88.5, 94.0], [88.0, 94.5], [87.5, 95.0], [87.5, 96.0], [88.0, 96.5], [88.5, 97.0], [88.0, 97.5], [87.0, 97.5], [86.5, 97.0], [86.5, 96.0], [86.0, 95.5], [85.0, 95.5], [84.0, 95.5], [83.0, 95.5], [82.0, 95.5], [81.0, 95.5], [80.0, 95.5], [79.0, 95.5], [78.0, 95.5], [77.5, 96.0], [78.0, 96.5], [79.0, 96.5], [79.5, 97.0], [80.0, 97.5], [81.0, 97.5], [82.0, 97.5], [82.5, 98.0], [82.0, 98.5], [81.0, 98.5], [80.0, 98.5], [79.0, 98.5], [78.0, 98.5], [77.5, 99.0], [77.0, 99.5], [76.0, 99.5], [75.0, 99.5], [74.5, 100.0], [74.0, 100.5], [73.0, 100.5], [72.0, 100.5], [71.0, 100.5], [70.5, 101.0], [70.5, 102.0]]"
SLICE,Z16,GAS_LAT_R,-4.926453961395623,54.377595998958995,-419.1959155315079,801.0,0.3977383490008662,"[[105.0, 89.5], [104.5, 90.0], [105.0, 90.5], [106.0, 90.5], [107.0, 90.5], [108.0, 90.5], [109.0, 90.5], [110.0, 90.5], [111.0, 90.5], [112.0, 90.5], [112.5, 91.0], [112.0, 91.5], [111.0, 91.5], [110.5, 92.0], [111.0, 92.5], [112.0, 92.5], [113.0, 92.5], [114.0, 92.5], [115.0, 92.5], [116.0, 92.5], [116.5, 93.0], [116.5, 94.0], [116.0, 94.5], [115.0, 94.5], [114.0, 94.5], [113.0, 94.5], [112.5, 94.0], [112.0, 93.5], [111.0, 93.5], [110.0, 93.5], [109.5, 94.0], [109.5, 95.0], [110.0, 95.5], [111.0, 95.5], [112.0, 95.5], [112.5, 96.0], [113.0, 96.5], [113.5, 97.0], [114.0, 97.5], [115.0, 97.5], [116.0, 97.5], [116.5, 98.0], [116.0, 98.5], [115.0, 98.5], [114.0, 98.5], [113.0, 98.5], [112.5, 98.0], [112.0, 97.5], [111.5, 98.0], [111.5, 99.0], [111.5, 100.0], [112.0, 100.5], [113.0, 100.5], [114.0, 100.5], [115.0, 100.5], [116.0, 100.5], [116.5, 101.0], [116.0, 101.5], [115.0, 101.5], [114.0, 101.5], [113.0, 101.5], [112.5, 102.0], [113.0, 102.5], [114.0, 102.5], [115.0, 102.5], [116.0, 102.5], [116.5, 103.0], [117.0, 103.5], [117.5, 104.0], [117.0, 104.5], [116.0, 104.5], [115.0, 104.5], [114.0, 104.5], [113.5, 105.0], [114.0, 105.5], [115.0, 105.5], [116.0, 105.5], [117.0, 105.5], [118.0, 105.5], [119.0, 105.5], [120.0, 105.5], [121.0, 105.5], [122.0, 105.5], [123.0, 105.5], [124.0, 105.5], [124.5, 105.0], [125.0, 104.5], [125.5, 104.0], [125.0, 103.5], [124.5, 103.0], [124.5, 102.0], [124.0, 101.5], [123.5, 102.0], [123.0, 102.5], [122.5, 102.0], [122.5, 101.0], [122.5, 100.0], [122.5, 99.0], [122.0, 98.5], [121.0, 98.5], [120.0, 98.5], [119.0, 98.5], [118.0, 98.5], [117.5, 98.0], [118.0, 97.5], [119.0, 97.5], [120.0, 97.5], [121.0, 97.5], [121.5, 97.0], [121.0, 96.5], [120.0, 96.5], [119.0, 96.5], [118.0, 96.5], [117.0, 96.5], [116.5, 96.0], [117.0, 95.5], [118.0, 95.5], [119.0, 95.5], [120.0, 95.5], [121.0, 95.5], [122.0, 95.5], [123.0, 95.5], [124.0, 95.5], [125.0, 95.5], [125.5, 95.0], [125.0, 94.5], [124.5, 94.0], [124.0, 93.5], [123.0, 93.5], [122.5, 93.0], [123.0, 92.5], [124.0, 92.5], [124.5, 92.0], [124.0, 91.5], [123.0, 91.5], [122.5, 91.0], [123.0, 90.5], [124.0, 90.5], [124.5, 90.0], [124.5, 89.0], [124.0, 88.5], [123.0, 88.5], [122.5, 88.0], [123.0, 87.5], [124.0, 87.5], [124.5, 87.0], [124.0, 86.5], [123.0, 86.5], [122.5, 86.0], [123.0, 85.5], [124.0, 85.5], [125.0, 85.5], [125.5, 85.0], [126.0, 84.5], [126.5, 84.0], [126.0, 83.5], [125.0, 83.5], [124.0, 83.5], [123.0, 83.5], [122.5, 83.0], [123.0, 82.5], [124.0, 82.5], [125.0, 82.5], [126.0, 82.5], [127.0, 82.5], [127.5, 82.0], [127.5, 81.0], [127.5, 80.0], [128.0, 79.5], [128.5, 79.0], [128.0, 78.5], [127.5, 78.0], [128.0, 77.5], [129.0, 77.5], [129.5, 77.0], [130.0, 76.5], [131.0, 76.5], [131.5, 76.0], [131.0, 75.5], [130.5, 75.0], [131.0, 74.5], [132.0, 74.5], [133.0, 74.5], [133.5, 74.0], [133.5, 73.0], [134.0, 72.5], [134.5, 72.0], [134.0, 71.5], [133.5, 71.0], [134.0, 70.5], [134.5, 70.0], [134.5, 69.0], [134.5, 68.0], [134.0, 67.5], [133.5, 67.0], [133.0, 66.5], [132.5, 66.0], [132.5, 65.0], [132.5, 64.0], [132.0, 63.5], [131.0, 63.5], [130.5, 63.0], [130.5, 62.0], [130.0, 61.5], [129.5, 61.0], [129.5, 60.0], [129.0, 59.5], [128.0, 59.5], [127.0, 59.5], [126.0, 59.5], [125.0, 59.5], [124.0, 59.5], [123.0, 59.5], [122.0, 59.5], [121.0, 59.5], [120.0, 59.5], [119.0, 59.5], [118.5, 60.0], [119.0, 60.5], [120.0, 60.5], [121.0, 60.5], [122.0, 60.5], [123.0, 60.5], [124.0, 60.5], [125.0, 60.5], [126.0, 60.5], [126.5, 61.0], [126.0, 61.5], [125.0, 61.5], [124.0, 61.5], [123.0, 61.5], [122.0, 61.5], [121.0, 61.5], [120.5, 62.0], [121.0, 62.5], [122.0, 62.5], [123.0, 62.5], [124.0, 62.5], [125.0, 62.5], [125.5, 63.0], [126.0, 63.5], [126.5, 63.0], [127.0, 62.5], [127.5, 63.0], [128.0, 63.5], [129.0, 63.5], [129.5, 64.0], [129.0, 64.5], [128.0, 64.5], [127.0, 64.5], [126.0, 64.5], [125.0, 64.5], [124.0, 64.5], [123.0, 64.5], [122.0, 64.5], [121.0, 64.5], [120.0, 64.5], [119.0, 64.5], [118.0, 64.5], [117.0, 64.5], [116.0, 64.5], [115.5, 65.0], [116.0, 65.5], [117.0, 65.5], [118.0, 65.5], [119.0, 65.5], [120.0, 65.5], [121.0, 65.5], [122.0, 65.5], [122.5, 66.0], [122.5, 67.0], [123.0, 67.5], [124.0, 67.5], [125.0, 67.5], [125.5, 68.0], [125.5, 69.0], [125.0, 69.5], [124.0, 69.5], [123.0, 69.5], [122.0, 69.5], [121.0, 69.5], [120.0, 69.5], [119.0, 69.5], [118.0, 69.5], [117.0, 69.5], [116.0, 69.5], [115.5, 70.0], [116.0, 70.5], [117.0, 70.5], [118.0, 70.5], [119.0, 70.5], [120.0, 70.5], [121.0, 70.5], [122.0, 70.5], [123.0, 70.5], [123.5, 71.0], [123.0, 71.5], [122.5, 72.0], [123.0, 72.5], [124.0, 72.5], [125.0, 72.5], [126.0, 72.5], [126.5, 73.0], [126.0, 73.5], [125.0, 73.5], [124.5, 74.0], [124.0, 74.5], [123.5, 74.0], [123.0, 73.5], [122.5, 74.0], [122.0, 74.5], [121.0, 74.5], [120.0, 74.5], [119.0, 74.5], [118.0, 74.5], [117.0, 74.5], [116.0, 74.5], [115.0, 74.5], [114.5, 75.0], [115.0, 75.5], [116.0, 75.5], [117.0, 75.5], [118.0, 75.5], [119.0, 75.5], [120.0, 75.5], [121.0, 75.5], [121.5, 76.0], [121.0, 76.5], [120.0, 76.5], [119.0, 76.5], [118.5, 77.0], [119.0, 77.5], [120.0, 77.5], [121.0, 77.5], [121.5, 78.0], [121.0, 78.5], [120.0, 78.5], [119.0, 78.5], [118.0, 78.5], [117.5, 79.0], [117.0, 79.5], [116.0, 79.5], [115.0, 79.5], [114.0, 79.5], [113.0, 79.5], [112.0, 79.5], [111.5, 80.0], [112.0, 80.5], [113.0, 80.5], [114.0, 80.5], [115.0, 80.5], [116.0, 80.5], [117.0, 80.5], [118.0, 80.5], [119.0, 80.5], [119.5, 81.0], [119.0, 81.5], [118.0, 81.5], [117.0, 81.5], [116.5, 82.0], [117.0, 82.5], [118.0, 82.5], [119.0, 82.5], [120.0, 82.5], [121.0, 82.5], [121.5, 83.0], [121.0, 83.5], [120.0, 83.5], [119.0, 83.5], [118.0, 83.5], [117.0, 83.5], [116.5, 84.0], [116.0, 84.5], [115.0, 84.5], [114.0, 84.5], [113.0, 84.5], [112.0, 84.5], [111.0, 84.5], [110.0, 84.5], [109.0, 84.5], [108.0, 84.5], [107.5, 85.0], [108.0, 85.5], [109.0, 85.5], [110.0, 85.5], [111.0, 85.5], [112.0, 85.5], [113.0, 85.5], [114.0, 85.5], [115.0, 85.5], [115.5, 86.0], [115.0, 86.5], [114.0, 86.5], [113.5, 87.0], [113.0, 87.5], [112.0, 87.5], [111.0, 87.5], [110.0, 87.5], [109.0, 87.5], [108.5, 88.0], [109.0, 88.5], [110.0, 88.5], [111.0, 88.5], [112.0, 88.5], [113.0, 88.5], [114.0, 88.5], [115.0, 88.5], [116.0, 88.5], [116.5, 89.0], [116.0, 89.5], [115.0, 89.5], [114.0, 89.5], [113.0, 89.5], [112.0, 89.5], [111.0, 89.5], [110.0, 89.5], [109.0, 89.5], [108.0, 89.5], [107.0, 89.5], [106.0, 89.5]]"
SLICE,Z16,TA_L,-4.926453961395623,54.377595998958995,-419.1959155315079,418.0,0.5299352890944659,"[[216.0, 0.0], [215.5, 0.0], [216.0, 0.0], [217.0, 0.0], [217.5, 0.0], [217.5, 0.0], [218.0, 0.0], [218.5, 0.0], [218.5, 0.0], [218.5, 0.0], [218.5, 0.0], [219.0, 0.0], [219.5, 0.0], [220.0, 0.0], [220.5, 0.0], [221.0, 0.0], [221.5, 0.0], [221.5, 0.0], [221.5, 0.0], [222.0, 0.0], [222.5, 0.0], [222.5, 0.0], [222.5, 0.0], [222.0, 0.0], [221.5, 0.0], [222.0, 0.0], [223.0, 0.0], [224.0, 0.0], [225.0, 0.0], [226.0, 0.0], [227.0, 0.0], [228.0, 0.0], [229.0, 0.0], [230.0, 0.0], [231.0, 0.0], [232.0, 0.0], [232.5, 0.0], [233.0, 0.0], [234.0, 0.0], [234.5, 0.0], [235.0, 0.0], [236.0, 0.0], [236.5, 0.0], [237.0, 0.0], [237.5, 0.0], [237.5, 0.0], [238.0, 0.0], [238.5, 0.0], [238.5, 0.0], [239.0, 0.0], [239.5, 0.0], [239.5, 0.0], [240.0, 0.0], [241.0, 0.0], [241.5, 0.0], [242.0, 0.0], [242.5, 0.0], [242.5, 0.0], [243.0, 0.0], [244.0, 0.0], [244.5, 0.0], [244.5, 0.0], [245.0, 0.0], [246.0, 0.0], [247.0, 0.0], [247.5, 0.0], [247.5, 0.0], [247.0, 0.0], [246.0, 0.0], [245.0, 0.0], [244.5, 0.0], [244.0, 0.0], [243.5, 0.0], [243.0, 0.0], [242.0, 0.0], [241.0, 0.0], [240.5, 0.0], [240.0, 0.0], [239.0, 0.0], [238.0, 0.0], [237.0, 0.0], [236.5, 0.0], [236.0, 0.0], [235.0, 0.0], [234.0, 0.0], [233.0, 0.0], [232.0, 0.0], [231.0, 0.0], [230.0, 0.0], [229.5, 0.0], [229.0, 0.0], [228.0, 0.0], [227.0, 0.0], [226.0, 0.0], [225.5, 0.0], [225.0, 0.0], [224.0, 0.0], [223.0, 0.0], [222.0, 0.0], [221.5, 0.0], [221.0, 0.0], [220.0, 0.0], [219.0, 0.0], [218.5, 0.0], [218.5, 0.0], [219.0, 0.0], [219.5, 0.0], [219.0, 0.0], [218.0, 0.0], [217.5, 0.0], [217.0, 0.0], [216.5, 0.0]]"
SLICE,Z16,ED_L,-4.926453961395623,54.377595998958995,-419.1959155315079,97.0,0.4414608248904222,"[[239.0, 0.0], [238.5, 0.0], [238.5, 0.0], [238.5, 0.0], [238.5, 0.0], [238.5, 0.0], [238.5, 0.0], [238.5, 0.0], [239.0, 0.0], [239.5, 0.0], [240.0, 0.0], [241.0, 0.0], [242.0, 0.0], [242.5, 0.0], [243.0, 0.0], [244.0, 0.0], [244.5, 0.0], [245.0, 0.0], [246.0, 0.0], [247.0, 0.0], [248.0, 0.0], [248.5, 0.0], [248.5, 0.0], [248.5, 0.0], [248.5, 0.0], [248.5, 0.0], [248.0, 0.0], [247.5, 0.0], [247.5, 0.0], [247.0, 0.0], [246.5, 0.0], [246.5, 0.0], [246.0, 0.0], [245.5, 0.0], [245.5, 0.0], [245.5, 0.0], [245.0, 0.0], [244.5, 0.0], [244.5, 0.0], [244.0, 0.0], [243.0, 0.0], [242.5, 0.0], [242.0, 0.0], [241.5, 0.0], [241.0, 0.0], [240.0, 0.0], [239.5, 0.0], [239.5, 0.0]]"
SLICE,Z16,PER_L,-4.926453961395623,54.377595998958995,-419.1959155315079,0.0,,
SLICE,Z16,DLPC_L,-4.926453961395623,54.377595998958995,-419.1959155315079,1052.0,0.0703478614953978,"[[208.0, 0.0], [207.5, 0.0], [208.0, 0.0], [209.0, 0.0], [209.5, 0.0], [209.5, 0.0], [210.0, 0.0], [211.0, 0.0], [212.0, 0.0], [213.0, 0.0], [214.0, 0.0], [214.5, 0.0], [214.0, 0.0], [213.0, 0.0], [212.5, 0.0], [213.0, 0.0], [214.0, 0.0], [215.0, 0.0], [216.0, 0.0], [216.5, 0.0], [216.0, 0.0], [215.0, 0.0], [214.0, 0.0], [213.0, 0.0], [212.5, 0.0], [213.0, 0.0], [214.0, 0.0], [215.0, 0.0], [216.0, 0.0], [217.0, 0.0], [217.5, 0.0], [217.5, 0.0], [217.0, 0.0], [216.5, 0.0], [216.5, 0.0], [216.5, 0.0], [217.0, 0.0], [217.5, 0.0], [217.5, 0.0], [218.0, 0.0], [218.5, 0.0], [218.5, 0.0], [218.5, 0.0], [219.0, 0.0], [219.5, 0.0], [219.5, 0.0], [220.0, 0.0], [221.0, 0.0], [222.0, 0.0], [222.5, 0.0], [223.0, 0.0], [224.0, 0.0], [224.5, 0.0], [225.0, 0.0], [226.0, 0.0], [227.0, 0.0], [227.5, 0.0], [228.0, 0.0], [229.0, 0.0], [230.0, 0.0], [230.5, 0.0], [231.0, 0.0], [231.5, 0.0], [232.0, 0.0], [232.5, 0.0], [233.0, 0.0], [233.5, 0.0], [233.5, 0.0], [233.5, 0.0], [233.0, 0.0], [232.5, 0.0], [232.5, 0.0], [232.5, 0.0], [232.5, 0.0], [232.0, 0.0], [231.5, 0.0], [231.5, 0.0], [231.5, 0.0], [232.0, 0.0], [232.5, 0.0], [232.5, 0.0], [233.0, 0.0], [233.5, 0.0], [233.5, 0.0], [234.0, 0.0], [234.5, 0.0], [234.5, 0.0], [235.0, 0.0], [235.5, 0.0], [236.0, 0.0], [237.0, 0.0], [237.5, 0.0], [238.0, 0.0], [238.5, 0.0], [239.0, 0.0], [240.0, 0.0], [241.0, 0.0], [241.5, 0.0], [242.0, 0.0], [243.0, 0.0], [243.5, 0.0], [244.0, 0.0], [245.0, 0.0], [245.5, 0.0], [246.0, 0.0], [246.5, 0.0], [247.0, 0.0], [247.5, 0.0], [247.5, 0.0], [248.0, 0.0], [248.5, 0.0], [248.5, 0.0], [248.5, 0.0], [248.5, 0.0], [248.0, 0.0], [247.5, 0.0], [247.0, 0.0], [246.5, 0.0], [246.5, 0.0], [246.0, 0.0], [245.5, 0.0], [245.5, 0.0], [245.0, 0.0], [244.5, 0.0], [244.0, 0.0], [243.5, 0.0], [243.0, 0.0], [242.5, 0.0], [242.0, 0.0], [241.5, 0.0], [241.5, 0.0], [242.0, 0.0], [243.0, 0.0], [244.0, 0.0], [245.0, 0.0], [245.5, 0.0], [246.0, 0.0], [247.0, 0.0], [247.5, 0.0], [248.0, 0.0], [248.5, 0.0], [249.0, 0.0], [249.5, 0.0], [250.0, 0.0], [250.5, 0.0], [251.0, 0.0], [251.5, 0.0], [251.5, 0.0], [252.0, 0.0], [252.5, 0.0], [253.0, 0.0], [254.0, 0.0], [254.5, 0.0], [254.5, 0.0], [255.0, 0.0], [255.5, 0.0], [256.0, 0.0], [256.5, 0.0], [256.5, 0.0], [257.0, 0.0], [257.5, 0.0], [258.0, 0.0], [259.0, 0.0], [260.0, 0.0], [261.0, 0.0], [261.5, 0.0], [262.0, 0.0], [262.5, 0.0], [262.0, 0.0], [261.5, 0.0], [261.5, 0.0], [261.5, 0.0], [261.0, 0.0], [260.5, 0.0], [260.0, 0.0], [259.5, 0.0], [259.5, 0.0], [259.5, 0.0], [259.0, 0.0], [258.0, 0.0], [257.5, 0.0], [257.5, 0.0], [257.0, 0.0], [256.5, 0.0], [256.0, 0.0], [255.5, 0.0], [255.0, 0.0], [254.5, 0.0], [254.0, 0.0], [253.0, 0.0], [252.5, 0.0], [252.0, 0.0], [251.0, 0.0], [250.5, 0.0], [250.0, 0.0], [249.5, 0.0], [249.0, 0.0], [248.0, 0.0], [247.0, 0.0], [246.5, 0.0], [246.5, 0.0], [246.0, 0.0], [245.0, 0.0], [244.5, 0.0], [244.0, 0.0], [243.0, 0.0], [242.5, 0.0], [242.0, 0.0], [241.0, 0.0], [240.0, 0.0], [239.5, 0.0], [239.0, 0.0], [238.0, 0.0], [237.0, 0.0], [236.5, 0.0], [236.0, 0.0], [235.0, 0.0], [234.0, 0.0], [233.5, 0.0], [233.0, 0.0], [232.0, 0.0], [231.0, 0.0], [230.0, 0.0], [229.0, 0.0], [228.0, 0.0], [227.0, 0.0], [226.0, 0.0], [225.0, 0.0], [224.0, 0.0], [223.5, 0.0], [223.0, 0.0], [222.0, 0.0], [221.0, 0.0], [220.0, 0.0], [219.0, 0.0], [218.0, 0.0], [217.0, 0.0], [216.0, 0.0], [215.5, 0.0], [216.0, 0.0], [216.5, 0.0], [216.5, 0.0], [216.0, 0.0], [215.0, 0.0], [214.0, 0.0], [213.0, 0.0], [212.5, 0.0], [212.0, 0.0], [211.5, 0.0], [211.0, 0.0], [210.0, 0.0], [209.5, 0.0], [210.0, 0.0], [211.0, 0.0], [211.5, 0.0], [211.5, 0.0], [211.5, 0.0], [211.5, 0.0], [211.0, 0.0], [210.0, 0.0], [209.0, 0.0], [208.5, 0.0], [209.0, 0.0], [210.0, 0.0], [210.5, 0.0], [210.5, 0.0], [211.0, 0.0], [211.5, 0.0], [211.0, 0.0], [210.0, 0.0], [209.5, 0.0], [209.0, 0.0]]"
SLICE,Z16,POP_L,-4.926453961395623,54.377595998958995,-419.1959155315079,0.0,,
SLICE,Z16,SOL_L,-4.926453961395623,54.377595998958995,-419.1959155315079,1912.0,0.17578417837871224,"[[193.0, 0.0], [192.5, 0.0], [193.0, 0.0], [194.0, 0.0], [194.5, 0.0], [195.0, 0.0], [196.0, 0.0], [197.0, 0.0], [198.0, 0.0], [199.0, 0.0], [199.5, 0.0], [199.0, 0.0], [198.0, 0.0], [197.5, 0.0], [198.0, 0.0], [199.0, 0.0], [199.5, 0.0], [199.0, 0.0], [198.0, 0.0], [197.0, 0.0], [196.0, 0.0], [195.0, 0.0], [194.0, 0.0], [193.0, 0.0], [192.5, 0.0], [193.0, 0.0], [194.0, 0.0], [194.5, 0.0], [195.0, 0.0], [196.0, 0.0], [197.0, 0.0], [198.0, 0.0], [199.0, 0.0], [199.5, 0.0], [199.0, 0.0], [198.0, 0.0], [197.0, 0.0], [196.0, 0.0], [195.0, 0.0], [194.0, 0.0], [193.0, 0.0], [192.5, 0.0], [193.0, 0.0], [194.0, 0.0], [195.0, 0.0], [196.0, 0.0], [197.0, 0.0], [197.5, 0.0], [197.0, 0.0], [196.0, 0.0], [195.0, 0.0], [194.0, 0.0], [193.0, 0.0], [192.5, 0.0], [193.0, 0.0], [194.0, 0.0], [195.0, 0.0], [196.0, 0.0], [196.5, 0.0], [197.0, 0.0], [198.0, 0.0], [199.0, 0.0], [199.5, 0.0], [199.0, 0.0], [198.0, 0.0], [197.0, 0.0], [196.0, 0.0], [195.0, 0.0], [194.0, 0.0], [193.5, 0.0], [194.0, 0.0], [195.0, 0.0], [196.0, 0.0], [197.0, 0.0], [198.0, 0.0], [199.0, 0.0], [199.5, 0.0], [199.0, 0.0], [198.0, 0.0], [197.0, 0.0], [196.0, 0.0], [195.0, 0.0], [194.0, 0.0], [193.0, 0.0], [192.5, 0.0], [193.0, 0.0], [193.5, 0.0], [194.0, 0.0], [195.0, 0.0], [196.0, 0.0], [197.0, 0.0], [198.0, 0.0], [199.0, 0.0], [199.5, 0.0], [199.0, 0.0], [198.0, 0.0], [197.0, 0.0], [196.0, 0.0], [195.5, 0.0], [196.0, 0.0], [197.0, 0.0], [197.5, 0.0], [198.0, 0.0], [199.0, 0.0], [199.5, 0.0], [199.0, 0.0], [198.0, 0.0], [197.0, 0.0], [196.0, 0.0], [195.0, 0.0], [194.0, 0.0], [193.0, 0.0], [192.5, 0.0], [193.0, 0.0], [194.0, 0.0], [195.0, 0.0], [196.0, 0.0], [197.0, 0.0], [198.0, 0.0], [199.0, 0.0], [200.0, 0.0], [201.0, 0.0], [201.5, 0.0], [201.0, 0.0], [200.0, 0.0], [199.0, 0.0], [198.0, 0.0], [197.0, 0.0], [196.5, 0.0], [197.0, 0.0], [197.5, 0.0], [198.0, 0.0], [199.0, 0.0], [199.5, 0.0], [199.0, 0.0], [198.0, 0.0], [197.0, 0.0], [196.0, 0.0], [195.0, 0.0], [194.5, 0.0], [195.0, 0.0], [196.0, 0.0], [197.0, 0.0], [198.0, 0.0], [199.0, 0.0], [200.0, 0.0], [201.0, 0.0], [201.5, 0.0], [201.0, 0.0], [200.0, 0.0], [199.0, 0.0], [198.0, 0.0], [197.0, 0.0], [196.5, 0.0], [197.0, 0.0], [197.5, 0.0], [198.0, 0.0], [199.0, 0.0], [200.0, 0.0], [200.5, 0.0], [200.0, 0.0], [199.0, 0.0], [198.0, 0.0], [197.0, 0.0], [196.0, 0.0], [195.5, 0.0], [196.0, 0.0], [197.0, 0.0], [198.0, 0.0], [199.0, 0.0], [200.0, 0.0], [201.0, 0.0], [202.0, 0.0], [202.5, 0.0], [202.0, 0.0], [201.0, 0.0], [200.0, 0.0], [199.0, 0.0], [198.0, 0.0], [197.0, 0.0], [196.5, 0.0], [197.0, 0.0], [197.5, 0.0], [198.0, 0.0], [199.0, 0.0], [200.0, 0.0], [201.0, 0.0], [202.0, 0.0], [202.5, 0.0], [202.0, 0.0], [201.0, 0.0], [200.0, 0.0], [199.0, 0.0], [198.0, 0.0], [197.0, 0.0], [196.5, 0.0], [197.0, 0.0], [198.0, 0.0], [199.0, 0.0], [200.0, 0.0], [201.0, 0.0], [202.0, 0.0], [203.0, 0.0], [204.0, 0.0], [205.0, 0.0], [205.5, 0.0], [205.0, 0.0], [204.0, 0.0], [203.0, 0.0], [202.0, 0.0], [201.0, 0.0], [200.0, 0.0], [199.0, 0.0], [198.0, 0.0], [197.5, 0.0], [198.0, 0.0], [198.5, 0.0], [199.0, 0.0], [200.0, 0.0], [201.0, 0.0], [202.0, 0.0], [203.0, 0.0], [204.0, 0.0], [204.5, 0.0], [204.0, 0.0], [203.0, 0.0], [202.0, 0.0], [201.0, 0.0], [200.0, 0.0], [199.0, 0.0], [198.0, 0.0], [197.5, 0.0], [198.0, 0.0], [199.0, 0.0], [200.0, 0.0], [201.0, 0.0], [202.0, 0.0], [203.0, 0.0], [204.0, 0.0], [205.0, 0.0], [206.0, 0.0], [207.0, 0.0], [208.0, 0.0], [209.0, 0.0], [209.5, 0.0], [209.0, 0.0], [208.0, 0.0], [207.0, 0.0], [206.0, 0.0], [205.0, 0.0], [204.0, 0.0], [203.0, 0.0], [202.0, 0.0], [201.5, 0.0], [202.0, 0.0], [202.5, 0.0], [203.0, 0.0], [204.0, 0.0], [204.5, 0.0], [204.0, 0.0], [203.0, 0.0], [202.0, 0.0], [201.0, 0.0], [200.5, 0.0], [201.0, 0.0], [202.0, 0.0], [203.0, 0.0], [204.0, 0.0], [205.0, 0.0], [206.0, 0.0], [207.0, 0.0], [208.0, 0.0], [209.0, 0.0], [210.0, 0.0], [211.0, 0.0], [212.0, 0.0], [213.0, 0.0], [214.0, 0.0], [215.0, 0.0], [215.5, 0.0], [215.0, 0.0], [214.0, 0.0], [213.0, 0.0], [212.0, 0.0], [211.0, 0.0], [210.0, 0.0], [209.5, 0.0], [210.0, 0.0], [211.0, 0.0], [212.0, 0.0], [213.0, 0.0], [214.0, 0.0], [215.0, 0.0], [216.0, 0.0], [217.0, 0.0], [218.0, 0.0], [219.0, 0.0], [219.5, 0.0], [220.0, 0.0], [221.0, 0.0], [222.0, 0.0], [223.0, 0.0], [224.0, 0.0], [225.0, 0.0], [226.0, 0.0], [227.0, 0.0], [228.0, 0.0], [228.5, 0.0], [229.0, 0.0], [229.5, 0.0], [230.0, 0.0], [230.5, 0.0], [230.5, 0.0], [231.0, 0.0], [232.0, 0.0], [233.0, 0.0], [234.0, 0.0], [234.5, 0.0], [234.0, 0.0], [233.0, 0.0], [232.5, 0.0], [232.5, 0.0], [233.0, 0.0], [233.5, 0.0], [234.0, 0.0], [234.5, 0.0], [234.0, 0.0], [233.5, 0.0], [234.0, 0.0], [235.0, 0.0], [235.5, 0.0], [236.0, 0.0], [237.0, 0.0], [237.5, 0.0], [237.5, 0.0], [238.0, 0.0], [239.0, 0.0], [240.0, 0.0], [240.5, 0.0], [241.0, 0.0], [241.5, 0.0], [241.5, 0.0], [241.0, 0.0], [240.0, 0.0], [239.5, 0.0], [239.0, 0.0], [238.5, 0.0], [239.0, 0.0], [239.5, 0.0], [239.5, 0.0], [240.0, 0.0], [241.0, 0.0], [241.5, 0.0], [241.0, 0.0], [240.0, 0.0], [239.5, 0.0], [239.5, 0.0], [240.0, 0.0], [240.5, 0.0], [241.0, 0.0], [242.0, 0.0], [243.0, 0.0], [244.0, 0.0], [245.0, 0.0], [245.5, 0.0], [245.0, 0.0], [244.0, 0.0], [243.5, 0.0], [244.0, 0.0], [244.5, 0.0], [244.0, 0.0], [243.0, 0.0], [242.5, 0.0], [243.0, 0.0], [243.5, 0.0], [244.0, 0.0], [244.5, 0.0], [244.0, 0.0], [243.0, 0.0], [242.5, 0.0], [243.0, 0.0], [244.0, 0.0], [244.5, 0.0], [244.0, 0.0], [243.0, 0.0], [242.5, 0.0], [242.5, 0.0], [242.5, 0.0], [242.0, 0.0], [241.5, 0.0], [241.5, 0.0], [241.5, 0.0], [242.0, 0.0], [243.0, 0.0], [243.5, 0.0], [243.5, 0.0], [243.5, 0.0], [244.0, 0.0], [244.5, 0.0], [245.0, 0.0], [245.5, 0.0], [245.5, 0.0], [246.0, 0.0], [247.0, 0.0], [247.5, 0.0], [247.5, 0.0], [248.0, 0.0], [248.5, 0.0], [249.0, 0.0], [249.5, 0.0], [250.0, 0.0], [250.5, 0.0], [251.0, 0.0], [252.0, 0.0], [253.0, 0.0], [254.0, 0.0], [255.0, 0.0], [256.0, 0.0], [256.5, 0.0], [257.0, 0.0], [258.0, 0.0], [259.0, 0.0], [259.5, 0.0], [260.0, 0.0], [261.0, 0.0], [262.0, 0.0], [262.5, 0.0], [263.0, 0.0], [264.0, 0.0], [264.5, 0.0], [265.0, 0.0], [265.5, 0.0], [266.0, 0.0], [267.0, 0.0], [267.5, 0.0], [268.0, 0.0], [268.5, 0.0], [269.0, 0.0], [269.5, 0.0], [270.0, 0.0], [270.5, 0.0], [270.5, 0.0], [271.0, 0.0], [271.5, 0.0], [271.0, 0.0], [270.0, 0.0], [269.0, 0.0], [268.5, 0.0], [268.5, 0.0], [268.0, 0.0], [267.0, 0.0], [266.0, 0.0], [265.0, 0.0], [264.0, 0.0], [263.0, 0.0], [262.5, 0.0], [262.0, 0.0], [261.0, 0.0], [260.0, 0.0], [259.0, 0.0], [258.0, 0.0], [257.5, 0.0], [257.0, 0.0], [256.5, 0.0], [256.0, 0.0], [255.5, 0.0], [255.0, 0.0], [254.5, 0.0], [254.0, 0.0], [253.5, 0.0], [253.0, 0.0], [252.5, 0.0], [252.0, 0.0], [251.0, 0.0], [250.0, 0.0], [249.0, 0.0], [248.0, 0.0], [247.5, 0.0], [247.0, 0.0], [246.5, 0.0], [246.0, 0.0], [245.0, 0.0], [244.5, 0.0], [244.5, 0.0], [244.5, 0.0], [244.5, 0.0], [244.5, 0.0], [244.5, 0.0], [244.5, 0.0], [244.5, 0.0], [245.0, 0.0], [245.5, 0.0], [245.5, 0.0], [245.5, 0.0], [246.0, 0.0], [246.5, 0.0], [246.5, 0.0], [246.5, 0.0], [246.5, 0.0], [246.0, 0.0], [245.5, 0.0], [245.0, 0.0], [244.0, 0.0], [243.0, 0.0], [242.0, 0.0], [241.5, 0.0], [241.0, 0.0], [240.0, 0.0], [239.5, 0.0], [239.0, 0.0], [238.0, 0.0], [237.5, 0.0], [237.0, 0.0], [236.0, 0.0], [235.5, 0.0], [235.0, 0.0], [234.5, 0.0], [234.0, 0.0], [233.0, 0.0], [232.5, 0.0], [232.0, 0.0], [231.5, 0.0], [231.0, 0.0], [230.5, 0.0], [230.0, 0.0], [229.0, 0.0], [228.0, 0.0], [227.5, 0.0], [227.0, 0.0], [226.0, 0.0], [225.0, 0.0], [224.5, 0.0], [224.0, 0.0], [223.0, 0.0], [222.5, 0.0], [222.0, 0.0], [221.0, 0.0], [220.0, 0.0], [219.5, 0.0], [219.5, 0.0], [219.0, 0.0], [218.5, 0.0], [218.0, 0.0], [217.5, 0.0], [217.0, 0.0], [216.5, 0.0], [216.5, 0.0], [216.5, 0.0], [216.5, 0.0], [216.5, 0.0], [216.5, 0.0], [217.0, 0.0], [217.5, 0.0], [217.5, 0.0], [217.0, 0.0], [216.0, 0.0], [215.0, 0.0], [214.0, 0.0], [213.0, 0.0], [212.5, 0.0], [213.0, 0.0], [214.0, 0.0], [215.0, 0.0], [216.0, 0.0], [216.5, 0.0], [216.0, 0.0], [215.0, 0.0], [214.0, 0.0], [213.0, 0.0], [212.5, 0.0], [213.0, 0.0], [214.0, 0.0], [214.5, 0.0], [214.0, 0.0], [213.0, 0.0], [212.0, 0.0], [211.0, 0.0], [210.0, 0.0], [209.5, 0.0], [209.5, 0.0], [210.0, 0.0], [211.0, 0.0], [211.5, 0.0], [211.0, 0.0], [210.5, 0.0], [210.5, 0.0], [210.0, 0.0], [209.0, 0.0], [208.5, 0.0], [209.0, 0.0], [210.0, 0.0], [211.0, 0.0], [211.5, 0.0], [211.5, 0.0], [211.5, 0.0], [211.5, 0.0], [211.0, 0.0], [210.0, 0.0], [209.5, 0.0], [210.0, 0.0], [211.0, 0.0], [211.5, 0.0], [212.0, 0.0], [212.5, 0.0], [213.0, 0.0], [214.0, 0.0], [215.0, 0.0], [216.0, 0.0], [216.5, 0.0], [216.5, 0.0], [216.0, 0.0], [215.5, 0.0], [216.0, 0.0], [216.5, 0.0], [216.0, 0.0], [215.0, 0.0], [214.0, 0.0], [213.0, 0.0], [212.0, 0.0], [211.0, 0.0], [210.0, 0.0], [209.0, 0.0], [208.0, 0.0], [207.0, 0.0], [206.0, 0.0], [205.0, 0.0], [204.5, 0.0], [204.5, 0.0], [204.5, 0.0], [204.0, 0.0], [203.0, 0.0], [202.5, 0.0], [202.5, 0.0], [202.0, 0.0], [201.0, 0.0], [200.5, 0.0], [200.0, 0.0], [199.5, 0.0], [199.5, 0.0], [199.5, 0.0], [199.5, 0.0], [199.5, 0.0], [199.0, 0.0], [198.0, 0.0], [197.5, 0.0], [198.0, 0.0], [198.5, 0.0], [198.0, 0.0], [197.0, 0.0], [196.0, 0.0], [195.0, 0.0], [194.0, 0.0]]"
SLICE,Z16,GAS_MED_L,-4.926453961395623,54.377595998958995,-419.1959155315079,1666.0,0.17366144321823584,"[[174.0, 0.0], [173.5, 0.0], [173.5, 0.0], [173.5, 0.0], [173.5, 0.0], [173.5, 0.0], [173.5, 0.0], [173.5, 0.0], [173.5, 0.0], [173.5, 0.0], [173.5, 0.0], [174.0, 0.0], [174.5, 0.0], [174.5, 0.0], [174.5, 0.0], [174.5, 0.0], [175.0, 0.0], [175.5, 0.0], [175.5, 0.0], [175.5, 0.0], [175.5, 0.0], [176.0, 0.0], [176.5, 0.0], [177.0, 0.0], [177.5, 0.0], [178.0, 0.0], [178.5, 0.0], [178.5, 0.0], [179.0, 0.0], [179.5, 0.0], [179.5, 0.0], [179.5, 0.0], [180.0, 0.0], [180.5, 0.0], [180.5, 0.0], [180.5, 0.0], [181.0, 0.0], [181.5, 0.0], [181.5, 0.0], [182.0, 0.0], [183.0, 0.0], [183.5, 0.0], [183.5, 0.0], [184.0, 0.0], [184.5, 0.0], [185.0, 0.0], [185.5, 0.0], [186.0, 0.0], [186.5, 0.0], [187.0, 0.0], [187.5, 0.0], [188.0, 0.0], [188.5, 0.0], [188.5, 0.0], [189.0, 0.0], [189.5, 0.0], [190.0, 0.0], [190.5, 0.0], [191.0, 0.0], [191.5, 0.0], [191.5, 0.0], [192.0, 0.0], [193.0, 0.0], [193.5, 0.0], [193.5, 0.0], [194.0, 0.0], [195.0, 0.0], [195.5, 0.0], [196.0, 0.0], [196.5, 0.0], [197.0, 0.0], [198.0, 0.0], [198.5, 0.0], [199.0, 0.0], [200.0, 0.0], [200.5, 0.0], [201.0, 0.0], [202.0, 0.0], [203.0, 0.0], [203.5, 0.0], [204.0, 0.0], [205.0, 0.0], [206.0, 0.0], [207.0, 0.0], [208.0, 0.0], [209.0, 0.0], [210.0, 0.0], [211.0, 0.0], [212.0, 0.0], [213.0, 0.0], [214.0, 0.0], [215.0, 0.0], [216.0, 0.0], [217.0, 0.0], [217.5, 0.0], [218.0, 0.0], [219.0, 0.0], [219.5, 0.0], [220.0, 0.0], [221.0, 0.0], [222.0, 0.0], [223.0, 0.0], [223.5, 0.0], [224.0, 0.0], [225.0, 0.0], [226.0, 0.0], [227.0, 0.0], [228.0, 0.0], [229.0, 0.0], [229.5, 0.0], [230.0, 0.0], [231.0, 0.0], [232.0, 0.0], [233.0, 0.0], [234.0, 0.0], [234.5, 0.0], [235.0, 0.0], [235.5, 0.0], [236.0, 0.0], [237.0, 0.0], [238.0, 0.0], [238.5, 0.0], [239.0, 0.0], [239.5, 0.0], [239.5, 0.0], [240.0, 0.0], [241.0, 0.0], [241.5, 0.0], [242.0, 0.0], [242.5, 0.0], [243.0, 0.0], [244.0, 0.0], [244.5, 0.0], [244.5, 0.0], [244.5, 0.0], [245.0, 0.0], [245.5, 0.0], [246.0, 0.0], [246.5, 0.0], [246.5, 0.0], [246.5, 0.0], [246.5, 0.0], [247.0, 0.0], [247.5, 0.0], [247.5, 0.0], [248.0, 0.0], [248.5, 0.0], [248.5, 0.0], [248.5, 0.0], [249.0, 0.0], [249.5, 0.0], [249.5, 0.0], [249.5, 0.0], [249.5, 0.0], [249.5, 0.0], [249.5, 0.0], [249.0, 0.0], [248.0, 0.0], [247.5, 0.0], [247.5, 0.0], [247.0, 0.0], [246.5, 0.0], [246.0, 0.0], [245.5, 0.0], [245.0, 0.0], [244.5, 0.0], [244.5, 0.0], [244.0, 0.0], [243.0, 0.0], [242.5, 0.0], [242.5, 0.0], [242.5, 0.0], [243.0, 0.0], [244.0, 0.0], [244.5, 0.0], [244.0, 0.0], [243.0, 0.0], [242.5, 0.0], [243.0, 0.0], [244.0, 0.0], [244.5, 0.0], [244.0, 0.0], [243.5, 0.0], [243.0, 0.0], [242.5, 0.0], [243.0, 0.0], [244.0, 0.0], [244.5, 0.0], [244.0, 0.0], [243.5, 0.0], [244.0, 0.0], [245.0, 0.0], [245.5, 0.0], [245.0, 0.0], [244.0, 0.0], [243.0, 0.0], [242.0, 0.0], [241.0, 0.0], [240.5, 0.0], [240.0, 0.0], [239.5, 0.0], [239.5, 0.0], [240.0, 0.0], [241.0, 0.0], [241.5, 0.0], [241.0, 0.0], [240.0, 0.0], [239.5, 0.0], [239.5, 0.0], [239.0, 0.0], [238.5, 0.0], [239.0, 0.0], [239.5, 0.0], [240.0, 0.0], [241.0, 0.0], [241.5, 0.0], [241.5, 0.0], [241.0, 0.0], [240.5, 0.0], [240.0, 0.0], [239.0, 0.0], [238.0, 0.0], [237.5, 0.0], [237.5, 0.0], [237.0, 0.0], [236.0, 0.0], [235.5, 0.0], [235.0, 0.0], [234.0, 0.0], [233.5, 0.0], [233.0, 0.0], [232.5, 0.0], [232.5, 0.0], [233.0, 0.0], [234.0, 0.0], [234.5, 0.0], [234.0, 0.0], [233.0, 0.0], [232.0, 0.0], [231.0, 0.0], [230.5, 0.0], [230.5, 0.0], [231.0, 0.0], [231.5, 0.0], [231.0, 0.0], [230.5, 0.0], [230.5, 0.0], [230.0, 0.0], [229.5, 0.0], [229.5, 0.0], [229.0, 0.0], [228.5, 0.0], [228.0, 0.0], [227.5, 0.0], [227.0, 0.0], [226.0, 0.0], [225.0, 0.0], [224.0, 0.0], [223.0, 0.0], [222.5, 0.0], [222.0, 0.0], [221.0, 0.0], [220.5, 0.0], [221.0, 0.0], [221.5, 0.0], [221.0, 0.0], [220.0, 0.0], [219.0, 0.0], [218.5, 0.0], [219.0, 0.0], [220.0, 0.0], [221.0, 0.0], [221.5, 0.0], [221.0, 0.0], [220.0, 0.0], [219.0, 0.0], [218.0, 0.0], [217.0, 0.0], [216.0, 0.0], [215.0, 0.0], [214.0, 0.0], [213.0, 0.0], [212.0, 0.0], [211.0, 0.0], [210.5, 0.0], [210.0, 0.0], [209.0, 0.0], [208.0, 0.0], [207.0, 0.0], [206.5, 0.0], [206.0, 0.0], [205.0, 0.0], [204.5, 0.0], [204.0, 0.0], [203.0, 0.0], [202.5, 0.0], [203.0, 0.0], [204.0, 0.0], [205.0, 0.0], [206.0, 0.0], [207.0, 0.0], [207.5, 0.0], [207.0, 0.0], [206.0, 0.0], [205.0, 0.0], [204.0, 0.0], [203.0, 0.0], [202.0, 0.0], [201.0, 0.0], [200.0, 0.0], [199.0, 0.0], [198.0, 0.0], [197.5, 0.0], [197.5, 0.0], [197.0, 0.0], [196.0, 0.0], [195.5, 0.0], [196.0, 0.0], [196.5, 0.0], [196.5, 0.0], [196.0, 0.0], [195.0, 0.0], [194.5, 0.0], [194.5, 0.0], [194.0, 0.0], [193.0, 0.0], [192.5, 0.0], [193.0, 0.0], [194.0, 0.0], [195.0, 0.0], [196.0, 0.0], [196.5, 0.0], [196.0, 0.0], [195.0, 0.0], [194.0, 0.0], [193.0, 0.0], [192.5, 0.0], [192.0, 0.0], [191.5, 0.0], [191.0, 0.0], [190.0, 0.0], [189.0, 0.0], [188.0, 0.0], [187.0, 0.0], [186.0, 0.0], [185.0, 0.0], [184.0, 0.0], [183.5, 0.0], [184.0, 0.0], [185.0, 0.0], [186.0, 0.0], [187.0, 0.0], [187.5, 0.0], [188.0, 0.0], [189.0, 0.0], [190.0, 0.0], [191.0, 0.0], [191.5, 0.0], [191.0, 0.0], [190.0, 0.0], [189.0, 0.0], [188.0, 0.0], [187.5, 0.0], [188.0, 0.0], [189.0, 0.0], [190.0, 0.0], [191.0, 0.0], [191.5, 0.0], [191.0, 0.0], [190.0, 0.0], [189.0, 0.0], [188.0, 0.0], [187.0, 0.0], [186.0, 0.0], [185.5, 0.0], [186.0, 0.0], [187.0, 0.0], [187.5, 0.0], [188.0, 0.0], [188.5, 0.0], [188.0, 0.0], [187.5, 0.0], [188.0, 0.0], [188.5, 0.0], [188.0, 0.0], [187.5, 0.0], [187.5, 0.0], [187.5, 0.0], [187.0, 0.0], [186.0, 0.0], [185.0, 0.0], [184.5, 0.0], [184.0, 0.0], [183.5, 0.0], [183.5, 0.0], [183.0, 0.0], [182.5, 0.0], [183.0, 0.0], [183.5, 0.0], [183.0, 0.0], [182.0, 0.0], [181.5, 0.0], [181.5, 0.0], [181.5, 0.0], [181.5, 0.0], [182.0, 0.0], [182.5, 0.0], [182.5, 0.0], [183.0, 0.0], [184.0, 0.0], [184.5, 0.0], [184.0, 0.0], [183.0, 0.0], [182.5, 0.0], [183.0, 0.0], [183.5, 0.0], [184.0, 0.0], [184.5, 0.0], [184.5, 0.0], [184.5, 0.0], [184.5, 0.0], [184.0, 0.0], [183.5, 0.0], [183.0, 0.0], [182.0, 0.0], [181.5, 0.0], [181.0, 0.0], [180.0, 0.0], [179.0, 0.0], [178.0, 0.0], [177.5, 0.0], [177.0, 0.0], [176.0, 0.0], [175.5, 0.0], [175.5, 0.0], [175.5, 0.0], [175.0, 0.0], [174.5, 0.0], [174.5, 0.0], [174.5, 0.0]]"
SLICE,Z16,GAS_LAT_L,-4.926453961395623,54.377595998958995,-419.1959155315079,1006.0,0.37912115802376845,"[[182.0, 0.0], [181.5, 0.0], [181.5, 0.0], [181.5, 0.0], [181.5, 0.0], [182.0, 0.0], [183.0, 0.0], [183.5, 0.0], [183.0, 0.0], [182.5, 0.0], [183.0, 0.0], [183.5, 0.0], [183.5, 0.0], [184.0, 0.0], [184.5, 0.0], [185.0, 0.0], [186.0, 0.0], [187.0, 0.0], [187.5, 0.0], [187.5, 0.0], [187.5, 0.0], [188.0, 0.0], [188.5, 0.0], [188.0, 0.0], [187.5, 0.0], [188.0, 0.0], [188.5, 0.0], [188.0, 0.0], [187.5, 0.0], [187.0, 0.0], [186.0, 0.0], [185.5, 0.0], [186.0, 0.0], [187.0, 0.0], [188.0, 0.0], [189.0, 0.0], [190.0, 0.0], [191.0, 0.0], [191.5, 0.0], [191.0, 0.0], [190.0, 0.0], [189.0, 0.0], [188.0, 0.0], [187.5, 0.0], [187.0, 0.0], [186.5, 0.0], [187.0, 0.0], [187.5, 0.0], [187.0, 0.0], [186.0, 0.0], [185.0, 0.0], [184.0, 0.0], [183.5, 0.0], [184.0, 0.0], [185.0, 0.0], [186.0, 0.0], [187.0, 0.0], [188.0, 0.0], [189.0, 0.0], [190.0, 0.0], [191.0, 0.0], [191.5, 0.0], [192.0, 0.0], [192.5, 0.0], [193.0, 0.0], [194.0, 0.0], [194.5, 0.0], [194.5, 0.0], [194.0, 0.0], [193.0, 0.0], [192.0, 0.0], [191.0, 0.0], [190.5, 0.0], [191.0, 0.0], [192.0, 0.0], [193.0, 0.0], [194.0, 0.0], [194.5, 0.0], [195.0, 0.0], [196.0, 0.0], [196.5, 0.0], [196.5, 0.0], [196.0, 0.0], [195.5, 0.0], [196.0, 0.0], [197.0, 0.0], [197.5, 0.0], [197.5, 0.0], [198.0, 0.0], [199.0, 0.0], [200.0, 0.0], [201.0, 0.0], [202.0, 0.0], [203.0, 0.0], [204.0, 0.0], [205.0, 0.0], [206.0, 0.0], [207.0, 0.0], [207.5, 0.0], [207.0, 0.0], [206.0, 0.0], [205.0, 0.0], [204.0, 0.0], [203.0, 0.0], [202.5, 0.0], [203.0, 0.0], [204.0, 0.0], [204.5, 0.0], [205.0, 0.0], [206.0, 0.0], [206.5, 0.0], [207.0, 0.0], [208.0, 0.0], [209.0, 0.0], [209.5, 0.0], [210.0, 0.0], [211.0, 0.0], [212.0, 0.0], [213.0, 0.0], [214.0, 0.0], [215.0, 0.0], [216.0, 0.0], [217.0, 0.0], [218.0, 0.0], [219.0, 0.0], [220.0, 0.0], [221.0, 0.0], [221.5, 0.0], [221.0, 0.0], [220.0, 0.0], [219.0, 0.0], [218.5, 0.0], [219.0, 0.0], [220.0, 0.0], [221.0, 0.0], [221.5, 0.0], [221.0, 0.0], [220.5, 0.0], [221.0, 0.0], [222.0, 0.0], [222.5, 0.0], [223.0, 0.0], [224.0, 0.0], [225.0, 0.0], [226.0, 0.0], [227.0, 0.0], [227.5, 0.0], [228.0, 0.0], [228.5, 0.0], [229.0, 0.0], [229.5, 0.0], [229.5, 0.0], [230.0, 0.0], [230.5, 0.0], [230.5, 0.0], [231.0, 0.0], [231.5, 0.0], [231.0, 0.0], [230.5, 0.0], [230.5, 0.0], [230.5, 0.0], [230.0, 0.0], [229.0, 0.0], [228.5, 0.0], [228.0, 0.0], [227.0, 0.0], [226.0, 0.0], [225.0, 0.0], [224.0, 0.0], [223.0, 0.0], [222.0, 0.0], [221.0, 0.0], [220.0, 0.0], [219.5, 0.0], [219.0, 0.0], [218.0, 0.0], [217.0, 0.0], [216.0, 0.0], [215.0, 0.0], [214.0, 0.0], [213.0, 0.0], [212.0, 0.0], [211.0, 0.0], [210.0, 0.0], [209.5, 0.0], [210.0, 0.0], [211.0, 0.0], [212.0, 0.0], [213.0, 0.0], [214.0, 0.0], [215.0, 0.0], [215.5, 0.0], [215.0, 0.0], [214.0, 0.0], [213.0, 0.0], [212.0, 0.0], [211.0, 0.0], [210.0, 0.0], [209.0, 0.0], [208.0, 0.0], [207.0, 0.0], [206.0, 0.0], [205.0, 0.0], [204.0, 0.0], [203.0, 0.0], [202.0, 0.0], [201.0, 0.0], [200.5, 0.0], [201.0, 0.0], [202.0, 0.0], [203.0, 0.0], [204.0, 0.0], [204.5, 0.0], [204.0, 0.0], [203.0, 0.0], [202.5, 0.0], [202.0, 0.0], [201.5, 0.0], [202.0, 0.0], [203.0, 0.0], [204.0, 0.0], [205.0, 0.0], [206.0, 0.0], [207.0, 0.0], [208.0, 0.0], [209.0, 0.0], [209.5, 0.0], [209.0, 0.0], [208.0, 0.0], [207.0, 0.0], [206.0, 0.0], [205.0, 0.0], [204.0, 0.0], [203.0, 0.0], [202.0, 0.0], [201.0, 0.0], [200.0, 0.0], [199.0, 0.0], [198.0, 0.0], [197.5, 0.0], [198.0, 0.0], [199.0, 0.0], [200.0, 0.0], [201.0, 0.0], [202.0, 0.0], [203.0, 0.0], [204.0, 0.0], [204.5, 0.0], [204.0, 0.0], [203.0, 0.0], [202.0, 0.0], [201.0, 0.0], [200.0, 0.0], [199.0, 0.0], [198.5, 0.0], [198.0, 0.0], [197.5, 0.0], [198.0, 0.0], [199.0, 0.0], [200.0, 0.0], [201.0, 0.0], [202.0, 0.0], [203.0, 0.0], [204.0, 0.0], [205.0, 0.0], [205.5, 0.0], [205.0, 0.0], [204.0, 0.0], [203.0, 0.0], [202.0, 0.0], [201.0, 0.0], [200.0, 0.0], [199.0, 0.0], [198.0, 0.0], [197.0, 0.0], [196.5, 0.0], [197.0, 0.0], [198.0, 0.0], [199.0, 0.0], [200.0, 0.0], [201.0, 0.0], [202.0, 0.0], [202.5, 0.0], [202.0, 0.0], [201.0, 0.0], [200.0, 0.0], [199.0, 0.0], [198.0, 0.0], [197.5, 0.0], [197.0, 0.0], [196.5, 0.0], [197.0, 0.0], [198.0, 0.0], [199.0, 0.0], [200.0, 0.0], [201.0, 0.0], [202.0, 0.0], [202.5, 0.0], [202.0, 0.0], [201.0, 0.0], [200.0, 0.0], [199.0, 0.0], [198.0, 0.0], [197.0, 0.0], [196.0, 0.0], [195.5, 0.0], [196.0, 0.0], [197.0, 0.0], [198.0, 0.0], [199.0, 0.0], [200.0, 0.0], [200.5, 0.0], [200.0, 0.0], [199.0, 0.0], [198.0, 0.0], [197.5, 0.0], [197.0, 0.0], [196.5, 0.0], [197.0, 0.0], [198.0, 0.0], [199.0, 0.0], [200.0, 0.0], [201.0, 0.0], [201.5, 0.0], [201.0, 0.0], [200.0, 0.0], [199.0, 0.0], [198.0, 0.0], [197.0, 0.0], [196.0, 0.0], [195.0, 0.0], [194.5, 0.0], [195.0, 0.0], [196.0, 0.0], [197.0, 0.0], [198.0, 0.0], [199.0, 0.0], [199.5, 0.0], [199.0, 0.0], [198.0, 0.0], [197.5, 0.0], [197.0, 0.0], [196.5, 0.0], [197.0, 0.0], [198.0, 0.0], [199.0, 0.0], [200.0, 0.0], [201.0, 0.0], [201.5, 0.0], [201.0, 0.0], [200.0, 0.0], [199.0, 0.0], [198.0, 0.0], [197.0, 0.0], [196.0, 0.0], [195.0, 0.0], [194.0, 0.0], [193.0, 0.0], [192.5, 0.0], [193.0, 0.0], [194.0, 0.0], [195.0, 0.0], [196.0, 0.0], [197.0, 0.0], [198.0, 0.0], [199.0, 0.0], [199.5, 0.0], [199.0, 0.0], [198.0, 0.0], [197.5, 0.0], [197.0, 0.0], [196.0, 0.0], [195.5, 0.0], [196.0, 0.0], [197.0, 0.0], [198.0, 0.0], [199.0, 0.0], [199.5, 0.0], [199.0, 0.0], [198.0, 0.0], [197.0, 0.0], [196.0, 0.0], [195.0, 0.0], [194.0, 0.0], [193.5, 0.0], [193.0, 0.0], [192.5, 0.0], [193.0, 0.0], [194.0, 0.0], [195.0, 0.0], [196.0, 0.0], [197.0, 0.0], [198.0, 0.0], [199.0, 0.0], [199.5, 0.0], [199.0, 0.0], [198.0, 0.0], [197.0, 0.0], [196.0, 0.0], [195.0, 0.0], [194.0, 0.0], [193.5, 0.0], [194.0, 0.0], [195.0, 0.0], [196.0, 0.0], [197.0, 0.0], [198.0, 0.0], [199.0, 0.0], [199.5, 0.0], [199.0, 0.0], [198.0, 0.0], [197.0, 0.0], [196.5, 0.0], [196.0, 0.0], [195.0, 0.0], [194.0, 0.0], [193.0, 0.0], [192.5, 0.0], [193.0, 0.0], [194.0, 0.0], [195.0, 0.0], [196.0, 0.0], [197.0, 0.0], [197.5, 0.0], [197.0, 0.0], [196.0, 0.0], [195.0, 0.0], [194.0, 0.0], [193.0, 0.0], [192.5, 0.0], [193.0, 0.0], [194.0, 0.0], [195.0, 0.0], [196.0, 0.0], [197.0, 0.0], [198.0, 0.0], [199.0, 0.0], [199.5, 0.0], [199.0, 0.0], [198.0, 0.0], [197.0, 0.0], [196.0, 0.0], [195.0, 0.0], [194.5, 0.0], [194.0, 0.0], [193.0, 0.0], [192.5, 0.0], [193.0, 0.0], [194.0, 0.0], [195.0, 0.0], [196.0, 0.0], [197.0, 0.0], [198.0, 0.0], [199.0, 0.0], [199.5, 0.0], [199.0, 0.0], [198.0, 0.0], [197.5, 0.0], [198.0, 0.0], [199.0, 0.0], [199.5, 0.0], [199.0, 0.0], [198.0, 0.0], [197.0, 0.0], [196.0, 0.0], [195.0, 0.0], [194.5, 0.0], [194.0, 0.0], [193.0, 0.0], [192.5, 0.0], [193.0, 0.0], [194.0, 0.0], [195.0, 0.0], [196.0, 0.0], [197.0, 0.0], [198.0, 0.0], [198.5, 0.0], [198.0, 0.0], [197.5, 0.0], [197.0, 0.0], [196.5, 0.0], [196.0, 0.0], [195.0, 0.0], [194.0, 0.0], [193.5, 0.0], [193.0, 0.0], [192.0, 0.0], [191.5, 0.0], [191.0, 0.0], [190.0, 0.0], [189.0, 0.0], [188.5, 0.0], [188.0, 0.0], [187.5, 0.0], [187.0, 0.0], [186.0, 0.0], [185.5, 0.0], [185.5, 0.0], [185.0, 0.0], [184.5, 0.0], [184.0, 0.0], [183.5, 0.0], [183.5, 0.0], [183.5, 0.0], [183.0, 0.0], [182.5, 0.0], [182.5, 0.0], [182.5, 0.0], [182.5, 0.0], [182.5, 0.0], [183.0, 0.0], [183.5, 0.0], [183.5, 0.0], [183.5, 0.0], [184.0, 0.0], [184.5, 0.0], [185.0, 0.0], [185.5, 0.0], [185.5, 0.0], [185.5, 0.0], [185.5, 0.0], [185.5, 0.0], [185.5, 0.0], [185.0, 0.0], [184.5, 0.0], [184.0, 0.0], [183.5, 0.0], [183.0, 0.0], [182.5, 0.0], [183.0, 0.0], [184.0, 0.0], [184.5, 0.0], [184.0, 0.0], [183.0, 0.0], [182.5, 0.0], [182.5, 0.0]]"
SLICE,Z17,TA_R,-4.922129794082821,54.423308280501665,-385.0295279283447,310.0,0.6221062426270494,"[[34.0, 49.5], [33.5, 50.0], [33.5, 51.0], [33.5, 52.0], [33.5, 53.0], [33.5, 54.0], [33.5, 55.0], [33.5, 56.0], [33.5, 57.0], [33.5, 58.0], [33.5, 59.0], [33.5, 60.0], [33.5, 61.0], [34.0, 61.5], [34.5, 62.0], [34.5, 63.0], [34.5, 64.0], [35.0, 64.5], [35.5, 65.0], [36.0, 65.5], [37.0, 65.5], [37.5, 65.0], [37.5, 64.0], [38.0, 63.5], [38.5, 63.0], [38.5, 62.0], [39.0, 61.5], [39.5, 61.0], [40.0, 60.5], [41.0, 60.5], [41.5, 60.0], [42.0, 59.5], [42.5, 59.0], [43.0, 58.5], [44.0, 58.5], [44.5, 58.0], [45.0, 57.5], [45.5, 57.0], [46.0, 56.5], [47.0, 56.5], [47.5, 56.0], [48.0, 55.5], [49.0, 55.5], [49.5, 55.0], [49.5, 54.0], [50.0, 53.5], [50.5, 53.0], [50.0, 52.5], [49.5, 52.0], [49.5, 51.0], [50.0, 50.5], [50.5, 50.0], [50.5, 49.0], [50.0, 48.5], [49.5, 48.0], [49.5, 47.0], [49.0, 46.5], [48.5, 46.0], [48.0, 45.5], [47.5, 45.0], [47.0, 44.5], [46.5, 44.0], [46.0, 43.5], [45.5, 43.0], [45.0, 42.5], [44.5, 42.0], [44.5, 41.0], [44.5, 40.0], [44.0, 39.5], [43.0, 39.5], [42.0, 39.5], [41.5, 40.0], [41.5, 41.0], [41.0, 41.5], [40.0, 41.5], [39.5, 42.0], [39.0, 42.5], [38.5, 43.0], [38.0, 43.5], [37.5, 44.0], [37.0, 44.5], [36.5, 45.0], [36.5, 46.0], [36.5, 47.0], [36.0, 47.5], [35.5, 48.0], [35.0, 48.5], [34.5, 49.0]]"
SLICE,Z17,ED_R,-4.922129794082821,54.423308280501665,-385.0295279283447,0.0,,
SLICE,Z17,PER_R,-4.922129794082821,54.423308280501665,-385.0295279283447,156.0,0.09505979187358332,"[[76.0, 91.5], [75.5, 92.0], [75.5, 93.0], [75.5, 94.0], [75.5, 95.0], [75.5, 96.0], [76.0, 96.5], [76.5, 97.0], [76.5, 98.0], [77.0, 98.5], [77.5, 99.0], [78.0, 99.5], [78.5, 100.0], [79.0, 100.5], [79.5, 101.0], [80.0, 101.5], [80.5, 101.0], [81.0, 100.5], [82.0, 100.5], [83.0, 100.5], [84.0, 100.5], [84.5, 100.0], [85.0, 99.5], [85.5, 99.0], [86.0, 98.5], [87.0, 98.5], [88.0, 98.5], [89.0, 98.5], [90.0, 98.5], [91.0, 98.5], [91.5, 98.0], [91.5, 97.0], [91.5, 96.0], [91.5, 95.0], [91.0, 94.5], [90.5, 94.0], [90.0, 93.5], [89.5, 94.0], [89.0, 94.5], [88.0, 94.5], [87.0, 94.5], [86.0, 94.5], [85.5, 94.0], [86.0, 93.5], [87.0, 93.5], [87.5, 93.0], [88.0, 92.5], [89.0, 92.5], [89.5, 92.0], [89.0, 91.5], [88.0, 91.5], [87.0, 91.5], [86.0, 91.5], [85.5, 91.0], [86.0, 90.5], [87.0, 90.5], [87.5, 90.0], [87.0, 89.5], [86.0, 89.5], [85.5, 89.0], [85.5, 88.0], [85.0, 87.5], [84.0, 87.5], [83.0, 87.5], [82.5, 87.0], [82.0, 86.5], [81.0, 86.5], [80.0, 86.5], [79.0, 86.5], [78.5, 87.0], [78.0, 87.5], [77.5, 88.0], [77.5, 89.0], [77.0, 89.5], [76.5, 90.0], [76.5, 91.0]]"
SLICE,Z17,DLPC_R,-4.922129794082821,54.423308280501665,-385.0295279283447,757.0,0.07931350724840512,"[[59.0, 48.5], [58.5, 49.0], [58.5, 50.0], [58.5, 51.0], [59.0, 51.5], [60.0, 51.5], [61.0, 51.5], [61.5, 52.0], [61.5, 53.0], [61.5, 54.0], [61.5, 55.0], [61.5, 56.0], [61.5, 57.0], [61.5, 58.0], [61.5, 59.0], [61.5, 60.0], [61.5, 61.0], [62.0, 61.5], [62.5, 62.0], [63.0, 62.5], [64.0, 62.5], [64.5, 62.0], [64.5, 61.0], [64.5, 60.0], [64.5, 59.0], [65.0, 58.5], [65.5, 58.0], [66.0, 57.5], [67.0, 57.5], [67.5, 57.0], [68.0, 56.5], [68.5, 56.0], [69.0, 55.5], [70.0, 55.5], [71.0, 55.5], [72.0, 55.5], [73.0, 55.5], [74.0, 55.5], [75.0, 55.5], [76.0, 55.5], [76.5, 56.0], [76.5, 57.0], [77.0, 57.5], [78.0, 57.5], [78.5, 58.0], [79.0, 58.5], [80.0, 58.5], [81.0, 58.5], [81.5, 59.0], [81.5, 60.0], [81.5, 61.0], [81.5, 62.0], [81.5, 63.0], [81.5, 64.0], [81.5, 65.0], [81.0, 65.5], [80.5, 66.0], [80.5, 67.0], [80.0, 67.5], [79.5, 68.0], [79.5, 69.0], [80.0, 69.5], [81.0, 69.5], [82.0, 69.5], [82.5, 69.0], [83.0, 68.5], [84.0, 68.5], [84.5, 68.0], [85.0, 67.5], [85.5, 67.0], [86.0, 66.5], [86.5, 66.0], [87.0, 65.5], [87.5, 65.0], [88.0, 64.5], [89.0, 64.5], [89.5, 64.0], [90.0, 63.5], [90.5, 63.0], [91.0, 62.5], [91.5, 62.0], [91.5, 61.0], [92.0, 60.5], [92.5, 60.0], [92.5, 59.0], [92.5, 58.0], [92.5, 57.0], [92.5, 56.0], [92.5, 55.0], [92.5, 54.0], [92.5, 53.0], [92.5, 52.0], [92.5, 51.0], [92.5, 50.0], [92.5, 49.0], [93.0, 48.5], [94.0, 48.5], [94.5, 48.0], [94.5, 47.0], [94.5, 46.0], [95.0, 45.5], [95.5, 45.0], [95.5, 44.0], [95.5, 43.0], [95.5, 42.0], [95.0, 41.5], [94.5, 41.0], [94.5, 40.0], [94.5, 39.0], [94.5, 38.0], [94.0, 37.5], [93.0, 37.5], [92.5, 37.0], [92.0, 36.5], [91.0, 36.5], [90.0, 36.5], [89.0, 36.5], [88.5, 36.0], [89.0, 35.5], [89.5, 35.0], [89.0, 34.5], [88.0, 34.5], [87.0, 34.5], [86.0, 34.5], [85.0, 34.5], [84.0, 34.5], [83.0, 34.5], [82.0, 34.5], [81.0, 34.5], [80.0, 34.5], [79.5, 35.0], [79.0, 35.5], [78.5, 36.0], [78.0, 36.5], [77.5, 37.0], [77.0, 37.5], [76.0, 37.5], [75.0, 37.5], [74.0, 37.5], [73.5, 38.0], [73.0, 38.5], [72.0, 38.5], [71.5, 39.0], [71.0, 39.5], [70.0, 39.5], [69.0, 39.5], [68.5, 40.0], [68.0, 40.5], [67.5, 41.0], [67.5, 42.0], [67.0, 42.5], [66.0, 42.5], [65.5, 43.0], [65.0, 43.5], [64.5, 44.0], [64.0, 44.5], [63.0, 44.5], [62.5, 45.0], [62.0, 45.5], [61.5, 46.0], [61.5, 47.0], [61.0, 47.5], [60.0, 47.5], [59.5, 48.0]]"
SLICE,Z17,POP_R,-4.922129794082821,54.423308280501665,-385.0295279283447,2.0,0.010878071067312863,"[[85.0, 62.5], [84.5, 63.0], [85.0, 63.5], [86.0, 63.5], [86.5, 63.0], [86.0, 62.5]]"
SLICE,Z17,SOL_R,-4.922129794082821,54.423308280501665,-385.0295279283447,1532.0,0.16563829553910808,"[[74.0, 78.5], [73.5, 79.0], [73.5, 80.0], [73.5, 81.0], [73.5, 82.0], [73.5, 83.0], [74.0, 83.5], [74.5, 84.0], [74.5, 85.0], [75.0, 85.5], [75.5, 86.0], [76.0, 86.5], [77.0, 86.5], [77.5, 87.0], [77.0, 87.5], [76.0, 87.5], [75.0, 87.5], [74.5, 88.0], [74.5, 89.0], [74.0, 89.5], [73.5, 90.0], [73.5, 91.0], [73.5, 92.0], [74.0, 92.5], [74.5, 93.0], [74.5, 94.0], [75.0, 94.5], [75.5, 94.0], [75.5, 93.0], [75.5, 92.0], [76.0, 91.5], [76.5, 91.0], [76.5, 90.0], [77.0, 89.5], [77.5, 89.0], [77.5, 88.0], [78.0, 87.5], [78.5, 87.0], [79.0, 86.5], [80.0, 86.5], [81.0, 86.5], [82.0, 86.5], [82.5, 87.0], [83.0, 87.5], [84.0, 87.5], [85.0, 87.5], [85.5, 88.0], [85.5, 89.0], [86.0, 89.5], [87.0, 89.5], [87.5, 90.0], [87.0, 90.5], [86.0, 90.5], [85.5, 91.0], [86.0, 91.5], [87.0, 91.5], [88.0, 91.5], [89.0, 91.5], [89.5, 92.0], [89.0, 92.5], [88.0, 92.5], [87.5, 93.0], [87.0, 93.5], [86.0, 93.5], [85.5, 94.0], [86.0, 94.5], [87.0, 94.5], [88.0, 94.5], [89.0, 94.5], [89.5, 94.0], [90.0, 93.5], [90.5, 94.0], [91.0, 94.5], [91.5, 94.0], [91.5, 93.0], [91.0, 92.5], [90.5, 92.0], [90.5, 91.0], [91.0, 90.5], [92.0, 90.5], [93.0, 90.5], [93.5, 91.0], [93.5, 92.0], [93.0, 92.5], [92.5, 93.0], [93.0, 93.5], [93.5, 94.0], [94.0, 94.5], [94.5, 94.0], [95.0, 93.5], [96.0, 93.5], [96.5, 93.0], [97.0, 92.5], [97.5, 92.0], [98.0, 91.5], [98.5, 91.0], [98.5, 90.0], [98.5, 89.0], [99.0, 88.5], [100.0, 88.5], [101.0, 88.5], [102.0, 88.5], [102.5, 88.0], [103.0, 87.5], [104.0, 87.5], [105.0, 87.5], [106.0, 87.5], [106.5, 88.0], [107.0, 88.5], [108.0, 88.5], [109.0, 88.5], [110.0, 88.5], [110.5, 88.0], [110.0, 87.5], [109.5, 87.0], [109.5, 86.0], [110.0, 85.5], [110.5, 85.0], [110.0, 84.5], [109.0, 84.5], [108.0, 84.5], [107.5, 84.0], [108.0, 83.5], [109.0, 83.5], [110.0, 83.5], [110.5, 83.0], [110.5, 82.0], [110.5, 81.0], [110.5, 80.0], [110.0, 79.5], [109.0, 79.5], [108.0, 79.5], [107.5, 79.0], [108.0, 78.5], [109.0, 78.5], [110.0, 78.5], [111.0, 78.5], [111.5, 78.0], [111.0, 77.5], [110.5, 77.0], [111.0, 76.5], [111.5, 76.0], [111.0, 75.5], [110.5, 75.0], [110.0, 74.5], [109.0, 74.5], [108.0, 74.5], [107.5, 74.0], [108.0, 73.5], [109.0, 73.5], [110.0, 73.5], [111.0, 73.5], [112.0, 73.5], [112.5, 73.0], [112.5, 72.0], [113.0, 71.5], [114.0, 71.5], [114.5, 71.0], [114.0, 70.5], [113.0, 70.5], [112.5, 70.0], [112.0, 69.5], [111.5, 69.0], [112.0, 68.5], [113.0, 68.5], [113.5, 68.0], [113.0, 67.5], [112.5, 67.0], [113.0, 66.5], [114.0, 66.5], [115.0, 66.5], [116.0, 66.5], [117.0, 66.5], [118.0, 66.5], [119.0, 66.5], [119.5, 66.0], [119.0, 65.5], [118.0, 65.5], [117.0, 65.5], [116.0, 65.5], [115.0, 65.5], [114.5, 65.0], [114.0, 64.5], [113.0, 64.5], [112.5, 64.0], [113.0, 63.5], [114.0, 63.5], [115.0, 63.5], [116.0, 63.5], [117.0, 63.5], [118.0, 63.5], [118.5, 63.0], [119.0, 62.5], [119.5, 62.0], [120.0, 61.5], [121.0, 61.5], [122.0, 61.5], [123.0, 61.5], [124.0, 61.5], [124.5, 61.0], [124.0, 60.5], [123.0, 60.5], [122.0, 60.5], [121.0, 60.5], [120.5, 60.0], [120.0, 59.5], [119.0, 59.5], [118.0, 59.5], [117.0, 59.5], [116.0, 59.5], [115.0, 59.5], [114.0, 59.5], [113.0, 59.5], [112.5, 59.0], [113.0, 58.5], [114.0, 58.5], [115.0, 58.5], [116.0, 58.5], [117.0, 58.5], [118.0, 58.5], [119.0, 58.5], [119.5, 58.0], [119.5, 57.0], [120.0, 56.5], [121.0, 56.5], [122.0, 56.5], [123.0, 56.5], [124.0, 56.5], [124.5, 56.0], [124.0, 55.5], [123.0, 55.5], [122.0, 55.5], [121.0, 55.5], [120.0, 55.5], [119.0, 55.5], [118.0, 55.5], [117.5, 55.0], [117.0, 54.5], [116.0, 54.5], [115.0, 54.5], [114.5, 54.0], [115.0, 53.5], [115.5, 53.0], [115.0, 52.5], [114.5, 52.0], [115.0, 51.5], [116.0, 51.5], [117.0, 51.5], [118.0, 51.5], [119.0, 51.5], [120.0, 51.5], [120.5, 51.0], [120.0, 50.5], [119.0, 50.5], [118.0, 50.5], [117.0, 50.5], [116.0, 50.5], [115.0, 50.5], [114.5, 50.0], [114.5, 49.0], [114.0, 48.5], [113.0, 48.5], [112.5, 48.0], [113.0, 47.5], [113.5, 47.0], [114.0, 46.5], [115.0, 46.5], [116.0, 46.5], [117.0, 46.5], [118.0, 46.5], [119.0, 46.5], [120.0, 46.5], [120.5, 46.0], [120.0, 45.5], [119.0, 45.5], [118.0, 45.5], [117.0, 45.5], [116.0, 45.5], [115.0, 45.5], [114.0, 45.5], [113.0, 45.5], [112.5, 45.0], [113.0, 44.5], [113.5, 44.0], [113.0, 43.5], [112.0, 43.5], [111.5, 43.0], [112.0, 42.5], [113.0, 42.5], [113.5, 42.0], [114.0, 41.5], [115.0, 41.5], [116.0, 41.5], [117.0, 41.5], [118.0, 41.5], [119.0, 41.5], [120.0, 41.5], [121.0, 41.5], [122.0, 41.5], [123.0, 41.5], [123.5, 41.0], [123.0, 40.5], [122.0, 40.5], [121.0, 40.5], [120.0, 40.5], [119.0, 40.5], [118.0, 40.5], [117.0, 40.5], [116.0, 40.5], [115.0, 40.5], [114.0, 40.5], [113.5, 41.0], [113.0, 41.5], [112.0, 41.5], [111.0, 41.5], [110.5, 41.0], [110.0, 40.5], [109.0, 40.5], [108.5, 41.0], [108.0, 41.5], [107.0, 41.5], [106.5, 41.0], [106.5, 40.0], [106.5, 39.0], [106.5, 38.0], [106.0, 37.5], [105.5, 37.0], [105.0, 36.5], [104.5, 36.0], [104.0, 35.5], [103.0, 35.5], [102.5, 35.0], [102.0, 34.5], [101.0, 34.5], [100.0, 34.5], [99.0, 34.5], [98.0, 34.5], [97.0, 34.5], [96.0, 34.5], [95.0, 34.5], [94.0, 34.5], [93.5, 35.0], [93.0, 35.5], [92.0, 35.5], [91.0, 35.5], [90.0, 35.5], [89.0, 35.5], [88.5, 36.0], [89.0, 36.5], [90.0, 36.5], [91.0, 36.5], [92.0, 36.5], [93.0, 36.5], [93.5, 37.0], [94.0, 37.5], [94.5, 38.0], [94.5, 39.0], [94.5, 40.0], [94.5, 41.0], [95.0, 41.5], [95.5, 42.0], [95.5, 43.0], [95.5, 44.0], [95.5, 45.0], [95.0, 45.5], [94.5, 46.0], [94.5, 47.0], [94.5, 48.0], [94.0, 48.5], [93.0, 48.5], [92.5, 49.0], [93.0, 49.5], [93.5, 50.0], [93.5, 51.0], [93.5, 52.0], [93.5, 53.0], [93.5, 54.0], [93.5, 55.0], [94.0, 55.5], [94.5, 56.0], [95.0, 56.5], [95.5, 57.0], [95.5, 58.0], [95.0, 58.5], [94.5, 59.0], [94.0, 59.5], [93.0, 59.5], [92.5, 60.0], [92.0, 60.5], [91.5, 61.0], [91.5, 62.0], [91.0, 62.5], [90.5, 63.0], [90.0, 63.5], [89.5, 64.0], [89.0, 64.5], [88.0, 64.5], [87.5, 65.0], [87.0, 65.5], [86.5, 66.0], [86.0, 66.5], [85.5, 67.0], [85.0, 67.5], [84.5, 68.0], [84.0, 68.5], [83.0, 68.5], [82.5, 69.0], [82.0, 69.5], [81.5, 70.0], [81.0, 70.5], [80.0, 70.5], [79.5, 71.0], [79.0, 71.5], [78.5, 72.0], [78.5, 73.0], [79.0, 73.5], [79.5, 74.0], [79.0, 74.5], [78.5, 75.0], [78.0, 75.5], [77.5, 76.0], [78.0, 76.5], [79.0, 76.5], [79.5, 77.0], [79.0, 77.5], [78.5, 78.0], [78.0, 78.5], [77.0, 78.5], [76.5, 79.0], [76.0, 79.5], [75.0, 79.5], [74.5, 79.0]]"
SLICE,Z17,GAS_MED_R,-4.922129794082821,54.423308280501665,-385.0295279283447,1414.0,0.39197863075537676,"[[111.0, 38.5], [110.5, 39.0], [110.5, 40.0], [110.5, 41.0], [111.0, 41.5], [112.0, 41.5], [113.0, 41.5], [113.5, 42.0], [113.0, 42.5], [112.0, 42.5], [111.5, 43.0], [112.0, 43.5], [113.0, 43.5], [113.5, 44.0], [113.0, 44.5], [112.5, 45.0], [113.0, 45.5], [114.0, 45.5], [115.0, 45.5], [116.0, 45.5], [117.0, 45.5], [118.0, 45.5], [119.0, 45.5], [120.0, 45.5], [120.5, 46.0], [120.0, 46.5], [119.0, 46.5], [118.0, 46.5], [117.0, 46.5], [116.0, 46.5], [115.0, 46.5], [114.0, 46.5], [113.5, 47.0], [113.0, 47.5], [112.5, 48.0], [113.0, 48.5], [114.0, 48.5], [114.5, 49.0], [114.5, 50.0], [115.0, 50.5], [116.0, 50.5], [117.0, 50.5], [118.0, 50.5], [119.0, 50.5], [120.0, 50.5], [121.0, 50.5], [122.0, 50.5], [123.0, 50.5], [124.0, 50.5], [125.0, 50.5], [126.0, 50.5], [127.0, 50.5], [128.0, 50.5], [129.0, 50.5], [130.0, 50.5], [131.0, 50.5], [132.0, 50.5], [132.5, 51.0], [132.0, 51.5], [131.0, 51.5], [130.0, 51.5], [129.0, 51.5], [128.0, 51.5], [127.0, 51.5], [126.0, 51.5], [125.0, 51.5], [124.0, 51.5], [123.0, 51.5], [122.0, 51.5], [121.0, 51.5], [120.0, 51.5], [119.0, 51.5], [118.0, 51.5], [117.0, 51.5], [116.0, 51.5], [115.0, 51.5], [114.5, 52.0], [115.0, 52.5], [115.5, 53.0], [116.0, 53.5], [117.0, 53.5], [118.0, 53.5], [119.0, 53.5], [120.0, 53.5], [121.0, 53.5], [122.0, 53.5], [123.0, 53.5], [124.0, 53.5], [125.0, 53.5], [126.0, 53.5], [127.0, 53.5], [128.0, 53.5], [129.0, 53.5], [130.0, 53.5], [131.0, 53.5], [131.5, 54.0], [131.5, 55.0], [131.5, 56.0], [132.0, 56.5], [132.5, 57.0], [133.0, 57.5], [133.5, 58.0], [133.5, 59.0], [133.5, 60.0], [133.5, 61.0], [133.5, 62.0], [133.5, 63.0], [134.0, 63.5], [134.5, 64.0], [134.0, 64.5], [133.5, 65.0], [134.0, 65.5], [134.5, 66.0], [134.5, 67.0], [134.0, 67.5], [133.0, 67.5], [132.5, 68.0], [133.0, 68.5], [134.0, 68.5], [135.0, 68.5], [135.5, 69.0], [135.0, 69.5], [134.0, 69.5], [133.0, 69.5], [132.5, 70.0], [133.0, 70.5], [134.0, 70.5], [134.5, 71.0], [134.0, 71.5], [133.5, 72.0], [133.5, 73.0], [134.0, 73.5], [134.5, 74.0], [134.0, 74.5], [133.0, 74.5], [132.5, 75.0], [132.0, 75.5], [131.5, 76.0], [131.5, 77.0], [131.5, 78.0], [131.0, 78.5], [130.0, 78.5], [129.0, 78.5], [128.0, 78.5], [127.5, 79.0], [128.0, 79.5], [129.0, 79.5], [130.0, 79.5], [130.5, 80.0], [130.0, 80.5], [129.0, 80.5], [128.0, 80.5], [127.5, 81.0], [127.0, 81.5], [126.0, 81.5], [125.5, 82.0], [126.0, 82.5], [127.0, 82.5], [128.0, 82.5], [129.0, 82.5], [129.5, 83.0], [129.0, 83.5], [128.0, 83.5], [127.5, 84.0], [127.5, 85.0], [127.0, 85.5], [126.0, 85.5], [125.5, 86.0], [125.5, 87.0], [126.0, 87.5], [126.5, 88.0], [127.0, 88.5], [127.5, 89.0], [127.5, 90.0], [128.0, 90.5], [129.0, 90.5], [130.0, 90.5], [131.0, 90.5], [132.0, 90.5], [133.0, 90.5], [133.5, 90.0], [134.0, 89.5], [134.5, 89.0], [135.0, 88.5], [135.5, 88.0], [136.0, 87.5], [136.5, 87.0], [136.5, 86.0], [137.0, 85.5], [137.5, 85.0], [137.5, 84.0], [137.5, 83.0], [137.5, 82.0], [137.5, 81.0], [138.0, 80.5], [138.5, 80.0], [139.0, 79.5], [140.0, 79.5], [141.0, 79.5], [141.5, 79.0], [142.0, 78.5], [142.5, 78.0], [142.5, 77.0], [143.0, 76.5], [143.5, 76.0], [143.5, 75.0], [143.5, 74.0], [143.5, 73.0], [143.5, 72.0], [143.5, 71.0], [143.5, 70.0], [143.5, 69.0], [143.5, 68.0], [143.5, 67.0], [143.5, 66.0], [143.5, 65.0], [143.5, 64.0], [143.5, 63.0], [143.5, 62.0], [143.5, 61.0], [143.5, 60.0], [143.5, 59.0], [143.5, 58.0], [143.5, 57.0], [143.0, 56.5], [142.5, 56.0], [142.5, 55.0], [142.5, 54.0], [142.5, 53.0], [142.5, 52.0], [142.5, 51.0], [142.0, 50.5], [141.5, 50.0], [141.0, 49.5], [140.5, 49.0], [140.5, 48.0], [140.0, 47.5], [139.5, 47.0], [139.5, 46.0], [139.0, 45.5], [138.5, 45.0], [138.0, 44.5], [137.0, 44.5], [136.5, 44.0], [136.0, 43.5], [135.5, 43.0], [135.0, 42.5], [134.5, 42.0], [134.5, 41.0], [134.0, 40.5], [133.5, 40.0], [133.0, 39.5], [132.5, 39.0], [132.0, 38.5], [131.5, 38.0], [131.0, 37.5], [130.0, 37.5], [129.0, 37.5], [128.5, 37.0], [128.0, 36.5], [127.5, 36.0], [127.0, 35.5], [126.5, 35.0], [126.0, 34.5], [125.0, 34.5], [124.0, 34.5], [123.0, 34.5], [122.5, 34.0], [122.0, 33.5], [121.0, 33.5], [120.0, 33.5], [119.0, 33.5], [118.5, 34.0], [118.0, 34.5], [117.0, 34.5], [116.0, 34.5], [115.0, 34.5], [114.5, 35.0], [114.0, 35.5], [113.5, 36.0], [113.0, 36.5], [112.5, 37.0], [112.0, 37.5], [111.5, 38.0]]"
SLICE,Z17,GAS_LAT_R,-4.922129794082821,54.423308280501665,-385.0295279283447,1176.0,0.3450977428521722,"[[105.0, 88.5], [104.5, 89.0], [105.0, 89.5], [106.0, 89.5], [107.0, 89.5], [108.0, 89.5], [109.0, 89.5], [110.0, 89.5], [111.0, 89.5], [112.0, 89.5], [112.5, 90.0], [112.0, 90.5], [111.0, 90.5], [110.0, 90.5], [109.0, 90.5], [108.0, 90.5], [107.5, 91.0], [108.0, 91.5], [109.0, 91.5], [110.0, 91.5], [111.0, 91.5], [112.0, 91.5], [113.0, 91.5], [114.0, 91.5], [114.5, 92.0], [115.0, 92.5], [115.5, 93.0], [115.0, 93.5], [114.0, 93.5], [113.0, 93.5], [112.0, 93.5], [111.0, 93.5], [110.5, 94.0], [111.0, 94.5], [112.0, 94.5], [113.0, 94.5], [114.0, 94.5], [115.0, 94.5], [116.0, 94.5], [117.0, 94.5], [117.5, 95.0], [117.0, 95.5], [116.0, 95.5], [115.0, 95.5], [114.0, 95.5], [113.0, 95.5], [112.0, 95.5], [111.5, 96.0], [112.0, 96.5], [113.0, 96.5], [114.0, 96.5], [115.0, 96.5], [116.0, 96.5], [117.0, 96.5], [118.0, 96.5], [119.0, 96.5], [119.5, 97.0], [119.5, 98.0], [119.0, 98.5], [118.0, 98.5], [117.0, 98.5], [116.0, 98.5], [115.0, 98.5], [114.0, 98.5], [113.0, 98.5], [112.5, 99.0], [113.0, 99.5], [114.0, 99.5], [115.0, 99.5], [116.0, 99.5], [117.0, 99.5], [118.0, 99.5], [119.0, 99.5], [119.5, 100.0], [119.0, 100.5], [118.0, 100.5], [117.0, 100.5], [116.0, 100.5], [115.0, 100.5], [114.5, 101.0], [115.0, 101.5], [116.0, 101.5], [117.0, 101.5], [117.5, 102.0], [117.0, 102.5], [116.0, 102.5], [115.5, 103.0], [115.5, 104.0], [116.0, 104.5], [117.0, 104.5], [118.0, 104.5], [119.0, 104.5], [120.0, 104.5], [120.5, 104.0], [121.0, 103.5], [122.0, 103.5], [122.5, 103.0], [122.5, 102.0], [123.0, 101.5], [123.5, 101.0], [124.0, 100.5], [124.5, 100.0], [124.5, 99.0], [124.5, 98.0], [124.5, 97.0], [124.5, 96.0], [124.0, 95.5], [123.5, 95.0], [123.0, 94.5], [122.5, 94.0], [122.5, 93.0], [123.0, 92.5], [124.0, 92.5], [125.0, 92.5], [125.5, 92.0], [126.0, 91.5], [127.0, 91.5], [127.5, 91.0], [127.5, 90.0], [127.5, 89.0], [127.0, 88.5], [126.5, 88.0], [126.0, 87.5], [125.5, 87.0], [125.5, 86.0], [126.0, 85.5], [127.0, 85.5], [127.5, 85.0], [127.5, 84.0], [128.0, 83.5], [129.0, 83.5], [129.5, 84.0], [130.0, 84.5], [130.5, 84.0], [130.0, 83.5], [129.5, 83.0], [129.0, 82.5], [128.0, 82.5], [127.0, 82.5], [126.0, 82.5], [125.5, 82.0], [126.0, 81.5], [127.0, 81.5], [127.5, 81.0], [128.0, 80.5], [129.0, 80.5], [130.0, 80.5], [130.5, 80.0], [130.0, 79.5], [129.0, 79.5], [128.0, 79.5], [127.5, 79.0], [128.0, 78.5], [129.0, 78.5], [130.0, 78.5], [131.0, 78.5], [131.5, 78.0], [131.5, 77.0], [131.5, 76.0], [132.0, 75.5], [132.5, 75.0], [133.0, 74.5], [134.0, 74.5], [134.5, 74.0], [134.0, 73.5], [133.5, 73.0], [133.5, 72.0], [134.0, 71.5], [134.5, 71.0], [134.0, 70.5], [133.0, 70.5], [132.5, 70.0], [133.0, 69.5], [134.0, 69.5], [135.0, 69.5], [135.5, 69.0], [135.0, 68.5], [134.0, 68.5], [133.0, 68.5], [132.5, 68.0], [133.0, 67.5], [134.0, 67.5], [134.5, 67.0], [134.5, 66.0], [134.0, 65.5], [133.5, 65.0], [134.0, 64.5], [134.5, 64.0], [134.0, 63.5], [133.5, 63.0], [133.5, 62.0], [133.5, 61.0], [133.5, 60.0], [133.0, 59.5], [132.0, 59.5], [131.5, 59.0], [131.5, 58.0], [131.5, 57.0], [131.0, 56.5], [130.5, 56.0], [131.0, 55.5], [131.5, 55.0], [131.5, 54.0], [131.0, 53.5], [130.0, 53.5], [129.0, 53.5], [128.0, 53.5], [127.0, 53.5], [126.0, 53.5], [125.0, 53.5], [124.0, 53.5], [123.0, 53.5], [122.0, 53.5], [121.0, 53.5], [120.0, 53.5], [119.0, 53.5], [118.0, 53.5], [117.0, 53.5], [116.0, 53.5], [115.0, 53.5], [114.5, 54.0], [115.0, 54.5], [116.0, 54.5], [117.0, 54.5], [118.0, 54.5], [119.0, 54.5], [120.0, 54.5], [121.0, 54.5], [122.0, 54.5], [123.0, 54.5], [124.0, 54.5], [125.0, 54.5], [126.0, 54.5], [127.0, 54.5], [128.0, 54.5], [129.0, 54.5], [129.5, 55.0], [129.0, 55.5], [128.0, 55.5], [127.0, 55.5], [126.0, 55.5], [125.0, 55.5], [124.5, 56.0], [124.0, 56.5], [123.0, 56.5], [122.5, 57.0], [123.0, 57.5], [124.0, 57.5], [125.0, 57.5], [126.0, 57.5], [126.5, 57.0], [127.0, 56.5], [127.5, 57.0], [127.5, 58.0], [127.0, 58.5], [126.0, 58.5], [125.0, 58.5], [124.0, 58.5], [123.0, 58.5], [122.0, 58.5], [121.0, 58.5], [120.0, 58.5], [119.0, 58.5], [118.0, 58.5], [117.0, 58.5], [116.0, 58.5], [115.0, 58.5], [114.0, 58.5], [113.0, 58.5], [112.5, 59.0], [113.0, 59.5], [114.0, 59.5], [115.0, 59.5], [116.0, 59.5], [117.0, 59.5], [118.0, 59.5], [119.0, 59.5], [120.0, 59.5], [121.0, 59.5], [122.0, 59.5], [123.0, 59.5], [124.0, 59.5], [125.0, 59.5], [126.0, 59.5], [127.0, 59.5], [127.5, 60.0], [127.0, 60.5], [126.0, 60.5], [125.0, 60.5], [124.5, 61.0], [124.0, 61.5], [123.0, 61.5], [122.0, 61.5], [121.5, 62.0], [121.0, 62.5], [120.0, 62.5], [119.0, 62.5], [118.5, 63.0], [118.0, 63.5], [117.0, 63.5], [116.0, 63.5], [115.0, 63.5], [114.0, 63.5], [113.0, 63.5], [112.5, 64.0], [113.0, 64.5], [114.0, 64.5], [114.5, 65.0], [115.0, 65.5], [116.0, 65.5], [117.0, 65.5], [118.0, 65.5], [119.0, 65.5], [119.5, 66.0], [119.5, 67.0], [119.0, 67.5], [118.0, 67.5], [117.0, 67.5], [116.5, 67.0], [116.0, 66.5], [115.0, 66.5], [114.0, 66.5], [113.0, 66.5], [112.5, 67.0], [113.0, 67.5], [113.5, 68.0], [113.0, 68.5], [112.0, 68.5], [111.5, 69.0], [112.0, 69.5], [112.5, 70.0], [113.0, 70.5], [114.0, 70.5], [114.5, 71.0], [114.0, 71.5], [113.0, 71.5], [112.5, 72.0], [112.5, 73.0], [112.0, 73.5], [111.0, 73.5], [110.0, 73.5], [109.0, 73.5], [108.0, 73.5], [107.5, 74.0], [108.0, 74.5], [109.0, 74.5], [110.0, 74.5], [110.5, 75.0], [111.0, 75.5], [111.5, 76.0], [111.0, 76.5], [110.5, 77.0], [111.0, 77.5], [111.5, 78.0], [111.0, 78.5], [110.0, 78.5], [109.0, 78.5], [108.0, 78.5], [107.5, 79.0], [108.0, 79.5], [109.0, 79.5], [110.0, 79.5], [110.5, 80.0], [110.5, 81.0], [110.5, 82.0], [110.5, 83.0], [110.0, 83.5], [109.0, 83.5], [108.0, 83.5], [107.5, 84.0], [108.0, 84.5], [109.0, 84.5], [110.0, 84.5], [110.5, 85.0], [110.0, 85.5], [109.5, 86.0], [109.5, 87.0], [110.0, 87.5], [110.5, 88.0], [110.0, 88.5], [109.0, 88.5], [108.0, 88.5], [107.0, 88.5], [106.0, 88.5]]"
SLICE,Z17,TA_L,-4.922129794082821,54.423308280501665,-385.0295279283447,415.0,0.5632938322378449,"[[218.0, 0.0], [217.5, 0.0], [218.0, 0.0], [219.0, 0.0], [220.0, 0.0], [221.0, 0.0], [222.0, 0.0], [222.5, 0.0], [222.5, 0.0], [222.0, 0.0], [221.0, 0.0], [220.0, 0.0], [219.5, 0.0], [219.5, 0.0], [219.5, 0.0], [220.0, 0.0], [220.5, 0.0], [220.5, 0.0], [220.5, 0.0], [221.0, 0.0], [221.5, 0.0], [221.5, 0.0], [222.0, 0.0], [222.5, 0.0], [222.5, 0.0], [223.0, 0.0], [223.5, 0.0], [223.5, 0.0], [223.5, 0.0], [224.0, 0.0], [224.5, 0.0], [225.0, 0.0], [226.0, 0.0], [227.0, 0.0], [228.0, 0.0], [229.0, 0.0], [230.0, 0.0], [231.0, 0.0], [232.0, 0.0], [233.0, 0.0], [234.0, 0.0], [234.5, 0.0], [235.0, 0.0], [236.0, 0.0], [236.5, 0.0], [237.0, 0.0], [237.5, 0.0], [238.0, 0.0], [238.5, 0.0], [239.0, 0.0], [239.5, 0.0], [239.5, 0.0], [240.0, 0.0], [240.5, 0.0], [240.5, 0.0], [241.0, 0.0], [242.0, 0.0], [242.5, 0.0], [242.5, 0.0], [242.5, 0.0], [242.5, 0.0], [243.0, 0.0], [244.0, 0.0], [244.5, 0.0], [245.0, 0.0], [246.0, 0.0], [246.5, 0.0], [247.0, 0.0], [247.5, 0.0], [248.0, 0.0], [248.5, 0.0], [249.0, 0.0], [249.5, 0.0], [249.5, 0.0], [249.0, 0.0], [248.0, 0.0], [247.5, 0.0], [247.0, 0.0], [246.5, 0.0], [246.0, 0.0], [245.0, 0.0], [244.5, 0.0], [244.0, 0.0], [243.0, 0.0], [242.0, 0.0], [241.5, 0.0], [241.0, 0.0], [240.0, 0.0], [239.0, 0.0], [238.5, 0.0], [238.0, 0.0], [237.0, 0.0], [236.0, 0.0], [235.0, 0.0], [234.5, 0.0], [234.0, 0.0], [233.0, 0.0], [232.0, 0.0], [231.0, 0.0], [230.0, 0.0], [229.0, 0.0], [228.0, 0.0], [227.0, 0.0], [226.0, 0.0], [225.0, 0.0], [224.0, 0.0], [223.0, 0.0], [222.0, 0.0], [221.5, 0.0], [221.0, 0.0], [220.0, 0.0], [219.0, 0.0], [218.5, 0.0], [218.5, 0.0]]"
SLICE,Z17,ED_L,-4.922129794082821,54.423308280501665,-385.0295279283447,136.0,0.5192691495829502,"[[239.0, 0.0], [238.5, 0.0], [238.5, 0.0], [238.5, 0.0], [238.5, 0.0], [238.5, 0.0], [239.0, 0.0], [240.0, 0.0], [240.5, 0.0], [241.0, 0.0], [242.0, 0.0], [242.5, 0.0], [243.0, 0.0], [243.5, 0.0], [244.0, 0.0], [245.0, 0.0], [246.0, 0.0], [247.0, 0.0], [248.0, 0.0], [249.0, 0.0], [249.5, 0.0], [249.0, 0.0], [248.5, 0.0], [248.5, 0.0], [248.5, 0.0], [248.5, 0.0], [248.5, 0.0], [248.5, 0.0], [249.0, 0.0], [249.5, 0.0], [249.5, 0.0], [250.0, 0.0], [250.5, 0.0], [251.0, 0.0], [251.5, 0.0], [252.0, 0.0], [252.5, 0.0], [253.0, 0.0], [253.5, 0.0], [254.0, 0.0], [254.5, 0.0], [254.5, 0.0], [254.0, 0.0], [253.0, 0.0], [252.5, 0.0], [252.5, 0.0], [252.0, 0.0], [251.0, 0.0], [250.0, 0.0], [249.5, 0.0], [250.0, 0.0], [251.0, 0.0], [251.5, 0.0], [251.0, 0.0], [250.5, 0.0], [250.0, 0.0], [249.5, 0.0], [249.0, 0.0], [248.0, 0.0], [247.0, 0.0], [246.0, 0.0], [245.0, 0.0], [244.0, 0.0], [243.5, 0.0], [243.0, 0.0], [242.5, 0.0], [242.0, 0.0], [241.0, 0.0], [240.5, 0.0], [240.0, 0.0], [239.5, 0.0], [239.5, 0.0]]"
SLICE,Z17,PER_L,-4.922129794082821,54.423308280501665,-385.0295279283447,122.0,0.8823598781091656,"[[250.0, 0.0], [249.5, 0.0], [249.5, 0.0], [250.0, 0.0], [250.5, 0.0], [251.0, 0.0], [252.0, 0.0], [253.0, 0.0], [254.0, 0.0], [255.0, 0.0], [256.0, 0.0], [256.5, 0.0], [256.5, 0.0], [256.0, 0.0], [255.0, 0.0], [254.0, 0.0], [253.0, 0.0], [252.5, 0.0], [252.5, 0.0], [253.0, 0.0], [253.5, 0.0], [254.0, 0.0], [255.0, 0.0], [256.0, 0.0], [257.0, 0.0], [258.0, 0.0], [259.0, 0.0], [259.5, 0.0], [260.0, 0.0], [260.5, 0.0], [260.0, 0.0], [259.5, 0.0], [259.0, 0.0], [258.5, 0.0], [259.0, 0.0], [260.0, 0.0], [261.0, 0.0], [262.0, 0.0], [262.5, 0.0], [262.5, 0.0], [262.5, 0.0], [263.0, 0.0], [264.0, 0.0], [264.5, 0.0], [265.0, 0.0], [266.0, 0.0], [266.5, 0.0], [266.5, 0.0], [266.0, 0.0], [265.0, 0.0], [264.5, 0.0], [264.0, 0.0], [263.5, 0.0], [263.0, 0.0], [262.5, 0.0], [262.0, 0.0], [261.5, 0.0], [261.0, 0.0], [260.5, 0.0], [260.0, 0.0], [259.5, 0.0], [259.0, 0.0], [258.0, 0.0], [257.5, 0.0], [257.0, 0.0], [256.5, 0.0], [256.0, 0.0], [255.0, 0.0], [254.5, 0.0], [254.0, 0.0], [253.5, 0.0], [253.0, 0.0], [252.5, 0.0], [253.0, 0.0], [253.5, 0.0], [253.0, 0.0], [252.0, 0.0], [251.5, 0.0], [251.5, 0.0], [251.0, 0.0]]"
SLICE,Z17,DLPC_L,-4.922129794082821,54.423308280501665,-385.0295279283447,766.0,0.06080797233836679,"[[209.0, 0.0], [208.5, 0.0], [208.5, 0.0], [209.0, 0.0], [209.5, 0.0], [209.0, 0.0], [208.5, 0.0], [209.0, 0.0], [209.5, 0.0], [209.5, 0.0], [209.5, 0.0], [210.0, 0.0], [210.5, 0.0], [211.0, 0.0], [212.0, 0.0], [212.5, 0.0], [212.5, 0.0], [213.0, 0.0], [214.0, 0.0], [215.0, 0.0], [216.0, 0.0], [216.5, 0.0], [217.0, 0.0], [218.0, 0.0], [218.5, 0.0], [219.0, 0.0], [220.0, 0.0], [220.5, 0.0], [221.0, 0.0], [221.5, 0.0], [221.5, 0.0], [221.5, 0.0], [221.5, 0.0], [221.5, 0.0], [221.5, 0.0], [221.5, 0.0], [221.5, 0.0], [221.5, 0.0], [221.5, 0.0], [222.0, 0.0], [222.5, 0.0], [223.0, 0.0], [223.5, 0.0], [224.0, 0.0], [224.5, 0.0], [225.0, 0.0], [226.0, 0.0], [226.5, 0.0], [227.0, 0.0], [227.5, 0.0], [228.0, 0.0], [229.0, 0.0], [229.5, 0.0], [230.0, 0.0], [231.0, 0.0], [232.0, 0.0], [233.0, 0.0], [233.5, 0.0], [233.5, 0.0], [233.0, 0.0], [232.5, 0.0], [232.5, 0.0], [232.5, 0.0], [232.5, 0.0], [232.5, 0.0], [232.5, 0.0], [232.5, 0.0], [232.5, 0.0], [232.5, 0.0], [233.0, 0.0], [233.5, 0.0], [234.0, 0.0], [235.0, 0.0], [235.5, 0.0], [236.0, 0.0], [236.5, 0.0], [237.0, 0.0], [238.0, 0.0], [238.5, 0.0], [239.0, 0.0], [240.0, 0.0], [240.5, 0.0], [241.0, 0.0], [242.0, 0.0], [243.0, 0.0], [244.0, 0.0], [245.0, 0.0], [246.0, 0.0], [246.5, 0.0], [246.5, 0.0], [247.0, 0.0], [248.0, 0.0], [248.5, 0.0], [248.5, 0.0], [248.5, 0.0], [249.0, 0.0], [249.5, 0.0], [249.5, 0.0], [250.0, 0.0], [251.0, 0.0], [252.0, 0.0], [252.5, 0.0], [252.5, 0.0], [252.5, 0.0], [252.5, 0.0], [252.5, 0.0], [252.5, 0.0], [252.0, 0.0], [251.5, 0.0], [251.5, 0.0], [251.0, 0.0], [250.5, 0.0], [250.0, 0.0], [249.5, 0.0], [249.5, 0.0], [249.5, 0.0], [249.5, 0.0], [249.0, 0.0], [248.5, 0.0], [248.0, 0.0], [247.0, 0.0], [246.5, 0.0], [246.5, 0.0], [246.5, 0.0], [246.5, 0.0], [246.5, 0.0], [246.0, 0.0], [245.0, 0.0], [244.0, 0.0], [243.5, 0.0], [243.0, 0.0], [242.5, 0.0], [242.0, 0.0], [241.0, 0.0], [240.0, 0.0], [239.5, 0.0], [239.0, 0.0], [238.5, 0.0], [238.0, 0.0], [237.0, 0.0], [236.5, 0.0], [236.0, 0.0], [235.0, 0.0], [234.0, 0.0], [233.0, 0.0], [232.0, 0.0], [231.0, 0.0], [230.5, 0.0], [230.0, 0.0], [229.0, 0.0], [228.0, 0.0], [227.0, 0.0], [226.0, 0.0], [225.0, 0.0], [224.0, 0.0], [223.0, 0.0], [222.0, 0.0], [221.5, 0.0], [221.0, 0.0], [220.0, 0.0], [219.0, 0.0], [218.0, 0.0], [217.5, 0.0], [217.0, 0.0], [216.0, 0.0], [215.0, 0.0], [214.0, 0.0], [213.0, 0.0], [212.0, 0.0], [211.5, 0.0], [211.0, 0.0], [210.0, 0.0], [209.5, 0.0], [209.5, 0.0]]"
SLICE,Z17,POP_L,-4.922129794082821,54.423308280501665,-385.0295279283447,0.0,,
SLICE,Z17,SOL_L,-4.922129794082821,54.423308280501665,-385.0295279283447,1243.0,0.1719723378436116,"[[198.0, 0.0], [197.5, 0.0], [198.0, 0.0], [198.5, 0.0], [198.5, 0.0], [198.5, 0.0], [199.0, 0.0], [199.5, 0.0], [199.5, 0.0], [199.5, 0.0], [199.5, 0.0], [199.5, 0.0], [199.5, 0.0], [199.0, 0.0], [198.5, 0.0], [198.5, 0.0], [199.0, 0.0], [200.0, 0.0], [200.5, 0.0], [200.5, 0.0], [200.5, 0.0], [200.5, 0.0], [200.0, 0.0], [199.0, 0.0], [198.0, 0.0], [197.5, 0.0], [198.0, 0.0], [199.0, 0.0], [200.0, 0.0], [201.0, 0.0], [201.5, 0.0], [201.5, 0.0], [202.0, 0.0], [203.0, 0.0], [204.0, 0.0], [204.5, 0.0], [204.0, 0.0], [203.0, 0.0], [202.0, 0.0], [201.5, 0.0], [201.0, 0.0], [200.0, 0.0], [199.5, 0.0], [200.0, 0.0], [201.0, 0.0], [201.5, 0.0], [202.0, 0.0], [203.0, 0.0], [203.5, 0.0], [204.0, 0.0], [204.5, 0.0], [205.0, 0.0], [206.0, 0.0], [206.5, 0.0], [206.0, 0.0], [205.0, 0.0], [204.0, 0.0], [203.0, 0.0], [202.0, 0.0], [201.0, 0.0], [200.0, 0.0], [199.0, 0.0], [198.0, 0.0], [197.5, 0.0], [198.0, 0.0], [199.0, 0.0], [200.0, 0.0], [201.0, 0.0], [202.0, 0.0], [203.0, 0.0], [204.0, 0.0], [205.0, 0.0], [206.0, 0.0], [207.0, 0.0], [207.5, 0.0], [207.5, 0.0], [207.5, 0.0], [207.5, 0.0], [207.0, 0.0], [206.0, 0.0], [205.0, 0.0], [204.0, 0.0], [203.0, 0.0], [202.5, 0.0], [203.0, 0.0], [204.0, 0.0], [205.0, 0.0], [206.0, 0.0], [207.0, 0.0], [207.5, 0.0], [207.5, 0.0], [208.0, 0.0], [209.0, 0.0], [209.5, 0.0], [209.0, 0.0], [208.0, 0.0], [207.0, 0.0], [206.5, 0.0], [206.5, 0.0], [206.0, 0.0], [205.5, 0.0], [205.5, 0.0], [206.0, 0.0], [207.0, 0.0], [208.0, 0.0], [209.0, 0.0], [209.5, 0.0], [209.0, 0.0], [208.0, 0.0], [207.0, 0.0], [206.0, 0.0], [205.0, 0.0], [204.5, 0.0], [205.0, 0.0], [206.0, 0.0], [206.5, 0.0], [207.0, 0.0], [207.5, 0.0], [208.0, 0.0], [208.5, 0.0], [209.0, 0.0], [210.0, 0.0], [210.5, 0.0], [211.0, 0.0], [212.0, 0.0], [213.0, 0.0], [214.0, 0.0], [214.5, 0.0], [215.0, 0.0], [215.5, 0.0], [216.0, 0.0], [217.0, 0.0], [218.0, 0.0], [219.0, 0.0], [219.5, 0.0], [220.0, 0.0], [221.0, 0.0], [222.0, 0.0], [222.5, 0.0], [222.0, 0.0], [221.5, 0.0], [222.0, 0.0], [223.0, 0.0], [224.0, 0.0], [224.5, 0.0], [225.0, 0.0], [226.0, 0.0], [227.0, 0.0], [227.5, 0.0], [227.0, 0.0], [226.0, 0.0], [225.5, 0.0], [225.5, 0.0], [226.0, 0.0], [227.0, 0.0], [227.5, 0.0], [228.0, 0.0], [229.0, 0.0], [229.5, 0.0], [230.0, 0.0], [231.0, 0.0], [231.5, 0.0], [231.0, 0.0], [230.0, 0.0], [229.5, 0.0], [229.0, 0.0], [228.5, 0.0], [229.0, 0.0], [230.0, 0.0], [231.0, 0.0], [232.0, 0.0], [233.0, 0.0], [234.0, 0.0], [234.5, 0.0], [234.5, 0.0], [234.5, 0.0], [235.0, 0.0], [236.0, 0.0], [237.0, 0.0], [237.5, 0.0], [237.5, 0.0], [237.5, 0.0], [238.0, 0.0], [238.5, 0.0], [239.0, 0.0], [239.5, 0.0], [239.0, 0.0], [238.0, 0.0], [237.5, 0.0], [238.0, 0.0], [239.0, 0.0], [240.0, 0.0], [241.0, 0.0], [241.5, 0.0], [242.0, 0.0], [242.5, 0.0], [242.5, 0.0], [242.5, 0.0], [242.5, 0.0], [242.5, 0.0], [242.5, 0.0], [242.5, 0.0], [242.5, 0.0], [242.5, 0.0], [242.0, 0.0], [241.5, 0.0], [241.0, 0.0], [240.5, 0.0], [240.0, 0.0], [239.0, 0.0], [238.0, 0.0], [237.5, 0.0], [238.0, 0.0], [238.5, 0.0], [239.0, 0.0], [239.5, 0.0], [239.5, 0.0], [239.5, 0.0], [239.5, 0.0], [239.5, 0.0], [239.5, 0.0], [239.5, 0.0], [239.5, 0.0], [239.5, 0.0], [239.5, 0.0], [239.5, 0.0], [239.0, 0.0], [238.5, 0.0], [238.0, 0.0], [237.0, 0.0], [236.5, 0.0], [236.0, 0.0], [235.5, 0.0], [235.0, 0.0], [234.5, 0.0], [234.0, 0.0], [233.5, 0.0], [233.0, 0.0], [232.0, 0.0], [231.5, 0.0], [231.0, 0.0], [230.0, 0.0], [229.5, 0.0], [229.0, 0.0], [228.0, 0.0], [227.5, 0.0], [227.0, 0.0], [226.5, 0.0], [226.0, 0.0], [225.0, 0.0], [224.5, 0.0], [224.0, 0.0], [223.5, 0.0], [223.0, 0.0], [222.0, 0.0], [221.5, 0.0], [221.0, 0.0], [220.0, 0.0], [219.5, 0.0], [219.5, 0.0], [219.0, 0.0], [218.5, 0.0], [218.0, 0.0], [217.5, 0.0], [217.5, 0.0], [217.5, 0.0], [217.5, 0.0], [217.5, 0.0], [217.5, 0.0], [217.0, 0.0], [216.5, 0.0], [216.5, 0.0], [216.0, 0.0], [215.5, 0.0], [215.0, 0.0], [214.5, 0.0], [214.0, 0.0], [213.0, 0.0], [212.5, 0.0], [212.5, 0.0], [212.0, 0.0], [211.0, 0.0], [210.5, 0.0], [210.0, 0.0], [209.5, 0.0], [209.0, 0.0], [208.0, 0.0], [207.5, 0.0], [207.0, 0.0], [206.0, 0.0], [205.5, 0.0], [205.0, 0.0], [204.0, 0.0], [203.5, 0.0], [203.5, 0.0], [203.0, 0.0], [202.0, 0.0], [201.0, 0.0], [200.0, 0.0], [199.5, 0.0], [200.0, 0.0], [201.0, 0.0], [202.0, 0.0], [202.5, 0.0], [202.0, 0.0], [201.0, 0.0], [200.0, 0.0], [199.0, 0.0]]"
SLICE,Z17,GAS_MED_L,-4.922129794082821,54.423308280501665,-385.0295279283447,1225.0,0.2625015726721867,"[[197.0, 0.0], [196.5, 0.0], [196.5, 0.0], [196.5, 0.0], [196.5, 0.0], [197.0, 0.0], [197.5, 0.0], [198.0, 0.0], [198.5, 0.0], [199.0, 0.0], [200.0, 0.0], [200.5, 0.0], [201.0, 0.0], [201.5, 0.0], [202.0, 0.0], [203.0, 0.0], [203.5, 0.0], [204.0, 0.0], [204.5, 0.0], [205.0, 0.0], [206.0, 0.0], [206.5, 0.0], [207.0, 0.0], [207.5, 0.0], [208.0, 0.0], [209.0, 0.0], [210.0, 0.0], [211.0, 0.0], [212.0, 0.0], [213.0, 0.0], [214.0, 0.0], [215.0, 0.0], [216.0, 0.0], [217.0, 0.0], [218.0, 0.0], [219.0, 0.0], [219.5, 0.0], [220.0, 0.0], [221.0, 0.0], [221.5, 0.0], [222.0, 0.0], [223.0, 0.0], [224.0, 0.0], [225.0, 0.0], [226.0, 0.0], [227.0, 0.0], [228.0, 0.0], [229.0, 0.0], [230.0, 0.0], [231.0, 0.0], [232.0, 0.0], [232.5, 0.0], [233.0, 0.0], [233.5, 0.0], [234.0, 0.0], [235.0, 0.0], [235.5, 0.0], [236.0, 0.0], [236.5, 0.0], [237.0, 0.0], [237.5, 0.0], [237.5, 0.0], [237.5, 0.0], [238.0, 0.0], [238.5, 0.0], [238.5, 0.0], [239.0, 0.0], [239.5, 0.0], [239.5, 0.0], [239.5, 0.0], [239.5, 0.0], [240.0, 0.0], [241.0, 0.0], [241.5, 0.0], [242.0, 0.0], [242.5, 0.0], [242.5, 0.0], [242.5, 0.0], [242.5, 0.0], [242.0, 0.0], [241.5, 0.0], [241.0, 0.0], [240.0, 0.0], [239.0, 0.0], [238.0, 0.0], [237.5, 0.0], [238.0, 0.0], [239.0, 0.0], [239.5, 0.0], [239.0, 0.0], [238.5, 0.0], [238.0, 0.0], [237.5, 0.0], [237.5, 0.0], [237.5, 0.0], [237.0, 0.0], [236.5, 0.0], [236.0, 0.0], [235.0, 0.0], [234.5, 0.0], [234.5, 0.0], [234.0, 0.0], [233.0, 0.0], [232.0, 0.0], [231.0, 0.0], [230.0, 0.0], [229.0, 0.0], [228.5, 0.0], [228.0, 0.0], [227.5, 0.0], [228.0, 0.0], [228.5, 0.0], [229.0, 0.0], [229.5, 0.0], [229.0, 0.0], [228.0, 0.0], [227.5, 0.0], [227.0, 0.0], [226.0, 0.0], [225.0, 0.0], [224.0, 0.0], [223.0, 0.0], [222.0, 0.0], [221.5, 0.0], [222.0, 0.0], [223.0, 0.0], [224.0, 0.0], [224.5, 0.0], [224.0, 0.0], [223.0, 0.0], [222.0, 0.0], [221.0, 0.0], [220.0, 0.0], [219.5, 0.0], [220.0, 0.0], [221.0, 0.0], [222.0, 0.0], [222.5, 0.0], [222.0, 0.0], [221.5, 0.0], [221.0, 0.0], [220.0, 0.0], [219.0, 0.0], [218.0, 0.0], [217.0, 0.0], [216.0, 0.0], [215.0, 0.0], [214.0, 0.0], [213.0, 0.0], [212.0, 0.0], [211.0, 0.0], [210.0, 0.0], [209.0, 0.0], [208.0, 0.0], [207.0, 0.0], [206.0, 0.0], [205.0, 0.0], [204.0, 0.0], [203.0, 0.0], [202.0, 0.0], [201.0, 0.0], [200.0, 0.0], [199.0, 0.0], [198.5, 0.0], [198.0, 0.0], [197.5, 0.0], [198.0, 0.0], [199.0, 0.0], [200.0, 0.0], [201.0, 0.0], [202.0, 0.0], [203.0, 0.0], [204.0, 0.0], [205.0, 0.0], [206.0, 0.0], [207.0, 0.0], [208.0, 0.0], [208.5, 0.0], [208.0, 0.0], [207.0, 0.0], [206.0, 0.0], [205.0, 0.0], [204.0, 0.0], [203.0, 0.0], [202.0, 0.0], [201.0, 0.0], [200.0, 0.0], [199.0, 0.0], [198.0, 0.0], [197.5, 0.0], [198.0, 0.0], [199.0, 0.0], [200.0, 0.0], [201.0, 0.0], [202.0, 0.0], [203.0, 0.0], [204.0, 0.0], [205.0, 0.0], [205.5, 0.0], [205.0, 0.0], [204.0, 0.0], [203.0, 0.0], [202.0, 0.0], [201.0, 0.0], [200.0, 0.0], [199.0, 0.0], [198.0, 0.0], [197.5, 0.0], [197.5, 0.0], [198.0, 0.0], [199.0, 0.0], [200.0, 0.0], [201.0, 0.0], [202.0, 0.0], [203.0, 0.0], [204.0, 0.0], [204.5, 0.0], [204.0, 0.0], [203.0, 0.0], [202.0, 0.0], [201.0, 0.0], [200.0, 0.0], [199.0, 0.0], [198.0, 0.0], [197.5, 0.0], [198.0, 0.0], [199.0, 0.0], [200.0, 0.0], [201.0, 0.0], [201.5, 0.0], [201.0, 0.0], [200.0, 0.0], [199.0, 0.0], [198.0, 0.0], [197.5, 0.0], [198.0, 0.0], [199.0, 0.0], [199.5, 0.0], [199.5, 0.0], [199.0, 0.0], [198.0, 0.0], [197.5, 0.0]]"
SLICE,Z17,GAS_LAT_L,-4.922129794082821,54.423308280501665,-385.0295279283447,1074.0,0.21184893791546,"[[181.0, 0.0], [180.5, 0.0], [181.0, 0.0], [182.0, 0.0], [182.5, 0.0], [182.5, 0.0], [182.0, 0.0], [181.5, 0.0], [182.0, 0.0], [182.5, 0.0], [182.0, 0.0], [181.0, 0.0], [180.5, 0.0], [181.0, 0.0], [181.5, 0.0], [181.5, 0.0], [181.5, 0.0], [181.5, 0.0], [181.5, 0.0], [182.0, 0.0], [182.5, 0.0], [182.5, 0.0], [183.0, 0.0], [183.5, 0.0], [183.5, 0.0], [183.5, 0.0], [184.0, 0.0], [185.0, 0.0], [185.5, 0.0], [185.5, 0.0], [186.0, 0.0], [186.5, 0.0], [186.5, 0.0], [186.5, 0.0], [186.5, 0.0], [186.5, 0.0], [187.0, 0.0], [187.5, 0.0], [188.0, 0.0], [188.5, 0.0], [189.0, 0.0], [190.0, 0.0], [190.5, 0.0], [191.0, 0.0], [192.0, 0.0], [193.0, 0.0], [194.0, 0.0], [195.0, 0.0], [196.0, 0.0], [196.5, 0.0], [196.0, 0.0], [195.5, 0.0], [195.5, 0.0], [195.5, 0.0], [195.5, 0.0], [195.5, 0.0], [195.5, 0.0], [196.0, 0.0], [197.0, 0.0], [197.5, 0.0], [198.0, 0.0], [199.0, 0.0], [199.5, 0.0], [199.5, 0.0], [199.0, 0.0], [198.0, 0.0], [197.5, 0.0], [198.0, 0.0], [199.0, 0.0], [200.0, 0.0], [201.0, 0.0], [201.5, 0.0], [201.0, 0.0], [200.0, 0.0], [199.0, 0.0], [198.0, 0.0], [197.5, 0.0], [198.0, 0.0], [199.0, 0.0], [200.0, 0.0], [201.0, 0.0], [202.0, 0.0], [203.0, 0.0], [204.0, 0.0], [204.5, 0.0], [204.0, 0.0], [203.0, 0.0], [202.0, 0.0], [201.0, 0.0], [200.0, 0.0], [199.0, 0.0], [198.0, 0.0], [197.5, 0.0], [197.5, 0.0], [198.0, 0.0], [199.0, 0.0], [200.0, 0.0], [201.0, 0.0], [202.0, 0.0], [203.0, 0.0], [204.0, 0.0], [205.0, 0.0], [205.5, 0.0], [205.0, 0.0], [204.0, 0.0], [203.0, 0.0], [202.0, 0.0], [201.0, 0.0], [200.0, 0.0], [199.0, 0.0], [198.0, 0.0], [197.5, 0.0], [198.0, 0.0], [199.0, 0.0], [200.0, 0.0], [201.0, 0.0], [202.0, 0.0], [203.0, 0.0], [204.0, 0.0], [205.0, 0.0], [206.0, 0.0], [207.0, 0.0], [208.0, 0.0], [208.5, 0.0], [208.0, 0.0], [207.0, 0.0], [206.0, 0.0], [205.0, 0.0], [204.0, 0.0], [203.0, 0.0], [202.0, 0.0], [201.0, 0.0], [200.0, 0.0], [199.0, 0.0], [198.0, 0.0], [197.5, 0.0], [198.0, 0.0], [198.5, 0.0], [199.0, 0.0], [200.0, 0.0], [201.0, 0.0], [202.0, 0.0], [203.0, 0.0], [204.0, 0.0], [205.0, 0.0], [206.0, 0.0], [207.0, 0.0], [208.0, 0.0], [209.0, 0.0], [210.0, 0.0], [211.0, 0.0], [212.0, 0.0], [213.0, 0.0], [214.0, 0.0], [215.0, 0.0], [216.0, 0.0], [217.0, 0.0], [218.0, 0.0], [219.0, 0.0], [220.0, 0.0], [221.0, 0.0], [222.0, 0.0], [222.5, 0.0], [222.0, 0.0], [221.0, 0.0], [220.0, 0.0], [219.0, 0.0], [218.0, 0.0], [217.0, 0.0], [216.0, 0.0], [215.0, 0.0], [214.0, 0.0], [213.0, 0.0], [212.0, 0.0], [211.0, 0.0], [210.0, 0.0], [209.0, 0.0], [208.0, 0.0], [207.0, 0.0], [206.0, 0.0], [205.0, 0.0], [204.0, 0.0], [203.0, 0.0], [202.5, 0.0], [203.0, 0.0], [204.0, 0.0], [205.0, 0.0], [206.0, 0.0], [207.0, 0.0], [208.0, 0.0], [209.0, 0.0], [210.0, 0.0], [211.0, 0.0], [212.0, 0.0], [213.0, 0.0], [213.5, 0.0], [213.0, 0.0], [212.0, 0.0], [211.0, 0.0], [210.0, 0.0], [209.0, 0.0], [208.5, 0.0], [208.0, 0.0], [207.5, 0.0], [207.0, 0.0], [206.5, 0.0], [206.0, 0.0], [205.0, 0.0], [204.5, 0.0], [205.0, 0.0], [206.0, 0.0], [207.0, 0.0], [208.0, 0.0], [209.0, 0.0], [209.5, 0.0], [209.0, 0.0], [208.0, 0.0], [207.0, 0.0], [206.0, 0.0], [205.5, 0.0], [205.5, 0.0], [206.0, 0.0], [206.5, 0.0], [206.5, 0.0], [207.0, 0.0], [208.0, 0.0], [209.0, 0.0], [209.5, 0.0], [209.0, 0.0], [208.0, 0.0], [207.5, 0.0], [207.5, 0.0], [207.0, 0.0], [206.0, 0.0], [205.0, 0.0], [204.0, 0.0], [203.0, 0.0], [202.5, 0.0], [203.0, 0.0], [204.0, 0.0], [205.0, 0.0], [206.0, 0.0], [207.0, 0.0], [207.5, 0.0], [207.5, 0.0], [207.5, 0.0], [207.5, 0.0], [207.0, 0.0], [206.0, 0.0], [205.0, 0.0], [204.0, 0.0], [203.0, 0.0], [202.0, 0.0], [201.0, 0.0], [200.0, 0.0], [199.0, 0.0], [198.0, 0.0], [197.5, 0.0], [198.0, 0.0], [199.0, 0.0], [200.0, 0.0], [201.0, 0.0], [202.0, 0.0], [203.0, 0.0], [204.0, 0.0], [205.0, 0.0], [206.0, 0.0], [206.5, 0.0], [206.0, 0.0], [205.0, 0.0], [204.5, 0.0], [204.0, 0.0], [203.5, 0.0], [203.0, 0.0], [202.0, 0.0], [201.5, 0.0], [201.0, 0.0], [200.0, 0.0], [199.5, 0.0], [200.0, 0.0], [201.0, 0.0], [201.5, 0.0], [202.0, 0.0], [203.0, 0.0], [204.0, 0.0], [204.5, 0.0], [204.0, 0.0], [203.0, 0.0], [202.0, 0.0], [201.5, 0.0], [201.5, 0.0], [201.0, 0.0], [200.0, 0.0], [199.0, 0.0], [198.0, 0.0], [197.5, 0.0], [198.0, 0.0], [199.0, 0.0], [200.0, 0.0], [200.5, 0.0], [200.5, 0.0], [200.5, 0.0], [200.5, 0.0], [200.0, 0.0], [199.0, 0.0], [198.5, 0.0], [198.5, 0.0], [199.0, 0.0], [199.5, 0.0], [199.5, 0.0], [199.5, 0.0], [199.5, 0.0], [199.0, 0.0], [198.5, 0.0], [198.0, 0.0], [197.5, 0.0], [197.5, 0.0], [197.0, 0.0], [196.5, 0.0], [196.0, 0.0], [195.0, 0.0], [194.5, 0.0], [194.5, 0.0], [194.0, 0.0], [193.0, 0.0], [192.0, 0.0], [191.0, 0.0], [190.0, 0.0], [189.0, 0.0], [188.0, 0.0], [187.0, 0.0], [186.0, 0.0], [185.0, 0.0], [184.0, 0.0], [183.5, 0.0], [184.0, 0.0], [185.0, 0.0], [186.0, 0.0], [187.0, 0.0], [188.0, 0.0], [189.0, 0.0], [190.0, 0.0], [191.0, 0.0], [192.0, 0.0], [193.0, 0.0], [194.0, 0.0], [194.5, 0.0], [194.0, 0.0], [193.0, 0.0], [192.0, 0.0], [191.0, 0.0], [190.0, 0.0], [189.0, 0.0], [188.0, 0.0], [187.0, 0.0], [186.0, 0.0], [185.0, 0.0], [184.0, 0.0], [183.0, 0.0], [182.0, 0.0], [181.5, 0.0], [182.0, 0.0], [183.0, 0.0], [184.0, 0.0], [185.0, 0.0], [186.0, 0.0], [186.5, 0.0], [186.0, 0.0], [185.5, 0.0], [185.0, 0.0], [184.0, 0.0], [183.0, 0.0], [182.0, 0.0], [181.5, 0.0], [182.0, 0.0], [183.0, 0.0], [184.0, 0.0], [184.5, 0.0], [184.0, 0.0], [183.0, 0.0], [182.5, 0.0], [182.5, 0.0], [182.5, 0.0], [183.0, 0.0], [183.5, 0.0], [183.5, 0.0], [183.5, 0.0], [183.5, 0.0], [183.5, 0.0], [183.5, 0.0], [183.5, 0.0], [183.0, 0.0], [182.5, 0.0], [182.5, 0.0], [182.5, 0.0], [182.0, 0.0], [181.5, 0.0], [182.0, 0.0], [182.5, 0.0], [182.0, 0.0]]"
